SRRecordID,SRStatus,Method Received,ServiceRequest,SRType,SRCreatedDate,SRUpdatedDate,SRDueDate,SRClosedDate,Neighborhood,District,CouncilDistrict,PoliceDistrict,PolicePostCode,Latitude,Longitude,Location
SR-100000,In Progress,Phone,Abandoned Vehicle,Abandoned Vehicle Request,10/2/2022,10/2/2022,10/2/2022,10/2/2022,Brooklyn,NORTHWESTERN,1,NORTHWESTERN,330,39.400353,-76.419635,"39.400353, -76.419635"
SR-100001,In Progress,Phone,Dead Animal,Dead Animal Request,6/21/2020,6/21/2020,6/21/2020,6/21/2020,Oliver,SOUTHERN,4,SOUTHERN,259,39.399888,-76.567703,"39.399888, -76.567703"
SR-100002,In Progress,Phone,Street Light Out,Street Light Out Request,3/28/2021,3/28/2021,3/28/2021,3/28/2021,Pen Lucy,SOUTHERN,8,SOUTHERN,200,39.485856,-76.500993,"39.485856, -76.500993"
SR-100003,In Progress,Phone,Dead Animal,Dead Animal Request,1/27/2021,1/27/2021,1/27/2021,1/27/2021,Morrell Park,CENTRAL,8,CENTRAL,668,39.216354,-76.479157,"39.216354, -76.479157"
SR-100004,Open,Phone,Illegal Dumping,Illegal Dumping Request,3/23/2019,3/23/2019,3/23/2019,3/23/2019,Harlem Park,EASTERN,10,EASTERN,399,39.245529,-76.345235,"39.245529, -76.345235"
SR-100005,Open,Phone,Abandoned Vehicle,Abandoned Vehicle Request,2/17/2023,2/17/2023,2/17/2023,2/17/2023,Waverly,WESTERN,9,WESTERN,343,39.439797,-76.420182,"39.439797, -76.420182"
SR-100006,Closed,Phone,Illegal Dumping,Illegal Dumping Request,1/23/2020,1/23/2020,1/23/2020,1/23/2020,Middle East,WESTERN,8,WESTERN,608,39.236241,-76.42387,"39.236241, -76.42387"
SR-100007,Open,Phone,Graffiti,Graffiti Request,2/8/2023,2/8/2023,2/8/2023,2/8/2023,Greenmount West,SOUTHERN,7,SOUTHERN,454,39.322463,-76.494385,"39.322463, -76.494385"
SR-100008,Open,Phone,Graffiti,Graffiti Request,3/23/2020,3/23/2020,3/23/2020,3/23/2020,Belair-Edison,WESTERN,11,WESTERN,375,39.451904,-76.403346,"39.451904, -76.403346"
SR-100009,Open,Phone,Rat Rubout,Rat Rubout Request,3/19/2019,3/19/2019,3/19/2019,3/19/2019,Pen Lucy,WESTERN,5,WESTERN,294,39.456756,-76.42588,"39.456756, -76.42588"
SR-100010,Open,Phone,Street Light Out,Street Light Out Request,12/28/2021,12/28/2021,12/28/2021,12/28/2021,Eastwood,NORTHERN,7,NORTHERN,504,39.344077,-76.357364,"39.344077, -76.357364"
SR-100011,Open,Phone,Illegal Dumping,Illegal Dumping Request,9/18/2020,9/18/2020,9/18/2020,9/18/2020,Upton,CENTRAL,12,CENTRAL,134,39.3876,-76.595063,"39.3876, -76.595063"
SR-100012,In Progress,Phone,Illegal Dumping,Illegal Dumping Request,12/12/2019,12/12/2019,12/12/2019,12/12/2019,Pen Lucy,WESTERN,9,WESTERN,292,39.416079,-76.376556,"39.416079, -76.376556"
SR-100013,In Progress,Phone,Illegal Dumping,Illegal Dumping Request,12/21/2023,12/21/2023,12/21/2023,12/21/2023,Belair-Edison,NORTHWESTERN,13,NORTHWESTERN,292,39.487782,-76.372962,"39.487782, -76.372962"
SR-100014,Open,Phone,Graffiti,Graffiti Request,2/19/2019,2/19/2019,2/19/2019,2/19/2019,Govans,NORTHERN,7,NORTHERN,492,39.24627,-76.462098,"39.24627, -76.462098"
SR-100015,Open,Phone,Pothole,Pothole Request,11/8/2021,11/8/2021,11/8/2021,11/8/2021,Druid Heights,WESTERN,1,WESTERN,548,39.411642,-76.452183,"39.411642, -76.452183"
SR-100016,Closed,Phone,Dead Animal,Dead Animal Request,1/28/2020,1/28/2020,1/28/2020,1/28/2020,Belair-Edison,NORTHEASTERN,2,NORTHEASTERN,261,39.365174,-76.43526,"39.365174, -76.43526"
SR-100017,Open,Phone,Street Light Out,Street Light Out Request,10/14/2023,10/14/2023,10/14/2023,10/14/2023,Sandtown-Winchester,NORTHERN,3,NORTHERN,117,39.328583,-76.534048,"39.328583, -76.534048"
SR-100018,Open,Phone,Rat Rubout,Rat Rubout Request,4/10/2022,4/10/2022,4/10/2022,4/10/2022,Brooklyn,CENTRAL,6,CENTRAL,530,39.267137,-76.331255,"39.267137, -76.331255"
SR-100019,In Progress,Phone,Pothole,Pothole Request,11/4/2022,11/4/2022,11/4/2022,11/4/2022,Oliver,NORTHEASTERN,6,NORTHEASTERN,602,39.304252,-76.402194,"39.304252, -76.402194"
SR-100020,Open,Phone,Street Light Out,Street Light Out Request,10/14/2020,10/14/2020,10/14/2020,10/14/2020,Waverly,SOUTHERN,14,SOUTHERN,561,39.21019,-76.521808,"39.21019, -76.521808"
SR-100021,Open,Phone,Dirty Street,Dirty Street Request,2/13/2020,2/13/2020,2/13/2020,2/13/2020,Brooklyn,WESTERN,6,WESTERN,377,39.201691,-76.316118,"39.201691, -76.316118"
SR-100022,Closed,Phone,Pothole,Pothole Request,8/24/2023,8/24/2023,8/24/2023,8/24/2023,Greenmount West,WESTERN,9,WESTERN,539,39.426516,-76.444755,"39.426516, -76.444755"
SR-100023,Closed,Phone,Graffiti,Graffiti Request,3/11/2019,3/11/2019,3/11/2019,3/11/2019,Berea,NORTHEASTERN,3,NORTHEASTERN,532,39.24098,-76.423061,"39.24098, -76.423061"
SR-100024,Open,Phone,Rat Rubout,Rat Rubout Request,6/9/2020,6/9/2020,6/9/2020,6/9/2020,Homeland,EASTERN,10,EASTERN,435,39.468376,-76.394074,"39.468376, -76.394074"
SR-100025,Closed,Phone,Vacant Building,Vacant Building Request,1/28/2021,1/28/2021,1/28/2021,1/28/2021,Middle East,NORTHEASTERN,10,NORTHEASTERN,578,39.315832,-76.350405,"39.315832, -76.350405"
SR-100026,Closed,Phone,Dirty Street,Dirty Street Request,1/1/2019,1/1/2019,1/1/2019,1/1/2019,Charles Village,CENTRAL,1,CENTRAL,561,39.401457,-76.310147,"39.401457, -76.310147"
SR-100027,Open,Phone,Street Light Out,Street Light Out Request,6/9/2023,6/9/2023,6/9/2023,6/9/2023,Brooklyn,WESTERN,11,WESTERN,416,39.475302,-76.387272,"39.475302, -76.387272"
SR-100028,Open,Phone,Dirty Street,Dirty Street Request,4/28/2021,4/28/2021,4/28/2021,4/28/2021,Guilford,EASTERN,1,EASTERN,667,39.269593,-76.427879,"39.269593, -76.427879"
SR-100029,In Progress,Phone,Rat Rubout,Rat Rubout Request,4/4/2019,4/4/2019,4/4/2019,4/4/2019,Irvington,SOUTHERN,8,SOUTHERN,169,39.295387,-76.427428,"39.295387, -76.427428"
SR-100030,Closed,Phone,Illegal Dumping,Illegal Dumping Request,2/7/2020,2/7/2020,2/7/2020,2/7/2020,Middle East,NORTHWESTERN,9,NORTHWESTERN,752,39.288138,-76.320246,"39.288138, -76.320246"
SR-100031,Closed,Phone,Graffiti,Graffiti Request,6/21/2020,6/21/2020,6/21/2020,6/21/2020,Pigtown,CENTRAL,11,CENTRAL,142,39.225976,-76.329103,"39.225976, -76.329103"
SR-100032,In Progress,Phone,Pothole,Pothole Request,10/10/2021,10/10/2021,10/10/2021,10/10/2021,Brooklyn,NORTHERN,10,NORTHERN,389,39.373347,-76.550184,"39.373347, -76.550184"
SR-100033,Open,Phone,Dirty Street,Dirty Street Request,6/19/2020,6/19/2020,6/19/2020,6/19/2020,Upton,NORTHERN,1,NORTHERN,846,39.387457,-76.353869,"39.387457, -76.353869"
SR-100034,In Progress,Phone,Street Light Out,Street Light Out Request,4/18/2020,4/18/2020,4/18/2020,4/18/2020,Eastwood,NORTHWESTERN,7,NORTHWESTERN,540,39.403814,-76.303823,"39.403814, -76.303823"
SR-100035,In Progress,Phone,Rat Rubout,Rat Rubout Request,3/27/2022,3/27/2022,3/27/2022,3/27/2022,Harlem Park,CENTRAL,14,CENTRAL,172,39.373172,-76.503946,"39.373172, -76.503946"
SR-100036,Closed,Phone,Dirty Street,Dirty Street Request,1/21/2021,1/21/2021,1/21/2021,1/21/2021,Roland Park,NORTHWESTERN,9,NORTHWESTERN,323,39.383568,-76.307868,"39.383568, -76.307868"
SR-100037,In Progress,Phone,Dead Animal,Dead Animal Request,5/22/2021,5/22/2021,5/22/2021,5/22/2021,Berea,EASTERN,4,EASTERN,517,39.206404,-76.570024,"39.206404, -76.570024"
SR-100038,In Progress,Phone,Dirty Street,Dirty Street Request,11/7/2023,11/7/2023,11/7/2023,11/7/2023,Curtis Bay,NORTHWESTERN,12,NORTHWESTERN,108,39.461779,-76.354317,"39.461779, -76.354317"
SR-100039,Closed,Phone,Pothole,Pothole Request,4/17/2022,4/17/2022,4/17/2022,4/17/2022,Cherry Hill,EASTERN,5,EASTERN,672,39.341577,-76.495525,"39.341577, -76.495525"
SR-100040,Closed,Phone,Graffiti,Graffiti Request,2/8/2021,2/8/2021,2/8/2021,2/8/2021,Upton,WESTERN,7,WESTERN,157,39.223304,-76.459029,"39.223304, -76.459029"
SR-100041,Open,Phone,Street Light Out,Street Light Out Request,7/27/2022,7/27/2022,7/27/2022,7/27/2022,Park Heights,EASTERN,12,EASTERN,780,39.221443,-76.559021,"39.221443, -76.559021"
SR-100042,Closed,Phone,Dead Animal,Dead Animal Request,3/25/2023,3/25/2023,3/25/2023,3/25/2023,Berea,WESTERN,8,WESTERN,427,39.217723,-76.553174,"39.217723, -76.553174"
SR-100043,In Progress,Phone,Dirty Street,Dirty Street Request,1/12/2021,1/12/2021,1/12/2021,1/12/2021,Waverly,EASTERN,11,EASTERN,113,39.42572,-76.54429,"39.42572, -76.54429"
SR-100044,Open,Phone,Rat Rubout,Rat Rubout Request,7/15/2019,7/15/2019,7/15/2019,7/15/2019,Brooklyn,EASTERN,11,EASTERN,273,39.344652,-76.42161,"39.344652, -76.42161"
SR-100045,Closed,Phone,Parking Complaint,Parking Complaint Request,8/22/2023,8/22/2023,8/22/2023,8/22/2023,Pigtown,NORTHERN,8,NORTHERN,165,39.297089,-76.374805,"39.297089, -76.374805"
SR-100046,Open,Phone,Street Light Out,Street Light Out Request,10/27/2021,10/27/2021,10/27/2021,10/27/2021,Brooklyn,EASTERN,2,EASTERN,811,39.484408,-76.390596,"39.484408, -76.390596"
SR-100047,Open,Phone,Abandoned Vehicle,Abandoned Vehicle Request,4/15/2021,4/15/2021,4/15/2021,4/15/2021,Guilford,SOUTHERN,13,SOUTHERN,404,39.306633,-76.384247,"39.306633, -76.384247"
SR-100048,Open,Phone,Abandoned Vehicle,Abandoned Vehicle Request,9/5/2023,9/5/2023,9/5/2023,9/5/2023,Eastwood,NORTHERN,10,NORTHERN,687,39.41609,-76.403591,"39.41609, -76.403591"
SR-100049,Closed,Phone,Graffiti,Graffiti Request,9/12/2019,9/12/2019,9/12/2019,9/12/2019,Harlem Park,CENTRAL,7,CENTRAL,587,39.44568,-76.505598,"39.44568, -76.505598"
SR-100050,Open,Phone,Graffiti,Graffiti Request,9/28/2020,9/28/2020,9/28/2020,9/28/2020,Roland Park,NORTHWESTERN,12,NORTHWESTERN,530,39.29593,-76.471653,"39.29593, -76.471653"
SR-100051,Open,Phone,Rat Rubout,Rat Rubout Request,1/22/2021,1/22/2021,1/22/2021,1/22/2021,Oliver,NORTHEASTERN,4,NORTHEASTERN,616,39.202774,-76.417444,"39.202774, -76.417444"
SR-100052,Open,Phone,Parking Complaint,Parking Complaint Request,10/8/2019,10/8/2019,10/8/2019,10/8/2019,Guilford,NORTHWESTERN,13,NORTHWESTERN,596,39.297083,-76.58184,"39.297083, -76.58184"
SR-100053,In Progress,Phone,Vacant Building,Vacant Building Request,1/8/2022,1/8/2022,1/8/2022,1/8/2022,Park Heights,WESTERN,7,WESTERN,307,39.423966,-76.330015,"39.423966, -76.330015"
SR-100054,Closed,Phone,Dead Animal,Dead Animal Request,9/19/2020,9/19/2020,9/19/2020,9/19/2020,Pen Lucy,NORTHWESTERN,6,NORTHWESTERN,241,39.290196,-76.308529,"39.290196, -76.308529"
SR-100055,Open,Phone,Graffiti,Graffiti Request,8/2/2021,8/2/2021,8/2/2021,8/2/2021,Pigtown,NORTHERN,6,NORTHERN,839,39.295038,-76.335811,"39.295038, -76.335811"
SR-100056,Open,Phone,Dead Animal,Dead Animal Request,11/5/2023,11/5/2023,11/5/2023,11/5/2023,Oliver,NORTHERN,11,NORTHERN,307,39.360624,-76.597733,"39.360624, -76.597733"
SR-100057,Closed,Phone,Street Light Out,Street Light Out Request,11/24/2021,11/24/2021,11/24/2021,11/24/2021,Waverly,NORTHWESTERN,9,NORTHWESTERN,865,39.226602,-76.566969,"39.226602, -76.566969"
SR-100058,In Progress,Phone,Parking Complaint,Parking Complaint Request,12/23/2020,12/23/2020,12/23/2020,12/23/2020,Eastwood,EASTERN,12,EASTERN,356,39.374002,-76.461192,"39.374002, -76.461192"
SR-100059,Open,Phone,Pothole,Pothole Request,4/21/2020,4/21/2020,4/21/2020,4/21/2020,Oliver,EASTERN,11,EASTERN,385,39.262735,-76.433047,"39.262735, -76.433047"
SR-100060,Open,Phone,Rat Rubout,Rat Rubout Request,12/6/2022,12/6/2022,12/6/2022,12/6/2022,Oliver,WESTERN,4,WESTERN,225,39.228795,-76.302737,"39.228795, -76.302737"
SR-100061,In Progress,Phone,Vacant Building,Vacant Building Request,3/24/2020,3/24/2020,3/24/2020,3/24/2020,Waverly,WESTERN,3,WESTERN,818,39.227083,-76.361744,"39.227083, -76.361744"
SR-100062,Open,Phone,Abandoned Vehicle,Abandoned Vehicle Request,12/1/2023,12/1/2023,12/1/2023,12/1/2023,Curtis Bay,NORTHWESTERN,5,NORTHWESTERN,849,39.304555,-76.394439,"39.304555, -76.394439"
SR-100063,Open,Phone,Vacant Building,Vacant Building Request,5/11/2021,5/11/2021,5/11/2021,5/11/2021,Druid Heights,WESTERN,3,WESTERN,425,39.219327,-76.438253,"39.219327, -76.438253"
SR-100064,Closed,Phone,Pothole,Pothole Request,2/9/2020,2/9/2020,2/9/2020,2/9/2020,Berea,WESTERN,4,WESTERN,128,39.467162,-76.495853,"39.467162, -76.495853"
SR-100065,Open,Phone,Dead Animal,Dead Animal Request,3/14/2023,3/14/2023,3/14/2023,3/14/2023,Brooklyn,NORTHWESTERN,10,NORTHWESTERN,109,39.297915,-76.509171,"39.297915, -76.509171"
SR-100066,Open,Phone,Street Light Out,Street Light Out Request,9/13/2023,9/13/2023,9/13/2023,9/13/2023,Westport,EASTERN,9,EASTERN,698,39.230079,-76.351504,"39.230079, -76.351504"
SR-100067,Closed,Phone,Illegal Dumping,Illegal Dumping Request,2/7/2020,2/7/2020,2/7/2020,2/7/2020,Pen Lucy,EASTERN,14,EASTERN,652,39.217905,-76.474652,"39.217905, -76.474652"
SR-100068,In Progress,Phone,Dead Animal,Dead Animal Request,7/10/2021,7/10/2021,7/10/2021,7/10/2021,Greenmount West,WESTERN,11,WESTERN,796,39.289417,-76.48402,"39.289417, -76.48402"
SR-100069,Closed,Phone,Dirty Street,Dirty Street Request,3/7/2023,3/7/2023,3/7/2023,3/7/2023,Middle East,NORTHERN,8,NORTHERN,281,39.251,-76.49155,"39.251, -76.49155"
SR-100070,In Progress,Phone,Dead Animal,Dead Animal Request,7/15/2021,7/15/2021,7/15/2021,7/15/2021,Middle East,WESTERN,4,WESTERN,349,39.317879,-76.57659,"39.317879, -76.57659"
SR-100071,Closed,Phone,Graffiti,Graffiti Request,5/13/2023,5/13/2023,5/13/2023,5/13/2023,Sandtown-Winchester,NORTHERN,3,NORTHERN,626,39.340727,-76.376734,"39.340727, -76.376734"
SR-100072,Open,Phone,Vacant Building,Vacant Building Request,4/23/2020,4/23/2020,4/23/2020,4/23/2020,Charles Village,NORTHEASTERN,13,NORTHEASTERN,390,39.3826,-76.44533,"39.3826, -76.44533"
SR-100073,Closed,Phone,Graffiti,Graffiti Request,5/19/2022,5/19/2022,5/19/2022,5/19/2022,Waverly,CENTRAL,5,CENTRAL,767,39.329932,-76.300378,"39.329932, -76.300378"
SR-100074,Closed,Phone,Graffiti,Graffiti Request,4/4/2019,4/4/2019,4/4/2019,4/4/2019,Pen Lucy,NORTHWESTERN,7,NORTHWESTERN,541,39.316457,-76.529539,"39.316457, -76.529539"
SR-100075,Open,Phone,Illegal Dumping,Illegal Dumping Request,9/9/2020,9/9/2020,9/9/2020,9/9/2020,Cherry Hill,NORTHERN,1,NORTHERN,646,39.291808,-76.512969,"39.291808, -76.512969"
SR-100076,Open,Phone,Abandoned Vehicle,Abandoned Vehicle Request,10/28/2022,10/28/2022,10/28/2022,10/28/2022,Clifton Park,SOUTHERN,2,SOUTHERN,882,39.248852,-76.427519,"39.248852, -76.427519"
SR-100077,In Progress,Phone,Parking Complaint,Parking Complaint Request,9/10/2019,9/10/2019,9/10/2019,9/10/2019,Homeland,NORTHEASTERN,13,NORTHEASTERN,524,39.22394,-76.485205,"39.22394, -76.485205"
SR-100078,Open,Phone,Pothole,Pothole Request,3/28/2019,3/28/2019,3/28/2019,3/28/2019,Guilford,NORTHEASTERN,11,NORTHEASTERN,206,39.288858,-76.422659,"39.288858, -76.422659"
SR-100079,Closed,Phone,Rat Rubout,Rat Rubout Request,11/11/2023,11/11/2023,11/11/2023,11/11/2023,Johnston Square,SOUTHERN,14,SOUTHERN,836,39.448793,-76.412722,"39.448793, -76.412722"
SR-100080,Closed,Phone,Pothole,Pothole Request,5/9/2020,5/9/2020,5/9/2020,5/9/2020,Govans,NORTHERN,9,NORTHERN,657,39.324924,-76.412054,"39.324924, -76.412054"
SR-100081,Closed,Phone,Graffiti,Graffiti Request,4/28/2022,4/28/2022,4/28/2022,4/28/2022,Westport,SOUTHERN,3,SOUTHERN,799,39.329172,-76.583207,"39.329172, -76.583207"
SR-100082,Closed,Phone,Illegal Dumping,Illegal Dumping Request,9/19/2020,9/19/2020,9/19/2020,9/19/2020,Pigtown,NORTHWESTERN,14,NORTHWESTERN,114,39.279823,-76.523727,"39.279823, -76.523727"
SR-100083,In Progress,Phone,Street Light Out,Street Light Out Request,11/1/2019,11/1/2019,11/1/2019,11/1/2019,Johnston Square,NORTHEASTERN,6,NORTHEASTERN,124,39.426785,-76.415037,"39.426785, -76.415037"
SR-100084,In Progress,Phone,Pothole,Pothole Request,6/21/2019,6/21/2019,6/21/2019,6/21/2019,Cherry Hill,NORTHWESTERN,2,NORTHWESTERN,358,39.45216,-76.469884,"39.45216, -76.469884"
SR-100085,Closed,Phone,Graffiti,Graffiti Request,4/22/2020,4/22/2020,4/22/2020,4/22/2020,Berea,SOUTHERN,8,SOUTHERN,688,39.349885,-76.575826,"39.349885, -76.575826"
SR-100086,Closed,Phone,Abandoned Vehicle,Abandoned Vehicle Request,5/24/2021,5/24/2021,5/24/2021,5/24/2021,Charles Village,SOUTHERN,9,SOUTHERN,811,39.368872,-76.360108,"39.368872, -76.360108"
SR-100087,Closed,Phone,Abandoned Vehicle,Abandoned Vehicle Request,3/6/2023,3/6/2023,3/6/2023,3/6/2023,Cherry Hill,SOUTHERN,9,SOUTHERN,173,39.352294,-76.398558,"39.352294, -76.398558"
SR-100088,In Progress,Phone,Illegal Dumping,Illegal Dumping Request,1/17/2020,1/17/2020,1/17/2020,1/17/2020,Pimlico,NORTHERN,14,NORTHERN,501,39.241608,-76.346577,"39.241608, -76.346577"
SR-100089,In Progress,Phone,Parking Complaint,Parking Complaint Request,3/14/2019,3/14/2019,3/14/2019,3/14/2019,Berea,NORTHEASTERN,14,NORTHEASTERN,435,39.249873,-76.310542,"39.249873, -76.310542"
SR-100090,In Progress,Phone,Abandoned Vehicle,Abandoned Vehicle Request,12/8/2022,12/8/2022,12/8/2022,12/8/2022,Charles Village,NORTHEASTERN,2,NORTHEASTERN,337,39.283567,-76.324588,"39.283567, -76.324588"
SR-100091,Closed,Phone,Abandoned Vehicle,Abandoned Vehicle Request,4/2/2021,4/2/2021,4/2/2021,4/2/2021,Roland Park,WESTERN,3,WESTERN,598,39.309612,-76.377439,"39.309612, -76.377439"
SR-100092,Closed,Phone,Rat Rubout,Rat Rubout Request,3/26/2022,3/26/2022,3/26/2022,3/26/2022,Pigtown,WESTERN,5,WESTERN,148,39.269106,-76.311915,"39.269106, -76.311915"
SR-100093,Open,Phone,Illegal Dumping,Illegal Dumping Request,8/21/2020,8/21/2020,8/21/2020,8/21/2020,Charles Village,CENTRAL,10,CENTRAL,372,39.277067,-76.421163,"39.277067, -76.421163"
SR-100094,In Progress,Phone,Pothole,Pothole Request,6/24/2023,6/24/2023,6/24/2023,6/24/2023,Belair-Edison,NORTHERN,9,NORTHERN,520,39.257323,-76.304398,"39.257323, -76.304398"
SR-100095,Open,Phone,Dead Animal,Dead Animal Request,5/18/2019,5/18/2019,5/18/2019,5/18/2019,Clifton Park,SOUTHERN,1,SOUTHERN,627,39.448846,-76.422765,"39.448846, -76.422765"
SR-100096,Open,Phone,Rat Rubout,Rat Rubout Request,6/2/2019,6/2/2019,6/2/2019,6/2/2019,Park Heights,NORTHERN,6,NORTHERN,698,39.456482,-76.401763,"39.456482, -76.401763"
SR-100097,Closed,Phone,Dead Animal,Dead Animal Request,2/18/2021,2/18/2021,2/18/2021,2/18/2021,Sandtown-Winchester,NORTHERN,1,NORTHERN,729,39.339987,-76.548881,"39.339987, -76.548881"
SR-100098,Open,Phone,Dirty Street,Dirty Street Request,5/9/2021,5/9/2021,5/9/2021,5/9/2021,Harlem Park,EASTERN,12,EASTERN,173,39.407262,-76.4296,"39.407262, -76.4296"
SR-100099,In Progress,Phone,Pothole,Pothole Request,5/28/2022,5/28/2022,5/28/2022,5/28/2022,Oliver,NORTHEASTERN,6,NORTHEASTERN,503,39.208869,-76.386992,"39.208869, -76.386992"
SR-100100,In Progress,Phone,Parking Complaint,Parking Complaint Request,12/9/2023,12/9/2023,12/9/2023,12/9/2023,Middle East,CENTRAL,13,CENTRAL,313,39.298866,-76.319971,"39.298866, -76.319971"
SR-100101,Open,Phone,Parking Complaint,Parking Complaint Request,10/13/2021,10/13/2021,10/13/2021,10/13/2021,Oliver,SOUTHERN,4,SOUTHERN,503,39.483689,-76.467255,"39.483689, -76.467255"
SR-100102,Open,Phone,Vacant Building,Vacant Building Request,5/28/2019,5/28/2019,5/28/2019,5/28/2019,Govans,CENTRAL,2,CENTRAL,656,39.231061,-76.597996,"39.231061, -76.597996"
SR-100103,Closed,Phone,Rat Rubout,Rat Rubout Request,9/20/2022,9/20/2022,9/20/2022,9/20/2022,Sandtown-Winchester,NORTHWESTERN,14,NORTHWESTERN,235,39.391822,-76.493323,"39.391822, -76.493323"
SR-100104,Closed,Phone,Vacant Building,Vacant Building Request,11/10/2023,11/10/2023,11/10/2023,11/10/2023,Waverly,WESTERN,6,WESTERN,219,39.264784,-76.52588,"39.264784, -76.52588"
SR-100105,In Progress,Phone,Illegal Dumping,Illegal Dumping Request,7/20/2020,7/20/2020,7/20/2020,7/20/2020,Govans,NORTHEASTERN,3,NORTHEASTERN,806,39.344945,-76.467653,"39.344945, -76.467653"
SR-100106,In Progress,Phone,Pothole,Pothole Request,9/10/2022,9/10/2022,9/10/2022,9/10/2022,Hampden,EASTERN,7,EASTERN,301,39.265109,-76.37783,"39.265109, -76.37783"
SR-100107,Open,Phone,Abandoned Vehicle,Abandoned Vehicle Request,2/15/2023,2/15/2023,2/15/2023,2/15/2023,Govans,EASTERN,2,EASTERN,354,39.278487,-76.405742,"39.278487, -76.405742"
SR-100108,Closed,Phone,Dirty Street,Dirty Street Request,7/9/2022,7/9/2022,7/9/2022,7/9/2022,Park Heights,NORTHWESTERN,4,NORTHWESTERN,874,39.448989,-76.315956,"39.448989, -76.315956"
SR-100109,Open,Phone,Dead Animal,Dead Animal Request,4/20/2019,4/20/2019,4/20/2019,4/20/2019,Irvington,NORTHWESTERN,12,NORTHWESTERN,506,39.379825,-76.559305,"39.379825, -76.559305"
SR-100110,Closed,Phone,Dirty Street,Dirty Street Request,6/7/2023,6/7/2023,6/7/2023,6/7/2023,Harlem Park,WESTERN,4,WESTERN,397,39.441738,-76.348995,"39.441738, -76.348995"
SR-100111,Open,Phone,Dirty Street,Dirty Street Request,2/3/2019,2/3/2019,2/3/2019,2/3/2019,Pen Lucy,NORTHERN,12,NORTHERN,411,39.442904,-76.453349,"39.442904, -76.453349"
SR-100112,Closed,Phone,Street Light Out,Street Light Out Request,12/16/2021,12/16/2021,12/16/2021,12/16/2021,Johnston Square,SOUTHERN,13,SOUTHERN,702,39.456864,-76.588918,"39.456864, -76.588918"
SR-100113,In Progress,Phone,Graffiti,Graffiti Request,7/15/2023,7/15/2023,7/15/2023,7/15/2023,Irvington,NORTHEASTERN,13,NORTHEASTERN,498,39.380946,-76.490622,"39.380946, -76.490622"
SR-100114,Closed,Phone,Dirty Street,Dirty Street Request,8/15/2023,8/15/2023,8/15/2023,8/15/2023,Mount Washington,SOUTHERN,1,SOUTHERN,779,39.315484,-76.366061,"39.315484, -76.366061"
SR-100115,Open,Phone,Dead Animal,Dead Animal Request,1/11/2021,1/11/2021,1/11/2021,1/11/2021,Brooklyn,NORTHERN,14,NORTHERN,846,39.472557,-76.47956,"39.472557, -76.47956"
SR-100116,In Progress,Phone,Pothole,Pothole Request,9/28/2019,9/28/2019,9/28/2019,9/28/2019,Morrell Park,NORTHEASTERN,11,NORTHEASTERN,608,39.288001,-76.567148,"39.288001, -76.567148"
SR-100117,Open,Phone,Dead Animal,Dead Animal Request,10/21/2022,10/21/2022,10/21/2022,10/21/2022,Roland Park,SOUTHERN,3,SOUTHERN,206,39.209509,-76.343354,"39.209509, -76.343354"
SR-100118,In Progress,Phone,Street Light Out,Street Light Out Request,11/26/2023,11/26/2023,11/26/2023,11/26/2023,Roland Park,CENTRAL,11,CENTRAL,836,39.398527,-76.359437,"39.398527, -76.359437"
SR-100119,Open,Phone,Rat Rubout,Rat Rubout Request,2/13/2023,2/13/2023,2/13/2023,2/13/2023,Greenmount West,WESTERN,4,WESTERN,415,39.338778,-76.53052,"39.338778, -76.53052"
SR-100120,In Progress,Phone,Illegal Dumping,Illegal Dumping Request,1/9/2019,1/9/2019,1/9/2019,1/9/2019,Charles Village,NORTHEASTERN,12,NORTHEASTERN,529,39.331896,-76.43322,"39.331896, -76.43322"
SR-100121,Open,Phone,Abandoned Vehicle,Abandoned Vehicle Request,7/11/2020,7/11/2020,7/11/2020,7/11/2020,Johnston Square,NORTHEASTERN,3,NORTHEASTERN,888,39.364765,-76.579997,"39.364765, -76.579997"
SR-100122,Open,Phone,Rat Rubout,Rat Rubout Request,3/28/2019,3/28/2019,3/28/2019,3/28/2019,Morrell Park,NORTHERN,9,NORTHERN,475,39.387138,-76.34564,"39.387138, -76.34564"
SR-100123,In Progress,Phone,Dirty Street,Dirty Street Request,5/19/2020,5/19/2020,5/19/2020,5/19/2020,Hampden,CENTRAL,1,CENTRAL,753,39.219194,-76.336244,"39.219194, -76.336244"
SR-100124,Open,Phone,Rat Rubout,Rat Rubout Request,12/23/2019,12/23/2019,12/23/2019,12/23/2019,Middle East,SOUTHERN,4,SOUTHERN,576,39.433516,-76.3373,"39.433516, -76.3373"
SR-100125,Open,Phone,Dead Animal,Dead Animal Request,12/26/2019,12/26/2019,12/26/2019,12/26/2019,Pen Lucy,NORTHWESTERN,2,NORTHWESTERN,642,39.33672,-76.475102,"39.33672, -76.475102"
SR-100126,Closed,Phone,Street Light Out,Street Light Out Request,7/16/2023,7/16/2023,7/16/2023,7/16/2023,Park Heights,SOUTHERN,10,SOUTHERN,361,39.446474,-76.469438,"39.446474, -76.469438"
SR-100127,Open,Phone,Pothole,Pothole Request,5/24/2019,5/24/2019,5/24/2019,5/24/2019,Pigtown,WESTERN,5,WESTERN,137,39.201433,-76.376096,"39.201433, -76.376096"
SR-100128,Closed,Phone,Dead Animal,Dead Animal Request,7/2/2021,7/2/2021,7/2/2021,7/2/2021,Waverly,EASTERN,1,EASTERN,844,39.432268,-76.301544,"39.432268, -76.301544"
SR-100129,In Progress,Phone,Street Light Out,Street Light Out Request,8/25/2019,8/25/2019,8/25/2019,8/25/2019,Greenmount West,SOUTHERN,12,SOUTHERN,265,39.247672,-76.476663,"39.247672, -76.476663"
SR-100130,Open,Phone,Vacant Building,Vacant Building Request,9/22/2023,9/22/2023,9/22/2023,9/22/2023,Cherry Hill,CENTRAL,12,CENTRAL,373,39.246161,-76.322821,"39.246161, -76.322821"
SR-100131,In Progress,Phone,Dirty Street,Dirty Street Request,10/27/2022,10/27/2022,10/27/2022,10/27/2022,Pigtown,WESTERN,2,WESTERN,757,39.244761,-76.340862,"39.244761, -76.340862"
SR-100132,Open,Phone,Parking Complaint,Parking Complaint Request,12/7/2022,12/7/2022,12/7/2022,12/7/2022,Hampden,WESTERN,5,WESTERN,556,39.389321,-76.336888,"39.389321, -76.336888"
SR-100133,In Progress,Phone,Dead Animal,Dead Animal Request,8/27/2023,8/27/2023,8/27/2023,8/27/2023,Guilford,SOUTHERN,2,SOUTHERN,161,39.486425,-76.454706,"39.486425, -76.454706"
SR-100134,In Progress,Phone,Abandoned Vehicle,Abandoned Vehicle Request,4/19/2021,4/19/2021,4/19/2021,4/19/2021,Homeland,CENTRAL,1,CENTRAL,540,39.306382,-76.385816,"39.306382, -76.385816"
SR-100135,In Progress,Phone,Illegal Dumping,Illegal Dumping Request,8/4/2022,8/4/2022,8/4/2022,8/4/2022,Pen Lucy,NORTHERN,13,NORTHERN,750,39.258512,-76.479609,"39.258512, -76.479609"
SR-100136,Closed,Phone,Vacant Building,Vacant Building Request,4/23/2021,4/23/2021,4/23/2021,4/23/2021,Druid Heights,EASTERN,6,EASTERN,486,39.21838,-76.322583,"39.21838, -76.322583"
SR-100137,Closed,Phone,Graffiti,Graffiti Request,5/4/2019,5/4/2019,5/4/2019,5/4/2019,Waverly,NORTHEASTERN,8,NORTHEASTERN,576,39.322703,-76.480946,"39.322703, -76.480946"
SR-100138,Closed,Phone,Abandoned Vehicle,Abandoned Vehicle Request,1/15/2022,1/15/2022,1/15/2022,1/15/2022,Pimlico,NORTHWESTERN,12,NORTHWESTERN,852,39.464404,-76.427304,"39.464404, -76.427304"
SR-100139,Closed,Phone,Illegal Dumping,Illegal Dumping Request,8/14/2019,8/14/2019,8/14/2019,8/14/2019,Pen Lucy,EASTERN,13,EASTERN,402,39.202781,-76.337996,"39.202781, -76.337996"
SR-100140,In Progress,Phone,Dirty Street,Dirty Street Request,3/19/2022,3/19/2022,3/19/2022,3/19/2022,Cherry Hill,CENTRAL,4,CENTRAL,624,39.475032,-76.393734,"39.475032, -76.393734"
SR-100141,Open,Phone,Street Light Out,Street Light Out Request,8/24/2019,8/24/2019,8/24/2019,8/24/2019,Berea,CENTRAL,3,CENTRAL,548,39.319292,-76.320123,"39.319292, -76.320123"
SR-100142,Closed,Phone,Parking Complaint,Parking Complaint Request,5/8/2021,5/8/2021,5/8/2021,5/8/2021,Harlem Park,NORTHWESTERN,10,NORTHWESTERN,168,39.392105,-76.302605,"39.392105, -76.302605"
SR-100143,Open,Phone,Abandoned Vehicle,Abandoned Vehicle Request,7/9/2021,7/9/2021,7/9/2021,7/9/2021,Park Heights,WESTERN,5,WESTERN,493,39.300639,-76.583746,"39.300639, -76.583746"
SR-100144,Closed,Phone,Dead Animal,Dead Animal Request,3/21/2023,3/21/2023,3/21/2023,3/21/2023,Waverly,EASTERN,12,EASTERN,210,39.330751,-76.593567,"39.330751, -76.593567"
SR-100145,Closed,Phone,Parking Complaint,Parking Complaint Request,1/22/2021,1/22/2021,1/22/2021,1/22/2021,Park Heights,CENTRAL,1,CENTRAL,818,39.473086,-76.528733,"39.473086, -76.528733"
SR-100146,Closed,Phone,Abandoned Vehicle,Abandoned Vehicle Request,4/3/2022,4/3/2022,4/3/2022,4/3/2022,Irvington,NORTHERN,14,NORTHERN,829,39.437889,-76.398396,"39.437889, -76.398396"
SR-100147,Open,Phone,Vacant Building,Vacant Building Request,7/13/2022,7/13/2022,7/13/2022,7/13/2022,Greenmount West,EASTERN,12,EASTERN,750,39.396795,-76.502703,"39.396795, -76.502703"
SR-100148,Closed,Phone,Parking Complaint,Parking Complaint Request,11/21/2020,11/21/2020,11/21/2020,11/21/2020,Cherry Hill,SOUTHERN,6,SOUTHERN,329,39.493351,-76.516738,"39.493351, -76.516738"
SR-100149,Closed,Phone,Street Light Out,Street Light Out Request,12/14/2023,12/14/2023,12/14/2023,12/14/2023,Pen Lucy,NORTHWESTERN,9,NORTHWESTERN,169,39.365045,-76.596392,"39.365045, -76.596392"
SR-100150,Closed,Phone,Abandoned Vehicle,Abandoned Vehicle Request,6/15/2019,6/15/2019,6/15/2019,6/15/2019,Curtis Bay,WESTERN,13,WESTERN,554,39.234723,-76.486551,"39.234723, -76.486551"
SR-100151,Open,Phone,Illegal Dumping,Illegal Dumping Request,7/10/2023,7/10/2023,7/10/2023,7/10/2023,Mount Washington,WESTERN,2,WESTERN,422,39.449648,-76.559985,"39.449648, -76.559985"
SR-100152,Open,Phone,Illegal Dumping,Illegal Dumping Request,1/24/2022,1/24/2022,1/24/2022,1/24/2022,Druid Heights,NORTHEASTERN,3,NORTHEASTERN,737,39.494533,-76.59748,"39.494533, -76.59748"
SR-100153,Open,Phone,Vacant Building,Vacant Building Request,7/18/2023,7/18/2023,7/18/2023,7/18/2023,Pimlico,NORTHEASTERN,4,NORTHEASTERN,451,39.286788,-76.561988,"39.286788, -76.561988"
SR-100154,In Progress,Phone,Rat Rubout,Rat Rubout Request,10/27/2023,10/27/2023,10/27/2023,10/27/2023,Hampden,CENTRAL,6,CENTRAL,674,39.376798,-76.40326,"39.376798, -76.40326"
SR-100155,Open,Phone,Parking Complaint,Parking Complaint Request,7/8/2020,7/8/2020,7/8/2020,7/8/2020,Govans,WESTERN,3,WESTERN,442,39.207487,-76.485137,"39.207487, -76.485137"
SR-100156,Open,Phone,Dirty Street,Dirty Street Request,6/3/2019,6/3/2019,6/3/2019,6/3/2019,Eastwood,SOUTHERN,6,SOUTHERN,177,39.461767,-76.465979,"39.461767, -76.465979"
SR-100157,Open,Phone,Dirty Street,Dirty Street Request,8/17/2020,8/17/2020,8/17/2020,8/17/2020,Mount Washington,WESTERN,3,WESTERN,565,39.300373,-76.579925,"39.300373, -76.579925"
SR-100158,Open,Phone,Rat Rubout,Rat Rubout Request,5/26/2021,5/26/2021,5/26/2021,5/26/2021,Waverly,NORTHWESTERN,10,NORTHWESTERN,604,39.39391,-76.399289,"39.39391, -76.399289"
SR-100159,Open,Phone,Parking Complaint,Parking Complaint Request,2/7/2020,2/7/2020,2/7/2020,2/7/2020,Greenmount West,CENTRAL,11,CENTRAL,485,39.428988,-76.480987,"39.428988, -76.480987"
SR-100160,Open,Phone,Illegal Dumping,Illegal Dumping Request,12/26/2020,12/26/2020,12/26/2020,12/26/2020,Upton,SOUTHERN,3,SOUTHERN,791,39.274478,-76.356278,"39.274478, -76.356278"
SR-100161,In Progress,Phone,Rat Rubout,Rat Rubout Request,1/24/2022,1/24/2022,1/24/2022,1/24/2022,Waverly,SOUTHERN,2,SOUTHERN,376,39.228434,-76.303131,"39.228434, -76.303131"
SR-100162,In Progress,Phone,Street Light Out,Street Light Out Request,3/19/2019,3/19/2019,3/19/2019,3/19/2019,Middle East,CENTRAL,5,CENTRAL,144,39.221691,-76.432489,"39.221691, -76.432489"
SR-100163,Open,Phone,Dead Animal,Dead Animal Request,10/22/2023,10/22/2023,10/22/2023,10/22/2023,Charles Village,NORTHERN,5,NORTHERN,667,39.334231,-76.362722,"39.334231, -76.362722"
SR-100164,In Progress,Phone,Graffiti,Graffiti Request,3/13/2019,3/13/2019,3/13/2019,3/13/2019,Eastwood,NORTHERN,4,NORTHERN,108,39.34626,-76.322214,"39.34626, -76.322214"
SR-100165,In Progress,Phone,Rat Rubout,Rat Rubout Request,1/11/2023,1/11/2023,1/11/2023,1/11/2023,Guilford,NORTHEASTERN,1,NORTHEASTERN,437,39.441929,-76.417592,"39.441929, -76.417592"
SR-100166,Closed,Phone,Vacant Building,Vacant Building Request,1/18/2023,1/18/2023,1/18/2023,1/18/2023,Mount Washington,CENTRAL,12,CENTRAL,125,39.204824,-76.535011,"39.204824, -76.535011"
SR-100167,In Progress,Phone,Pothole,Pothole Request,12/4/2023,12/4/2023,12/4/2023,12/4/2023,Park Heights,NORTHEASTERN,12,NORTHEASTERN,326,39.301731,-76.305721,"39.301731, -76.305721"
SR-100168,In Progress,Phone,Parking Complaint,Parking Complaint Request,12/27/2023,12/27/2023,12/27/2023,12/27/2023,Park Heights,CENTRAL,1,CENTRAL,749,39.443108,-76.422607,"39.443108, -76.422607"
SR-100169,Open,Phone,Parking Complaint,Parking Complaint Request,2/4/2020,2/4/2020,2/4/2020,2/4/2020,Cherry Hill,NORTHEASTERN,3,NORTHEASTERN,751,39.370519,-76.474594,"39.370519, -76.474594"
SR-100170,Open,Phone,Vacant Building,Vacant Building Request,7/15/2021,7/15/2021,7/15/2021,7/15/2021,Upton,NORTHWESTERN,12,NORTHWESTERN,801,39.243256,-76.565574,"39.243256, -76.565574"
SR-100171,Closed,Phone,Parking Complaint,Parking Complaint Request,10/17/2021,10/17/2021,10/17/2021,10/17/2021,Guilford,CENTRAL,14,CENTRAL,373,39.433198,-76.584528,"39.433198, -76.584528"
SR-100172,In Progress,Phone,Illegal Dumping,Illegal Dumping Request,5/19/2023,5/19/2023,5/19/2023,5/19/2023,Irvington,WESTERN,7,WESTERN,104,39.379645,-76.345829,"39.379645, -76.345829"
SR-100173,Closed,Phone,Graffiti,Graffiti Request,1/8/2020,1/8/2020,1/8/2020,1/8/2020,Mount Washington,WESTERN,7,WESTERN,478,39.417198,-76.522085,"39.417198, -76.522085"
SR-100174,Closed,Phone,Parking Complaint,Parking Complaint Request,8/23/2021,8/23/2021,8/23/2021,8/23/2021,Greenmount West,CENTRAL,14,CENTRAL,624,39.317223,-76.452709,"39.317223, -76.452709"
SR-100175,In Progress,Phone,Dirty Street,Dirty Street Request,1/10/2020,1/10/2020,1/10/2020,1/10/2020,Clifton Park,NORTHEASTERN,4,NORTHEASTERN,613,39.303609,-76.582798,"39.303609, -76.582798"
SR-100176,Closed,Phone,Parking Complaint,Parking Complaint Request,5/21/2022,5/21/2022,5/21/2022,5/21/2022,Morrell Park,CENTRAL,7,CENTRAL,247,39.281201,-76.588161,"39.281201, -76.588161"
SR-100177,Closed,Phone,Abandoned Vehicle,Abandoned Vehicle Request,6/7/2023,6/7/2023,6/7/2023,6/7/2023,Roland Park,CENTRAL,3,CENTRAL,377,39.454106,-76.59311,"39.454106, -76.59311"
SR-100178,Open,Phone,Graffiti,Graffiti Request,8/13/2023,8/13/2023,8/13/2023,8/13/2023,Roland Park,CENTRAL,4,CENTRAL,785,39.475056,-76.476034,"39.475056, -76.476034"
SR-100179,Open,Phone,Illegal Dumping,Illegal Dumping Request,6/16/2021,6/16/2021,6/16/2021,6/16/2021,Mount Washington,WESTERN,12,WESTERN,113,39.363226,-76.564429,"39.363226, -76.564429"
SR-100180,Closed,Phone,Vacant Building,Vacant Building Request,4/19/2023,4/19/2023,4/19/2023,4/19/2023,Pen Lucy,SOUTHERN,4,SOUTHERN,477,39.465354,-76.589159,"39.465354, -76.589159"
SR-100181,In Progress,Phone,Street Light Out,Street Light Out Request,3/22/2021,3/22/2021,3/22/2021,3/22/2021,Pigtown,CENTRAL,9,CENTRAL,622,39.354487,-76.494139,"39.354487, -76.494139"
SR-100182,In Progress,Phone,Parking Complaint,Parking Complaint Request,1/14/2020,1/14/2020,1/14/2020,1/14/2020,Druid Heights,WESTERN,3,WESTERN,479,39.311867,-76.416033,"39.311867, -76.416033"
SR-100183,Open,Phone,Abandoned Vehicle,Abandoned Vehicle Request,3/15/2022,3/15/2022,3/15/2022,3/15/2022,Eastwood,WESTERN,4,WESTERN,184,39.241657,-76.475705,"39.241657, -76.475705"
SR-100184,Open,Phone,Graffiti,Graffiti Request,6/8/2022,6/8/2022,6/8/2022,6/8/2022,Waverly,NORTHWESTERN,10,NORTHWESTERN,820,39.359727,-76.416093,"39.359727, -76.416093"
SR-100185,In Progress,Phone,Pothole,Pothole Request,11/16/2021,11/16/2021,11/16/2021,11/16/2021,Charles Village,SOUTHERN,14,SOUTHERN,237,39.2483,-76.31143,"39.2483, -76.31143"
SR-100186,Open,Phone,Street Light Out,Street Light Out Request,2/28/2019,2/28/2019,2/28/2019,2/28/2019,Roland Park,WESTERN,7,WESTERN,233,39.2242,-76.308052,"39.2242, -76.308052"
SR-100187,In Progress,Phone,Parking Complaint,Parking Complaint Request,1/5/2021,1/5/2021,1/5/2021,1/5/2021,Morrell Park,SOUTHERN,5,SOUTHERN,565,39.398162,-76.428582,"39.398162, -76.428582"
SR-100188,Open,Phone,Graffiti,Graffiti Request,11/7/2021,11/7/2021,11/7/2021,11/7/2021,Curtis Bay,NORTHERN,5,NORTHERN,813,39.498194,-76.348318,"39.498194, -76.348318"
SR-100189,Closed,Phone,Abandoned Vehicle,Abandoned Vehicle Request,1/24/2019,1/24/2019,1/24/2019,1/24/2019,Curtis Bay,WESTERN,2,WESTERN,641,39.484934,-76.379213,"39.484934, -76.379213"
SR-100190,In Progress,Phone,Pothole,Pothole Request,8/28/2022,8/28/2022,8/28/2022,8/28/2022,Greenmount West,NORTHERN,8,NORTHERN,862,39.466531,-76.473391,"39.466531, -76.473391"
SR-100191,Closed,Phone,Pothole,Pothole Request,11/21/2022,11/21/2022,11/21/2022,11/21/2022,Pigtown,EASTERN,11,EASTERN,162,39.413729,-76.570722,"39.413729, -76.570722"
SR-100192,Open,Phone,Dead Animal,Dead Animal Request,4/17/2023,4/17/2023,4/17/2023,4/17/2023,Westport,NORTHEASTERN,3,NORTHEASTERN,503,39.422504,-76.346145,"39.422504, -76.346145"
SR-100193,Open,Phone,Street Light Out,Street Light Out Request,11/18/2019,11/18/2019,11/18/2019,11/18/2019,Sandtown-Winchester,NORTHERN,13,NORTHERN,454,39.413471,-76.364246,"39.413471, -76.364246"
SR-100194,Closed,Phone,Abandoned Vehicle,Abandoned Vehicle Request,12/10/2020,12/10/2020,12/10/2020,12/10/2020,Clifton Park,NORTHWESTERN,10,NORTHWESTERN,232,39.297351,-76.422558,"39.297351, -76.422558"
SR-100195,Open,Phone,Street Light Out,Street Light Out Request,6/25/2020,6/25/2020,6/25/2020,6/25/2020,Belair-Edison,SOUTHERN,8,SOUTHERN,358,39.335304,-76.545563,"39.335304, -76.545563"
SR-100196,Closed,Phone,Rat Rubout,Rat Rubout Request,1/6/2021,1/6/2021,1/6/2021,1/6/2021,Pimlico,EASTERN,2,EASTERN,202,39.357662,-76.496718,"39.357662, -76.496718"
SR-100197,Closed,Phone,Dead Animal,Dead Animal Request,5/14/2023,5/14/2023,5/14/2023,5/14/2023,Hampden,SOUTHERN,4,SOUTHERN,696,39.413293,-76.543119,"39.413293, -76.543119"
SR-100198,In Progress,Phone,Vacant Building,Vacant Building Request,8/18/2023,8/18/2023,8/18/2023,8/18/2023,Homeland,EASTERN,13,EASTERN,866,39.252904,-76.364869,"39.252904, -76.364869"
SR-100199,In Progress,Phone,Dirty Street,Dirty Street Request,8/11/2021,8/11/2021,8/11/2021,8/11/2021,Waverly,CENTRAL,11,CENTRAL,615,39.431557,-76.526025,"39.431557, -76.526025"
SR-100200,Open,Phone,Pothole,Pothole Request,8/25/2021,8/25/2021,8/25/2021,8/25/2021,Waverly,WESTERN,12,WESTERN,350,39.464138,-76.427132,"39.464138, -76.427132"
SR-100201,Closed,Phone,Abandoned Vehicle,Abandoned Vehicle Request,9/11/2020,9/11/2020,9/11/2020,9/11/2020,Eastwood,WESTERN,6,WESTERN,417,39.393564,-76.583629,"39.393564, -76.583629"
SR-100202,In Progress,Phone,Street Light Out,Street Light Out Request,12/22/2022,12/22/2022,12/22/2022,12/22/2022,Greenmount West,NORTHEASTERN,12,NORTHEASTERN,555,39.377616,-76.513057,"39.377616, -76.513057"
SR-100203,Closed,Phone,Rat Rubout,Rat Rubout Request,11/26/2023,11/26/2023,11/26/2023,11/26/2023,Clifton Park,EASTERN,13,EASTERN,544,39.498099,-76.429148,"39.498099, -76.429148"
SR-100204,Closed,Phone,Dirty Street,Dirty Street Request,12/3/2022,12/3/2022,12/3/2022,12/3/2022,Brooklyn,CENTRAL,13,CENTRAL,752,39.29767,-76.384406,"39.29767, -76.384406"
SR-100205,Closed,Phone,Graffiti,Graffiti Request,3/23/2023,3/23/2023,3/23/2023,3/23/2023,Park Heights,NORTHERN,8,NORTHERN,277,39.413703,-76.499405,"39.413703, -76.499405"
SR-100206,Closed,Phone,Dirty Street,Dirty Street Request,11/2/2021,11/2/2021,11/2/2021,11/2/2021,Curtis Bay,CENTRAL,8,CENTRAL,684,39.284235,-76.535871,"39.284235, -76.535871"
SR-100207,In Progress,Phone,Dirty Street,Dirty Street Request,11/7/2022,11/7/2022,11/7/2022,11/7/2022,Greenmount West,NORTHWESTERN,5,NORTHWESTERN,884,39.313722,-76.35081,"39.313722, -76.35081"
SR-100208,In Progress,Phone,Graffiti,Graffiti Request,11/15/2022,11/15/2022,11/15/2022,11/15/2022,Morrell Park,WESTERN,11,WESTERN,257,39.4124,-76.433813,"39.4124, -76.433813"
SR-100209,In Progress,Phone,Graffiti,Graffiti Request,1/2/2020,1/2/2020,1/2/2020,1/2/2020,Waverly,NORTHERN,12,NORTHERN,361,39.206972,-76.590953,"39.206972, -76.590953"
SR-100210,In Progress,Phone,Pothole,Pothole Request,11/14/2022,11/14/2022,11/14/2022,11/14/2022,Cherry Hill,WESTERN,6,WESTERN,600,39.318534,-76.504079,"39.318534, -76.504079"
SR-100211,In Progress,Phone,Pothole,Pothole Request,2/9/2021,2/9/2021,2/9/2021,2/9/2021,Park Heights,WESTERN,2,WESTERN,747,39.369519,-76.480738,"39.369519, -76.480738"
SR-100212,Closed,Phone,Pothole,Pothole Request,11/17/2019,11/17/2019,11/17/2019,11/17/2019,Pen Lucy,NORTHERN,6,NORTHERN,627,39.413952,-76.410651,"39.413952, -76.410651"
SR-100213,In Progress,Phone,Abandoned Vehicle,Abandoned Vehicle Request,5/6/2020,5/6/2020,5/6/2020,5/6/2020,Pen Lucy,EASTERN,11,EASTERN,400,39.345131,-76.397984,"39.345131, -76.397984"
SR-100214,Open,Phone,Abandoned Vehicle,Abandoned Vehicle Request,7/14/2023,7/14/2023,7/14/2023,7/14/2023,Roland Park,CENTRAL,4,CENTRAL,145,39.385747,-76.355166,"39.385747, -76.355166"
SR-100215,Open,Phone,Abandoned Vehicle,Abandoned Vehicle Request,2/19/2022,2/19/2022,2/19/2022,2/19/2022,Pimlico,NORTHEASTERN,11,NORTHEASTERN,322,39.422883,-76.580816,"39.422883, -76.580816"
SR-100216,Closed,Phone,Parking Complaint,Parking Complaint Request,4/11/2020,4/11/2020,4/11/2020,4/11/2020,Mount Washington,SOUTHERN,11,SOUTHERN,595,39.338989,-76.397346,"39.338989, -76.397346"
SR-100217,Closed,Phone,Parking Complaint,Parking Complaint Request,5/24/2020,5/24/2020,5/24/2020,5/24/2020,Oliver,EASTERN,9,EASTERN,593,39.43975,-76.369288,"39.43975, -76.369288"
SR-100218,Closed,Phone,Vacant Building,Vacant Building Request,11/3/2020,11/3/2020,11/3/2020,11/3/2020,Park Heights,NORTHEASTERN,10,NORTHEASTERN,194,39.412658,-76.422913,"39.412658, -76.422913"
SR-100219,In Progress,Phone,Abandoned Vehicle,Abandoned Vehicle Request,8/3/2022,8/3/2022,8/3/2022,8/3/2022,Pigtown,NORTHEASTERN,13,NORTHEASTERN,522,39.460235,-76.591046,"39.460235, -76.591046"
SR-100220,Open,Phone,Vacant Building,Vacant Building Request,10/2/2023,10/2/2023,10/2/2023,10/2/2023,Upton,CENTRAL,12,CENTRAL,522,39.498935,-76.482089,"39.498935, -76.482089"
SR-100221,Open,Phone,Abandoned Vehicle,Abandoned Vehicle Request,11/9/2022,11/9/2022,11/9/2022,11/9/2022,Irvington,NORTHERN,12,NORTHERN,192,39.438096,-76.330623,"39.438096, -76.330623"
SR-100222,Closed,Phone,Illegal Dumping,Illegal Dumping Request,5/25/2020,5/25/2020,5/25/2020,5/25/2020,Johnston Square,NORTHEASTERN,13,NORTHEASTERN,350,39.317014,-76.449864,"39.317014, -76.449864"
SR-100223,Open,Phone,Dead Animal,Dead Animal Request,4/5/2019,4/5/2019,4/5/2019,4/5/2019,Waverly,CENTRAL,10,CENTRAL,480,39.316057,-76.303323,"39.316057, -76.303323"
SR-100224,Open,Phone,Parking Complaint,Parking Complaint Request,6/18/2021,6/18/2021,6/18/2021,6/18/2021,Pen Lucy,NORTHWESTERN,1,NORTHWESTERN,585,39.346886,-76.503947,"39.346886, -76.503947"
SR-100225,In Progress,Phone,Street Light Out,Street Light Out Request,12/2/2019,12/2/2019,12/2/2019,12/2/2019,Berea,NORTHERN,11,NORTHERN,709,39.252757,-76.393428,"39.252757, -76.393428"
SR-100226,In Progress,Phone,Parking Complaint,Parking Complaint Request,7/9/2022,7/9/2022,7/9/2022,7/9/2022,Westport,NORTHERN,2,NORTHERN,287,39.424749,-76.310459,"39.424749, -76.310459"
SR-100227,In Progress,Phone,Dirty Street,Dirty Street Request,5/20/2019,5/20/2019,5/20/2019,5/20/2019,Eastwood,EASTERN,4,EASTERN,209,39.261383,-76.478535,"39.261383, -76.478535"
SR-100228,Open,Phone,Illegal Dumping,Illegal Dumping Request,3/28/2022,3/28/2022,3/28/2022,3/28/2022,Charles Village,WESTERN,4,WESTERN,694,39.318339,-76.510566,"39.318339, -76.510566"
SR-100229,Closed,Phone,Dirty Street,Dirty Street Request,10/11/2019,10/11/2019,10/11/2019,10/11/2019,Mount Washington,NORTHERN,7,NORTHERN,322,39.451052,-76.482025,"39.451052, -76.482025"
SR-100230,Closed,Phone,Graffiti,Graffiti Request,4/13/2022,4/13/2022,4/13/2022,4/13/2022,Sandtown-Winchester,NORTHEASTERN,11,NORTHEASTERN,179,39.437763,-76.583855,"39.437763, -76.583855"
SR-100231,Open,Phone,Pothole,Pothole Request,8/17/2019,8/17/2019,8/17/2019,8/17/2019,Govans,SOUTHERN,9,SOUTHERN,210,39.461329,-76.348217,"39.461329, -76.348217"
SR-100232,In Progress,Phone,Street Light Out,Street Light Out Request,4/28/2021,4/28/2021,4/28/2021,4/28/2021,Upton,NORTHWESTERN,11,NORTHWESTERN,352,39.424587,-76.301919,"39.424587, -76.301919"
SR-100233,In Progress,Phone,Abandoned Vehicle,Abandoned Vehicle Request,3/16/2021,3/16/2021,3/16/2021,3/16/2021,Irvington,EASTERN,10,EASTERN,867,39.429627,-76.421291,"39.429627, -76.421291"
SR-100234,In Progress,Phone,Pothole,Pothole Request,8/16/2022,8/16/2022,8/16/2022,8/16/2022,Berea,EASTERN,10,EASTERN,698,39.300392,-76.51054,"39.300392, -76.51054"
SR-100235,Closed,Phone,Dirty Street,Dirty Street Request,8/3/2019,8/3/2019,8/3/2019,8/3/2019,Pen Lucy,NORTHERN,13,NORTHERN,715,39.47598,-76.484746,"39.47598, -76.484746"
SR-100236,In Progress,Phone,Abandoned Vehicle,Abandoned Vehicle Request,5/23/2021,5/23/2021,5/23/2021,5/23/2021,Hampden,NORTHEASTERN,1,NORTHEASTERN,150,39.492186,-76.317766,"39.492186, -76.317766"
SR-100237,In Progress,Phone,Graffiti,Graffiti Request,4/7/2023,4/7/2023,4/7/2023,4/7/2023,Eastwood,NORTHWESTERN,9,NORTHWESTERN,685,39.263643,-76.561393,"39.263643, -76.561393"
SR-100238,Closed,Phone,Graffiti,Graffiti Request,7/1/2021,7/1/2021,7/1/2021,7/1/2021,Brooklyn,EASTERN,14,EASTERN,648,39.274914,-76.372647,"39.274914, -76.372647"
SR-100239,Closed,Phone,Abandoned Vehicle,Abandoned Vehicle Request,8/16/2021,8/16/2021,8/16/2021,8/16/2021,Westport,NORTHEASTERN,9,NORTHEASTERN,372,39.422555,-76.302752,"39.422555, -76.302752"
SR-100240,In Progress,Phone,Illegal Dumping,Illegal Dumping Request,2/24/2021,2/24/2021,2/24/2021,2/24/2021,Cherry Hill,CENTRAL,8,CENTRAL,546,39.438949,-76.374134,"39.438949, -76.374134"
SR-100241,Closed,Phone,Abandoned Vehicle,Abandoned Vehicle Request,9/20/2021,9/20/2021,9/20/2021,9/20/2021,Eastwood,SOUTHERN,3,SOUTHERN,807,39.266034,-76.48942,"39.266034, -76.48942"
SR-100242,Closed,Phone,Parking Complaint,Parking Complaint Request,8/22/2023,8/22/2023,8/22/2023,8/22/2023,Berea,SOUTHERN,3,SOUTHERN,886,39.258488,-76.36485,"39.258488, -76.36485"
SR-100243,Closed,Phone,Illegal Dumping,Illegal Dumping Request,10/8/2020,10/8/2020,10/8/2020,10/8/2020,Belair-Edison,WESTERN,8,WESTERN,639,39.485157,-76.43705,"39.485157, -76.43705"
SR-100244,Closed,Phone,Illegal Dumping,Illegal Dumping Request,6/24/2019,6/24/2019,6/24/2019,6/24/2019,Irvington,EASTERN,7,EASTERN,407,39.440849,-76.420412,"39.440849, -76.420412"
SR-100245,Open,Phone,Street Light Out,Street Light Out Request,9/22/2022,9/22/2022,9/22/2022,9/22/2022,Oliver,NORTHWESTERN,6,NORTHWESTERN,428,39.279825,-76.516906,"39.279825, -76.516906"
SR-100246,Closed,Phone,Pothole,Pothole Request,9/8/2020,9/8/2020,9/8/2020,9/8/2020,Harlem Park,EASTERN,9,EASTERN,461,39.47699,-76.563129,"39.47699, -76.563129"
SR-100247,Closed,Phone,Rat Rubout,Rat Rubout Request,9/18/2019,9/18/2019,9/18/2019,9/18/2019,Guilford,CENTRAL,5,CENTRAL,459,39.344055,-76.479064,"39.344055, -76.479064"
SR-100248,In Progress,Phone,Pothole,Pothole Request,9/4/2021,9/4/2021,9/4/2021,9/4/2021,Charles Village,NORTHEASTERN,1,NORTHEASTERN,675,39.296018,-76.596839,"39.296018, -76.596839"
SR-100249,Open,Phone,Street Light Out,Street Light Out Request,11/27/2023,11/27/2023,11/27/2023,11/27/2023,Roland Park,CENTRAL,5,CENTRAL,359,39.378362,-76.358885,"39.378362, -76.358885"
SR-100250,Open,Phone,Rat Rubout,Rat Rubout Request,10/7/2019,10/7/2019,10/7/2019,10/7/2019,Oliver,EASTERN,7,EASTERN,485,39.443396,-76.381038,"39.443396, -76.381038"
SR-100251,Open,Phone,Illegal Dumping,Illegal Dumping Request,11/10/2022,11/10/2022,11/10/2022,11/10/2022,Brooklyn,NORTHERN,5,NORTHERN,554,39.272671,-76.534223,"39.272671, -76.534223"
SR-100252,Closed,Phone,Street Light Out,Street Light Out Request,7/8/2023,7/8/2023,7/8/2023,7/8/2023,Johnston Square,SOUTHERN,3,SOUTHERN,809,39.373147,-76.341814,"39.373147, -76.341814"
SR-100253,Closed,Phone,Illegal Dumping,Illegal Dumping Request,2/20/2023,2/20/2023,2/20/2023,2/20/2023,Greenmount West,NORTHWESTERN,5,NORTHWESTERN,311,39.200156,-76.534427,"39.200156, -76.534427"
SR-100254,Open,Phone,Pothole,Pothole Request,4/10/2022,4/10/2022,4/10/2022,4/10/2022,Berea,CENTRAL,10,CENTRAL,396,39.29694,-76.550623,"39.29694, -76.550623"
SR-100255,Closed,Phone,Parking Complaint,Parking Complaint Request,5/16/2019,5/16/2019,5/16/2019,5/16/2019,Sandtown-Winchester,SOUTHERN,11,SOUTHERN,677,39.207926,-76.45654,"39.207926, -76.45654"
SR-100256,Open,Phone,Dirty Street,Dirty Street Request,2/9/2023,2/9/2023,2/9/2023,2/9/2023,Greenmount West,NORTHWESTERN,7,NORTHWESTERN,486,39.346044,-76.529127,"39.346044, -76.529127"
SR-100257,In Progress,Phone,Graffiti,Graffiti Request,12/11/2023,12/11/2023,12/11/2023,12/11/2023,Sandtown-Winchester,WESTERN,13,WESTERN,405,39.381949,-76.57206,"39.381949, -76.57206"
SR-100258,Open,Phone,Dead Animal,Dead Animal Request,7/14/2020,7/14/2020,7/14/2020,7/14/2020,Oliver,CENTRAL,9,CENTRAL,458,39.384199,-76.406337,"39.384199, -76.406337"
SR-100259,In Progress,Phone,Illegal Dumping,Illegal Dumping Request,9/24/2021,9/24/2021,9/24/2021,9/24/2021,Middle East,EASTERN,8,EASTERN,219,39.470947,-76.338372,"39.470947, -76.338372"
SR-100260,Open,Phone,Vacant Building,Vacant Building Request,9/9/2023,9/9/2023,9/9/2023,9/9/2023,Curtis Bay,NORTHEASTERN,7,NORTHEASTERN,166,39.487429,-76.383168,"39.487429, -76.383168"
SR-100261,Closed,Phone,Illegal Dumping,Illegal Dumping Request,10/11/2020,10/11/2020,10/11/2020,10/11/2020,Hampden,EASTERN,8,EASTERN,384,39.343668,-76.456759,"39.343668, -76.456759"
SR-100262,Closed,Phone,Rat Rubout,Rat Rubout Request,2/5/2020,2/5/2020,2/5/2020,2/5/2020,Curtis Bay,EASTERN,6,EASTERN,492,39.282249,-76.463469,"39.282249, -76.463469"
SR-100263,In Progress,Phone,Dirty Street,Dirty Street Request,10/3/2019,10/3/2019,10/3/2019,10/3/2019,Roland Park,NORTHERN,6,NORTHERN,604,39.449782,-76.459278,"39.449782, -76.459278"
SR-100264,In Progress,Phone,Abandoned Vehicle,Abandoned Vehicle Request,4/5/2023,4/5/2023,4/5/2023,4/5/2023,Morrell Park,NORTHERN,13,NORTHERN,129,39.444193,-76.587853,"39.444193, -76.587853"
SR-100265,Open,Phone,Vacant Building,Vacant Building Request,10/1/2021,10/1/2021,10/1/2021,10/1/2021,Hampden,NORTHEASTERN,4,NORTHEASTERN,488,39.305204,-76.566007,"39.305204, -76.566007"
SR-100266,Open,Phone,Dirty Street,Dirty Street Request,5/2/2021,5/2/2021,5/2/2021,5/2/2021,Park Heights,WESTERN,5,WESTERN,289,39.220147,-76.532765,"39.220147, -76.532765"
SR-100267,Open,Phone,Graffiti,Graffiti Request,11/24/2020,11/24/2020,11/24/2020,11/24/2020,Westport,EASTERN,4,EASTERN,352,39.494203,-76.543467,"39.494203, -76.543467"
SR-100268,Closed,Phone,Illegal Dumping,Illegal Dumping Request,6/8/2022,6/8/2022,6/8/2022,6/8/2022,Roland Park,NORTHEASTERN,12,NORTHEASTERN,477,39.463185,-76.541575,"39.463185, -76.541575"
SR-100269,In Progress,Phone,Pothole,Pothole Request,10/22/2021,10/22/2021,10/22/2021,10/22/2021,Irvington,EASTERN,3,EASTERN,615,39.371097,-76.30074,"39.371097, -76.30074"
SR-100270,Closed,Phone,Rat Rubout,Rat Rubout Request,10/13/2019,10/13/2019,10/13/2019,10/13/2019,Cherry Hill,CENTRAL,11,CENTRAL,433,39.347026,-76.453361,"39.347026, -76.453361"
SR-100271,In Progress,Phone,Abandoned Vehicle,Abandoned Vehicle Request,11/28/2023,11/28/2023,11/28/2023,11/28/2023,Clifton Park,EASTERN,4,EASTERN,576,39.43348,-76.363969,"39.43348, -76.363969"
SR-100272,Open,Phone,Street Light Out,Street Light Out Request,1/19/2020,1/19/2020,1/19/2020,1/19/2020,Mount Washington,EASTERN,9,EASTERN,842,39.265848,-76.407632,"39.265848, -76.407632"
SR-100273,Closed,Phone,Dirty Street,Dirty Street Request,7/14/2022,7/14/2022,7/14/2022,7/14/2022,Curtis Bay,NORTHERN,8,NORTHERN,615,39.349856,-76.429185,"39.349856, -76.429185"
SR-100274,Closed,Phone,Vacant Building,Vacant Building Request,1/26/2021,1/26/2021,1/26/2021,1/26/2021,Waverly,SOUTHERN,1,SOUTHERN,554,39.283232,-76.49086,"39.283232, -76.49086"
SR-100275,In Progress,Phone,Pothole,Pothole Request,7/6/2023,7/6/2023,7/6/2023,7/6/2023,Pen Lucy,NORTHWESTERN,8,NORTHWESTERN,726,39.405881,-76.594835,"39.405881, -76.594835"
SR-100276,Open,Phone,Illegal Dumping,Illegal Dumping Request,12/5/2020,12/5/2020,12/5/2020,12/5/2020,Curtis Bay,CENTRAL,6,CENTRAL,396,39.244315,-76.444962,"39.244315, -76.444962"
SR-100277,Open,Phone,Graffiti,Graffiti Request,6/20/2019,6/20/2019,6/20/2019,6/20/2019,Govans,NORTHWESTERN,2,NORTHWESTERN,169,39.421351,-76.472393,"39.421351, -76.472393"
SR-100278,In Progress,Phone,Street Light Out,Street Light Out Request,4/19/2021,4/19/2021,4/19/2021,4/19/2021,Johnston Square,EASTERN,6,EASTERN,666,39.249377,-76.359536,"39.249377, -76.359536"
SR-100279,In Progress,Phone,Pothole,Pothole Request,9/15/2023,9/15/2023,9/15/2023,9/15/2023,Upton,CENTRAL,5,CENTRAL,107,39.494666,-76.398623,"39.494666, -76.398623"
SR-100280,In Progress,Phone,Pothole,Pothole Request,4/23/2021,4/23/2021,4/23/2021,4/23/2021,Oliver,SOUTHERN,6,SOUTHERN,733,39.30937,-76.377504,"39.30937, -76.377504"
SR-100281,Closed,Phone,Dirty Street,Dirty Street Request,7/17/2020,7/17/2020,7/17/2020,7/17/2020,Clifton Park,EASTERN,8,EASTERN,858,39.483667,-76.590029,"39.483667, -76.590029"
SR-100282,Closed,Phone,Pothole,Pothole Request,2/26/2021,2/26/2021,2/26/2021,2/26/2021,Pen Lucy,NORTHEASTERN,3,NORTHEASTERN,166,39.322624,-76.475378,"39.322624, -76.475378"
SR-100283,Open,Phone,Rat Rubout,Rat Rubout Request,2/11/2023,2/11/2023,2/11/2023,2/11/2023,Charles Village,NORTHWESTERN,1,NORTHWESTERN,287,39.2727,-76.465029,"39.2727, -76.465029"
SR-100284,Open,Phone,Dirty Street,Dirty Street Request,6/8/2023,6/8/2023,6/8/2023,6/8/2023,Oliver,NORTHERN,3,NORTHERN,214,39.463226,-76.432976,"39.463226, -76.432976"
SR-100285,Closed,Phone,Dead Animal,Dead Animal Request,3/10/2023,3/10/2023,3/10/2023,3/10/2023,Westport,CENTRAL,1,CENTRAL,536,39.34194,-76.456167,"39.34194, -76.456167"
SR-100286,In Progress,Phone,Illegal Dumping,Illegal Dumping Request,1/27/2023,1/27/2023,1/27/2023,1/27/2023,Pen Lucy,NORTHWESTERN,9,NORTHWESTERN,367,39.359208,-76.589998,"39.359208, -76.589998"
SR-100287,In Progress,Phone,Graffiti,Graffiti Request,7/25/2020,7/25/2020,7/25/2020,7/25/2020,Eastwood,WESTERN,9,WESTERN,504,39.327015,-76.551435,"39.327015, -76.551435"
SR-100288,Open,Phone,Street Light Out,Street Light Out Request,1/13/2022,1/13/2022,1/13/2022,1/13/2022,Greenmount West,SOUTHERN,10,SOUTHERN,464,39.311418,-76.31979,"39.311418, -76.31979"
SR-100289,Open,Phone,Vacant Building,Vacant Building Request,12/25/2020,12/25/2020,12/25/2020,12/25/2020,Johnston Square,NORTHERN,12,NORTHERN,875,39.230145,-76.599098,"39.230145, -76.599098"
SR-100290,Closed,Phone,Illegal Dumping,Illegal Dumping Request,8/22/2022,8/22/2022,8/22/2022,8/22/2022,Clifton Park,CENTRAL,3,CENTRAL,436,39.493166,-76.511901,"39.493166, -76.511901"
SR-100291,In Progress,Phone,Rat Rubout,Rat Rubout Request,11/20/2023,11/20/2023,11/20/2023,11/20/2023,Pen Lucy,NORTHERN,9,NORTHERN,427,39.364437,-76.592263,"39.364437, -76.592263"
SR-100292,Closed,Phone,Illegal Dumping,Illegal Dumping Request,8/5/2023,8/5/2023,8/5/2023,8/5/2023,Waverly,SOUTHERN,6,SOUTHERN,583,39.345329,-76.512412,"39.345329, -76.512412"
SR-100293,Closed,Phone,Vacant Building,Vacant Building Request,9/1/2019,9/1/2019,9/1/2019,9/1/2019,Clifton Park,NORTHWESTERN,5,NORTHWESTERN,187,39.48236,-76.595075,"39.48236, -76.595075"
SR-100294,Open,Phone,Dirty Street,Dirty Street Request,12/25/2022,12/25/2022,12/25/2022,12/25/2022,Pimlico,NORTHEASTERN,1,NORTHEASTERN,635,39.273409,-76.47818,"39.273409, -76.47818"
SR-100295,Closed,Phone,Graffiti,Graffiti Request,11/27/2022,11/27/2022,11/27/2022,11/27/2022,Eastwood,NORTHEASTERN,7,NORTHEASTERN,547,39.302983,-76.489983,"39.302983, -76.489983"
SR-100296,Open,Phone,Street Light Out,Street Light Out Request,1/23/2021,1/23/2021,1/23/2021,1/23/2021,Upton,NORTHWESTERN,1,NORTHWESTERN,142,39.39907,-76.493112,"39.39907, -76.493112"
SR-100297,Open,Phone,Pothole,Pothole Request,6/18/2021,6/18/2021,6/18/2021,6/18/2021,Mount Washington,NORTHERN,3,NORTHERN,233,39.484689,-76.433881,"39.484689, -76.433881"
SR-100298,In Progress,Phone,Dirty Street,Dirty Street Request,7/28/2019,7/28/2019,7/28/2019,7/28/2019,Clifton Park,EASTERN,7,EASTERN,417,39.404531,-76.321944,"39.404531, -76.321944"
SR-100299,Open,Phone,Parking Complaint,Parking Complaint Request,10/8/2021,10/8/2021,10/8/2021,10/8/2021,Irvington,NORTHERN,14,NORTHERN,765,39.394737,-76.378269,"39.394737, -76.378269"
SR-100300,In Progress,Phone,Parking Complaint,Parking Complaint Request,11/8/2019,11/8/2019,11/8/2019,11/8/2019,Homeland,WESTERN,5,WESTERN,598,39.26335,-76.53474,"39.26335, -76.53474"
SR-100301,Open,Phone,Rat Rubout,Rat Rubout Request,5/12/2020,5/12/2020,5/12/2020,5/12/2020,Belair-Edison,NORTHERN,1,NORTHERN,636,39.474891,-76.570816,"39.474891, -76.570816"
SR-100302,Open,Phone,Abandoned Vehicle,Abandoned Vehicle Request,6/3/2020,6/3/2020,6/3/2020,6/3/2020,Guilford,NORTHWESTERN,14,NORTHWESTERN,727,39.27819,-76.405929,"39.27819, -76.405929"
SR-100303,Closed,Phone,Dirty Street,Dirty Street Request,7/23/2022,7/23/2022,7/23/2022,7/23/2022,Clifton Park,NORTHERN,1,NORTHERN,366,39.210565,-76.587812,"39.210565, -76.587812"
SR-100304,Closed,Phone,Vacant Building,Vacant Building Request,12/18/2023,12/18/2023,12/18/2023,12/18/2023,Pimlico,NORTHWESTERN,12,NORTHWESTERN,663,39.410443,-76.338105,"39.410443, -76.338105"
SR-100305,Open,Phone,Abandoned Vehicle,Abandoned Vehicle Request,12/14/2023,12/14/2023,12/14/2023,12/14/2023,Mount Washington,NORTHERN,1,NORTHERN,803,39.452651,-76.568653,"39.452651, -76.568653"
SR-100306,Closed,Phone,Dirty Street,Dirty Street Request,12/15/2019,12/15/2019,12/15/2019,12/15/2019,Morrell Park,EASTERN,4,EASTERN,175,39.373865,-76.316434,"39.373865, -76.316434"
SR-100307,Closed,Phone,Parking Complaint,Parking Complaint Request,10/17/2019,10/17/2019,10/17/2019,10/17/2019,Oliver,NORTHERN,9,NORTHERN,205,39.49089,-76.312226,"39.49089, -76.312226"
SR-100308,Open,Phone,Parking Complaint,Parking Complaint Request,11/18/2020,11/18/2020,11/18/2020,11/18/2020,Curtis Bay,NORTHEASTERN,9,NORTHEASTERN,198,39.380821,-76.396191,"39.380821, -76.396191"
SR-100309,Open,Phone,Vacant Building,Vacant Building Request,7/9/2019,7/9/2019,7/9/2019,7/9/2019,Pimlico,NORTHEASTERN,3,NORTHEASTERN,478,39.478244,-76.484483,"39.478244, -76.484483"
SR-100310,Open,Phone,Dead Animal,Dead Animal Request,3/28/2019,3/28/2019,3/28/2019,3/28/2019,Johnston Square,NORTHWESTERN,7,NORTHWESTERN,707,39.326511,-76.561831,"39.326511, -76.561831"
SR-100311,Closed,Phone,Dirty Street,Dirty Street Request,3/25/2022,3/25/2022,3/25/2022,3/25/2022,Middle East,EASTERN,12,EASTERN,754,39.306397,-76.450549,"39.306397, -76.450549"
SR-100312,Closed,Phone,Rat Rubout,Rat Rubout Request,5/12/2022,5/12/2022,5/12/2022,5/12/2022,Morrell Park,SOUTHERN,9,SOUTHERN,731,39.217978,-76.430779,"39.217978, -76.430779"
SR-100313,In Progress,Phone,Dead Animal,Dead Animal Request,8/8/2019,8/8/2019,8/8/2019,8/8/2019,Waverly,EASTERN,8,EASTERN,196,39.226865,-76.498945,"39.226865, -76.498945"
SR-100314,Open,Phone,Graffiti,Graffiti Request,5/6/2019,5/6/2019,5/6/2019,5/6/2019,Hampden,EASTERN,5,EASTERN,558,39.279517,-76.327531,"39.279517, -76.327531"
SR-100315,Open,Phone,Vacant Building,Vacant Building Request,1/28/2021,1/28/2021,1/28/2021,1/28/2021,Upton,EASTERN,7,EASTERN,367,39.429818,-76.489006,"39.429818, -76.489006"
SR-100316,Closed,Phone,Dirty Street,Dirty Street Request,12/21/2023,12/21/2023,12/21/2023,12/21/2023,Westport,SOUTHERN,10,SOUTHERN,392,39.470878,-76.475774,"39.470878, -76.475774"
SR-100317,In Progress,Phone,Dirty Street,Dirty Street Request,2/22/2021,2/22/2021,2/22/2021,2/22/2021,Guilford,SOUTHERN,4,SOUTHERN,847,39.439448,-76.565649,"39.439448, -76.565649"
SR-100318,In Progress,Phone,Rat Rubout,Rat Rubout Request,1/9/2023,1/9/2023,1/9/2023,1/9/2023,Homeland,EASTERN,1,EASTERN,717,39.345532,-76.471429,"39.345532, -76.471429"
SR-100319,Closed,Phone,Dirty Street,Dirty Street Request,4/15/2023,4/15/2023,4/15/2023,4/15/2023,Brooklyn,NORTHERN,3,NORTHERN,419,39.317653,-76.502421,"39.317653, -76.502421"
SR-100320,Closed,Phone,Street Light Out,Street Light Out Request,11/14/2022,11/14/2022,11/14/2022,11/14/2022,Roland Park,NORTHWESTERN,5,NORTHWESTERN,547,39.284395,-76.397238,"39.284395, -76.397238"
SR-100321,Closed,Phone,Parking Complaint,Parking Complaint Request,1/26/2021,1/26/2021,1/26/2021,1/26/2021,Pigtown,NORTHERN,4,NORTHERN,389,39.408137,-76.542899,"39.408137, -76.542899"
SR-100322,Closed,Phone,Rat Rubout,Rat Rubout Request,6/13/2021,6/13/2021,6/13/2021,6/13/2021,Belair-Edison,SOUTHERN,7,SOUTHERN,837,39.259237,-76.354823,"39.259237, -76.354823"
SR-100323,Open,Phone,Graffiti,Graffiti Request,4/18/2019,4/18/2019,4/18/2019,4/18/2019,Belair-Edison,NORTHERN,2,NORTHERN,109,39.458927,-76.491974,"39.458927, -76.491974"
SR-100324,In Progress,Phone,Illegal Dumping,Illegal Dumping Request,5/5/2021,5/5/2021,5/5/2021,5/5/2021,Morrell Park,CENTRAL,6,CENTRAL,106,39.431819,-76.340119,"39.431819, -76.340119"
SR-100325,Closed,Phone,Rat Rubout,Rat Rubout Request,9/21/2023,9/21/2023,9/21/2023,9/21/2023,Pimlico,EASTERN,9,EASTERN,276,39.471421,-76.405831,"39.471421, -76.405831"
SR-100326,Closed,Phone,Abandoned Vehicle,Abandoned Vehicle Request,3/16/2022,3/16/2022,3/16/2022,3/16/2022,Pen Lucy,NORTHEASTERN,1,NORTHEASTERN,808,39.317387,-76.538343,"39.317387, -76.538343"
SR-100327,In Progress,Phone,Graffiti,Graffiti Request,4/16/2023,4/16/2023,4/16/2023,4/16/2023,Eastwood,NORTHWESTERN,7,NORTHWESTERN,581,39.419991,-76.525531,"39.419991, -76.525531"
SR-100328,Open,Phone,Abandoned Vehicle,Abandoned Vehicle Request,4/5/2020,4/5/2020,4/5/2020,4/5/2020,Cherry Hill,EASTERN,7,EASTERN,549,39.334648,-76.325233,"39.334648, -76.325233"
SR-100329,In Progress,Phone,Graffiti,Graffiti Request,6/17/2023,6/17/2023,6/17/2023,6/17/2023,Westport,EASTERN,13,EASTERN,494,39.37419,-76.346643,"39.37419, -76.346643"
SR-100330,In Progress,Phone,Abandoned Vehicle,Abandoned Vehicle Request,5/19/2022,5/19/2022,5/19/2022,5/19/2022,Berea,EASTERN,10,EASTERN,725,39.492689,-76.513141,"39.492689, -76.513141"
SR-100331,Open,Phone,Illegal Dumping,Illegal Dumping Request,4/14/2019,4/14/2019,4/14/2019,4/14/2019,Brooklyn,NORTHERN,14,NORTHERN,845,39.391162,-76.451529,"39.391162, -76.451529"
SR-100332,In Progress,Phone,Dirty Street,Dirty Street Request,9/9/2022,9/9/2022,9/9/2022,9/9/2022,Charles Village,EASTERN,11,EASTERN,438,39.489181,-76.598627,"39.489181, -76.598627"
SR-100333,In Progress,Phone,Dead Animal,Dead Animal Request,8/21/2022,8/21/2022,8/21/2022,8/21/2022,Curtis Bay,EASTERN,2,EASTERN,506,39.428977,-76.590475,"39.428977, -76.590475"
SR-100334,Open,Phone,Dirty Street,Dirty Street Request,2/16/2020,2/16/2020,2/16/2020,2/16/2020,Druid Heights,CENTRAL,1,CENTRAL,312,39.204444,-76.527002,"39.204444, -76.527002"
SR-100335,Closed,Phone,Graffiti,Graffiti Request,4/7/2023,4/7/2023,4/7/2023,4/7/2023,Berea,CENTRAL,11,CENTRAL,845,39.396256,-76.361353,"39.396256, -76.361353"
SR-100336,Open,Phone,Vacant Building,Vacant Building Request,2/13/2019,2/13/2019,2/13/2019,2/13/2019,Druid Heights,WESTERN,4,WESTERN,533,39.362165,-76.596601,"39.362165, -76.596601"
SR-100337,In Progress,Phone,Dead Animal,Dead Animal Request,2/28/2019,2/28/2019,2/28/2019,2/28/2019,Belair-Edison,WESTERN,12,WESTERN,729,39.35022,-76.349035,"39.35022, -76.349035"
SR-100338,Closed,Phone,Illegal Dumping,Illegal Dumping Request,4/3/2021,4/3/2021,4/3/2021,4/3/2021,Clifton Park,NORTHERN,4,NORTHERN,676,39.282809,-76.334411,"39.282809, -76.334411"
SR-100339,Closed,Phone,Vacant Building,Vacant Building Request,6/16/2019,6/16/2019,6/16/2019,6/16/2019,Oliver,WESTERN,10,WESTERN,186,39.442736,-76.341923,"39.442736, -76.341923"
SR-100340,In Progress,Phone,Parking Complaint,Parking Complaint Request,7/1/2022,7/1/2022,7/1/2022,7/1/2022,Sandtown-Winchester,CENTRAL,7,CENTRAL,461,39.45381,-76.529296,"39.45381, -76.529296"
SR-100341,Open,Phone,Abandoned Vehicle,Abandoned Vehicle Request,1/5/2022,1/5/2022,1/5/2022,1/5/2022,Harlem Park,SOUTHERN,8,SOUTHERN,665,39.442922,-76.506718,"39.442922, -76.506718"
SR-100342,Closed,Phone,Rat Rubout,Rat Rubout Request,3/11/2020,3/11/2020,3/11/2020,3/11/2020,Clifton Park,WESTERN,7,WESTERN,756,39.497939,-76.556075,"39.497939, -76.556075"
SR-100343,Open,Phone,Abandoned Vehicle,Abandoned Vehicle Request,6/2/2020,6/2/2020,6/2/2020,6/2/2020,Druid Heights,NORTHERN,1,NORTHERN,179,39.219518,-76.44119,"39.219518, -76.44119"
SR-100344,Open,Phone,Pothole,Pothole Request,10/19/2022,10/19/2022,10/19/2022,10/19/2022,Park Heights,NORTHERN,9,NORTHERN,165,39.318405,-76.387271,"39.318405, -76.387271"
SR-100345,Open,Phone,Abandoned Vehicle,Abandoned Vehicle Request,8/21/2023,8/21/2023,8/21/2023,8/21/2023,Harlem Park,WESTERN,7,WESTERN,528,39.460178,-76.473204,"39.460178, -76.473204"
SR-100346,Open,Phone,Rat Rubout,Rat Rubout Request,9/7/2019,9/7/2019,9/7/2019,9/7/2019,Hampden,SOUTHERN,13,SOUTHERN,789,39.227883,-76.4826,"39.227883, -76.4826"
SR-100347,Open,Phone,Dead Animal,Dead Animal Request,5/2/2019,5/2/2019,5/2/2019,5/2/2019,Hampden,NORTHWESTERN,9,NORTHWESTERN,802,39.341313,-76.541211,"39.341313, -76.541211"
SR-100348,Closed,Phone,Dead Animal,Dead Animal Request,4/19/2021,4/19/2021,4/19/2021,4/19/2021,Johnston Square,NORTHEASTERN,3,NORTHEASTERN,126,39.385736,-76.419168,"39.385736, -76.419168"
SR-100349,Open,Phone,Abandoned Vehicle,Abandoned Vehicle Request,12/22/2021,12/22/2021,12/22/2021,12/22/2021,Hampden,NORTHEASTERN,1,NORTHEASTERN,747,39.319341,-76.588131,"39.319341, -76.588131"
SR-100350,In Progress,Phone,Illegal Dumping,Illegal Dumping Request,8/10/2021,8/10/2021,8/10/2021,8/10/2021,Cherry Hill,CENTRAL,9,CENTRAL,833,39.467844,-76.465335,"39.467844, -76.465335"
SR-100351,Closed,Phone,Dead Animal,Dead Animal Request,10/6/2023,10/6/2023,10/6/2023,10/6/2023,Berea,NORTHERN,2,NORTHERN,438,39.250471,-76.531476,"39.250471, -76.531476"
SR-100352,Closed,Phone,Dirty Street,Dirty Street Request,4/6/2023,4/6/2023,4/6/2023,4/6/2023,Cherry Hill,NORTHWESTERN,13,NORTHWESTERN,435,39.336054,-76.3963,"39.336054, -76.3963"
SR-100353,In Progress,Phone,Dead Animal,Dead Animal Request,5/19/2019,5/19/2019,5/19/2019,5/19/2019,Pigtown,NORTHEASTERN,5,NORTHEASTERN,601,39.3652,-76.314782,"39.3652, -76.314782"
SR-100354,Closed,Phone,Rat Rubout,Rat Rubout Request,4/21/2021,4/21/2021,4/21/2021,4/21/2021,Charles Village,SOUTHERN,6,SOUTHERN,714,39.361102,-76.363777,"39.361102, -76.363777"
SR-100355,Open,Phone,Dirty Street,Dirty Street Request,1/2/2023,1/2/2023,1/2/2023,1/2/2023,Pigtown,EASTERN,13,EASTERN,538,39.25211,-76.3053,"39.25211, -76.3053"
SR-100356,In Progress,Phone,Dead Animal,Dead Animal Request,10/27/2022,10/27/2022,10/27/2022,10/27/2022,Brooklyn,EASTERN,11,EASTERN,765,39.343412,-76.494884,"39.343412, -76.494884"
SR-100357,Open,Phone,Rat Rubout,Rat Rubout Request,5/27/2019,5/27/2019,5/27/2019,5/27/2019,Pimlico,CENTRAL,1,CENTRAL,113,39.273203,-76.452149,"39.273203, -76.452149"
SR-100358,Closed,Phone,Dirty Street,Dirty Street Request,12/15/2022,12/15/2022,12/15/2022,12/15/2022,Mount Washington,CENTRAL,2,CENTRAL,554,39.374317,-76.380476,"39.374317, -76.380476"
SR-100359,Closed,Phone,Illegal Dumping,Illegal Dumping Request,11/3/2019,11/3/2019,11/3/2019,11/3/2019,Waverly,NORTHWESTERN,1,NORTHWESTERN,389,39.497413,-76.388016,"39.497413, -76.388016"
SR-100360,Open,Phone,Parking Complaint,Parking Complaint Request,2/26/2020,2/26/2020,2/26/2020,2/26/2020,Brooklyn,NORTHWESTERN,2,NORTHWESTERN,149,39.374206,-76.520607,"39.374206, -76.520607"
SR-100361,In Progress,Phone,Dead Animal,Dead Animal Request,1/3/2022,1/3/2022,1/3/2022,1/3/2022,Upton,SOUTHERN,6,SOUTHERN,290,39.496695,-76.324421,"39.496695, -76.324421"
SR-100362,Open,Phone,Pothole,Pothole Request,3/6/2022,3/6/2022,3/6/2022,3/6/2022,Sandtown-Winchester,NORTHERN,7,NORTHERN,861,39.405973,-76.53788,"39.405973, -76.53788"
SR-100363,Closed,Phone,Dead Animal,Dead Animal Request,7/27/2022,7/27/2022,7/27/2022,7/27/2022,Pigtown,NORTHWESTERN,1,NORTHWESTERN,662,39.235091,-76.571653,"39.235091, -76.571653"
SR-100364,Open,Phone,Graffiti,Graffiti Request,1/3/2019,1/3/2019,1/3/2019,1/3/2019,Belair-Edison,NORTHWESTERN,13,NORTHWESTERN,696,39.407329,-76.563677,"39.407329, -76.563677"
SR-100365,Closed,Phone,Illegal Dumping,Illegal Dumping Request,12/9/2022,12/9/2022,12/9/2022,12/9/2022,Westport,SOUTHERN,11,SOUTHERN,686,39.428723,-76.418883,"39.428723, -76.418883"
SR-100366,In Progress,Phone,Pothole,Pothole Request,2/20/2023,2/20/2023,2/20/2023,2/20/2023,Pimlico,NORTHEASTERN,14,NORTHEASTERN,440,39.201704,-76.350986,"39.201704, -76.350986"
SR-100367,Open,Phone,Abandoned Vehicle,Abandoned Vehicle Request,4/21/2022,4/21/2022,4/21/2022,4/21/2022,Greenmount West,NORTHERN,6,NORTHERN,712,39.440771,-76.300677,"39.440771, -76.300677"
SR-100368,Open,Phone,Abandoned Vehicle,Abandoned Vehicle Request,7/8/2022,7/8/2022,7/8/2022,7/8/2022,Pimlico,NORTHEASTERN,1,NORTHEASTERN,253,39.27912,-76.528058,"39.27912, -76.528058"
SR-100369,Closed,Phone,Pothole,Pothole Request,7/16/2023,7/16/2023,7/16/2023,7/16/2023,Pen Lucy,NORTHWESTERN,7,NORTHWESTERN,122,39.319056,-76.50204,"39.319056, -76.50204"
SR-100370,Open,Phone,Street Light Out,Street Light Out Request,3/7/2023,3/7/2023,3/7/2023,3/7/2023,Cherry Hill,SOUTHERN,11,SOUTHERN,408,39.33209,-76.513735,"39.33209, -76.513735"
SR-100371,Open,Phone,Illegal Dumping,Illegal Dumping Request,8/3/2021,8/3/2021,8/3/2021,8/3/2021,Morrell Park,NORTHEASTERN,8,NORTHEASTERN,798,39.257493,-76.561448,"39.257493, -76.561448"
SR-100372,In Progress,Phone,Illegal Dumping,Illegal Dumping Request,12/26/2022,12/26/2022,12/26/2022,12/26/2022,Irvington,WESTERN,6,WESTERN,639,39.248964,-76.304491,"39.248964, -76.304491"
SR-100373,In Progress,Phone,Dirty Street,Dirty Street Request,12/28/2023,12/28/2023,12/28/2023,12/28/2023,Johnston Square,WESTERN,14,WESTERN,846,39.442164,-76.565396,"39.442164, -76.565396"
SR-100374,Closed,Phone,Illegal Dumping,Illegal Dumping Request,2/16/2020,2/16/2020,2/16/2020,2/16/2020,Berea,NORTHERN,2,NORTHERN,364,39.459731,-76.566002,"39.459731, -76.566002"
SR-100375,Open,Phone,Rat Rubout,Rat Rubout Request,2/6/2021,2/6/2021,2/6/2021,2/6/2021,Cherry Hill,CENTRAL,5,CENTRAL,526,39.293526,-76.490722,"39.293526, -76.490722"
SR-100376,Open,Phone,Graffiti,Graffiti Request,11/7/2019,11/7/2019,11/7/2019,11/7/2019,Johnston Square,NORTHWESTERN,14,NORTHWESTERN,831,39.476927,-76.459011,"39.476927, -76.459011"
SR-100377,Open,Phone,Parking Complaint,Parking Complaint Request,1/22/2023,1/22/2023,1/22/2023,1/22/2023,Pigtown,NORTHEASTERN,6,NORTHEASTERN,770,39.379133,-76.50692,"39.379133, -76.50692"
SR-100378,Closed,Phone,Dead Animal,Dead Animal Request,8/24/2021,8/24/2021,8/24/2021,8/24/2021,Harlem Park,WESTERN,11,WESTERN,192,39.27625,-76.332166,"39.27625, -76.332166"
SR-100379,Closed,Phone,Parking Complaint,Parking Complaint Request,2/15/2022,2/15/2022,2/15/2022,2/15/2022,Hampden,EASTERN,1,EASTERN,216,39.23128,-76.404925,"39.23128, -76.404925"
SR-100380,In Progress,Phone,Dead Animal,Dead Animal Request,8/7/2020,8/7/2020,8/7/2020,8/7/2020,Druid Heights,CENTRAL,9,CENTRAL,746,39.457126,-76.4006,"39.457126, -76.4006"
SR-100381,Closed,Phone,Dead Animal,Dead Animal Request,8/6/2019,8/6/2019,8/6/2019,8/6/2019,Homeland,CENTRAL,7,CENTRAL,466,39.489443,-76.458961,"39.489443, -76.458961"
SR-100382,Closed,Phone,Dirty Street,Dirty Street Request,1/1/2021,1/1/2021,1/1/2021,1/1/2021,Homeland,EASTERN,11,EASTERN,853,39.219148,-76.367622,"39.219148, -76.367622"
SR-100383,Open,Phone,Pothole,Pothole Request,3/25/2021,3/25/2021,3/25/2021,3/25/2021,Hampden,SOUTHERN,9,SOUTHERN,252,39.412882,-76.338055,"39.412882, -76.338055"
SR-100384,Open,Phone,Dead Animal,Dead Animal Request,2/14/2019,2/14/2019,2/14/2019,2/14/2019,Mount Washington,SOUTHERN,5,SOUTHERN,776,39.28137,-76.39345,"39.28137, -76.39345"
SR-100385,Open,Phone,Illegal Dumping,Illegal Dumping Request,2/9/2019,2/9/2019,2/9/2019,2/9/2019,Pen Lucy,NORTHERN,7,NORTHERN,247,39.463295,-76.402337,"39.463295, -76.402337"
SR-100386,Closed,Phone,Pothole,Pothole Request,3/5/2023,3/5/2023,3/5/2023,3/5/2023,Pigtown,NORTHERN,5,NORTHERN,229,39.393266,-76.331633,"39.393266, -76.331633"
SR-100387,Open,Phone,Parking Complaint,Parking Complaint Request,7/17/2019,7/17/2019,7/17/2019,7/17/2019,Guilford,NORTHEASTERN,10,NORTHEASTERN,456,39.216444,-76.444444,"39.216444, -76.444444"
SR-100388,Closed,Phone,Vacant Building,Vacant Building Request,10/5/2021,10/5/2021,10/5/2021,10/5/2021,Druid Heights,CENTRAL,6,CENTRAL,250,39.475805,-76.473229,"39.475805, -76.473229"
SR-100389,Open,Phone,Illegal Dumping,Illegal Dumping Request,5/14/2022,5/14/2022,5/14/2022,5/14/2022,Upton,NORTHERN,2,NORTHERN,543,39.256497,-76.32237,"39.256497, -76.32237"
SR-100390,Open,Phone,Pothole,Pothole Request,10/26/2021,10/26/2021,10/26/2021,10/26/2021,Charles Village,NORTHERN,11,NORTHERN,394,39.329044,-76.366262,"39.329044, -76.366262"
SR-100391,Closed,Phone,Dead Animal,Dead Animal Request,8/21/2020,8/21/2020,8/21/2020,8/21/2020,Druid Heights,NORTHEASTERN,7,NORTHEASTERN,860,39.392558,-76.51282,"39.392558, -76.51282"
SR-100392,In Progress,Phone,Pothole,Pothole Request,11/4/2020,11/4/2020,11/4/2020,11/4/2020,Roland Park,NORTHERN,14,NORTHERN,800,39.483944,-76.437003,"39.483944, -76.437003"
SR-100393,In Progress,Phone,Illegal Dumping,Illegal Dumping Request,9/14/2022,9/14/2022,9/14/2022,9/14/2022,Harlem Park,CENTRAL,2,CENTRAL,670,39.335861,-76.487278,"39.335861, -76.487278"
SR-100394,Open,Phone,Graffiti,Graffiti Request,4/1/2023,4/1/2023,4/1/2023,4/1/2023,Waverly,NORTHERN,14,NORTHERN,384,39.40865,-76.503187,"39.40865, -76.503187"
SR-100395,Open,Phone,Dead Animal,Dead Animal Request,5/27/2022,5/27/2022,5/27/2022,5/27/2022,Clifton Park,SOUTHERN,6,SOUTHERN,770,39.271435,-76.38936,"39.271435, -76.38936"
SR-100396,Open,Phone,Dirty Street,Dirty Street Request,8/8/2023,8/8/2023,8/8/2023,8/8/2023,Homeland,CENTRAL,7,CENTRAL,614,39.343345,-76.571866,"39.343345, -76.571866"
SR-100397,Closed,Phone,Graffiti,Graffiti Request,6/27/2020,6/27/2020,6/27/2020,6/27/2020,Charles Village,SOUTHERN,8,SOUTHERN,427,39.399728,-76.34748,"39.399728, -76.34748"
SR-100398,Open,Phone,Pothole,Pothole Request,10/7/2019,10/7/2019,10/7/2019,10/7/2019,Harlem Park,SOUTHERN,9,SOUTHERN,435,39.224782,-76.37571,"39.224782, -76.37571"
SR-100399,Open,Phone,Vacant Building,Vacant Building Request,10/23/2023,10/23/2023,10/23/2023,10/23/2023,Irvington,EASTERN,6,EASTERN,273,39.393279,-76.378675,"39.393279, -76.378675"
SR-100400,In Progress,Phone,Illegal Dumping,Illegal Dumping Request,12/26/2021,12/26/2021,12/26/2021,12/26/2021,Morrell Park,NORTHEASTERN,10,NORTHEASTERN,256,39.209753,-76.49497,"39.209753, -76.49497"
SR-100401,In Progress,Phone,Abandoned Vehicle,Abandoned Vehicle Request,5/15/2023,5/15/2023,5/15/2023,5/15/2023,Middle East,NORTHEASTERN,7,NORTHEASTERN,310,39.317171,-76.448402,"39.317171, -76.448402"
SR-100402,Open,Phone,Graffiti,Graffiti Request,11/6/2023,11/6/2023,11/6/2023,11/6/2023,Guilford,WESTERN,2,WESTERN,711,39.327806,-76.409366,"39.327806, -76.409366"
SR-100403,In Progress,Phone,Parking Complaint,Parking Complaint Request,1/26/2021,1/26/2021,1/26/2021,1/26/2021,Pimlico,NORTHERN,11,NORTHERN,726,39.253251,-76.45361,"39.253251, -76.45361"
SR-100404,In Progress,Phone,Pothole,Pothole Request,12/24/2023,12/24/2023,12/24/2023,12/24/2023,Sandtown-Winchester,WESTERN,2,WESTERN,880,39.318126,-76.360282,"39.318126, -76.360282"
SR-100405,Open,Phone,Dirty Street,Dirty Street Request,8/19/2019,8/19/2019,8/19/2019,8/19/2019,Druid Heights,NORTHWESTERN,13,NORTHWESTERN,264,39.241863,-76.433677,"39.241863, -76.433677"
SR-100406,Open,Phone,Street Light Out,Street Light Out Request,3/11/2019,3/11/2019,3/11/2019,3/11/2019,Brooklyn,NORTHWESTERN,14,NORTHWESTERN,806,39.349511,-76.496135,"39.349511, -76.496135"
SR-100407,Open,Phone,Parking Complaint,Parking Complaint Request,9/28/2020,9/28/2020,9/28/2020,9/28/2020,Pen Lucy,NORTHERN,8,NORTHERN,816,39.236986,-76.547541,"39.236986, -76.547541"
SR-100408,Closed,Phone,Street Light Out,Street Light Out Request,4/9/2019,4/9/2019,4/9/2019,4/9/2019,Druid Heights,SOUTHERN,3,SOUTHERN,306,39.395813,-76.451631,"39.395813, -76.451631"
SR-100409,Open,Phone,Vacant Building,Vacant Building Request,4/23/2022,4/23/2022,4/23/2022,4/23/2022,Park Heights,CENTRAL,11,CENTRAL,416,39.253969,-76.364692,"39.253969, -76.364692"
SR-100410,Closed,Phone,Pothole,Pothole Request,10/9/2019,10/9/2019,10/9/2019,10/9/2019,Guilford,NORTHWESTERN,8,NORTHWESTERN,367,39.331786,-76.528462,"39.331786, -76.528462"
SR-100411,In Progress,Phone,Dirty Street,Dirty Street Request,8/3/2023,8/3/2023,8/3/2023,8/3/2023,Druid Heights,SOUTHERN,14,SOUTHERN,778,39.286247,-76.497286,"39.286247, -76.497286"
SR-100412,Open,Phone,Dead Animal,Dead Animal Request,11/28/2020,11/28/2020,11/28/2020,11/28/2020,Park Heights,WESTERN,13,WESTERN,102,39.485697,-76.328856,"39.485697, -76.328856"
SR-100413,In Progress,Phone,Rat Rubout,Rat Rubout Request,6/12/2023,6/12/2023,6/12/2023,6/12/2023,Mount Washington,NORTHERN,12,NORTHERN,721,39.347509,-76.417661,"39.347509, -76.417661"
SR-100414,Closed,Phone,Street Light Out,Street Light Out Request,11/26/2021,11/26/2021,11/26/2021,11/26/2021,Curtis Bay,EASTERN,8,EASTERN,252,39.263257,-76.424509,"39.263257, -76.424509"
SR-100415,Closed,Phone,Abandoned Vehicle,Abandoned Vehicle Request,7/22/2019,7/22/2019,7/22/2019,7/22/2019,Curtis Bay,WESTERN,6,WESTERN,206,39.374899,-76.57448,"39.374899, -76.57448"
SR-100416,Closed,Phone,Pothole,Pothole Request,4/21/2019,4/21/2019,4/21/2019,4/21/2019,Druid Heights,CENTRAL,4,CENTRAL,481,39.232071,-76.457373,"39.232071, -76.457373"
SR-100417,Open,Phone,Parking Complaint,Parking Complaint Request,3/28/2019,3/28/2019,3/28/2019,3/28/2019,Charles Village,CENTRAL,9,CENTRAL,894,39.492304,-76.516324,"39.492304, -76.516324"
SR-100418,Closed,Phone,Abandoned Vehicle,Abandoned Vehicle Request,3/7/2019,3/7/2019,3/7/2019,3/7/2019,Homeland,SOUTHERN,1,SOUTHERN,671,39.254408,-76.343169,"39.254408, -76.343169"
SR-100419,Open,Phone,Street Light Out,Street Light Out Request,9/25/2020,9/25/2020,9/25/2020,9/25/2020,Oliver,NORTHERN,13,NORTHERN,836,39.21777,-76.369559,"39.21777, -76.369559"
SR-100420,Closed,Phone,Dead Animal,Dead Animal Request,10/27/2020,10/27/2020,10/27/2020,10/27/2020,Morrell Park,SOUTHERN,6,SOUTHERN,675,39.344011,-76.304806,"39.344011, -76.304806"
SR-100421,In Progress,Phone,Abandoned Vehicle,Abandoned Vehicle Request,4/16/2023,4/16/2023,4/16/2023,4/16/2023,Roland Park,EASTERN,2,EASTERN,534,39.237168,-76.315041,"39.237168, -76.315041"
SR-100422,Open,Phone,Pothole,Pothole Request,3/5/2023,3/5/2023,3/5/2023,3/5/2023,Homeland,CENTRAL,13,CENTRAL,710,39.354759,-76.414819,"39.354759, -76.414819"
SR-100423,In Progress,Phone,Dead Animal,Dead Animal Request,6/4/2019,6/4/2019,6/4/2019,6/4/2019,Brooklyn,EASTERN,9,EASTERN,408,39.222354,-76.465258,"39.222354, -76.465258"
SR-100424,Closed,Phone,Rat Rubout,Rat Rubout Request,9/18/2023,9/18/2023,9/18/2023,9/18/2023,Pigtown,CENTRAL,5,CENTRAL,765,39.200934,-76.466721,"39.200934, -76.466721"
SR-100425,Closed,Phone,Dead Animal,Dead Animal Request,9/4/2020,9/4/2020,9/4/2020,9/4/2020,Johnston Square,CENTRAL,11,CENTRAL,356,39.437891,-76.466384,"39.437891, -76.466384"
SR-100426,Open,Phone,Illegal Dumping,Illegal Dumping Request,3/10/2022,3/10/2022,3/10/2022,3/10/2022,Morrell Park,SOUTHERN,8,SOUTHERN,115,39.292576,-76.468114,"39.292576, -76.468114"
SR-100427,In Progress,Phone,Rat Rubout,Rat Rubout Request,6/11/2020,6/11/2020,6/11/2020,6/11/2020,Sandtown-Winchester,SOUTHERN,5,SOUTHERN,665,39.355635,-76.343783,"39.355635, -76.343783"
SR-100428,In Progress,Phone,Rat Rubout,Rat Rubout Request,9/1/2019,9/1/2019,9/1/2019,9/1/2019,Guilford,NORTHEASTERN,12,NORTHEASTERN,337,39.443338,-76.430605,"39.443338, -76.430605"
SR-100429,In Progress,Phone,Vacant Building,Vacant Building Request,3/24/2019,3/24/2019,3/24/2019,3/24/2019,Middle East,SOUTHERN,9,SOUTHERN,882,39.347646,-76.422532,"39.347646, -76.422532"
SR-100430,Open,Phone,Dead Animal,Dead Animal Request,8/24/2023,8/24/2023,8/24/2023,8/24/2023,Cherry Hill,SOUTHERN,7,SOUTHERN,888,39.339349,-76.302369,"39.339349, -76.302369"
SR-100431,In Progress,Phone,Pothole,Pothole Request,4/7/2021,4/7/2021,4/7/2021,4/7/2021,Westport,NORTHEASTERN,7,NORTHEASTERN,526,39.333874,-76.595159,"39.333874, -76.595159"
SR-100432,In Progress,Phone,Parking Complaint,Parking Complaint Request,11/22/2019,11/22/2019,11/22/2019,11/22/2019,Eastwood,EASTERN,2,EASTERN,202,39.263949,-76.328374,"39.263949, -76.328374"
SR-100433,In Progress,Phone,Graffiti,Graffiti Request,12/14/2019,12/14/2019,12/14/2019,12/14/2019,Morrell Park,NORTHERN,10,NORTHERN,440,39.49967,-76.303237,"39.49967, -76.303237"
SR-100434,Closed,Phone,Street Light Out,Street Light Out Request,1/20/2020,1/20/2020,1/20/2020,1/20/2020,Park Heights,CENTRAL,4,CENTRAL,361,39.261668,-76.565773,"39.261668, -76.565773"
SR-100435,In Progress,Phone,Graffiti,Graffiti Request,8/16/2020,8/16/2020,8/16/2020,8/16/2020,Eastwood,NORTHEASTERN,4,NORTHEASTERN,597,39.491759,-76.597474,"39.491759, -76.597474"
SR-100436,Closed,Phone,Rat Rubout,Rat Rubout Request,1/14/2020,1/14/2020,1/14/2020,1/14/2020,Morrell Park,CENTRAL,1,CENTRAL,393,39.374213,-76.336264,"39.374213, -76.336264"
SR-100437,Open,Phone,Abandoned Vehicle,Abandoned Vehicle Request,3/2/2023,3/2/2023,3/2/2023,3/2/2023,Hampden,SOUTHERN,14,SOUTHERN,376,39.441935,-76.482654,"39.441935, -76.482654"
SR-100438,Open,Phone,Rat Rubout,Rat Rubout Request,3/10/2021,3/10/2021,3/10/2021,3/10/2021,Johnston Square,CENTRAL,3,CENTRAL,468,39.281005,-76.456545,"39.281005, -76.456545"
SR-100439,Open,Phone,Illegal Dumping,Illegal Dumping Request,1/25/2021,1/25/2021,1/25/2021,1/25/2021,Roland Park,NORTHERN,10,NORTHERN,124,39.450343,-76.42734,"39.450343, -76.42734"
SR-100440,Open,Phone,Dirty Street,Dirty Street Request,7/26/2020,7/26/2020,7/26/2020,7/26/2020,Park Heights,CENTRAL,14,CENTRAL,561,39.390721,-76.561184,"39.390721, -76.561184"
SR-100441,Open,Phone,Rat Rubout,Rat Rubout Request,10/12/2019,10/12/2019,10/12/2019,10/12/2019,Cherry Hill,CENTRAL,1,CENTRAL,339,39.443811,-76.309092,"39.443811, -76.309092"
SR-100442,Closed,Phone,Dirty Street,Dirty Street Request,1/18/2021,1/18/2021,1/18/2021,1/18/2021,Park Heights,CENTRAL,14,CENTRAL,524,39.381347,-76.359332,"39.381347, -76.359332"
SR-100443,Open,Phone,Illegal Dumping,Illegal Dumping Request,5/11/2021,5/11/2021,5/11/2021,5/11/2021,Berea,NORTHERN,12,NORTHERN,813,39.485439,-76.465991,"39.485439, -76.465991"
SR-100444,Open,Phone,Vacant Building,Vacant Building Request,12/15/2019,12/15/2019,12/15/2019,12/15/2019,Guilford,WESTERN,6,WESTERN,366,39.498816,-76.589915,"39.498816, -76.589915"
SR-100445,In Progress,Phone,Illegal Dumping,Illegal Dumping Request,2/12/2021,2/12/2021,2/12/2021,2/12/2021,Harlem Park,CENTRAL,5,CENTRAL,109,39.325948,-76.360731,"39.325948, -76.360731"
SR-100446,In Progress,Phone,Parking Complaint,Parking Complaint Request,1/4/2020,1/4/2020,1/4/2020,1/4/2020,Morrell Park,NORTHERN,10,NORTHERN,853,39.393797,-76.360332,"39.393797, -76.360332"
SR-100447,Closed,Phone,Dead Animal,Dead Animal Request,1/1/2020,1/1/2020,1/1/2020,1/1/2020,Irvington,CENTRAL,2,CENTRAL,410,39.465279,-76.340771,"39.465279, -76.340771"
SR-100448,In Progress,Phone,Pothole,Pothole Request,12/21/2021,12/21/2021,12/21/2021,12/21/2021,Mount Washington,NORTHEASTERN,10,NORTHEASTERN,173,39.31628,-76.456373,"39.31628, -76.456373"
SR-100449,Open,Phone,Rat Rubout,Rat Rubout Request,7/12/2021,7/12/2021,7/12/2021,7/12/2021,Homeland,SOUTHERN,1,SOUTHERN,141,39.277215,-76.307118,"39.277215, -76.307118"
SR-100450,In Progress,Phone,Parking Complaint,Parking Complaint Request,1/10/2019,1/10/2019,1/10/2019,1/10/2019,Roland Park,SOUTHERN,10,SOUTHERN,573,39.276461,-76.492364,"39.276461, -76.492364"
SR-100451,In Progress,Phone,Street Light Out,Street Light Out Request,5/24/2020,5/24/2020,5/24/2020,5/24/2020,Govans,WESTERN,1,WESTERN,388,39.305302,-76.491616,"39.305302, -76.491616"
SR-100452,Open,Phone,Parking Complaint,Parking Complaint Request,10/5/2023,10/5/2023,10/5/2023,10/5/2023,Roland Park,WESTERN,7,WESTERN,161,39.3275,-76.505123,"39.3275, -76.505123"
SR-100453,Open,Phone,Dirty Street,Dirty Street Request,1/23/2023,1/23/2023,1/23/2023,1/23/2023,Upton,NORTHWESTERN,9,NORTHWESTERN,214,39.29942,-76.576264,"39.29942, -76.576264"
SR-100454,Closed,Phone,Illegal Dumping,Illegal Dumping Request,7/12/2019,7/12/2019,7/12/2019,7/12/2019,Cherry Hill,CENTRAL,6,CENTRAL,679,39.217963,-76.397489,"39.217963, -76.397489"
SR-100455,Closed,Phone,Illegal Dumping,Illegal Dumping Request,5/8/2019,5/8/2019,5/8/2019,5/8/2019,Park Heights,WESTERN,14,WESTERN,172,39.482025,-76.468242,"39.482025, -76.468242"
SR-100456,Open,Phone,Vacant Building,Vacant Building Request,2/21/2021,2/21/2021,2/21/2021,2/21/2021,Charles Village,EASTERN,14,EASTERN,884,39.344308,-76.358814,"39.344308, -76.358814"
SR-100457,Closed,Phone,Pothole,Pothole Request,4/27/2022,4/27/2022,4/27/2022,4/27/2022,Guilford,CENTRAL,13,CENTRAL,260,39.407234,-76.332186,"39.407234, -76.332186"
SR-100458,Open,Phone,Street Light Out,Street Light Out Request,10/15/2019,10/15/2019,10/15/2019,10/15/2019,Pen Lucy,NORTHWESTERN,7,NORTHWESTERN,202,39.217373,-76.491334,"39.217373, -76.491334"
SR-100459,Open,Phone,Dirty Street,Dirty Street Request,5/9/2021,5/9/2021,5/9/2021,5/9/2021,Greenmount West,WESTERN,11,WESTERN,617,39.325826,-76.490358,"39.325826, -76.490358"
SR-100460,Open,Phone,Graffiti,Graffiti Request,5/22/2020,5/22/2020,5/22/2020,5/22/2020,Irvington,NORTHERN,3,NORTHERN,620,39.482442,-76.437327,"39.482442, -76.437327"
SR-100461,Closed,Phone,Street Light Out,Street Light Out Request,2/28/2019,2/28/2019,2/28/2019,2/28/2019,Roland Park,NORTHERN,12,NORTHERN,799,39.389815,-76.518443,"39.389815, -76.518443"
SR-100462,In Progress,Phone,Abandoned Vehicle,Abandoned Vehicle Request,12/20/2022,12/20/2022,12/20/2022,12/20/2022,Eastwood,SOUTHERN,12,SOUTHERN,432,39.434342,-76.462732,"39.434342, -76.462732"
SR-100463,In Progress,Phone,Vacant Building,Vacant Building Request,5/17/2021,5/17/2021,5/17/2021,5/17/2021,Morrell Park,NORTHEASTERN,11,NORTHEASTERN,416,39.206005,-76.59851,"39.206005, -76.59851"
SR-100464,Closed,Phone,Dirty Street,Dirty Street Request,5/13/2023,5/13/2023,5/13/2023,5/13/2023,Govans,SOUTHERN,9,SOUTHERN,859,39.2464,-76.375367,"39.2464, -76.375367"
SR-100465,Closed,Phone,Street Light Out,Street Light Out Request,8/18/2023,8/18/2023,8/18/2023,8/18/2023,Homeland,NORTHERN,11,NORTHERN,753,39.425583,-76.456474,"39.425583, -76.456474"
SR-100466,Open,Phone,Dirty Street,Dirty Street Request,7/26/2022,7/26/2022,7/26/2022,7/26/2022,Eastwood,NORTHERN,9,NORTHERN,146,39.341006,-76.538267,"39.341006, -76.538267"
SR-100467,Closed,Phone,Dirty Street,Dirty Street Request,3/12/2021,3/12/2021,3/12/2021,3/12/2021,Park Heights,NORTHWESTERN,2,NORTHWESTERN,533,39.229885,-76.438594,"39.229885, -76.438594"
SR-100468,Open,Phone,Street Light Out,Street Light Out Request,10/15/2023,10/15/2023,10/15/2023,10/15/2023,Belair-Edison,NORTHERN,7,NORTHERN,810,39.330565,-76.462681,"39.330565, -76.462681"
SR-100469,Closed,Phone,Dirty Street,Dirty Street Request,12/20/2019,12/20/2019,12/20/2019,12/20/2019,Govans,NORTHERN,6,NORTHERN,267,39.236147,-76.543082,"39.236147, -76.543082"
SR-100470,In Progress,Phone,Dirty Street,Dirty Street Request,3/11/2021,3/11/2021,3/11/2021,3/11/2021,Govans,NORTHERN,14,NORTHERN,693,39.263178,-76.465503,"39.263178, -76.465503"
SR-100471,Open,Phone,Parking Complaint,Parking Complaint Request,9/26/2019,9/26/2019,9/26/2019,9/26/2019,Oliver,NORTHERN,10,NORTHERN,219,39.425607,-76.46575,"39.425607, -76.46575"
SR-100472,In Progress,Phone,Dead Animal,Dead Animal Request,11/14/2021,11/14/2021,11/14/2021,11/14/2021,Sandtown-Winchester,CENTRAL,11,CENTRAL,787,39.438951,-76.379894,"39.438951, -76.379894"
SR-100473,Open,Phone,Vacant Building,Vacant Building Request,1/22/2022,1/22/2022,1/22/2022,1/22/2022,Homeland,EASTERN,8,EASTERN,213,39.435529,-76.456759,"39.435529, -76.456759"
SR-100474,Open,Phone,Pothole,Pothole Request,8/28/2021,8/28/2021,8/28/2021,8/28/2021,Pigtown,NORTHEASTERN,12,NORTHEASTERN,118,39.240431,-76.490443,"39.240431, -76.490443"
SR-100475,Open,Phone,Dirty Street,Dirty Street Request,6/10/2021,6/10/2021,6/10/2021,6/10/2021,Pen Lucy,NORTHEASTERN,13,NORTHEASTERN,735,39.284652,-76.40803,"39.284652, -76.40803"
SR-100476,Open,Phone,Abandoned Vehicle,Abandoned Vehicle Request,6/15/2023,6/15/2023,6/15/2023,6/15/2023,Pen Lucy,WESTERN,4,WESTERN,602,39.311061,-76.301992,"39.311061, -76.301992"
SR-100477,Open,Phone,Illegal Dumping,Illegal Dumping Request,5/12/2023,5/12/2023,5/12/2023,5/12/2023,Pigtown,SOUTHERN,7,SOUTHERN,870,39.412856,-76.403651,"39.412856, -76.403651"
SR-100478,Open,Phone,Vacant Building,Vacant Building Request,4/27/2020,4/27/2020,4/27/2020,4/27/2020,Eastwood,EASTERN,6,EASTERN,127,39.491468,-76.599033,"39.491468, -76.599033"
SR-100479,Open,Phone,Abandoned Vehicle,Abandoned Vehicle Request,1/22/2020,1/22/2020,1/22/2020,1/22/2020,Morrell Park,SOUTHERN,3,SOUTHERN,640,39.341126,-76.379881,"39.341126, -76.379881"
SR-100480,In Progress,Phone,Illegal Dumping,Illegal Dumping Request,8/13/2020,8/13/2020,8/13/2020,8/13/2020,Clifton Park,CENTRAL,8,CENTRAL,161,39.401675,-76.33578,"39.401675, -76.33578"
SR-100481,Closed,Phone,Parking Complaint,Parking Complaint Request,5/27/2023,5/27/2023,5/27/2023,5/27/2023,Pen Lucy,WESTERN,7,WESTERN,533,39.445072,-76.593145,"39.445072, -76.593145"
SR-100482,In Progress,Phone,Abandoned Vehicle,Abandoned Vehicle Request,1/26/2023,1/26/2023,1/26/2023,1/26/2023,Waverly,WESTERN,5,WESTERN,370,39.43336,-76.469446,"39.43336, -76.469446"
SR-100483,In Progress,Phone,Illegal Dumping,Illegal Dumping Request,5/7/2023,5/7/2023,5/7/2023,5/7/2023,Berea,NORTHWESTERN,10,NORTHWESTERN,507,39.213855,-76.311848,"39.213855, -76.311848"
SR-100484,Open,Phone,Street Light Out,Street Light Out Request,6/8/2022,6/8/2022,6/8/2022,6/8/2022,Waverly,NORTHEASTERN,9,NORTHEASTERN,362,39.461201,-76.45989,"39.461201, -76.45989"
SR-100485,Open,Phone,Dirty Street,Dirty Street Request,2/14/2022,2/14/2022,2/14/2022,2/14/2022,Belair-Edison,SOUTHERN,7,SOUTHERN,297,39.498493,-76.424074,"39.498493, -76.424074"
SR-100486,In Progress,Phone,Street Light Out,Street Light Out Request,6/1/2023,6/1/2023,6/1/2023,6/1/2023,Eastwood,EASTERN,3,EASTERN,452,39.440845,-76.497068,"39.440845, -76.497068"
SR-100487,Open,Phone,Parking Complaint,Parking Complaint Request,10/3/2022,10/3/2022,10/3/2022,10/3/2022,Harlem Park,NORTHEASTERN,8,NORTHEASTERN,739,39.383915,-76.440951,"39.383915, -76.440951"
SR-100488,In Progress,Phone,Pothole,Pothole Request,1/16/2020,1/16/2020,1/16/2020,1/16/2020,Middle East,NORTHWESTERN,4,NORTHWESTERN,872,39.20634,-76.581006,"39.20634, -76.581006"
SR-100489,Closed,Phone,Abandoned Vehicle,Abandoned Vehicle Request,12/19/2021,12/19/2021,12/19/2021,12/19/2021,Mount Washington,CENTRAL,5,CENTRAL,337,39.26255,-76.368764,"39.26255, -76.368764"
SR-100490,In Progress,Phone,Abandoned Vehicle,Abandoned Vehicle Request,10/28/2022,10/28/2022,10/28/2022,10/28/2022,Cherry Hill,NORTHERN,5,NORTHERN,200,39.427368,-76.516388,"39.427368, -76.516388"
SR-100491,In Progress,Phone,Dirty Street,Dirty Street Request,12/13/2019,12/13/2019,12/13/2019,12/13/2019,Berea,NORTHEASTERN,10,NORTHEASTERN,220,39.391613,-76.327712,"39.391613, -76.327712"
SR-100492,Open,Phone,Parking Complaint,Parking Complaint Request,10/28/2020,10/28/2020,10/28/2020,10/28/2020,Druid Heights,CENTRAL,2,CENTRAL,209,39.470334,-76.588172,"39.470334, -76.588172"
SR-100493,Closed,Phone,Vacant Building,Vacant Building Request,8/20/2023,8/20/2023,8/20/2023,8/20/2023,Berea,NORTHWESTERN,6,NORTHWESTERN,198,39.330394,-76.492832,"39.330394, -76.492832"
SR-100494,Closed,Phone,Dead Animal,Dead Animal Request,1/26/2020,1/26/2020,1/26/2020,1/26/2020,Upton,CENTRAL,1,CENTRAL,476,39.368865,-76.328221,"39.368865, -76.328221"
SR-100495,In Progress,Phone,Dirty Street,Dirty Street Request,11/14/2022,11/14/2022,11/14/2022,11/14/2022,Irvington,EASTERN,5,EASTERN,293,39.276142,-76.534947,"39.276142, -76.534947"
SR-100496,Open,Phone,Vacant Building,Vacant Building Request,12/16/2020,12/16/2020,12/16/2020,12/16/2020,Berea,CENTRAL,5,CENTRAL,494,39.465984,-76.44103,"39.465984, -76.44103"
SR-100497,In Progress,Phone,Rat Rubout,Rat Rubout Request,4/10/2022,4/10/2022,4/10/2022,4/10/2022,Curtis Bay,EASTERN,12,EASTERN,349,39.388975,-76.502649,"39.388975, -76.502649"
SR-100498,Closed,Phone,Graffiti,Graffiti Request,8/16/2020,8/16/2020,8/16/2020,8/16/2020,Sandtown-Winchester,NORTHERN,14,NORTHERN,176,39.498633,-76.427364,"39.498633, -76.427364"
SR-100499,Open,Phone,Illegal Dumping,Illegal Dumping Request,1/27/2021,1/27/2021,1/27/2021,1/27/2021,Govans,NORTHWESTERN,10,NORTHWESTERN,720,39.25936,-76.472644,"39.25936, -76.472644"
SR-100500,In Progress,Phone,Rat Rubout,Rat Rubout Request,11/25/2021,11/25/2021,11/25/2021,11/25/2021,Belair-Edison,SOUTHERN,7,SOUTHERN,671,39.273824,-76.460244,"39.273824, -76.460244"
SR-100501,In Progress,Phone,Rat Rubout,Rat Rubout Request,10/8/2022,10/8/2022,10/8/2022,10/8/2022,Pen Lucy,EASTERN,14,EASTERN,374,39.463906,-76.44205,"39.463906, -76.44205"
SR-100502,In Progress,Phone,Parking Complaint,Parking Complaint Request,3/28/2019,3/28/2019,3/28/2019,3/28/2019,Mount Washington,WESTERN,8,WESTERN,363,39.332733,-76.448072,"39.332733, -76.448072"
SR-100503,Closed,Phone,Pothole,Pothole Request,7/20/2023,7/20/2023,7/20/2023,7/20/2023,Oliver,NORTHERN,12,NORTHERN,269,39.288369,-76.467066,"39.288369, -76.467066"
SR-100504,Closed,Phone,Vacant Building,Vacant Building Request,7/11/2023,7/11/2023,7/11/2023,7/11/2023,Irvington,EASTERN,4,EASTERN,176,39.2301,-76.504977,"39.2301, -76.504977"
SR-100505,Open,Phone,Pothole,Pothole Request,3/1/2019,3/1/2019,3/1/2019,3/1/2019,Eastwood,WESTERN,1,WESTERN,571,39.279162,-76.38869,"39.279162, -76.38869"
SR-100506,In Progress,Phone,Vacant Building,Vacant Building Request,2/5/2023,2/5/2023,2/5/2023,2/5/2023,Waverly,NORTHEASTERN,8,NORTHEASTERN,157,39.274806,-76.393457,"39.274806, -76.393457"
SR-100507,In Progress,Phone,Graffiti,Graffiti Request,6/15/2022,6/15/2022,6/15/2022,6/15/2022,Hampden,NORTHWESTERN,13,NORTHWESTERN,466,39.287332,-76.481303,"39.287332, -76.481303"
SR-100508,Open,Phone,Dead Animal,Dead Animal Request,10/7/2019,10/7/2019,10/7/2019,10/7/2019,Park Heights,NORTHEASTERN,1,NORTHEASTERN,216,39.470792,-76.401483,"39.470792, -76.401483"
SR-100509,Open,Phone,Street Light Out,Street Light Out Request,5/12/2023,5/12/2023,5/12/2023,5/12/2023,Guilford,SOUTHERN,2,SOUTHERN,324,39.453003,-76.313682,"39.453003, -76.313682"
SR-100510,In Progress,Phone,Graffiti,Graffiti Request,12/23/2019,12/23/2019,12/23/2019,12/23/2019,Oliver,NORTHEASTERN,5,NORTHEASTERN,680,39.49613,-76.392084,"39.49613, -76.392084"
SR-100511,Closed,Phone,Street Light Out,Street Light Out Request,6/14/2022,6/14/2022,6/14/2022,6/14/2022,Brooklyn,NORTHEASTERN,2,NORTHEASTERN,822,39.499678,-76.597956,"39.499678, -76.597956"
SR-100512,Closed,Phone,Dead Animal,Dead Animal Request,4/15/2022,4/15/2022,4/15/2022,4/15/2022,Hampden,CENTRAL,11,CENTRAL,774,39.450145,-76.455678,"39.450145, -76.455678"
SR-100513,Open,Phone,Dirty Street,Dirty Street Request,2/22/2019,2/22/2019,2/22/2019,2/22/2019,Harlem Park,NORTHEASTERN,14,NORTHEASTERN,664,39.251541,-76.553055,"39.251541, -76.553055"
SR-100514,In Progress,Phone,Vacant Building,Vacant Building Request,3/24/2020,3/24/2020,3/24/2020,3/24/2020,Irvington,NORTHERN,2,NORTHERN,313,39.204665,-76.599974,"39.204665, -76.599974"
SR-100515,In Progress,Phone,Dirty Street,Dirty Street Request,5/28/2021,5/28/2021,5/28/2021,5/28/2021,Middle East,EASTERN,3,EASTERN,765,39.327907,-76.479142,"39.327907, -76.479142"
SR-100516,Open,Phone,Rat Rubout,Rat Rubout Request,5/8/2019,5/8/2019,5/8/2019,5/8/2019,Park Heights,NORTHERN,14,NORTHERN,582,39.41656,-76.349638,"39.41656, -76.349638"
SR-100517,Closed,Phone,Pothole,Pothole Request,12/28/2023,12/28/2023,12/28/2023,12/28/2023,Upton,NORTHEASTERN,2,NORTHEASTERN,423,39.487056,-76.498311,"39.487056, -76.498311"
SR-100518,In Progress,Phone,Illegal Dumping,Illegal Dumping Request,12/4/2019,12/4/2019,12/4/2019,12/4/2019,Guilford,NORTHWESTERN,14,NORTHWESTERN,742,39.383374,-76.326606,"39.383374, -76.326606"
SR-100519,In Progress,Phone,Dead Animal,Dead Animal Request,8/13/2020,8/13/2020,8/13/2020,8/13/2020,Greenmount West,NORTHEASTERN,5,NORTHEASTERN,874,39.439651,-76.389165,"39.439651, -76.389165"
SR-100520,Closed,Phone,Illegal Dumping,Illegal Dumping Request,7/14/2023,7/14/2023,7/14/2023,7/14/2023,Oliver,EASTERN,6,EASTERN,485,39.277001,-76.449272,"39.277001, -76.449272"
SR-100521,Open,Phone,Abandoned Vehicle,Abandoned Vehicle Request,6/1/2022,6/1/2022,6/1/2022,6/1/2022,Belair-Edison,SOUTHERN,5,SOUTHERN,875,39.253839,-76.479787,"39.253839, -76.479787"
SR-100522,In Progress,Phone,Rat Rubout,Rat Rubout Request,5/22/2023,5/22/2023,5/22/2023,5/22/2023,Harlem Park,EASTERN,12,EASTERN,878,39.324509,-76.567111,"39.324509, -76.567111"
SR-100523,In Progress,Phone,Abandoned Vehicle,Abandoned Vehicle Request,2/24/2021,2/24/2021,2/24/2021,2/24/2021,Oliver,SOUTHERN,13,SOUTHERN,218,39.349593,-76.4503,"39.349593, -76.4503"
SR-100524,Closed,Phone,Illegal Dumping,Illegal Dumping Request,2/13/2023,2/13/2023,2/13/2023,2/13/2023,Westport,WESTERN,2,WESTERN,681,39.489353,-76.593682,"39.489353, -76.593682"
SR-100525,Closed,Phone,Rat Rubout,Rat Rubout Request,6/16/2021,6/16/2021,6/16/2021,6/16/2021,Oliver,CENTRAL,9,CENTRAL,490,39.251121,-76.452429,"39.251121, -76.452429"
SR-100526,In Progress,Phone,Vacant Building,Vacant Building Request,5/9/2019,5/9/2019,5/9/2019,5/9/2019,Mount Washington,SOUTHERN,5,SOUTHERN,864,39.227423,-76.5103,"39.227423, -76.5103"
SR-100527,Open,Phone,Street Light Out,Street Light Out Request,3/24/2021,3/24/2021,3/24/2021,3/24/2021,Belair-Edison,WESTERN,9,WESTERN,162,39.437292,-76.594365,"39.437292, -76.594365"
SR-100528,Closed,Phone,Dead Animal,Dead Animal Request,2/11/2019,2/11/2019,2/11/2019,2/11/2019,Pen Lucy,SOUTHERN,7,SOUTHERN,889,39.331476,-76.446461,"39.331476, -76.446461"
SR-100529,In Progress,Phone,Street Light Out,Street Light Out Request,9/9/2022,9/9/2022,9/9/2022,9/9/2022,Roland Park,NORTHWESTERN,2,NORTHWESTERN,520,39.2129,-76.557106,"39.2129, -76.557106"
SR-100530,Closed,Phone,Pothole,Pothole Request,2/10/2023,2/10/2023,2/10/2023,2/10/2023,Guilford,WESTERN,9,WESTERN,180,39.333586,-76.485354,"39.333586, -76.485354"
SR-100531,In Progress,Phone,Graffiti,Graffiti Request,1/14/2019,1/14/2019,1/14/2019,1/14/2019,Johnston Square,CENTRAL,6,CENTRAL,690,39.470502,-76.534011,"39.470502, -76.534011"
SR-100532,In Progress,Phone,Street Light Out,Street Light Out Request,10/24/2020,10/24/2020,10/24/2020,10/24/2020,Oliver,NORTHWESTERN,11,NORTHWESTERN,148,39.31743,-76.37884,"39.31743, -76.37884"
SR-100533,Closed,Phone,Illegal Dumping,Illegal Dumping Request,8/26/2019,8/26/2019,8/26/2019,8/26/2019,Park Heights,SOUTHERN,7,SOUTHERN,114,39.211328,-76.36104,"39.211328, -76.36104"
SR-100534,Closed,Phone,Rat Rubout,Rat Rubout Request,6/25/2022,6/25/2022,6/25/2022,6/25/2022,Upton,CENTRAL,8,CENTRAL,584,39.464173,-76.598367,"39.464173, -76.598367"
SR-100535,Open,Phone,Illegal Dumping,Illegal Dumping Request,9/10/2020,9/10/2020,9/10/2020,9/10/2020,Berea,SOUTHERN,11,SOUTHERN,538,39.336966,-76.569206,"39.336966, -76.569206"
SR-100536,Open,Phone,Street Light Out,Street Light Out Request,1/14/2022,1/14/2022,1/14/2022,1/14/2022,Hampden,EASTERN,12,EASTERN,263,39.239368,-76.572298,"39.239368, -76.572298"
SR-100537,Closed,Phone,Vacant Building,Vacant Building Request,9/25/2020,9/25/2020,9/25/2020,9/25/2020,Waverly,NORTHERN,4,NORTHERN,110,39.375858,-76.564804,"39.375858, -76.564804"
SR-100538,Closed,Phone,Street Light Out,Street Light Out Request,2/12/2020,2/12/2020,2/12/2020,2/12/2020,Clifton Park,WESTERN,10,WESTERN,596,39.485616,-76.376403,"39.485616, -76.376403"
SR-100539,Open,Phone,Vacant Building,Vacant Building Request,7/27/2020,7/27/2020,7/27/2020,7/27/2020,Berea,NORTHWESTERN,9,NORTHWESTERN,794,39.435544,-76.583684,"39.435544, -76.583684"
SR-100540,Closed,Phone,Illegal Dumping,Illegal Dumping Request,11/25/2020,11/25/2020,11/25/2020,11/25/2020,Morrell Park,NORTHEASTERN,13,NORTHEASTERN,393,39.377903,-76.357477,"39.377903, -76.357477"
SR-100541,In Progress,Phone,Rat Rubout,Rat Rubout Request,10/24/2022,10/24/2022,10/24/2022,10/24/2022,Pen Lucy,EASTERN,13,EASTERN,269,39.208777,-76.54709,"39.208777, -76.54709"
SR-100542,In Progress,Phone,Dead Animal,Dead Animal Request,3/2/2022,3/2/2022,3/2/2022,3/2/2022,Park Heights,NORTHERN,14,NORTHERN,672,39.324482,-76.377104,"39.324482, -76.377104"
SR-100543,In Progress,Phone,Pothole,Pothole Request,6/16/2020,6/16/2020,6/16/2020,6/16/2020,Berea,NORTHEASTERN,14,NORTHEASTERN,764,39.437638,-76.345029,"39.437638, -76.345029"
SR-100544,Open,Phone,Dead Animal,Dead Animal Request,12/21/2019,12/21/2019,12/21/2019,12/21/2019,Cherry Hill,CENTRAL,6,CENTRAL,445,39.337304,-76.532055,"39.337304, -76.532055"
SR-100545,Closed,Phone,Parking Complaint,Parking Complaint Request,2/11/2023,2/11/2023,2/11/2023,2/11/2023,Irvington,SOUTHERN,2,SOUTHERN,546,39.331433,-76.486365,"39.331433, -76.486365"
SR-100546,Open,Phone,Rat Rubout,Rat Rubout Request,10/13/2020,10/13/2020,10/13/2020,10/13/2020,Pen Lucy,EASTERN,12,EASTERN,297,39.457896,-76.322892,"39.457896, -76.322892"
SR-100547,Open,Phone,Dead Animal,Dead Animal Request,3/25/2019,3/25/2019,3/25/2019,3/25/2019,Govans,NORTHERN,8,NORTHERN,292,39.494245,-76.487285,"39.494245, -76.487285"
SR-100548,Closed,Phone,Illegal Dumping,Illegal Dumping Request,10/5/2019,10/5/2019,10/5/2019,10/5/2019,Hampden,NORTHWESTERN,13,NORTHWESTERN,662,39.461928,-76.492124,"39.461928, -76.492124"
SR-100549,Closed,Phone,Dirty Street,Dirty Street Request,10/9/2022,10/9/2022,10/9/2022,10/9/2022,Hampden,NORTHEASTERN,8,NORTHEASTERN,309,39.331758,-76.359773,"39.331758, -76.359773"
SR-100550,In Progress,Phone,Dead Animal,Dead Animal Request,8/4/2023,8/4/2023,8/4/2023,8/4/2023,Homeland,CENTRAL,2,CENTRAL,872,39.3908,-76.513748,"39.3908, -76.513748"
SR-100551,Open,Phone,Rat Rubout,Rat Rubout Request,7/13/2019,7/13/2019,7/13/2019,7/13/2019,Harlem Park,NORTHEASTERN,4,NORTHEASTERN,828,39.287862,-76.513841,"39.287862, -76.513841"
SR-100552,Closed,Phone,Vacant Building,Vacant Building Request,4/1/2023,4/1/2023,4/1/2023,4/1/2023,Charles Village,NORTHERN,13,NORTHERN,420,39.329179,-76.532456,"39.329179, -76.532456"
SR-100553,In Progress,Phone,Dirty Street,Dirty Street Request,1/23/2022,1/23/2022,1/23/2022,1/23/2022,Homeland,CENTRAL,8,CENTRAL,139,39.408894,-76.314481,"39.408894, -76.314481"
SR-100554,Open,Phone,Illegal Dumping,Illegal Dumping Request,11/8/2023,11/8/2023,11/8/2023,11/8/2023,Govans,SOUTHERN,5,SOUTHERN,578,39.387146,-76.598406,"39.387146, -76.598406"
SR-100555,Open,Phone,Rat Rubout,Rat Rubout Request,11/27/2019,11/27/2019,11/27/2019,11/27/2019,Roland Park,WESTERN,8,WESTERN,115,39.446431,-76.582694,"39.446431, -76.582694"
SR-100556,Closed,Phone,Street Light Out,Street Light Out Request,10/1/2023,10/1/2023,10/1/2023,10/1/2023,Belair-Edison,EASTERN,4,EASTERN,104,39.327636,-76.489501,"39.327636, -76.489501"
SR-100557,Closed,Phone,Graffiti,Graffiti Request,6/21/2019,6/21/2019,6/21/2019,6/21/2019,Eastwood,NORTHERN,6,NORTHERN,602,39.468507,-76.436374,"39.468507, -76.436374"
SR-100558,In Progress,Phone,Pothole,Pothole Request,4/18/2022,4/18/2022,4/18/2022,4/18/2022,Park Heights,SOUTHERN,5,SOUTHERN,124,39.362582,-76.546015,"39.362582, -76.546015"
SR-100559,Open,Phone,Pothole,Pothole Request,3/17/2023,3/17/2023,3/17/2023,3/17/2023,Govans,NORTHWESTERN,4,NORTHWESTERN,288,39.333324,-76.496658,"39.333324, -76.496658"
SR-100560,Closed,Phone,Illegal Dumping,Illegal Dumping Request,9/12/2020,9/12/2020,9/12/2020,9/12/2020,Sandtown-Winchester,SOUTHERN,2,SOUTHERN,293,39.452664,-76.330491,"39.452664, -76.330491"
SR-100561,Closed,Phone,Street Light Out,Street Light Out Request,8/3/2021,8/3/2021,8/3/2021,8/3/2021,Park Heights,NORTHWESTERN,13,NORTHWESTERN,893,39.365857,-76.457805,"39.365857, -76.457805"
SR-100562,In Progress,Phone,Graffiti,Graffiti Request,2/7/2021,2/7/2021,2/7/2021,2/7/2021,Pimlico,NORTHEASTERN,2,NORTHEASTERN,625,39.463172,-76.409469,"39.463172, -76.409469"
SR-100563,Closed,Phone,Pothole,Pothole Request,5/4/2019,5/4/2019,5/4/2019,5/4/2019,Sandtown-Winchester,SOUTHERN,1,SOUTHERN,604,39.490332,-76.319104,"39.490332, -76.319104"
SR-100564,Open,Phone,Graffiti,Graffiti Request,5/24/2019,5/24/2019,5/24/2019,5/24/2019,Pigtown,CENTRAL,14,CENTRAL,317,39.299366,-76.425857,"39.299366, -76.425857"
SR-100565,In Progress,Phone,Dirty Street,Dirty Street Request,8/14/2020,8/14/2020,8/14/2020,8/14/2020,Brooklyn,NORTHERN,9,NORTHERN,685,39.24362,-76.367709,"39.24362, -76.367709"
SR-100566,In Progress,Phone,Street Light Out,Street Light Out Request,8/8/2021,8/8/2021,8/8/2021,8/8/2021,Roland Park,WESTERN,10,WESTERN,254,39.451209,-76.539081,"39.451209, -76.539081"
SR-100567,Closed,Phone,Parking Complaint,Parking Complaint Request,4/20/2020,4/20/2020,4/20/2020,4/20/2020,Eastwood,SOUTHERN,4,SOUTHERN,521,39.493628,-76.48991,"39.493628, -76.48991"
SR-100568,Open,Phone,Graffiti,Graffiti Request,2/5/2022,2/5/2022,2/5/2022,2/5/2022,Waverly,NORTHEASTERN,14,NORTHEASTERN,404,39.261076,-76.538445,"39.261076, -76.538445"
SR-100569,In Progress,Phone,Graffiti,Graffiti Request,11/11/2020,11/11/2020,11/11/2020,11/11/2020,Irvington,NORTHEASTERN,7,NORTHEASTERN,692,39.370248,-76.331924,"39.370248, -76.331924"
SR-100570,Closed,Phone,Parking Complaint,Parking Complaint Request,7/10/2020,7/10/2020,7/10/2020,7/10/2020,Westport,NORTHERN,2,NORTHERN,773,39.304983,-76.391997,"39.304983, -76.391997"
SR-100571,Open,Phone,Illegal Dumping,Illegal Dumping Request,12/20/2021,12/20/2021,12/20/2021,12/20/2021,Westport,CENTRAL,2,CENTRAL,476,39.485698,-76.434423,"39.485698, -76.434423"
SR-100572,Closed,Phone,Vacant Building,Vacant Building Request,10/11/2023,10/11/2023,10/11/2023,10/11/2023,Harlem Park,NORTHERN,11,NORTHERN,210,39.314442,-76.530187,"39.314442, -76.530187"
SR-100573,Open,Phone,Parking Complaint,Parking Complaint Request,9/19/2023,9/19/2023,9/19/2023,9/19/2023,Berea,EASTERN,11,EASTERN,877,39.434317,-76.528044,"39.434317, -76.528044"
SR-100574,Closed,Phone,Dead Animal,Dead Animal Request,1/9/2020,1/9/2020,1/9/2020,1/9/2020,Harlem Park,NORTHWESTERN,9,NORTHWESTERN,637,39.272203,-76.533394,"39.272203, -76.533394"
SR-100575,In Progress,Phone,Parking Complaint,Parking Complaint Request,2/22/2020,2/22/2020,2/22/2020,2/22/2020,Clifton Park,NORTHERN,1,NORTHERN,725,39.20122,-76.556447,"39.20122, -76.556447"
SR-100576,Open,Phone,Pothole,Pothole Request,8/1/2020,8/1/2020,8/1/2020,8/1/2020,Guilford,CENTRAL,13,CENTRAL,659,39.207275,-76.5069,"39.207275, -76.5069"
SR-100577,Open,Phone,Street Light Out,Street Light Out Request,7/17/2022,7/17/2022,7/17/2022,7/17/2022,Hampden,EASTERN,3,EASTERN,498,39.212031,-76.450107,"39.212031, -76.450107"
SR-100578,Open,Phone,Rat Rubout,Rat Rubout Request,8/11/2020,8/11/2020,8/11/2020,8/11/2020,Harlem Park,CENTRAL,4,CENTRAL,523,39.381793,-76.314291,"39.381793, -76.314291"
SR-100579,Closed,Phone,Rat Rubout,Rat Rubout Request,4/16/2021,4/16/2021,4/16/2021,4/16/2021,Middle East,NORTHEASTERN,9,NORTHEASTERN,250,39.217365,-76.433574,"39.217365, -76.433574"
SR-100580,Closed,Phone,Graffiti,Graffiti Request,10/15/2019,10/15/2019,10/15/2019,10/15/2019,Brooklyn,NORTHWESTERN,9,NORTHWESTERN,273,39.382612,-76.302049,"39.382612, -76.302049"
SR-100581,In Progress,Phone,Street Light Out,Street Light Out Request,1/21/2022,1/21/2022,1/21/2022,1/21/2022,Westport,EASTERN,7,EASTERN,241,39.308581,-76.442909,"39.308581, -76.442909"
SR-100582,In Progress,Phone,Parking Complaint,Parking Complaint Request,9/22/2023,9/22/2023,9/22/2023,9/22/2023,Druid Heights,NORTHEASTERN,9,NORTHEASTERN,802,39.451849,-76.47887,"39.451849, -76.47887"
SR-100583,In Progress,Phone,Parking Complaint,Parking Complaint Request,7/18/2019,7/18/2019,7/18/2019,7/18/2019,Cherry Hill,WESTERN,7,WESTERN,616,39.203382,-76.48648,"39.203382, -76.48648"
SR-100584,In Progress,Phone,Pothole,Pothole Request,3/16/2019,3/16/2019,3/16/2019,3/16/2019,Eastwood,WESTERN,6,WESTERN,275,39.293473,-76.340324,"39.293473, -76.340324"
SR-100585,In Progress,Phone,Pothole,Pothole Request,7/11/2021,7/11/2021,7/11/2021,7/11/2021,Berea,CENTRAL,11,CENTRAL,560,39.326687,-76.367127,"39.326687, -76.367127"
SR-100586,Closed,Phone,Dirty Street,Dirty Street Request,11/10/2020,11/10/2020,11/10/2020,11/10/2020,Irvington,NORTHWESTERN,10,NORTHWESTERN,553,39.382893,-76.463098,"39.382893, -76.463098"
SR-100587,Closed,Phone,Rat Rubout,Rat Rubout Request,1/18/2019,1/18/2019,1/18/2019,1/18/2019,Sandtown-Winchester,NORTHWESTERN,1,NORTHWESTERN,732,39.263638,-76.432371,"39.263638, -76.432371"
SR-100588,Open,Phone,Rat Rubout,Rat Rubout Request,12/9/2021,12/9/2021,12/9/2021,12/9/2021,Berea,NORTHERN,1,NORTHERN,378,39.495824,-76.434706,"39.495824, -76.434706"
SR-100589,Open,Phone,Illegal Dumping,Illegal Dumping Request,4/9/2020,4/9/2020,4/9/2020,4/9/2020,Roland Park,WESTERN,8,WESTERN,853,39.361756,-76.324619,"39.361756, -76.324619"
SR-100590,Closed,Phone,Dead Animal,Dead Animal Request,1/6/2022,1/6/2022,1/6/2022,1/6/2022,Clifton Park,NORTHWESTERN,12,NORTHWESTERN,130,39.221073,-76.301253,"39.221073, -76.301253"
SR-100591,Open,Phone,Vacant Building,Vacant Building Request,12/24/2022,12/24/2022,12/24/2022,12/24/2022,Greenmount West,CENTRAL,10,CENTRAL,691,39.216834,-76.32343,"39.216834, -76.32343"
SR-100592,Closed,Phone,Rat Rubout,Rat Rubout Request,4/21/2021,4/21/2021,4/21/2021,4/21/2021,Oliver,CENTRAL,14,CENTRAL,819,39.34961,-76.433265,"39.34961, -76.433265"
SR-100593,Open,Phone,Dead Animal,Dead Animal Request,3/21/2023,3/21/2023,3/21/2023,3/21/2023,Brooklyn,EASTERN,12,EASTERN,638,39.331645,-76.561983,"39.331645, -76.561983"
SR-100594,Open,Phone,Illegal Dumping,Illegal Dumping Request,5/3/2019,5/3/2019,5/3/2019,5/3/2019,Middle East,EASTERN,2,EASTERN,340,39.345983,-76.314863,"39.345983, -76.314863"
SR-100595,Closed,Phone,Vacant Building,Vacant Building Request,4/23/2022,4/23/2022,4/23/2022,4/23/2022,Clifton Park,CENTRAL,2,CENTRAL,589,39.445565,-76.308078,"39.445565, -76.308078"
SR-100596,Open,Phone,Dirty Street,Dirty Street Request,3/9/2022,3/9/2022,3/9/2022,3/9/2022,Eastwood,SOUTHERN,5,SOUTHERN,352,39.380687,-76.310357,"39.380687, -76.310357"
SR-100597,Closed,Phone,Street Light Out,Street Light Out Request,8/18/2019,8/18/2019,8/18/2019,8/18/2019,Brooklyn,NORTHERN,6,NORTHERN,764,39.26781,-76.35784,"39.26781, -76.35784"
SR-100598,Closed,Phone,Pothole,Pothole Request,7/14/2022,7/14/2022,7/14/2022,7/14/2022,Mount Washington,WESTERN,8,WESTERN,633,39.358363,-76.352526,"39.358363, -76.352526"
SR-100599,Closed,Phone,Illegal Dumping,Illegal Dumping Request,5/1/2022,5/1/2022,5/1/2022,5/1/2022,Pigtown,CENTRAL,7,CENTRAL,242,39.332665,-76.511709,"39.332665, -76.511709"
SR-100600,In Progress,Phone,Illegal Dumping,Illegal Dumping Request,12/16/2023,12/16/2023,12/16/2023,12/16/2023,Druid Heights,WESTERN,3,WESTERN,423,39.45275,-76.497117,"39.45275, -76.497117"
SR-100601,Open,Phone,Rat Rubout,Rat Rubout Request,3/9/2021,3/9/2021,3/9/2021,3/9/2021,Roland Park,SOUTHERN,3,SOUTHERN,724,39.436475,-76.47943,"39.436475, -76.47943"
SR-100602,Closed,Phone,Abandoned Vehicle,Abandoned Vehicle Request,1/15/2023,1/15/2023,1/15/2023,1/15/2023,Cherry Hill,WESTERN,10,WESTERN,377,39.494803,-76.473993,"39.494803, -76.473993"
SR-100603,Open,Phone,Graffiti,Graffiti Request,2/11/2019,2/11/2019,2/11/2019,2/11/2019,Harlem Park,EASTERN,12,EASTERN,338,39.268299,-76.550908,"39.268299, -76.550908"
SR-100604,Closed,Phone,Dirty Street,Dirty Street Request,9/7/2023,9/7/2023,9/7/2023,9/7/2023,Berea,EASTERN,9,EASTERN,782,39.240488,-76.539133,"39.240488, -76.539133"
SR-100605,Closed,Phone,Illegal Dumping,Illegal Dumping Request,7/5/2023,7/5/2023,7/5/2023,7/5/2023,Charles Village,WESTERN,11,WESTERN,613,39.39407,-76.524135,"39.39407, -76.524135"
SR-100606,Open,Phone,Graffiti,Graffiti Request,10/14/2020,10/14/2020,10/14/2020,10/14/2020,Guilford,EASTERN,6,EASTERN,609,39.218119,-76.491879,"39.218119, -76.491879"
SR-100607,Open,Phone,Dead Animal,Dead Animal Request,1/18/2023,1/18/2023,1/18/2023,1/18/2023,Pigtown,CENTRAL,12,CENTRAL,412,39.347184,-76.322183,"39.347184, -76.322183"
SR-100608,Closed,Phone,Street Light Out,Street Light Out Request,3/14/2023,3/14/2023,3/14/2023,3/14/2023,Homeland,NORTHERN,11,NORTHERN,508,39.269544,-76.49031,"39.269544, -76.49031"
SR-100609,Open,Phone,Parking Complaint,Parking Complaint Request,3/27/2019,3/27/2019,3/27/2019,3/27/2019,Harlem Park,NORTHEASTERN,11,NORTHEASTERN,137,39.458532,-76.343394,"39.458532, -76.343394"
SR-100610,In Progress,Phone,Pothole,Pothole Request,2/10/2022,2/10/2022,2/10/2022,2/10/2022,Morrell Park,NORTHERN,1,NORTHERN,148,39.36997,-76.342856,"39.36997, -76.342856"
SR-100611,In Progress,Phone,Dirty Street,Dirty Street Request,7/12/2022,7/12/2022,7/12/2022,7/12/2022,Irvington,NORTHEASTERN,5,NORTHEASTERN,837,39.461902,-76.507328,"39.461902, -76.507328"
SR-100612,In Progress,Phone,Vacant Building,Vacant Building Request,2/16/2019,2/16/2019,2/16/2019,2/16/2019,Curtis Bay,NORTHEASTERN,12,NORTHEASTERN,602,39.456263,-76.560912,"39.456263, -76.560912"
SR-100613,Open,Phone,Abandoned Vehicle,Abandoned Vehicle Request,1/21/2020,1/21/2020,1/21/2020,1/21/2020,Guilford,SOUTHERN,11,SOUTHERN,790,39.446403,-76.56084,"39.446403, -76.56084"
SR-100614,Closed,Phone,Pothole,Pothole Request,8/22/2023,8/22/2023,8/22/2023,8/22/2023,Berea,WESTERN,3,WESTERN,211,39.349722,-76.312514,"39.349722, -76.312514"
SR-100615,Closed,Phone,Pothole,Pothole Request,7/19/2021,7/19/2021,7/19/2021,7/19/2021,Greenmount West,EASTERN,9,EASTERN,795,39.424845,-76.582265,"39.424845, -76.582265"
SR-100616,Open,Phone,Graffiti,Graffiti Request,2/27/2019,2/27/2019,2/27/2019,2/27/2019,Eastwood,EASTERN,1,EASTERN,754,39.26402,-76.326143,"39.26402, -76.326143"
SR-100617,Open,Phone,Abandoned Vehicle,Abandoned Vehicle Request,1/14/2019,1/14/2019,1/14/2019,1/14/2019,Belair-Edison,SOUTHERN,7,SOUTHERN,363,39.244308,-76.462485,"39.244308, -76.462485"
SR-100618,In Progress,Phone,Parking Complaint,Parking Complaint Request,11/10/2023,11/10/2023,11/10/2023,11/10/2023,Curtis Bay,SOUTHERN,11,SOUTHERN,802,39.301529,-76.324716,"39.301529, -76.324716"
SR-100619,Open,Phone,Street Light Out,Street Light Out Request,6/7/2019,6/7/2019,6/7/2019,6/7/2019,Hampden,SOUTHERN,5,SOUTHERN,181,39.466629,-76.398427,"39.466629, -76.398427"
SR-100620,Open,Phone,Dirty Street,Dirty Street Request,3/17/2019,3/17/2019,3/17/2019,3/17/2019,Upton,EASTERN,14,EASTERN,662,39.463165,-76.542326,"39.463165, -76.542326"
SR-100621,In Progress,Phone,Rat Rubout,Rat Rubout Request,6/12/2022,6/12/2022,6/12/2022,6/12/2022,Berea,CENTRAL,12,CENTRAL,291,39.348063,-76.505072,"39.348063, -76.505072"
SR-100622,Open,Phone,Abandoned Vehicle,Abandoned Vehicle Request,11/12/2019,11/12/2019,11/12/2019,11/12/2019,Harlem Park,SOUTHERN,12,SOUTHERN,268,39.488678,-76.310672,"39.488678, -76.310672"
SR-100623,Open,Phone,Dead Animal,Dead Animal Request,2/13/2019,2/13/2019,2/13/2019,2/13/2019,Charles Village,NORTHWESTERN,11,NORTHWESTERN,237,39.206141,-76.402339,"39.206141, -76.402339"
SR-100624,Open,Phone,Vacant Building,Vacant Building Request,12/9/2022,12/9/2022,12/9/2022,12/9/2022,Irvington,EASTERN,3,EASTERN,707,39.268179,-76.367288,"39.268179, -76.367288"
SR-100625,In Progress,Phone,Parking Complaint,Parking Complaint Request,11/15/2021,11/15/2021,11/15/2021,11/15/2021,Pen Lucy,SOUTHERN,12,SOUTHERN,758,39.48461,-76.325446,"39.48461, -76.325446"
SR-100626,Open,Phone,Street Light Out,Street Light Out Request,5/28/2019,5/28/2019,5/28/2019,5/28/2019,Guilford,SOUTHERN,13,SOUTHERN,502,39.238844,-76.409113,"39.238844, -76.409113"
SR-100627,In Progress,Phone,Rat Rubout,Rat Rubout Request,8/5/2023,8/5/2023,8/5/2023,8/5/2023,Guilford,SOUTHERN,2,SOUTHERN,676,39.263327,-76.367934,"39.263327, -76.367934"
SR-100628,In Progress,Phone,Graffiti,Graffiti Request,8/21/2022,8/21/2022,8/21/2022,8/21/2022,Waverly,NORTHEASTERN,8,NORTHEASTERN,672,39.206535,-76.421069,"39.206535, -76.421069"
SR-100629,Closed,Phone,Dirty Street,Dirty Street Request,10/17/2020,10/17/2020,10/17/2020,10/17/2020,Westport,SOUTHERN,11,SOUTHERN,365,39.370976,-76.580192,"39.370976, -76.580192"
SR-100630,Open,Phone,Illegal Dumping,Illegal Dumping Request,9/5/2020,9/5/2020,9/5/2020,9/5/2020,Belair-Edison,NORTHEASTERN,8,NORTHEASTERN,893,39.351776,-76.311878,"39.351776, -76.311878"
SR-100631,In Progress,Phone,Graffiti,Graffiti Request,5/17/2020,5/17/2020,5/17/2020,5/17/2020,Harlem Park,NORTHERN,8,NORTHERN,677,39.200529,-76.407024,"39.200529, -76.407024"
SR-100632,In Progress,Phone,Vacant Building,Vacant Building Request,6/25/2019,6/25/2019,6/25/2019,6/25/2019,Morrell Park,WESTERN,6,WESTERN,487,39.268578,-76.396436,"39.268578, -76.396436"
SR-100633,Closed,Phone,Vacant Building,Vacant Building Request,4/10/2020,4/10/2020,4/10/2020,4/10/2020,Pimlico,NORTHEASTERN,8,NORTHEASTERN,808,39.28257,-76.384983,"39.28257, -76.384983"
SR-100634,In Progress,Phone,Dead Animal,Dead Animal Request,7/28/2019,7/28/2019,7/28/2019,7/28/2019,Sandtown-Winchester,WESTERN,10,WESTERN,436,39.221335,-76.379876,"39.221335, -76.379876"
SR-100635,Open,Phone,Rat Rubout,Rat Rubout Request,4/11/2021,4/11/2021,4/11/2021,4/11/2021,Irvington,CENTRAL,5,CENTRAL,433,39.424855,-76.403253,"39.424855, -76.403253"
SR-100636,In Progress,Phone,Graffiti,Graffiti Request,4/23/2022,4/23/2022,4/23/2022,4/23/2022,Irvington,NORTHEASTERN,11,NORTHEASTERN,203,39.246814,-76.550939,"39.246814, -76.550939"
SR-100637,In Progress,Phone,Abandoned Vehicle,Abandoned Vehicle Request,7/10/2020,7/10/2020,7/10/2020,7/10/2020,Waverly,NORTHEASTERN,2,NORTHEASTERN,427,39.228398,-76.401998,"39.228398, -76.401998"
SR-100638,In Progress,Phone,Dead Animal,Dead Animal Request,9/17/2022,9/17/2022,9/17/2022,9/17/2022,Pigtown,SOUTHERN,8,SOUTHERN,153,39.430164,-76.409306,"39.430164, -76.409306"
SR-100639,Closed,Phone,Dirty Street,Dirty Street Request,1/15/2021,1/15/2021,1/15/2021,1/15/2021,Oliver,NORTHEASTERN,1,NORTHEASTERN,753,39.311308,-76.406406,"39.311308, -76.406406"
SR-100640,Closed,Phone,Street Light Out,Street Light Out Request,11/7/2022,11/7/2022,11/7/2022,11/7/2022,Govans,NORTHWESTERN,12,NORTHWESTERN,772,39.321399,-76.320498,"39.321399, -76.320498"
SR-100641,Open,Phone,Street Light Out,Street Light Out Request,3/14/2020,3/14/2020,3/14/2020,3/14/2020,Mount Washington,NORTHERN,8,NORTHERN,720,39.245877,-76.312665,"39.245877, -76.312665"
SR-100642,Closed,Phone,Street Light Out,Street Light Out Request,12/16/2021,12/16/2021,12/16/2021,12/16/2021,Middle East,NORTHEASTERN,12,NORTHEASTERN,756,39.354027,-76.300376,"39.354027, -76.300376"
SR-100643,Open,Phone,Illegal Dumping,Illegal Dumping Request,9/16/2023,9/16/2023,9/16/2023,9/16/2023,Curtis Bay,EASTERN,4,EASTERN,735,39.248925,-76.308843,"39.248925, -76.308843"
SR-100644,In Progress,Phone,Graffiti,Graffiti Request,4/13/2022,4/13/2022,4/13/2022,4/13/2022,Morrell Park,WESTERN,5,WESTERN,374,39.443228,-76.509837,"39.443228, -76.509837"
SR-100645,Closed,Phone,Rat Rubout,Rat Rubout Request,9/22/2023,9/22/2023,9/22/2023,9/22/2023,Druid Heights,NORTHERN,12,NORTHERN,682,39.474344,-76.464288,"39.474344, -76.464288"
SR-100646,Closed,Phone,Dirty Street,Dirty Street Request,7/26/2020,7/26/2020,7/26/2020,7/26/2020,Belair-Edison,WESTERN,6,WESTERN,207,39.205356,-76.474177,"39.205356, -76.474177"
SR-100647,Open,Phone,Vacant Building,Vacant Building Request,6/6/2023,6/6/2023,6/6/2023,6/6/2023,Park Heights,WESTERN,14,WESTERN,858,39.3339,-76.359713,"39.3339, -76.359713"
SR-100648,In Progress,Phone,Dead Animal,Dead Animal Request,11/11/2021,11/11/2021,11/11/2021,11/11/2021,Oliver,NORTHEASTERN,11,NORTHEASTERN,556,39.25792,-76.538566,"39.25792, -76.538566"
SR-100649,In Progress,Phone,Dead Animal,Dead Animal Request,2/26/2020,2/26/2020,2/26/2020,2/26/2020,Morrell Park,NORTHERN,6,NORTHERN,492,39.392344,-76.354815,"39.392344, -76.354815"
SR-100650,Closed,Phone,Street Light Out,Street Light Out Request,7/24/2023,7/24/2023,7/24/2023,7/24/2023,Roland Park,NORTHEASTERN,3,NORTHEASTERN,215,39.313838,-76.410866,"39.313838, -76.410866"
SR-100651,Open,Phone,Rat Rubout,Rat Rubout Request,1/6/2019,1/6/2019,1/6/2019,1/6/2019,Waverly,NORTHEASTERN,13,NORTHEASTERN,676,39.327245,-76.401126,"39.327245, -76.401126"
SR-100652,Open,Phone,Pothole,Pothole Request,11/25/2023,11/25/2023,11/25/2023,11/25/2023,Pimlico,NORTHERN,11,NORTHERN,228,39.430535,-76.49469,"39.430535, -76.49469"
SR-100653,In Progress,Phone,Parking Complaint,Parking Complaint Request,11/2/2023,11/2/2023,11/2/2023,11/2/2023,Park Heights,NORTHWESTERN,1,NORTHWESTERN,438,39.257984,-76.41578,"39.257984, -76.41578"
SR-100654,Closed,Phone,Abandoned Vehicle,Abandoned Vehicle Request,7/20/2022,7/20/2022,7/20/2022,7/20/2022,Roland Park,NORTHWESTERN,10,NORTHWESTERN,800,39.419055,-76.459701,"39.419055, -76.459701"
SR-100655,Open,Phone,Abandoned Vehicle,Abandoned Vehicle Request,5/22/2022,5/22/2022,5/22/2022,5/22/2022,Cherry Hill,CENTRAL,11,CENTRAL,725,39.253696,-76.326752,"39.253696, -76.326752"
SR-100656,In Progress,Phone,Illegal Dumping,Illegal Dumping Request,2/3/2020,2/3/2020,2/3/2020,2/3/2020,Oliver,SOUTHERN,13,SOUTHERN,311,39.249056,-76.521956,"39.249056, -76.521956"
SR-100657,Open,Phone,Illegal Dumping,Illegal Dumping Request,11/1/2020,11/1/2020,11/1/2020,11/1/2020,Berea,EASTERN,2,EASTERN,417,39.33382,-76.542155,"39.33382, -76.542155"
SR-100658,In Progress,Phone,Vacant Building,Vacant Building Request,5/21/2021,5/21/2021,5/21/2021,5/21/2021,Mount Washington,CENTRAL,10,CENTRAL,823,39.442764,-76.360213,"39.442764, -76.360213"
SR-100659,In Progress,Phone,Parking Complaint,Parking Complaint Request,6/22/2021,6/22/2021,6/22/2021,6/22/2021,Morrell Park,EASTERN,4,EASTERN,666,39.252743,-76.52119,"39.252743, -76.52119"
SR-100660,Closed,Phone,Street Light Out,Street Light Out Request,12/27/2023,12/27/2023,12/27/2023,12/27/2023,Pigtown,NORTHEASTERN,14,NORTHEASTERN,463,39.334027,-76.40055,"39.334027, -76.40055"
SR-100661,Open,Phone,Rat Rubout,Rat Rubout Request,11/21/2020,11/21/2020,11/21/2020,11/21/2020,Johnston Square,NORTHERN,1,NORTHERN,428,39.299424,-76.405883,"39.299424, -76.405883"
SR-100662,Closed,Phone,Graffiti,Graffiti Request,3/12/2023,3/12/2023,3/12/2023,3/12/2023,Eastwood,NORTHEASTERN,2,NORTHEASTERN,768,39.437092,-76.31869,"39.437092, -76.31869"
SR-100663,Open,Phone,Illegal Dumping,Illegal Dumping Request,3/1/2022,3/1/2022,3/1/2022,3/1/2022,Berea,EASTERN,14,EASTERN,859,39.373716,-76.517833,"39.373716, -76.517833"
SR-100664,Open,Phone,Parking Complaint,Parking Complaint Request,2/20/2022,2/20/2022,2/20/2022,2/20/2022,Pimlico,EASTERN,13,EASTERN,109,39.418459,-76.394111,"39.418459, -76.394111"
SR-100665,Open,Phone,Dead Animal,Dead Animal Request,1/23/2021,1/23/2021,1/23/2021,1/23/2021,Upton,CENTRAL,2,CENTRAL,101,39.281633,-76.599559,"39.281633, -76.599559"
SR-100666,Open,Phone,Vacant Building,Vacant Building Request,6/15/2021,6/15/2021,6/15/2021,6/15/2021,Cherry Hill,EASTERN,11,EASTERN,888,39.338431,-76.474224,"39.338431, -76.474224"
SR-100667,Closed,Phone,Abandoned Vehicle,Abandoned Vehicle Request,12/15/2021,12/15/2021,12/15/2021,12/15/2021,Homeland,EASTERN,5,EASTERN,185,39.376385,-76.457018,"39.376385, -76.457018"
SR-100668,In Progress,Phone,Illegal Dumping,Illegal Dumping Request,1/14/2021,1/14/2021,1/14/2021,1/14/2021,Charles Village,NORTHEASTERN,13,NORTHEASTERN,843,39.384292,-76.362318,"39.384292, -76.362318"
SR-100669,Open,Phone,Parking Complaint,Parking Complaint Request,1/20/2020,1/20/2020,1/20/2020,1/20/2020,Belair-Edison,NORTHWESTERN,5,NORTHWESTERN,819,39.428227,-76.544254,"39.428227, -76.544254"
SR-100670,Closed,Phone,Parking Complaint,Parking Complaint Request,7/27/2019,7/27/2019,7/27/2019,7/27/2019,Oliver,CENTRAL,14,CENTRAL,573,39.485232,-76.499676,"39.485232, -76.499676"
SR-100671,Open,Phone,Abandoned Vehicle,Abandoned Vehicle Request,6/7/2019,6/7/2019,6/7/2019,6/7/2019,Curtis Bay,NORTHERN,8,NORTHERN,826,39.362952,-76.599979,"39.362952, -76.599979"
SR-100672,Closed,Phone,Pothole,Pothole Request,3/19/2022,3/19/2022,3/19/2022,3/19/2022,Middle East,NORTHEASTERN,7,NORTHEASTERN,214,39.480366,-76.359074,"39.480366, -76.359074"
SR-100673,Closed,Phone,Parking Complaint,Parking Complaint Request,8/4/2019,8/4/2019,8/4/2019,8/4/2019,Pimlico,NORTHERN,1,NORTHERN,325,39.319424,-76.480808,"39.319424, -76.480808"
SR-100674,In Progress,Phone,Pothole,Pothole Request,1/11/2022,1/11/2022,1/11/2022,1/11/2022,Greenmount West,NORTHERN,11,NORTHERN,687,39.280758,-76.564113,"39.280758, -76.564113"
SR-100675,Open,Phone,Dead Animal,Dead Animal Request,8/20/2022,8/20/2022,8/20/2022,8/20/2022,Clifton Park,NORTHERN,5,NORTHERN,522,39.231173,-76.427423,"39.231173, -76.427423"
SR-100676,In Progress,Phone,Pothole,Pothole Request,10/13/2023,10/13/2023,10/13/2023,10/13/2023,Johnston Square,NORTHEASTERN,7,NORTHEASTERN,170,39.364851,-76.518656,"39.364851, -76.518656"
SR-100677,In Progress,Phone,Dead Animal,Dead Animal Request,10/28/2020,10/28/2020,10/28/2020,10/28/2020,Mount Washington,NORTHWESTERN,8,NORTHWESTERN,654,39.20552,-76.399141,"39.20552, -76.399141"
SR-100678,In Progress,Phone,Rat Rubout,Rat Rubout Request,8/28/2022,8/28/2022,8/28/2022,8/28/2022,Middle East,SOUTHERN,5,SOUTHERN,896,39.352532,-76.448577,"39.352532, -76.448577"
SR-100679,In Progress,Phone,Parking Complaint,Parking Complaint Request,10/13/2021,10/13/2021,10/13/2021,10/13/2021,Brooklyn,EASTERN,3,EASTERN,557,39.361367,-76.470758,"39.361367, -76.470758"
SR-100680,Closed,Phone,Pothole,Pothole Request,12/8/2020,12/8/2020,12/8/2020,12/8/2020,Pigtown,WESTERN,6,WESTERN,363,39.370964,-76.467918,"39.370964, -76.467918"
SR-100681,Closed,Phone,Graffiti,Graffiti Request,10/12/2021,10/12/2021,10/12/2021,10/12/2021,Oliver,NORTHERN,13,NORTHERN,321,39.443724,-76.54168,"39.443724, -76.54168"
SR-100682,Closed,Phone,Graffiti,Graffiti Request,12/22/2020,12/22/2020,12/22/2020,12/22/2020,Govans,EASTERN,13,EASTERN,849,39.450587,-76.485443,"39.450587, -76.485443"
SR-100683,Closed,Phone,Rat Rubout,Rat Rubout Request,1/18/2021,1/18/2021,1/18/2021,1/18/2021,Middle East,NORTHEASTERN,14,NORTHEASTERN,515,39.254753,-76.511867,"39.254753, -76.511867"
SR-100684,Open,Phone,Graffiti,Graffiti Request,11/8/2019,11/8/2019,11/8/2019,11/8/2019,Westport,WESTERN,10,WESTERN,385,39.326042,-76.502184,"39.326042, -76.502184"
SR-100685,Closed,Phone,Graffiti,Graffiti Request,11/26/2020,11/26/2020,11/26/2020,11/26/2020,Eastwood,CENTRAL,11,CENTRAL,341,39.31211,-76.428982,"39.31211, -76.428982"
SR-100686,In Progress,Phone,Dirty Street,Dirty Street Request,4/4/2019,4/4/2019,4/4/2019,4/4/2019,Oliver,WESTERN,12,WESTERN,176,39.21882,-76.568138,"39.21882, -76.568138"
SR-100687,Closed,Phone,Pothole,Pothole Request,10/26/2022,10/26/2022,10/26/2022,10/26/2022,Pen Lucy,NORTHWESTERN,1,NORTHWESTERN,411,39.28273,-76.467971,"39.28273, -76.467971"
SR-100688,Open,Phone,Pothole,Pothole Request,5/20/2021,5/20/2021,5/20/2021,5/20/2021,Greenmount West,CENTRAL,9,CENTRAL,166,39.430996,-76.395294,"39.430996, -76.395294"
SR-100689,Open,Phone,Abandoned Vehicle,Abandoned Vehicle Request,4/20/2023,4/20/2023,4/20/2023,4/20/2023,Park Heights,NORTHEASTERN,2,NORTHEASTERN,820,39.348354,-76.43061,"39.348354, -76.43061"
SR-100690,Open,Phone,Rat Rubout,Rat Rubout Request,11/6/2023,11/6/2023,11/6/2023,11/6/2023,Clifton Park,NORTHEASTERN,9,NORTHEASTERN,536,39.378958,-76.593667,"39.378958, -76.593667"
SR-100691,Open,Phone,Vacant Building,Vacant Building Request,9/3/2022,9/3/2022,9/3/2022,9/3/2022,Eastwood,NORTHEASTERN,11,NORTHEASTERN,536,39.458041,-76.47133,"39.458041, -76.47133"
SR-100692,Open,Phone,Street Light Out,Street Light Out Request,2/4/2022,2/4/2022,2/4/2022,2/4/2022,Mount Washington,CENTRAL,5,CENTRAL,267,39.405451,-76.349422,"39.405451, -76.349422"
SR-100693,Closed,Phone,Illegal Dumping,Illegal Dumping Request,1/18/2022,1/18/2022,1/18/2022,1/18/2022,Sandtown-Winchester,EASTERN,6,EASTERN,667,39.422114,-76.376789,"39.422114, -76.376789"
SR-100694,In Progress,Phone,Street Light Out,Street Light Out Request,5/20/2019,5/20/2019,5/20/2019,5/20/2019,Belair-Edison,SOUTHERN,12,SOUTHERN,430,39.345358,-76.39475,"39.345358, -76.39475"
SR-100695,Closed,Phone,Dead Animal,Dead Animal Request,5/1/2020,5/1/2020,5/1/2020,5/1/2020,Pen Lucy,EASTERN,2,EASTERN,864,39.217616,-76.574946,"39.217616, -76.574946"
SR-100696,Open,Phone,Dirty Street,Dirty Street Request,2/15/2022,2/15/2022,2/15/2022,2/15/2022,Waverly,WESTERN,13,WESTERN,255,39.367516,-76.469439,"39.367516, -76.469439"
SR-100697,Open,Phone,Parking Complaint,Parking Complaint Request,5/21/2023,5/21/2023,5/21/2023,5/21/2023,Eastwood,SOUTHERN,10,SOUTHERN,376,39.279191,-76.31209,"39.279191, -76.31209"
SR-100698,Closed,Phone,Illegal Dumping,Illegal Dumping Request,9/7/2021,9/7/2021,9/7/2021,9/7/2021,Morrell Park,NORTHERN,2,NORTHERN,110,39.222585,-76.428223,"39.222585, -76.428223"
SR-100699,Open,Phone,Dirty Street,Dirty Street Request,4/7/2022,4/7/2022,4/7/2022,4/7/2022,Belair-Edison,NORTHERN,8,NORTHERN,869,39.450518,-76.305007,"39.450518, -76.305007"
SR-100700,Open,Phone,Dirty Street,Dirty Street Request,1/18/2022,1/18/2022,1/18/2022,1/18/2022,Oliver,CENTRAL,7,CENTRAL,618,39.291783,-76.396302,"39.291783, -76.396302"
SR-100701,Open,Phone,Illegal Dumping,Illegal Dumping Request,11/24/2023,11/24/2023,11/24/2023,11/24/2023,Cherry Hill,NORTHWESTERN,5,NORTHWESTERN,651,39.279176,-76.391763,"39.279176, -76.391763"
SR-100702,In Progress,Phone,Pothole,Pothole Request,4/17/2019,4/17/2019,4/17/2019,4/17/2019,Waverly,NORTHWESTERN,14,NORTHWESTERN,447,39.235157,-76.505995,"39.235157, -76.505995"
SR-100703,Closed,Phone,Illegal Dumping,Illegal Dumping Request,5/25/2023,5/25/2023,5/25/2023,5/25/2023,Oliver,EASTERN,10,EASTERN,658,39.461029,-76.569202,"39.461029, -76.569202"
SR-100704,Closed,Phone,Street Light Out,Street Light Out Request,4/6/2021,4/6/2021,4/6/2021,4/6/2021,Charles Village,SOUTHERN,4,SOUTHERN,724,39.308485,-76.448728,"39.308485, -76.448728"
SR-100705,Closed,Phone,Illegal Dumping,Illegal Dumping Request,8/11/2019,8/11/2019,8/11/2019,8/11/2019,Oliver,NORTHWESTERN,4,NORTHWESTERN,250,39.244896,-76.305806,"39.244896, -76.305806"
SR-100706,Closed,Phone,Dead Animal,Dead Animal Request,12/5/2021,12/5/2021,12/5/2021,12/5/2021,Pigtown,NORTHWESTERN,8,NORTHWESTERN,689,39.370681,-76.360696,"39.370681, -76.360696"
SR-100707,In Progress,Phone,Pothole,Pothole Request,7/6/2021,7/6/2021,7/6/2021,7/6/2021,Roland Park,EASTERN,6,EASTERN,119,39.347249,-76.334056,"39.347249, -76.334056"
SR-100708,Open,Phone,Rat Rubout,Rat Rubout Request,12/11/2021,12/11/2021,12/11/2021,12/11/2021,Sandtown-Winchester,EASTERN,13,EASTERN,630,39.21329,-76.332024,"39.21329, -76.332024"
SR-100709,In Progress,Phone,Rat Rubout,Rat Rubout Request,1/16/2021,1/16/2021,1/16/2021,1/16/2021,Cherry Hill,WESTERN,6,WESTERN,852,39.247771,-76.486287,"39.247771, -76.486287"
SR-100710,In Progress,Phone,Dead Animal,Dead Animal Request,12/6/2022,12/6/2022,12/6/2022,12/6/2022,Pimlico,WESTERN,1,WESTERN,884,39.460187,-76.375254,"39.460187, -76.375254"
SR-100711,Open,Phone,Rat Rubout,Rat Rubout Request,11/21/2020,11/21/2020,11/21/2020,11/21/2020,Greenmount West,NORTHERN,7,NORTHERN,119,39.485524,-76.382815,"39.485524, -76.382815"
SR-100712,Closed,Phone,Abandoned Vehicle,Abandoned Vehicle Request,6/18/2021,6/18/2021,6/18/2021,6/18/2021,Middle East,NORTHEASTERN,12,NORTHEASTERN,780,39.32542,-76.37328,"39.32542, -76.37328"
SR-100713,Closed,Phone,Graffiti,Graffiti Request,6/28/2022,6/28/2022,6/28/2022,6/28/2022,Upton,EASTERN,3,EASTERN,751,39.225307,-76.54061,"39.225307, -76.54061"
SR-100714,Open,Phone,Graffiti,Graffiti Request,4/27/2019,4/27/2019,4/27/2019,4/27/2019,Johnston Square,CENTRAL,8,CENTRAL,588,39.448829,-76.337677,"39.448829, -76.337677"
SR-100715,In Progress,Phone,Parking Complaint,Parking Complaint Request,12/18/2022,12/18/2022,12/18/2022,12/18/2022,Hampden,SOUTHERN,4,SOUTHERN,550,39.263463,-76.453734,"39.263463, -76.453734"
SR-100716,In Progress,Phone,Pothole,Pothole Request,8/1/2023,8/1/2023,8/1/2023,8/1/2023,Morrell Park,WESTERN,14,WESTERN,440,39.458518,-76.392912,"39.458518, -76.392912"
SR-100717,In Progress,Phone,Graffiti,Graffiti Request,9/19/2020,9/19/2020,9/19/2020,9/19/2020,Curtis Bay,WESTERN,11,WESTERN,895,39.439428,-76.388664,"39.439428, -76.388664"
SR-100718,Open,Phone,Street Light Out,Street Light Out Request,7/26/2023,7/26/2023,7/26/2023,7/26/2023,Curtis Bay,CENTRAL,4,CENTRAL,877,39.40638,-76.49087,"39.40638, -76.49087"
SR-100719,Open,Phone,Illegal Dumping,Illegal Dumping Request,5/26/2022,5/26/2022,5/26/2022,5/26/2022,Clifton Park,EASTERN,7,EASTERN,258,39.234132,-76.412121,"39.234132, -76.412121"
SR-100720,Closed,Phone,Vacant Building,Vacant Building Request,9/22/2019,9/22/2019,9/22/2019,9/22/2019,Cherry Hill,NORTHWESTERN,11,NORTHWESTERN,375,39.431483,-76.350664,"39.431483, -76.350664"
SR-100721,In Progress,Phone,Parking Complaint,Parking Complaint Request,10/22/2023,10/22/2023,10/22/2023,10/22/2023,Waverly,NORTHWESTERN,8,NORTHWESTERN,176,39.236607,-76.444658,"39.236607, -76.444658"
SR-100722,Open,Phone,Dirty Street,Dirty Street Request,1/24/2022,1/24/2022,1/24/2022,1/24/2022,Berea,CENTRAL,10,CENTRAL,713,39.377786,-76.404342,"39.377786, -76.404342"
SR-100723,In Progress,Phone,Rat Rubout,Rat Rubout Request,1/13/2019,1/13/2019,1/13/2019,1/13/2019,Pigtown,SOUTHERN,10,SOUTHERN,244,39.259904,-76.383867,"39.259904, -76.383867"
SR-100724,In Progress,Phone,Parking Complaint,Parking Complaint Request,10/17/2020,10/17/2020,10/17/2020,10/17/2020,Upton,EASTERN,8,EASTERN,619,39.204413,-76.391795,"39.204413, -76.391795"
SR-100725,Closed,Phone,Dead Animal,Dead Animal Request,2/25/2022,2/25/2022,2/25/2022,2/25/2022,Pimlico,CENTRAL,1,CENTRAL,468,39.326453,-76.542805,"39.326453, -76.542805"
SR-100726,Open,Phone,Abandoned Vehicle,Abandoned Vehicle Request,11/21/2021,11/21/2021,11/21/2021,11/21/2021,Govans,WESTERN,10,WESTERN,492,39.294794,-76.589631,"39.294794, -76.589631"
SR-100727,Open,Phone,Abandoned Vehicle,Abandoned Vehicle Request,3/7/2019,3/7/2019,3/7/2019,3/7/2019,Irvington,SOUTHERN,10,SOUTHERN,791,39.364135,-76.43611,"39.364135, -76.43611"
SR-100728,In Progress,Phone,Rat Rubout,Rat Rubout Request,11/18/2019,11/18/2019,11/18/2019,11/18/2019,Waverly,NORTHERN,9,NORTHERN,170,39.480794,-76.371242,"39.480794, -76.371242"
SR-100729,In Progress,Phone,Abandoned Vehicle,Abandoned Vehicle Request,2/10/2022,2/10/2022,2/10/2022,2/10/2022,Upton,NORTHEASTERN,7,NORTHEASTERN,126,39.474226,-76.538699,"39.474226, -76.538699"
SR-100730,In Progress,Phone,Illegal Dumping,Illegal Dumping Request,9/1/2022,9/1/2022,9/1/2022,9/1/2022,Curtis Bay,NORTHERN,5,NORTHERN,367,39.494468,-76.401297,"39.494468, -76.401297"
SR-100731,Open,Phone,Abandoned Vehicle,Abandoned Vehicle Request,4/26/2021,4/26/2021,4/26/2021,4/26/2021,Waverly,NORTHERN,3,NORTHERN,541,39.433871,-76.347876,"39.433871, -76.347876"
SR-100732,Open,Phone,Dead Animal,Dead Animal Request,8/28/2022,8/28/2022,8/28/2022,8/28/2022,Mount Washington,NORTHERN,4,NORTHERN,894,39.459197,-76.365598,"39.459197, -76.365598"
SR-100733,In Progress,Phone,Pothole,Pothole Request,2/22/2023,2/22/2023,2/22/2023,2/22/2023,Upton,CENTRAL,5,CENTRAL,815,39.44031,-76.530119,"39.44031, -76.530119"
SR-100734,Open,Phone,Illegal Dumping,Illegal Dumping Request,8/19/2023,8/19/2023,8/19/2023,8/19/2023,Curtis Bay,NORTHEASTERN,12,NORTHEASTERN,367,39.487566,-76.48726,"39.487566, -76.48726"
SR-100735,Closed,Phone,Graffiti,Graffiti Request,2/18/2023,2/18/2023,2/18/2023,2/18/2023,Cherry Hill,NORTHEASTERN,8,NORTHEASTERN,385,39.443221,-76.345531,"39.443221, -76.345531"
SR-100736,In Progress,Phone,Dead Animal,Dead Animal Request,2/23/2023,2/23/2023,2/23/2023,2/23/2023,Johnston Square,NORTHWESTERN,7,NORTHWESTERN,465,39.231439,-76.552153,"39.231439, -76.552153"
SR-100737,Closed,Phone,Dead Animal,Dead Animal Request,5/13/2022,5/13/2022,5/13/2022,5/13/2022,Irvington,CENTRAL,2,CENTRAL,236,39.217179,-76.394188,"39.217179, -76.394188"
SR-100738,Closed,Phone,Vacant Building,Vacant Building Request,2/15/2023,2/15/2023,2/15/2023,2/15/2023,Upton,EASTERN,3,EASTERN,605,39.25332,-76.526651,"39.25332, -76.526651"
SR-100739,Closed,Phone,Graffiti,Graffiti Request,9/18/2023,9/18/2023,9/18/2023,9/18/2023,Mount Washington,SOUTHERN,3,SOUTHERN,124,39.359919,-76.41669,"39.359919, -76.41669"
SR-100740,Open,Phone,Illegal Dumping,Illegal Dumping Request,5/4/2019,5/4/2019,5/4/2019,5/4/2019,Greenmount West,NORTHWESTERN,7,NORTHWESTERN,191,39.239086,-76.463942,"39.239086, -76.463942"
SR-100741,Open,Phone,Dead Animal,Dead Animal Request,1/19/2019,1/19/2019,1/19/2019,1/19/2019,Berea,WESTERN,14,WESTERN,171,39.229059,-76.587243,"39.229059, -76.587243"
SR-100742,Closed,Phone,Parking Complaint,Parking Complaint Request,6/3/2020,6/3/2020,6/3/2020,6/3/2020,Johnston Square,WESTERN,4,WESTERN,656,39.460232,-76.549031,"39.460232, -76.549031"
SR-100743,Open,Phone,Pothole,Pothole Request,4/22/2019,4/22/2019,4/22/2019,4/22/2019,Clifton Park,NORTHEASTERN,11,NORTHEASTERN,673,39.252988,-76.344828,"39.252988, -76.344828"
SR-100744,Closed,Phone,Graffiti,Graffiti Request,10/10/2019,10/10/2019,10/10/2019,10/10/2019,Roland Park,NORTHERN,7,NORTHERN,730,39.459674,-76.37333,"39.459674, -76.37333"
SR-100745,Open,Phone,Street Light Out,Street Light Out Request,7/2/2020,7/2/2020,7/2/2020,7/2/2020,Govans,NORTHEASTERN,1,NORTHEASTERN,747,39.242848,-76.452722,"39.242848, -76.452722"
SR-100746,In Progress,Phone,Dirty Street,Dirty Street Request,1/23/2021,1/23/2021,1/23/2021,1/23/2021,Guilford,SOUTHERN,12,SOUTHERN,309,39.486777,-76.59784,"39.486777, -76.59784"
SR-100747,Closed,Phone,Illegal Dumping,Illegal Dumping Request,4/8/2021,4/8/2021,4/8/2021,4/8/2021,Pen Lucy,CENTRAL,12,CENTRAL,291,39.208167,-76.313585,"39.208167, -76.313585"
SR-100748,Open,Phone,Dirty Street,Dirty Street Request,2/2/2021,2/2/2021,2/2/2021,2/2/2021,Greenmount West,NORTHWESTERN,8,NORTHWESTERN,350,39.281632,-76.318492,"39.281632, -76.318492"
SR-100749,Closed,Phone,Dead Animal,Dead Animal Request,12/11/2019,12/11/2019,12/11/2019,12/11/2019,Harlem Park,SOUTHERN,10,SOUTHERN,505,39.266402,-76.562327,"39.266402, -76.562327"
SR-100750,Closed,Phone,Vacant Building,Vacant Building Request,10/27/2019,10/27/2019,10/27/2019,10/27/2019,Johnston Square,NORTHWESTERN,2,NORTHWESTERN,753,39.492639,-76.456672,"39.492639, -76.456672"
SR-100751,In Progress,Phone,Parking Complaint,Parking Complaint Request,10/21/2021,10/21/2021,10/21/2021,10/21/2021,Homeland,NORTHWESTERN,10,NORTHWESTERN,151,39.324462,-76.528342,"39.324462, -76.528342"
SR-100752,In Progress,Phone,Illegal Dumping,Illegal Dumping Request,4/22/2022,4/22/2022,4/22/2022,4/22/2022,Curtis Bay,NORTHERN,10,NORTHERN,203,39.344155,-76.539816,"39.344155, -76.539816"
SR-100753,Closed,Phone,Pothole,Pothole Request,1/23/2023,1/23/2023,1/23/2023,1/23/2023,Morrell Park,SOUTHERN,7,SOUTHERN,245,39.438622,-76.510467,"39.438622, -76.510467"
SR-100754,Closed,Phone,Vacant Building,Vacant Building Request,6/2/2022,6/2/2022,6/2/2022,6/2/2022,Eastwood,EASTERN,2,EASTERN,374,39.329157,-76.52765,"39.329157, -76.52765"
SR-100755,In Progress,Phone,Vacant Building,Vacant Building Request,1/8/2019,1/8/2019,1/8/2019,1/8/2019,Govans,SOUTHERN,6,SOUTHERN,469,39.430561,-76.328793,"39.430561, -76.328793"
SR-100756,In Progress,Phone,Vacant Building,Vacant Building Request,7/28/2021,7/28/2021,7/28/2021,7/28/2021,Middle East,CENTRAL,9,CENTRAL,208,39.39285,-76.582404,"39.39285, -76.582404"
SR-100757,Closed,Phone,Abandoned Vehicle,Abandoned Vehicle Request,1/5/2023,1/5/2023,1/5/2023,1/5/2023,Charles Village,CENTRAL,6,CENTRAL,207,39.200657,-76.487409,"39.200657, -76.487409"
SR-100758,Open,Phone,Pothole,Pothole Request,10/1/2023,10/1/2023,10/1/2023,10/1/2023,Irvington,WESTERN,8,WESTERN,884,39.452922,-76.566373,"39.452922, -76.566373"
SR-100759,In Progress,Phone,Dirty Street,Dirty Street Request,6/4/2022,6/4/2022,6/4/2022,6/4/2022,Pimlico,NORTHEASTERN,8,NORTHEASTERN,584,39.477496,-76.483035,"39.477496, -76.483035"
SR-100760,Closed,Phone,Parking Complaint,Parking Complaint Request,5/13/2019,5/13/2019,5/13/2019,5/13/2019,Clifton Park,SOUTHERN,11,SOUTHERN,752,39.394251,-76.401437,"39.394251, -76.401437"
SR-100761,In Progress,Phone,Parking Complaint,Parking Complaint Request,4/24/2021,4/24/2021,4/24/2021,4/24/2021,Hampden,WESTERN,12,WESTERN,751,39.303733,-76.438621,"39.303733, -76.438621"
SR-100762,Closed,Phone,Pothole,Pothole Request,3/1/2022,3/1/2022,3/1/2022,3/1/2022,Berea,NORTHERN,9,NORTHERN,597,39.277127,-76.309049,"39.277127, -76.309049"
SR-100763,In Progress,Phone,Illegal Dumping,Illegal Dumping Request,7/26/2020,7/26/2020,7/26/2020,7/26/2020,Upton,NORTHEASTERN,13,NORTHEASTERN,402,39.268245,-76.453634,"39.268245, -76.453634"
SR-100764,In Progress,Phone,Street Light Out,Street Light Out Request,3/24/2021,3/24/2021,3/24/2021,3/24/2021,Upton,SOUTHERN,8,SOUTHERN,402,39.234499,-76.327936,"39.234499, -76.327936"
SR-100765,In Progress,Phone,Illegal Dumping,Illegal Dumping Request,5/12/2019,5/12/2019,5/12/2019,5/12/2019,Park Heights,NORTHWESTERN,1,NORTHWESTERN,150,39.306539,-76.312843,"39.306539, -76.312843"
SR-100766,In Progress,Phone,Dirty Street,Dirty Street Request,1/14/2023,1/14/2023,1/14/2023,1/14/2023,Belair-Edison,CENTRAL,6,CENTRAL,534,39.305028,-76.458859,"39.305028, -76.458859"
SR-100767,Closed,Phone,Dirty Street,Dirty Street Request,8/23/2020,8/23/2020,8/23/2020,8/23/2020,Hampden,SOUTHERN,2,SOUTHERN,138,39.276262,-76.476151,"39.276262, -76.476151"
SR-100768,Closed,Phone,Vacant Building,Vacant Building Request,10/17/2019,10/17/2019,10/17/2019,10/17/2019,Waverly,WESTERN,2,WESTERN,370,39.29702,-76.406507,"39.29702, -76.406507"
SR-100769,Closed,Phone,Dead Animal,Dead Animal Request,8/2/2021,8/2/2021,8/2/2021,8/2/2021,Pen Lucy,EASTERN,2,EASTERN,603,39.325503,-76.468093,"39.325503, -76.468093"
SR-100770,Closed,Phone,Illegal Dumping,Illegal Dumping Request,1/6/2022,1/6/2022,1/6/2022,1/6/2022,Harlem Park,NORTHERN,4,NORTHERN,776,39.25094,-76.5031,"39.25094, -76.5031"
SR-100771,Closed,Phone,Street Light Out,Street Light Out Request,5/24/2020,5/24/2020,5/24/2020,5/24/2020,Eastwood,NORTHEASTERN,9,NORTHEASTERN,128,39.326378,-76.301813,"39.326378, -76.301813"
SR-100772,Open,Phone,Illegal Dumping,Illegal Dumping Request,5/3/2021,5/3/2021,5/3/2021,5/3/2021,Hampden,WESTERN,7,WESTERN,353,39.279771,-76.590526,"39.279771, -76.590526"
SR-100773,In Progress,Phone,Vacant Building,Vacant Building Request,6/25/2019,6/25/2019,6/25/2019,6/25/2019,Johnston Square,WESTERN,8,WESTERN,292,39.36634,-76.433887,"39.36634, -76.433887"
SR-100774,Open,Phone,Dirty Street,Dirty Street Request,10/24/2020,10/24/2020,10/24/2020,10/24/2020,Irvington,NORTHWESTERN,13,NORTHWESTERN,881,39.389175,-76.569003,"39.389175, -76.569003"
SR-100775,In Progress,Phone,Illegal Dumping,Illegal Dumping Request,10/14/2020,10/14/2020,10/14/2020,10/14/2020,Roland Park,WESTERN,13,WESTERN,162,39.33022,-76.567273,"39.33022, -76.567273"
SR-100776,Open,Phone,Parking Complaint,Parking Complaint Request,5/13/2022,5/13/2022,5/13/2022,5/13/2022,Waverly,NORTHERN,7,NORTHERN,365,39.451015,-76.300009,"39.451015, -76.300009"
SR-100777,Open,Phone,Pothole,Pothole Request,7/6/2021,7/6/2021,7/6/2021,7/6/2021,Johnston Square,WESTERN,1,WESTERN,862,39.366524,-76.323492,"39.366524, -76.323492"
SR-100778,In Progress,Phone,Dirty Street,Dirty Street Request,4/26/2021,4/26/2021,4/26/2021,4/26/2021,Eastwood,NORTHEASTERN,1,NORTHEASTERN,694,39.369436,-76.493145,"39.369436, -76.493145"
SR-100779,Closed,Phone,Abandoned Vehicle,Abandoned Vehicle Request,7/4/2023,7/4/2023,7/4/2023,7/4/2023,Morrell Park,NORTHWESTERN,13,NORTHWESTERN,209,39.35629,-76.411407,"39.35629, -76.411407"
SR-100780,Closed,Phone,Illegal Dumping,Illegal Dumping Request,11/28/2023,11/28/2023,11/28/2023,11/28/2023,Pigtown,NORTHWESTERN,4,NORTHWESTERN,290,39.405043,-76.557713,"39.405043, -76.557713"
SR-100781,In Progress,Phone,Graffiti,Graffiti Request,7/11/2023,7/11/2023,7/11/2023,7/11/2023,Hampden,CENTRAL,14,CENTRAL,676,39.361017,-76.310643,"39.361017, -76.310643"
SR-100782,Open,Phone,Abandoned Vehicle,Abandoned Vehicle Request,1/25/2023,1/25/2023,1/25/2023,1/25/2023,Waverly,NORTHERN,10,NORTHERN,889,39.359025,-76.538453,"39.359025, -76.538453"
SR-100783,Open,Phone,Street Light Out,Street Light Out Request,4/1/2021,4/1/2021,4/1/2021,4/1/2021,Roland Park,NORTHEASTERN,11,NORTHEASTERN,654,39.265794,-76.595509,"39.265794, -76.595509"
SR-100784,In Progress,Phone,Vacant Building,Vacant Building Request,4/18/2019,4/18/2019,4/18/2019,4/18/2019,Curtis Bay,NORTHERN,11,NORTHERN,586,39.205568,-76.378713,"39.205568, -76.378713"
SR-100785,In Progress,Phone,Graffiti,Graffiti Request,10/5/2022,10/5/2022,10/5/2022,10/5/2022,Johnston Square,NORTHERN,12,NORTHERN,117,39.374503,-76.405993,"39.374503, -76.405993"
SR-100786,Open,Phone,Pothole,Pothole Request,2/19/2022,2/19/2022,2/19/2022,2/19/2022,Park Heights,NORTHEASTERN,5,NORTHEASTERN,877,39.380563,-76.306519,"39.380563, -76.306519"
SR-100787,Open,Phone,Dirty Street,Dirty Street Request,1/28/2021,1/28/2021,1/28/2021,1/28/2021,Westport,SOUTHERN,5,SOUTHERN,353,39.48311,-76.301689,"39.48311, -76.301689"
SR-100788,In Progress,Phone,Vacant Building,Vacant Building Request,8/7/2022,8/7/2022,8/7/2022,8/7/2022,Middle East,EASTERN,11,EASTERN,425,39.273705,-76.368488,"39.273705, -76.368488"
SR-100789,Open,Phone,Dirty Street,Dirty Street Request,7/16/2021,7/16/2021,7/16/2021,7/16/2021,Guilford,NORTHERN,10,NORTHERN,267,39.294339,-76.325591,"39.294339, -76.325591"
SR-100790,Closed,Phone,Abandoned Vehicle,Abandoned Vehicle Request,12/14/2020,12/14/2020,12/14/2020,12/14/2020,Morrell Park,EASTERN,5,EASTERN,333,39.414799,-76.534468,"39.414799, -76.534468"
SR-100791,In Progress,Phone,Dirty Street,Dirty Street Request,4/22/2019,4/22/2019,4/22/2019,4/22/2019,Oliver,NORTHERN,1,NORTHERN,434,39.223654,-76.399967,"39.223654, -76.399967"
SR-100792,Closed,Phone,Vacant Building,Vacant Building Request,11/26/2021,11/26/2021,11/26/2021,11/26/2021,Greenmount West,EASTERN,4,EASTERN,121,39.218867,-76.529928,"39.218867, -76.529928"
SR-100793,Closed,Phone,Abandoned Vehicle,Abandoned Vehicle Request,9/21/2022,9/21/2022,9/21/2022,9/21/2022,Roland Park,EASTERN,8,EASTERN,493,39.484797,-76.365948,"39.484797, -76.365948"
SR-100794,In Progress,Phone,Parking Complaint,Parking Complaint Request,2/21/2023,2/21/2023,2/21/2023,2/21/2023,Waverly,CENTRAL,12,CENTRAL,742,39.210018,-76.493733,"39.210018, -76.493733"
SR-100795,Closed,Phone,Abandoned Vehicle,Abandoned Vehicle Request,8/26/2019,8/26/2019,8/26/2019,8/26/2019,Upton,WESTERN,4,WESTERN,538,39.404212,-76.544174,"39.404212, -76.544174"
SR-100796,In Progress,Phone,Dead Animal,Dead Animal Request,5/24/2022,5/24/2022,5/24/2022,5/24/2022,Guilford,NORTHWESTERN,2,NORTHWESTERN,323,39.338749,-76.439766,"39.338749, -76.439766"
SR-100797,Closed,Phone,Dead Animal,Dead Animal Request,4/10/2021,4/10/2021,4/10/2021,4/10/2021,Upton,WESTERN,12,WESTERN,222,39.303337,-76.397811,"39.303337, -76.397811"
SR-100798,Closed,Phone,Graffiti,Graffiti Request,3/14/2023,3/14/2023,3/14/2023,3/14/2023,Waverly,EASTERN,8,EASTERN,490,39.232596,-76.300358,"39.232596, -76.300358"
SR-100799,Open,Phone,Street Light Out,Street Light Out Request,8/7/2019,8/7/2019,8/7/2019,8/7/2019,Hampden,NORTHWESTERN,13,NORTHWESTERN,334,39.361603,-76.334252,"39.361603, -76.334252"
SR-100800,Open,Phone,Illegal Dumping,Illegal Dumping Request,2/9/2021,2/9/2021,2/9/2021,2/9/2021,Guilford,SOUTHERN,5,SOUTHERN,562,39.43805,-76.474732,"39.43805, -76.474732"
SR-100801,Open,Phone,Rat Rubout,Rat Rubout Request,11/4/2019,11/4/2019,11/4/2019,11/4/2019,Roland Park,NORTHWESTERN,7,NORTHWESTERN,512,39.360138,-76.422264,"39.360138, -76.422264"
SR-100802,In Progress,Phone,Rat Rubout,Rat Rubout Request,1/18/2019,1/18/2019,1/18/2019,1/18/2019,Curtis Bay,EASTERN,9,EASTERN,299,39.466403,-76.51944,"39.466403, -76.51944"
SR-100803,Open,Phone,Street Light Out,Street Light Out Request,9/22/2021,9/22/2021,9/22/2021,9/22/2021,Harlem Park,NORTHEASTERN,2,NORTHEASTERN,514,39.352131,-76.301379,"39.352131, -76.301379"
SR-100804,Closed,Phone,Vacant Building,Vacant Building Request,9/17/2019,9/17/2019,9/17/2019,9/17/2019,Pimlico,EASTERN,10,EASTERN,138,39.469119,-76.447523,"39.469119, -76.447523"
SR-100805,Open,Phone,Abandoned Vehicle,Abandoned Vehicle Request,5/10/2020,5/10/2020,5/10/2020,5/10/2020,Charles Village,CENTRAL,7,CENTRAL,167,39.366724,-76.365475,"39.366724, -76.365475"
SR-100806,Closed,Phone,Rat Rubout,Rat Rubout Request,12/13/2021,12/13/2021,12/13/2021,12/13/2021,Johnston Square,NORTHWESTERN,7,NORTHWESTERN,306,39.337253,-76.37077,"39.337253, -76.37077"
SR-100807,Closed,Phone,Rat Rubout,Rat Rubout Request,4/23/2023,4/23/2023,4/23/2023,4/23/2023,Upton,SOUTHERN,3,SOUTHERN,881,39.225615,-76.464573,"39.225615, -76.464573"
SR-100808,Closed,Phone,Vacant Building,Vacant Building Request,9/24/2020,9/24/2020,9/24/2020,9/24/2020,Belair-Edison,WESTERN,1,WESTERN,894,39.301809,-76.40502,"39.301809, -76.40502"
SR-100809,Open,Phone,Dirty Street,Dirty Street Request,12/8/2023,12/8/2023,12/8/2023,12/8/2023,Roland Park,CENTRAL,5,CENTRAL,601,39.233583,-76.575728,"39.233583, -76.575728"
SR-100810,Open,Phone,Dead Animal,Dead Animal Request,3/24/2023,3/24/2023,3/24/2023,3/24/2023,Greenmount West,SOUTHERN,9,SOUTHERN,198,39.368259,-76.307838,"39.368259, -76.307838"
SR-100811,In Progress,Phone,Abandoned Vehicle,Abandoned Vehicle Request,11/5/2022,11/5/2022,11/5/2022,11/5/2022,Brooklyn,NORTHWESTERN,13,NORTHWESTERN,671,39.390695,-76.357051,"39.390695, -76.357051"
SR-100812,Closed,Phone,Dirty Street,Dirty Street Request,6/12/2019,6/12/2019,6/12/2019,6/12/2019,Druid Heights,WESTERN,9,WESTERN,355,39.255621,-76.393487,"39.255621, -76.393487"
SR-100813,Open,Phone,Graffiti,Graffiti Request,4/13/2019,4/13/2019,4/13/2019,4/13/2019,Harlem Park,NORTHWESTERN,4,NORTHWESTERN,615,39.322427,-76.404501,"39.322427, -76.404501"
SR-100814,Open,Phone,Pothole,Pothole Request,9/15/2022,9/15/2022,9/15/2022,9/15/2022,Westport,NORTHEASTERN,10,NORTHEASTERN,114,39.246362,-76.452065,"39.246362, -76.452065"
SR-100815,Open,Phone,Rat Rubout,Rat Rubout Request,12/22/2022,12/22/2022,12/22/2022,12/22/2022,Oliver,NORTHWESTERN,12,NORTHWESTERN,131,39.352644,-76.59886,"39.352644, -76.59886"
SR-100816,In Progress,Phone,Graffiti,Graffiti Request,7/16/2019,7/16/2019,7/16/2019,7/16/2019,Curtis Bay,WESTERN,4,WESTERN,554,39.25209,-76.446781,"39.25209, -76.446781"
SR-100817,In Progress,Phone,Illegal Dumping,Illegal Dumping Request,10/21/2020,10/21/2020,10/21/2020,10/21/2020,Irvington,CENTRAL,13,CENTRAL,159,39.471712,-76.429803,"39.471712, -76.429803"
SR-100818,Open,Phone,Rat Rubout,Rat Rubout Request,3/26/2020,3/26/2020,3/26/2020,3/26/2020,Charles Village,WESTERN,6,WESTERN,355,39.228922,-76.47229,"39.228922, -76.47229"
SR-100819,In Progress,Phone,Abandoned Vehicle,Abandoned Vehicle Request,7/19/2020,7/19/2020,7/19/2020,7/19/2020,Morrell Park,SOUTHERN,3,SOUTHERN,143,39.272892,-76.310052,"39.272892, -76.310052"
SR-100820,Closed,Phone,Graffiti,Graffiti Request,9/14/2021,9/14/2021,9/14/2021,9/14/2021,Johnston Square,NORTHWESTERN,11,NORTHWESTERN,899,39.302198,-76.360069,"39.302198, -76.360069"
SR-100821,In Progress,Phone,Parking Complaint,Parking Complaint Request,1/27/2020,1/27/2020,1/27/2020,1/27/2020,Charles Village,NORTHWESTERN,11,NORTHWESTERN,689,39.349489,-76.591192,"39.349489, -76.591192"
SR-100822,Open,Phone,Graffiti,Graffiti Request,1/3/2022,1/3/2022,1/3/2022,1/3/2022,Pigtown,EASTERN,1,EASTERN,361,39.454628,-76.431592,"39.454628, -76.431592"
SR-100823,In Progress,Phone,Dead Animal,Dead Animal Request,3/2/2019,3/2/2019,3/2/2019,3/2/2019,Westport,EASTERN,9,EASTERN,557,39.427184,-76.561552,"39.427184, -76.561552"
SR-100824,Closed,Phone,Street Light Out,Street Light Out Request,7/6/2021,7/6/2021,7/6/2021,7/6/2021,Westport,WESTERN,7,WESTERN,819,39.363362,-76.307452,"39.363362, -76.307452"
SR-100825,Open,Phone,Street Light Out,Street Light Out Request,3/26/2020,3/26/2020,3/26/2020,3/26/2020,Upton,EASTERN,7,EASTERN,876,39.490659,-76.5924,"39.490659, -76.5924"
SR-100826,In Progress,Phone,Dead Animal,Dead Animal Request,11/3/2021,11/3/2021,11/3/2021,11/3/2021,Brooklyn,WESTERN,10,WESTERN,150,39.322292,-76.429297,"39.322292, -76.429297"
SR-100827,In Progress,Phone,Parking Complaint,Parking Complaint Request,5/3/2022,5/3/2022,5/3/2022,5/3/2022,Greenmount West,SOUTHERN,4,SOUTHERN,525,39.378099,-76.524698,"39.378099, -76.524698"
SR-100828,Open,Phone,Illegal Dumping,Illegal Dumping Request,11/8/2020,11/8/2020,11/8/2020,11/8/2020,Govans,CENTRAL,14,CENTRAL,619,39.324946,-76.574313,"39.324946, -76.574313"
SR-100829,Open,Phone,Street Light Out,Street Light Out Request,6/16/2020,6/16/2020,6/16/2020,6/16/2020,Pigtown,SOUTHERN,6,SOUTHERN,676,39.414343,-76.333241,"39.414343, -76.333241"
SR-100830,In Progress,Phone,Dead Animal,Dead Animal Request,5/11/2023,5/11/2023,5/11/2023,5/11/2023,Belair-Edison,CENTRAL,11,CENTRAL,625,39.3242,-76.439283,"39.3242, -76.439283"
SR-100831,Open,Phone,Rat Rubout,Rat Rubout Request,8/10/2020,8/10/2020,8/10/2020,8/10/2020,Hampden,CENTRAL,4,CENTRAL,876,39.462853,-76.328808,"39.462853, -76.328808"
SR-100832,Open,Phone,Vacant Building,Vacant Building Request,5/5/2019,5/5/2019,5/5/2019,5/5/2019,Irvington,EASTERN,14,EASTERN,499,39.297318,-76.545275,"39.297318, -76.545275"
SR-100833,Open,Phone,Rat Rubout,Rat Rubout Request,3/4/2019,3/4/2019,3/4/2019,3/4/2019,Oliver,CENTRAL,10,CENTRAL,668,39.251917,-76.50014,"39.251917, -76.50014"
SR-100834,Closed,Phone,Dead Animal,Dead Animal Request,2/24/2022,2/24/2022,2/24/2022,2/24/2022,Berea,NORTHEASTERN,13,NORTHEASTERN,265,39.331448,-76.47669,"39.331448, -76.47669"
SR-100835,In Progress,Phone,Pothole,Pothole Request,4/27/2019,4/27/2019,4/27/2019,4/27/2019,Morrell Park,SOUTHERN,2,SOUTHERN,740,39.291206,-76.452746,"39.291206, -76.452746"
SR-100836,In Progress,Phone,Parking Complaint,Parking Complaint Request,9/1/2023,9/1/2023,9/1/2023,9/1/2023,Cherry Hill,EASTERN,1,EASTERN,636,39.295647,-76.342425,"39.295647, -76.342425"
SR-100837,In Progress,Phone,Street Light Out,Street Light Out Request,10/27/2019,10/27/2019,10/27/2019,10/27/2019,Greenmount West,NORTHERN,8,NORTHERN,842,39.475383,-76.599076,"39.475383, -76.599076"
SR-100838,Closed,Phone,Graffiti,Graffiti Request,10/26/2020,10/26/2020,10/26/2020,10/26/2020,Guilford,WESTERN,1,WESTERN,270,39.270473,-76.413255,"39.270473, -76.413255"
SR-100839,Closed,Phone,Illegal Dumping,Illegal Dumping Request,10/10/2021,10/10/2021,10/10/2021,10/10/2021,Eastwood,EASTERN,7,EASTERN,482,39.470534,-76.580212,"39.470534, -76.580212"
SR-100840,Open,Phone,Rat Rubout,Rat Rubout Request,6/16/2021,6/16/2021,6/16/2021,6/16/2021,Johnston Square,SOUTHERN,9,SOUTHERN,172,39.313408,-76.409619,"39.313408, -76.409619"
SR-100841,Closed,Phone,Illegal Dumping,Illegal Dumping Request,11/24/2022,11/24/2022,11/24/2022,11/24/2022,Sandtown-Winchester,CENTRAL,6,CENTRAL,422,39.318288,-76.338565,"39.318288, -76.338565"
SR-100842,Open,Phone,Graffiti,Graffiti Request,12/21/2023,12/21/2023,12/21/2023,12/21/2023,Oliver,NORTHWESTERN,13,NORTHWESTERN,129,39.215238,-76.478582,"39.215238, -76.478582"
SR-100843,In Progress,Phone,Graffiti,Graffiti Request,2/14/2022,2/14/2022,2/14/2022,2/14/2022,Guilford,EASTERN,2,EASTERN,551,39.397997,-76.541896,"39.397997, -76.541896"
SR-100844,Open,Phone,Vacant Building,Vacant Building Request,12/6/2019,12/6/2019,12/6/2019,12/6/2019,Govans,EASTERN,8,EASTERN,819,39.408086,-76.487019,"39.408086, -76.487019"
SR-100845,Closed,Phone,Dead Animal,Dead Animal Request,2/10/2023,2/10/2023,2/10/2023,2/10/2023,Morrell Park,NORTHEASTERN,14,NORTHEASTERN,496,39.427744,-76.331174,"39.427744, -76.331174"
SR-100846,Open,Phone,Illegal Dumping,Illegal Dumping Request,6/15/2022,6/15/2022,6/15/2022,6/15/2022,Mount Washington,WESTERN,7,WESTERN,669,39.278857,-76.364407,"39.278857, -76.364407"
SR-100847,Open,Phone,Dead Animal,Dead Animal Request,7/1/2020,7/1/2020,7/1/2020,7/1/2020,Brooklyn,SOUTHERN,3,SOUTHERN,744,39.27064,-76.442533,"39.27064, -76.442533"
SR-100848,Open,Phone,Parking Complaint,Parking Complaint Request,7/19/2023,7/19/2023,7/19/2023,7/19/2023,Westport,WESTERN,13,WESTERN,843,39.41778,-76.43598,"39.41778, -76.43598"
SR-100849,Open,Phone,Rat Rubout,Rat Rubout Request,9/15/2019,9/15/2019,9/15/2019,9/15/2019,Homeland,CENTRAL,5,CENTRAL,754,39.366792,-76.513466,"39.366792, -76.513466"
SR-100850,In Progress,Phone,Street Light Out,Street Light Out Request,4/10/2022,4/10/2022,4/10/2022,4/10/2022,Sandtown-Winchester,NORTHWESTERN,13,NORTHWESTERN,860,39.27803,-76.568411,"39.27803, -76.568411"
SR-100851,Open,Phone,Dirty Street,Dirty Street Request,4/28/2023,4/28/2023,4/28/2023,4/28/2023,Govans,NORTHEASTERN,11,NORTHEASTERN,860,39.216957,-76.550585,"39.216957, -76.550585"
SR-100852,In Progress,Phone,Vacant Building,Vacant Building Request,1/20/2020,1/20/2020,1/20/2020,1/20/2020,Roland Park,WESTERN,2,WESTERN,802,39.288292,-76.316874,"39.288292, -76.316874"
SR-100853,In Progress,Phone,Illegal Dumping,Illegal Dumping Request,5/28/2020,5/28/2020,5/28/2020,5/28/2020,Cherry Hill,NORTHEASTERN,10,NORTHEASTERN,710,39.299108,-76.468142,"39.299108, -76.468142"
SR-100854,Open,Phone,Parking Complaint,Parking Complaint Request,3/11/2022,3/11/2022,3/11/2022,3/11/2022,Sandtown-Winchester,NORTHEASTERN,9,NORTHEASTERN,596,39.434493,-76.34422,"39.434493, -76.34422"
SR-100855,Closed,Phone,Parking Complaint,Parking Complaint Request,7/21/2019,7/21/2019,7/21/2019,7/21/2019,Belair-Edison,NORTHWESTERN,4,NORTHWESTERN,552,39.304537,-76.340944,"39.304537, -76.340944"
SR-100856,Closed,Phone,Vacant Building,Vacant Building Request,2/26/2021,2/26/2021,2/26/2021,2/26/2021,Pen Lucy,NORTHEASTERN,8,NORTHEASTERN,594,39.229713,-76.480319,"39.229713, -76.480319"
SR-100857,In Progress,Phone,Dead Animal,Dead Animal Request,6/26/2023,6/26/2023,6/26/2023,6/26/2023,Govans,EASTERN,3,EASTERN,377,39.423015,-76.384146,"39.423015, -76.384146"
SR-100858,Open,Phone,Graffiti,Graffiti Request,8/7/2022,8/7/2022,8/7/2022,8/7/2022,Mount Washington,WESTERN,6,WESTERN,898,39.376806,-76.458504,"39.376806, -76.458504"
SR-100859,In Progress,Phone,Vacant Building,Vacant Building Request,3/1/2019,3/1/2019,3/1/2019,3/1/2019,Johnston Square,WESTERN,3,WESTERN,651,39.300345,-76.398995,"39.300345, -76.398995"
SR-100860,In Progress,Phone,Rat Rubout,Rat Rubout Request,5/7/2021,5/7/2021,5/7/2021,5/7/2021,Pen Lucy,WESTERN,8,WESTERN,513,39.241474,-76.347863,"39.241474, -76.347863"
SR-100861,Open,Phone,Parking Complaint,Parking Complaint Request,4/22/2019,4/22/2019,4/22/2019,4/22/2019,Morrell Park,SOUTHERN,9,SOUTHERN,536,39.346071,-76.37004,"39.346071, -76.37004"
SR-100862,In Progress,Phone,Pothole,Pothole Request,10/13/2023,10/13/2023,10/13/2023,10/13/2023,Homeland,WESTERN,7,WESTERN,337,39.355809,-76.456321,"39.355809, -76.456321"
SR-100863,In Progress,Phone,Dead Animal,Dead Animal Request,2/18/2021,2/18/2021,2/18/2021,2/18/2021,Morrell Park,NORTHEASTERN,12,NORTHEASTERN,738,39.297066,-76.588549,"39.297066, -76.588549"
SR-100864,Open,Phone,Vacant Building,Vacant Building Request,11/10/2019,11/10/2019,11/10/2019,11/10/2019,Westport,WESTERN,1,WESTERN,563,39.339939,-76.544123,"39.339939, -76.544123"
SR-100865,In Progress,Phone,Abandoned Vehicle,Abandoned Vehicle Request,5/11/2021,5/11/2021,5/11/2021,5/11/2021,Belair-Edison,SOUTHERN,1,SOUTHERN,716,39.344127,-76.476411,"39.344127, -76.476411"
SR-100866,In Progress,Phone,Street Light Out,Street Light Out Request,11/6/2022,11/6/2022,11/6/2022,11/6/2022,Park Heights,SOUTHERN,6,SOUTHERN,192,39.28318,-76.583556,"39.28318, -76.583556"
SR-100867,Open,Phone,Parking Complaint,Parking Complaint Request,10/4/2020,10/4/2020,10/4/2020,10/4/2020,Mount Washington,WESTERN,9,WESTERN,272,39.439354,-76.52823,"39.439354, -76.52823"
SR-100868,In Progress,Phone,Dirty Street,Dirty Street Request,6/14/2020,6/14/2020,6/14/2020,6/14/2020,Berea,NORTHEASTERN,1,NORTHEASTERN,673,39.382793,-76.565455,"39.382793, -76.565455"
SR-100869,Open,Phone,Street Light Out,Street Light Out Request,9/16/2021,9/16/2021,9/16/2021,9/16/2021,Clifton Park,CENTRAL,6,CENTRAL,130,39.200127,-76.384126,"39.200127, -76.384126"
SR-100870,In Progress,Phone,Dead Animal,Dead Animal Request,11/22/2023,11/22/2023,11/22/2023,11/22/2023,Druid Heights,NORTHWESTERN,3,NORTHWESTERN,430,39.451412,-76.419811,"39.451412, -76.419811"
SR-100871,Open,Phone,Parking Complaint,Parking Complaint Request,8/23/2023,8/23/2023,8/23/2023,8/23/2023,Govans,EASTERN,8,EASTERN,896,39.444342,-76.572403,"39.444342, -76.572403"
SR-100872,Open,Phone,Parking Complaint,Parking Complaint Request,7/6/2023,7/6/2023,7/6/2023,7/6/2023,Oliver,NORTHEASTERN,14,NORTHEASTERN,640,39.419336,-76.379554,"39.419336, -76.379554"
SR-100873,Closed,Phone,Rat Rubout,Rat Rubout Request,4/26/2022,4/26/2022,4/26/2022,4/26/2022,Greenmount West,NORTHEASTERN,2,NORTHEASTERN,347,39.317699,-76.362664,"39.317699, -76.362664"
SR-100874,Open,Phone,Abandoned Vehicle,Abandoned Vehicle Request,12/26/2020,12/26/2020,12/26/2020,12/26/2020,Sandtown-Winchester,NORTHWESTERN,9,NORTHWESTERN,531,39.290914,-76.354221,"39.290914, -76.354221"
SR-100875,Open,Phone,Illegal Dumping,Illegal Dumping Request,5/13/2023,5/13/2023,5/13/2023,5/13/2023,Westport,NORTHEASTERN,8,NORTHEASTERN,563,39.442748,-76.516958,"39.442748, -76.516958"
SR-100876,Open,Phone,Vacant Building,Vacant Building Request,4/13/2021,4/13/2021,4/13/2021,4/13/2021,Sandtown-Winchester,NORTHERN,14,NORTHERN,362,39.489135,-76.359142,"39.489135, -76.359142"
SR-100877,Closed,Phone,Graffiti,Graffiti Request,5/4/2021,5/4/2021,5/4/2021,5/4/2021,Morrell Park,CENTRAL,1,CENTRAL,653,39.395827,-76.485913,"39.395827, -76.485913"
SR-100878,In Progress,Phone,Dirty Street,Dirty Street Request,12/6/2019,12/6/2019,12/6/2019,12/6/2019,Clifton Park,NORTHEASTERN,9,NORTHEASTERN,267,39.27486,-76.523601,"39.27486, -76.523601"
SR-100879,Closed,Phone,Pothole,Pothole Request,11/19/2019,11/19/2019,11/19/2019,11/19/2019,Berea,NORTHEASTERN,6,NORTHEASTERN,126,39.306605,-76.342452,"39.306605, -76.342452"
SR-100880,Open,Phone,Dirty Street,Dirty Street Request,7/17/2021,7/17/2021,7/17/2021,7/17/2021,Westport,CENTRAL,2,CENTRAL,715,39.32563,-76.588171,"39.32563, -76.588171"
SR-100881,Open,Phone,Abandoned Vehicle,Abandoned Vehicle Request,2/26/2020,2/26/2020,2/26/2020,2/26/2020,Cherry Hill,NORTHWESTERN,5,NORTHWESTERN,225,39.441844,-76.595626,"39.441844, -76.595626"
SR-100882,In Progress,Phone,Vacant Building,Vacant Building Request,6/17/2022,6/17/2022,6/17/2022,6/17/2022,Hampden,SOUTHERN,7,SOUTHERN,629,39.408557,-76.556383,"39.408557, -76.556383"
SR-100883,Closed,Phone,Street Light Out,Street Light Out Request,11/26/2019,11/26/2019,11/26/2019,11/26/2019,Greenmount West,NORTHERN,14,NORTHERN,684,39.33472,-76.324845,"39.33472, -76.324845"
SR-100884,Closed,Phone,Illegal Dumping,Illegal Dumping Request,4/8/2020,4/8/2020,4/8/2020,4/8/2020,Guilford,NORTHERN,5,NORTHERN,258,39.330767,-76.34757,"39.330767, -76.34757"
SR-100885,Open,Phone,Street Light Out,Street Light Out Request,5/9/2023,5/9/2023,5/9/2023,5/9/2023,Sandtown-Winchester,NORTHEASTERN,7,NORTHEASTERN,834,39.318121,-76.486538,"39.318121, -76.486538"
SR-100886,Open,Phone,Pothole,Pothole Request,12/25/2023,12/25/2023,12/25/2023,12/25/2023,Eastwood,NORTHWESTERN,1,NORTHWESTERN,318,39.419407,-76.515597,"39.419407, -76.515597"
SR-100887,In Progress,Phone,Street Light Out,Street Light Out Request,2/21/2021,2/21/2021,2/21/2021,2/21/2021,Upton,WESTERN,11,WESTERN,517,39.466323,-76.39949,"39.466323, -76.39949"
SR-100888,In Progress,Phone,Parking Complaint,Parking Complaint Request,4/9/2020,4/9/2020,4/9/2020,4/9/2020,Pimlico,NORTHERN,6,NORTHERN,388,39.310836,-76.332037,"39.310836, -76.332037"
SR-100889,In Progress,Phone,Pothole,Pothole Request,3/27/2019,3/27/2019,3/27/2019,3/27/2019,Greenmount West,CENTRAL,5,CENTRAL,855,39.266114,-76.372207,"39.266114, -76.372207"
SR-100890,Open,Phone,Pothole,Pothole Request,7/9/2020,7/9/2020,7/9/2020,7/9/2020,Greenmount West,EASTERN,14,EASTERN,871,39.222838,-76.419402,"39.222838, -76.419402"
SR-100891,In Progress,Phone,Graffiti,Graffiti Request,12/17/2020,12/17/2020,12/17/2020,12/17/2020,Middle East,WESTERN,14,WESTERN,441,39.467784,-76.396106,"39.467784, -76.396106"
SR-100892,In Progress,Phone,Parking Complaint,Parking Complaint Request,3/11/2021,3/11/2021,3/11/2021,3/11/2021,Brooklyn,SOUTHERN,11,SOUTHERN,532,39.237612,-76.304367,"39.237612, -76.304367"
SR-100893,In Progress,Phone,Graffiti,Graffiti Request,8/23/2019,8/23/2019,8/23/2019,8/23/2019,Waverly,CENTRAL,9,CENTRAL,390,39.450707,-76.525582,"39.450707, -76.525582"
SR-100894,In Progress,Phone,Vacant Building,Vacant Building Request,2/8/2021,2/8/2021,2/8/2021,2/8/2021,Pen Lucy,EASTERN,5,EASTERN,733,39.432386,-76.46104,"39.432386, -76.46104"
SR-100895,In Progress,Phone,Rat Rubout,Rat Rubout Request,1/12/2021,1/12/2021,1/12/2021,1/12/2021,Upton,WESTERN,5,WESTERN,153,39.465409,-76.558433,"39.465409, -76.558433"
SR-100896,In Progress,Phone,Illegal Dumping,Illegal Dumping Request,5/14/2021,5/14/2021,5/14/2021,5/14/2021,Charles Village,SOUTHERN,10,SOUTHERN,123,39.223424,-76.582163,"39.223424, -76.582163"
SR-100897,In Progress,Phone,Illegal Dumping,Illegal Dumping Request,2/4/2022,2/4/2022,2/4/2022,2/4/2022,Eastwood,CENTRAL,11,CENTRAL,550,39.43139,-76.4637,"39.43139, -76.4637"
SR-100898,Closed,Phone,Illegal Dumping,Illegal Dumping Request,1/8/2020,1/8/2020,1/8/2020,1/8/2020,Belair-Edison,SOUTHERN,4,SOUTHERN,882,39.360543,-76.486425,"39.360543, -76.486425"
SR-100899,Closed,Phone,Rat Rubout,Rat Rubout Request,5/27/2021,5/27/2021,5/27/2021,5/27/2021,Irvington,NORTHERN,11,NORTHERN,117,39.204927,-76.503875,"39.204927, -76.503875"
SR-100900,Closed,Phone,Graffiti,Graffiti Request,12/25/2020,12/25/2020,12/25/2020,12/25/2020,Harlem Park,WESTERN,1,WESTERN,583,39.372497,-76.319774,"39.372497, -76.319774"
SR-100901,Open,Phone,Dead Animal,Dead Animal Request,1/28/2020,1/28/2020,1/28/2020,1/28/2020,Berea,EASTERN,4,EASTERN,877,39.374549,-76.34526,"39.374549, -76.34526"
SR-100902,In Progress,Phone,Abandoned Vehicle,Abandoned Vehicle Request,3/24/2020,3/24/2020,3/24/2020,3/24/2020,Pigtown,CENTRAL,6,CENTRAL,797,39.463979,-76.557344,"39.463979, -76.557344"
SR-100903,In Progress,Phone,Parking Complaint,Parking Complaint Request,12/12/2021,12/12/2021,12/12/2021,12/12/2021,Pimlico,NORTHERN,5,NORTHERN,721,39.445687,-76.333566,"39.445687, -76.333566"
SR-100904,Open,Phone,Rat Rubout,Rat Rubout Request,6/24/2022,6/24/2022,6/24/2022,6/24/2022,Oliver,SOUTHERN,13,SOUTHERN,334,39.407433,-76.34971,"39.407433, -76.34971"
SR-100905,Open,Phone,Dead Animal,Dead Animal Request,10/25/2023,10/25/2023,10/25/2023,10/25/2023,Irvington,NORTHWESTERN,6,NORTHWESTERN,181,39.221492,-76.426494,"39.221492, -76.426494"
SR-100906,Open,Phone,Rat Rubout,Rat Rubout Request,6/25/2023,6/25/2023,6/25/2023,6/25/2023,Berea,WESTERN,13,WESTERN,642,39.331967,-76.323661,"39.331967, -76.323661"
SR-100907,Closed,Phone,Rat Rubout,Rat Rubout Request,6/16/2023,6/16/2023,6/16/2023,6/16/2023,Mount Washington,NORTHEASTERN,4,NORTHEASTERN,112,39.272675,-76.466291,"39.272675, -76.466291"
SR-100908,In Progress,Phone,Parking Complaint,Parking Complaint Request,9/20/2019,9/20/2019,9/20/2019,9/20/2019,Eastwood,NORTHERN,10,NORTHERN,885,39.444087,-76.410651,"39.444087, -76.410651"
SR-100909,In Progress,Phone,Pothole,Pothole Request,7/25/2021,7/25/2021,7/25/2021,7/25/2021,Eastwood,WESTERN,6,WESTERN,529,39.449773,-76.373895,"39.449773, -76.373895"
SR-100910,Open,Phone,Street Light Out,Street Light Out Request,11/24/2021,11/24/2021,11/24/2021,11/24/2021,Cherry Hill,CENTRAL,3,CENTRAL,558,39.201063,-76.53724,"39.201063, -76.53724"
SR-100911,In Progress,Phone,Street Light Out,Street Light Out Request,8/12/2023,8/12/2023,8/12/2023,8/12/2023,Druid Heights,WESTERN,10,WESTERN,665,39.446761,-76.583964,"39.446761, -76.583964"
SR-100912,Open,Phone,Abandoned Vehicle,Abandoned Vehicle Request,1/16/2020,1/16/2020,1/16/2020,1/16/2020,Mount Washington,NORTHEASTERN,10,NORTHEASTERN,148,39.213694,-76.479883,"39.213694, -76.479883"
SR-100913,Closed,Phone,Parking Complaint,Parking Complaint Request,4/19/2021,4/19/2021,4/19/2021,4/19/2021,Roland Park,EASTERN,5,EASTERN,591,39.447765,-76.324122,"39.447765, -76.324122"
SR-100914,Closed,Phone,Vacant Building,Vacant Building Request,3/2/2023,3/2/2023,3/2/2023,3/2/2023,Oliver,NORTHWESTERN,13,NORTHWESTERN,375,39.388736,-76.52338,"39.388736, -76.52338"
SR-100915,Closed,Phone,Dirty Street,Dirty Street Request,4/21/2022,4/21/2022,4/21/2022,4/21/2022,Sandtown-Winchester,CENTRAL,11,CENTRAL,739,39.345136,-76.327322,"39.345136, -76.327322"
SR-100916,Closed,Phone,Pothole,Pothole Request,2/3/2019,2/3/2019,2/3/2019,2/3/2019,Guilford,CENTRAL,8,CENTRAL,284,39.427187,-76.372806,"39.427187, -76.372806"
SR-100917,In Progress,Phone,Vacant Building,Vacant Building Request,12/13/2019,12/13/2019,12/13/2019,12/13/2019,Irvington,CENTRAL,2,CENTRAL,753,39.478343,-76.332038,"39.478343, -76.332038"
SR-100918,Open,Phone,Street Light Out,Street Light Out Request,11/14/2022,11/14/2022,11/14/2022,11/14/2022,Charles Village,EASTERN,12,EASTERN,686,39.219884,-76.591243,"39.219884, -76.591243"
SR-100919,Open,Phone,Illegal Dumping,Illegal Dumping Request,8/11/2020,8/11/2020,8/11/2020,8/11/2020,Curtis Bay,SOUTHERN,1,SOUTHERN,656,39.240553,-76.389698,"39.240553, -76.389698"
SR-100920,Closed,Phone,Graffiti,Graffiti Request,1/21/2020,1/21/2020,1/21/2020,1/21/2020,Curtis Bay,NORTHEASTERN,14,NORTHEASTERN,637,39.420953,-76.575984,"39.420953, -76.575984"
SR-100921,In Progress,Phone,Pothole,Pothole Request,6/6/2019,6/6/2019,6/6/2019,6/6/2019,Curtis Bay,NORTHWESTERN,5,NORTHWESTERN,171,39.217824,-76.313574,"39.217824, -76.313574"
SR-100922,In Progress,Phone,Vacant Building,Vacant Building Request,7/23/2022,7/23/2022,7/23/2022,7/23/2022,Waverly,CENTRAL,7,CENTRAL,124,39.263239,-76.588695,"39.263239, -76.588695"
SR-100923,In Progress,Phone,Dead Animal,Dead Animal Request,9/28/2020,9/28/2020,9/28/2020,9/28/2020,Waverly,SOUTHERN,4,SOUTHERN,233,39.228927,-76.452779,"39.228927, -76.452779"
SR-100924,Open,Phone,Street Light Out,Street Light Out Request,12/9/2022,12/9/2022,12/9/2022,12/9/2022,Mount Washington,SOUTHERN,13,SOUTHERN,502,39.234704,-76.485766,"39.234704, -76.485766"
SR-100925,Open,Phone,Street Light Out,Street Light Out Request,11/8/2022,11/8/2022,11/8/2022,11/8/2022,Harlem Park,EASTERN,3,EASTERN,174,39.358509,-76.334336,"39.358509, -76.334336"
SR-100926,Closed,Phone,Street Light Out,Street Light Out Request,2/2/2023,2/2/2023,2/2/2023,2/2/2023,Pigtown,NORTHEASTERN,9,NORTHEASTERN,776,39.248282,-76.417577,"39.248282, -76.417577"
SR-100927,Closed,Phone,Graffiti,Graffiti Request,9/24/2023,9/24/2023,9/24/2023,9/24/2023,Pigtown,EASTERN,12,EASTERN,453,39.396591,-76.46317,"39.396591, -76.46317"
SR-100928,In Progress,Phone,Parking Complaint,Parking Complaint Request,8/21/2021,8/21/2021,8/21/2021,8/21/2021,Charles Village,EASTERN,6,EASTERN,565,39.42206,-76.438194,"39.42206, -76.438194"
SR-100929,Closed,Phone,Dead Animal,Dead Animal Request,10/1/2022,10/1/2022,10/1/2022,10/1/2022,Charles Village,SOUTHERN,12,SOUTHERN,427,39.31954,-76.46165,"39.31954, -76.46165"
SR-100930,Closed,Phone,Pothole,Pothole Request,8/20/2021,8/20/2021,8/20/2021,8/20/2021,Clifton Park,WESTERN,12,WESTERN,733,39.445502,-76.371715,"39.445502, -76.371715"
SR-100931,Open,Phone,Rat Rubout,Rat Rubout Request,12/27/2020,12/27/2020,12/27/2020,12/27/2020,Morrell Park,NORTHERN,7,NORTHERN,422,39.284706,-76.385131,"39.284706, -76.385131"
SR-100932,Open,Phone,Illegal Dumping,Illegal Dumping Request,9/1/2019,9/1/2019,9/1/2019,9/1/2019,Cherry Hill,NORTHWESTERN,4,NORTHWESTERN,125,39.451823,-76.541921,"39.451823, -76.541921"
SR-100933,Open,Phone,Pothole,Pothole Request,3/1/2023,3/1/2023,3/1/2023,3/1/2023,Pigtown,WESTERN,13,WESTERN,579,39.200643,-76.553826,"39.200643, -76.553826"
SR-100934,Closed,Phone,Dirty Street,Dirty Street Request,8/12/2021,8/12/2021,8/12/2021,8/12/2021,Pimlico,SOUTHERN,12,SOUTHERN,191,39.33025,-76.512816,"39.33025, -76.512816"
SR-100935,Closed,Phone,Graffiti,Graffiti Request,3/11/2023,3/11/2023,3/11/2023,3/11/2023,Greenmount West,NORTHWESTERN,14,NORTHWESTERN,749,39.341332,-76.354421,"39.341332, -76.354421"
SR-100936,Closed,Phone,Graffiti,Graffiti Request,6/17/2020,6/17/2020,6/17/2020,6/17/2020,Brooklyn,NORTHEASTERN,7,NORTHEASTERN,330,39.34241,-76.31265,"39.34241, -76.31265"
SR-100937,Closed,Phone,Vacant Building,Vacant Building Request,9/25/2019,9/25/2019,9/25/2019,9/25/2019,Eastwood,NORTHWESTERN,14,NORTHWESTERN,752,39.366017,-76.307989,"39.366017, -76.307989"
SR-100938,In Progress,Phone,Parking Complaint,Parking Complaint Request,12/17/2023,12/17/2023,12/17/2023,12/17/2023,Clifton Park,NORTHEASTERN,3,NORTHEASTERN,890,39.464163,-76.576278,"39.464163, -76.576278"
SR-100939,In Progress,Phone,Dead Animal,Dead Animal Request,5/10/2019,5/10/2019,5/10/2019,5/10/2019,Pimlico,WESTERN,11,WESTERN,897,39.218023,-76.305528,"39.218023, -76.305528"
SR-100940,Closed,Phone,Street Light Out,Street Light Out Request,2/4/2020,2/4/2020,2/4/2020,2/4/2020,Johnston Square,EASTERN,2,EASTERN,100,39.232105,-76.478599,"39.232105, -76.478599"
SR-100941,Open,Phone,Parking Complaint,Parking Complaint Request,11/28/2019,11/28/2019,11/28/2019,11/28/2019,Morrell Park,WESTERN,6,WESTERN,231,39.47009,-76.307747,"39.47009, -76.307747"
SR-100942,Closed,Phone,Street Light Out,Street Light Out Request,7/16/2020,7/16/2020,7/16/2020,7/16/2020,Upton,SOUTHERN,13,SOUTHERN,106,39.234364,-76.596252,"39.234364, -76.596252"
SR-100943,In Progress,Phone,Parking Complaint,Parking Complaint Request,7/17/2023,7/17/2023,7/17/2023,7/17/2023,Hampden,EASTERN,14,EASTERN,414,39.282228,-76.30237,"39.282228, -76.30237"
SR-100944,In Progress,Phone,Vacant Building,Vacant Building Request,4/12/2022,4/12/2022,4/12/2022,4/12/2022,Druid Heights,SOUTHERN,4,SOUTHERN,751,39.328319,-76.429218,"39.328319, -76.429218"
SR-100945,Open,Phone,Street Light Out,Street Light Out Request,6/6/2020,6/6/2020,6/6/2020,6/6/2020,Johnston Square,SOUTHERN,10,SOUTHERN,683,39.333277,-76.486051,"39.333277, -76.486051"
SR-100946,Closed,Phone,Dirty Street,Dirty Street Request,12/16/2022,12/16/2022,12/16/2022,12/16/2022,Clifton Park,CENTRAL,7,CENTRAL,134,39.312178,-76.483591,"39.312178, -76.483591"
SR-100947,Closed,Phone,Street Light Out,Street Light Out Request,11/21/2020,11/21/2020,11/21/2020,11/21/2020,Curtis Bay,CENTRAL,5,CENTRAL,792,39.42188,-76.59096,"39.42188, -76.59096"
SR-100948,In Progress,Phone,Pothole,Pothole Request,6/23/2023,6/23/2023,6/23/2023,6/23/2023,Guilford,NORTHEASTERN,13,NORTHEASTERN,178,39.403666,-76.361193,"39.403666, -76.361193"
SR-100949,Open,Phone,Dead Animal,Dead Animal Request,10/20/2019,10/20/2019,10/20/2019,10/20/2019,Pimlico,CENTRAL,5,CENTRAL,599,39.24225,-76.582614,"39.24225, -76.582614"
SR-100950,In Progress,Phone,Parking Complaint,Parking Complaint Request,6/23/2020,6/23/2020,6/23/2020,6/23/2020,Hampden,EASTERN,11,EASTERN,757,39.222591,-76.572561,"39.222591, -76.572561"
SR-100951,In Progress,Phone,Dead Animal,Dead Animal Request,11/22/2021,11/22/2021,11/22/2021,11/22/2021,Irvington,CENTRAL,13,CENTRAL,398,39.269031,-76.366668,"39.269031, -76.366668"
SR-100952,In Progress,Phone,Pothole,Pothole Request,11/27/2020,11/27/2020,11/27/2020,11/27/2020,Upton,EASTERN,13,EASTERN,621,39.330323,-76.435737,"39.330323, -76.435737"
SR-100953,In Progress,Phone,Dead Animal,Dead Animal Request,7/2/2022,7/2/2022,7/2/2022,7/2/2022,Upton,SOUTHERN,9,SOUTHERN,159,39.208014,-76.320963,"39.208014, -76.320963"
SR-100954,Closed,Phone,Vacant Building,Vacant Building Request,4/9/2023,4/9/2023,4/9/2023,4/9/2023,Pimlico,NORTHEASTERN,4,NORTHEASTERN,429,39.444702,-76.53855,"39.444702, -76.53855"
SR-100955,Open,Phone,Street Light Out,Street Light Out Request,12/17/2019,12/17/2019,12/17/2019,12/17/2019,Greenmount West,WESTERN,4,WESTERN,391,39.384662,-76.324258,"39.384662, -76.324258"
SR-100956,Closed,Phone,Parking Complaint,Parking Complaint Request,12/9/2021,12/9/2021,12/9/2021,12/9/2021,Oliver,NORTHWESTERN,13,NORTHWESTERN,649,39.339129,-76.556726,"39.339129, -76.556726"
SR-100957,In Progress,Phone,Parking Complaint,Parking Complaint Request,4/1/2021,4/1/2021,4/1/2021,4/1/2021,Oliver,CENTRAL,10,CENTRAL,755,39.285815,-76.509574,"39.285815, -76.509574"
SR-100958,In Progress,Phone,Vacant Building,Vacant Building Request,9/8/2022,9/8/2022,9/8/2022,9/8/2022,Brooklyn,NORTHWESTERN,12,NORTHWESTERN,753,39.356748,-76.592746,"39.356748, -76.592746"
SR-100959,In Progress,Phone,Abandoned Vehicle,Abandoned Vehicle Request,2/14/2021,2/14/2021,2/14/2021,2/14/2021,Cherry Hill,WESTERN,9,WESTERN,419,39.368045,-76.42323,"39.368045, -76.42323"
SR-100960,Closed,Phone,Street Light Out,Street Light Out Request,3/13/2023,3/13/2023,3/13/2023,3/13/2023,Pimlico,SOUTHERN,2,SOUTHERN,291,39.343033,-76.53828,"39.343033, -76.53828"
SR-100961,In Progress,Phone,Street Light Out,Street Light Out Request,3/22/2019,3/22/2019,3/22/2019,3/22/2019,Park Heights,WESTERN,5,WESTERN,107,39.318005,-76.479272,"39.318005, -76.479272"
SR-100962,In Progress,Phone,Vacant Building,Vacant Building Request,10/15/2019,10/15/2019,10/15/2019,10/15/2019,Pigtown,NORTHERN,7,NORTHERN,449,39.278371,-76.303806,"39.278371, -76.303806"
SR-100963,In Progress,Phone,Parking Complaint,Parking Complaint Request,5/13/2020,5/13/2020,5/13/2020,5/13/2020,Pen Lucy,NORTHWESTERN,13,NORTHWESTERN,217,39.354813,-76.500678,"39.354813, -76.500678"
SR-100964,Open,Phone,Graffiti,Graffiti Request,2/16/2020,2/16/2020,2/16/2020,2/16/2020,Greenmount West,WESTERN,12,WESTERN,772,39.338412,-76.525739,"39.338412, -76.525739"
SR-100965,Open,Phone,Street Light Out,Street Light Out Request,5/11/2023,5/11/2023,5/11/2023,5/11/2023,Belair-Edison,CENTRAL,6,CENTRAL,107,39.20875,-76.412146,"39.20875, -76.412146"
SR-100966,In Progress,Phone,Illegal Dumping,Illegal Dumping Request,8/9/2021,8/9/2021,8/9/2021,8/9/2021,Clifton Park,NORTHEASTERN,8,NORTHEASTERN,525,39.412768,-76.313501,"39.412768, -76.313501"
SR-100967,Open,Phone,Graffiti,Graffiti Request,8/17/2023,8/17/2023,8/17/2023,8/17/2023,Greenmount West,SOUTHERN,2,SOUTHERN,283,39.267753,-76.400053,"39.267753, -76.400053"
SR-100968,Closed,Phone,Dead Animal,Dead Animal Request,8/18/2019,8/18/2019,8/18/2019,8/18/2019,Johnston Square,EASTERN,3,EASTERN,752,39.305044,-76.514155,"39.305044, -76.514155"
SR-100969,Closed,Phone,Vacant Building,Vacant Building Request,5/12/2020,5/12/2020,5/12/2020,5/12/2020,Hampden,NORTHERN,9,NORTHERN,649,39.447833,-76.358958,"39.447833, -76.358958"
SR-100970,Open,Phone,Dead Animal,Dead Animal Request,11/7/2019,11/7/2019,11/7/2019,11/7/2019,Druid Heights,EASTERN,12,EASTERN,461,39.292765,-76.453839,"39.292765, -76.453839"
SR-100971,Closed,Phone,Dirty Street,Dirty Street Request,5/4/2019,5/4/2019,5/4/2019,5/4/2019,Westport,EASTERN,2,EASTERN,399,39.396736,-76.590219,"39.396736, -76.590219"
SR-100972,In Progress,Phone,Graffiti,Graffiti Request,4/19/2022,4/19/2022,4/19/2022,4/19/2022,Eastwood,NORTHERN,9,NORTHERN,767,39.388807,-76.351506,"39.388807, -76.351506"
SR-100973,Open,Phone,Rat Rubout,Rat Rubout Request,9/9/2021,9/9/2021,9/9/2021,9/9/2021,Curtis Bay,NORTHERN,11,NORTHERN,201,39.494974,-76.386991,"39.494974, -76.386991"
SR-100974,Open,Phone,Street Light Out,Street Light Out Request,2/5/2022,2/5/2022,2/5/2022,2/5/2022,Belair-Edison,EASTERN,7,EASTERN,762,39.409192,-76.325642,"39.409192, -76.325642"
SR-100975,In Progress,Phone,Graffiti,Graffiti Request,10/1/2020,10/1/2020,10/1/2020,10/1/2020,Middle East,SOUTHERN,8,SOUTHERN,683,39.404345,-76.515465,"39.404345, -76.515465"
SR-100976,In Progress,Phone,Dead Animal,Dead Animal Request,9/1/2019,9/1/2019,9/1/2019,9/1/2019,Hampden,SOUTHERN,13,SOUTHERN,650,39.208639,-76.359366,"39.208639, -76.359366"
SR-100977,In Progress,Phone,Pothole,Pothole Request,3/19/2020,3/19/2020,3/19/2020,3/19/2020,Irvington,CENTRAL,2,CENTRAL,719,39.458664,-76.521573,"39.458664, -76.521573"
SR-100978,In Progress,Phone,Vacant Building,Vacant Building Request,6/18/2022,6/18/2022,6/18/2022,6/18/2022,Irvington,NORTHERN,4,NORTHERN,575,39.209881,-76.391639,"39.209881, -76.391639"
SR-100979,Open,Phone,Illegal Dumping,Illegal Dumping Request,3/27/2021,3/27/2021,3/27/2021,3/27/2021,Greenmount West,SOUTHERN,9,SOUTHERN,114,39.366529,-76.310148,"39.366529, -76.310148"
SR-100980,Open,Phone,Parking Complaint,Parking Complaint Request,9/13/2020,9/13/2020,9/13/2020,9/13/2020,Hampden,NORTHWESTERN,1,NORTHWESTERN,667,39.253526,-76.475784,"39.253526, -76.475784"
SR-100981,In Progress,Phone,Graffiti,Graffiti Request,9/1/2023,9/1/2023,9/1/2023,9/1/2023,Sandtown-Winchester,SOUTHERN,9,SOUTHERN,113,39.458902,-76.369478,"39.458902, -76.369478"
SR-100982,Open,Phone,Dead Animal,Dead Animal Request,1/1/2020,1/1/2020,1/1/2020,1/1/2020,Sandtown-Winchester,CENTRAL,7,CENTRAL,636,39.336819,-76.553867,"39.336819, -76.553867"
SR-100983,In Progress,Phone,Abandoned Vehicle,Abandoned Vehicle Request,12/21/2020,12/21/2020,12/21/2020,12/21/2020,Guilford,EASTERN,4,EASTERN,110,39.215335,-76.373272,"39.215335, -76.373272"
SR-100984,Open,Phone,Dirty Street,Dirty Street Request,9/3/2019,9/3/2019,9/3/2019,9/3/2019,Johnston Square,NORTHEASTERN,4,NORTHEASTERN,824,39.421382,-76.318139,"39.421382, -76.318139"
SR-100985,Closed,Phone,Graffiti,Graffiti Request,11/13/2022,11/13/2022,11/13/2022,11/13/2022,Morrell Park,EASTERN,14,EASTERN,813,39.309883,-76.579272,"39.309883, -76.579272"
SR-100986,Closed,Phone,Abandoned Vehicle,Abandoned Vehicle Request,1/15/2023,1/15/2023,1/15/2023,1/15/2023,Upton,WESTERN,11,WESTERN,270,39.336303,-76.559773,"39.336303, -76.559773"
SR-100987,Closed,Phone,Rat Rubout,Rat Rubout Request,5/28/2023,5/28/2023,5/28/2023,5/28/2023,Homeland,NORTHERN,13,NORTHERN,343,39.32267,-76.50036,"39.32267, -76.50036"
SR-100988,Closed,Phone,Rat Rubout,Rat Rubout Request,12/13/2020,12/13/2020,12/13/2020,12/13/2020,Westport,WESTERN,14,WESTERN,653,39.374788,-76.331304,"39.374788, -76.331304"
SR-100989,Open,Phone,Dirty Street,Dirty Street Request,10/11/2021,10/11/2021,10/11/2021,10/11/2021,Oliver,CENTRAL,13,CENTRAL,892,39.226534,-76.417187,"39.226534, -76.417187"
SR-100990,In Progress,Phone,Rat Rubout,Rat Rubout Request,6/12/2020,6/12/2020,6/12/2020,6/12/2020,Guilford,NORTHWESTERN,3,NORTHWESTERN,627,39.304531,-76.34643,"39.304531, -76.34643"
SR-100991,Closed,Phone,Rat Rubout,Rat Rubout Request,7/21/2021,7/21/2021,7/21/2021,7/21/2021,Clifton Park,NORTHWESTERN,7,NORTHWESTERN,183,39.444812,-76.570766,"39.444812, -76.570766"
SR-100992,In Progress,Phone,Street Light Out,Street Light Out Request,6/11/2019,6/11/2019,6/11/2019,6/11/2019,Eastwood,WESTERN,11,WESTERN,253,39.309704,-76.594435,"39.309704, -76.594435"
SR-100993,In Progress,Phone,Dirty Street,Dirty Street Request,5/24/2019,5/24/2019,5/24/2019,5/24/2019,Morrell Park,EASTERN,13,EASTERN,792,39.400773,-76.58287,"39.400773, -76.58287"
SR-100994,Open,Phone,Street Light Out,Street Light Out Request,5/3/2023,5/3/2023,5/3/2023,5/3/2023,Mount Washington,NORTHERN,3,NORTHERN,767,39.369891,-76.411835,"39.369891, -76.411835"
SR-100995,In Progress,Phone,Dirty Street,Dirty Street Request,10/25/2022,10/25/2022,10/25/2022,10/25/2022,Harlem Park,NORTHWESTERN,5,NORTHWESTERN,436,39.404669,-76.393083,"39.404669, -76.393083"
SR-100996,Closed,Phone,Rat Rubout,Rat Rubout Request,2/26/2023,2/26/2023,2/26/2023,2/26/2023,Mount Washington,SOUTHERN,8,SOUTHERN,741,39.485714,-76.31248,"39.485714, -76.31248"
SR-100997,In Progress,Phone,Vacant Building,Vacant Building Request,6/26/2021,6/26/2021,6/26/2021,6/26/2021,Cherry Hill,WESTERN,10,WESTERN,363,39.36081,-76.454906,"39.36081, -76.454906"
SR-100998,Closed,Phone,Parking Complaint,Parking Complaint Request,10/28/2019,10/28/2019,10/28/2019,10/28/2019,Harlem Park,NORTHERN,9,NORTHERN,507,39.255155,-76.326605,"39.255155, -76.326605"
SR-100999,In Progress,Phone,Abandoned Vehicle,Abandoned Vehicle Request,1/16/2023,1/16/2023,1/16/2023,1/16/2023,Pimlico,CENTRAL,9,CENTRAL,753,39.496187,-76.35153,"39.496187, -76.35153"
SR-101000,Closed,Phone,Graffiti,Graffiti Request,8/26/2021,8/26/2021,8/26/2021,8/26/2021,Eastwood,NORTHEASTERN,14,NORTHEASTERN,315,39.370954,-76.450679,"39.370954, -76.450679"
SR-101001,In Progress,Phone,Abandoned Vehicle,Abandoned Vehicle Request,8/11/2021,8/11/2021,8/11/2021,8/11/2021,Charles Village,CENTRAL,6,CENTRAL,452,39.397279,-76.414928,"39.397279, -76.414928"
SR-101002,In Progress,Phone,Pothole,Pothole Request,11/14/2021,11/14/2021,11/14/2021,11/14/2021,Homeland,CENTRAL,7,CENTRAL,714,39.410661,-76.435828,"39.410661, -76.435828"
SR-101003,In Progress,Phone,Rat Rubout,Rat Rubout Request,2/11/2019,2/11/2019,2/11/2019,2/11/2019,Guilford,NORTHEASTERN,7,NORTHEASTERN,256,39.233366,-76.365881,"39.233366, -76.365881"
SR-101004,In Progress,Phone,Vacant Building,Vacant Building Request,5/20/2020,5/20/2020,5/20/2020,5/20/2020,Pigtown,CENTRAL,1,CENTRAL,238,39.435417,-76.396485,"39.435417, -76.396485"
SR-101005,Closed,Phone,Parking Complaint,Parking Complaint Request,10/23/2019,10/23/2019,10/23/2019,10/23/2019,Hampden,SOUTHERN,3,SOUTHERN,415,39.468882,-76.465458,"39.468882, -76.465458"
SR-101006,Open,Phone,Street Light Out,Street Light Out Request,1/20/2022,1/20/2022,1/20/2022,1/20/2022,Pen Lucy,SOUTHERN,14,SOUTHERN,394,39.406729,-76.330738,"39.406729, -76.330738"
SR-101007,Open,Phone,Dead Animal,Dead Animal Request,5/15/2022,5/15/2022,5/15/2022,5/15/2022,Berea,EASTERN,11,EASTERN,644,39.485794,-76.312884,"39.485794, -76.312884"
SR-101008,In Progress,Phone,Dirty Street,Dirty Street Request,3/22/2022,3/22/2022,3/22/2022,3/22/2022,Brooklyn,SOUTHERN,14,SOUTHERN,790,39.208885,-76.414608,"39.208885, -76.414608"
SR-101009,In Progress,Phone,Street Light Out,Street Light Out Request,4/9/2022,4/9/2022,4/9/2022,4/9/2022,Harlem Park,NORTHEASTERN,2,NORTHEASTERN,617,39.292218,-76.368904,"39.292218, -76.368904"
SR-101010,In Progress,Phone,Abandoned Vehicle,Abandoned Vehicle Request,3/2/2021,3/2/2021,3/2/2021,3/2/2021,Sandtown-Winchester,NORTHERN,13,NORTHERN,677,39.247067,-76.595377,"39.247067, -76.595377"
SR-101011,Open,Phone,Rat Rubout,Rat Rubout Request,4/7/2022,4/7/2022,4/7/2022,4/7/2022,Oliver,SOUTHERN,9,SOUTHERN,591,39.43239,-76.374728,"39.43239, -76.374728"
SR-101012,Open,Phone,Illegal Dumping,Illegal Dumping Request,6/24/2022,6/24/2022,6/24/2022,6/24/2022,Govans,SOUTHERN,9,SOUTHERN,431,39.241635,-76.447323,"39.241635, -76.447323"
SR-101013,Open,Phone,Parking Complaint,Parking Complaint Request,1/24/2021,1/24/2021,1/24/2021,1/24/2021,Govans,WESTERN,8,WESTERN,637,39.280212,-76.309677,"39.280212, -76.309677"
SR-101014,In Progress,Phone,Street Light Out,Street Light Out Request,5/28/2022,5/28/2022,5/28/2022,5/28/2022,Cherry Hill,CENTRAL,1,CENTRAL,279,39.23347,-76.586511,"39.23347, -76.586511"
SR-101015,Open,Phone,Illegal Dumping,Illegal Dumping Request,7/21/2021,7/21/2021,7/21/2021,7/21/2021,Park Heights,SOUTHERN,8,SOUTHERN,736,39.454553,-76.528399,"39.454553, -76.528399"
SR-101016,In Progress,Phone,Rat Rubout,Rat Rubout Request,10/9/2020,10/9/2020,10/9/2020,10/9/2020,Middle East,SOUTHERN,5,SOUTHERN,221,39.285847,-76.463464,"39.285847, -76.463464"
SR-101017,Open,Phone,Parking Complaint,Parking Complaint Request,6/2/2021,6/2/2021,6/2/2021,6/2/2021,Pen Lucy,CENTRAL,1,CENTRAL,537,39.263602,-76.541252,"39.263602, -76.541252"
SR-101018,Closed,Phone,Dirty Street,Dirty Street Request,2/17/2019,2/17/2019,2/17/2019,2/17/2019,Irvington,SOUTHERN,9,SOUTHERN,760,39.31817,-76.563812,"39.31817, -76.563812"
SR-101019,Open,Phone,Illegal Dumping,Illegal Dumping Request,11/20/2021,11/20/2021,11/20/2021,11/20/2021,Johnston Square,NORTHERN,10,NORTHERN,637,39.369154,-76.55094,"39.369154, -76.55094"
SR-101020,Closed,Phone,Vacant Building,Vacant Building Request,4/21/2020,4/21/2020,4/21/2020,4/21/2020,Druid Heights,CENTRAL,8,CENTRAL,573,39.222967,-76.39968,"39.222967, -76.39968"
SR-101021,Closed,Phone,Parking Complaint,Parking Complaint Request,9/1/2019,9/1/2019,9/1/2019,9/1/2019,Guilford,NORTHEASTERN,5,NORTHEASTERN,298,39.332446,-76.364868,"39.332446, -76.364868"
SR-101022,Closed,Phone,Dirty Street,Dirty Street Request,9/20/2021,9/20/2021,9/20/2021,9/20/2021,Govans,NORTHEASTERN,8,NORTHEASTERN,201,39.35593,-76.418916,"39.35593, -76.418916"
SR-101023,Open,Phone,Street Light Out,Street Light Out Request,10/25/2022,10/25/2022,10/25/2022,10/25/2022,Pigtown,NORTHWESTERN,11,NORTHWESTERN,413,39.275868,-76.418663,"39.275868, -76.418663"
SR-101024,In Progress,Phone,Dirty Street,Dirty Street Request,12/17/2022,12/17/2022,12/17/2022,12/17/2022,Charles Village,EASTERN,2,EASTERN,500,39.26367,-76.448307,"39.26367, -76.448307"
SR-101025,In Progress,Phone,Street Light Out,Street Light Out Request,12/17/2019,12/17/2019,12/17/2019,12/17/2019,Clifton Park,CENTRAL,12,CENTRAL,423,39.441552,-76.48507,"39.441552, -76.48507"
SR-101026,Closed,Phone,Graffiti,Graffiti Request,9/10/2019,9/10/2019,9/10/2019,9/10/2019,Middle East,CENTRAL,6,CENTRAL,266,39.436825,-76.475722,"39.436825, -76.475722"
SR-101027,Closed,Phone,Pothole,Pothole Request,10/24/2022,10/24/2022,10/24/2022,10/24/2022,Guilford,NORTHEASTERN,2,NORTHEASTERN,237,39.457862,-76.541885,"39.457862, -76.541885"
SR-101028,Open,Phone,Vacant Building,Vacant Building Request,6/23/2021,6/23/2021,6/23/2021,6/23/2021,Greenmount West,NORTHEASTERN,13,NORTHEASTERN,644,39.218635,-76.327996,"39.218635, -76.327996"
SR-101029,In Progress,Phone,Street Light Out,Street Light Out Request,10/12/2021,10/12/2021,10/12/2021,10/12/2021,Charles Village,SOUTHERN,10,SOUTHERN,196,39.327038,-76.503701,"39.327038, -76.503701"
SR-101030,Closed,Phone,Pothole,Pothole Request,9/3/2022,9/3/2022,9/3/2022,9/3/2022,Clifton Park,NORTHWESTERN,14,NORTHWESTERN,314,39.348799,-76.527469,"39.348799, -76.527469"
SR-101031,Closed,Phone,Illegal Dumping,Illegal Dumping Request,12/23/2023,12/23/2023,12/23/2023,12/23/2023,Druid Heights,NORTHERN,3,NORTHERN,854,39.374456,-76.507885,"39.374456, -76.507885"
SR-101032,In Progress,Phone,Abandoned Vehicle,Abandoned Vehicle Request,6/19/2021,6/19/2021,6/19/2021,6/19/2021,Curtis Bay,NORTHERN,12,NORTHERN,628,39.260546,-76.356728,"39.260546, -76.356728"
SR-101033,Open,Phone,Street Light Out,Street Light Out Request,5/12/2020,5/12/2020,5/12/2020,5/12/2020,Harlem Park,CENTRAL,7,CENTRAL,283,39.223268,-76.569513,"39.223268, -76.569513"
SR-101034,Closed,Phone,Illegal Dumping,Illegal Dumping Request,5/25/2022,5/25/2022,5/25/2022,5/25/2022,Waverly,CENTRAL,10,CENTRAL,228,39.230805,-76.365008,"39.230805, -76.365008"
SR-101035,Open,Phone,Pothole,Pothole Request,4/5/2022,4/5/2022,4/5/2022,4/5/2022,Middle East,NORTHERN,5,NORTHERN,749,39.246158,-76.57011,"39.246158, -76.57011"
SR-101036,Closed,Phone,Pothole,Pothole Request,9/24/2020,9/24/2020,9/24/2020,9/24/2020,Roland Park,NORTHEASTERN,11,NORTHEASTERN,596,39.488687,-76.599136,"39.488687, -76.599136"
SR-101037,Closed,Phone,Vacant Building,Vacant Building Request,5/7/2021,5/7/2021,5/7/2021,5/7/2021,Govans,NORTHWESTERN,11,NORTHWESTERN,865,39.403917,-76.599382,"39.403917, -76.599382"
SR-101038,Open,Phone,Vacant Building,Vacant Building Request,12/12/2020,12/12/2020,12/12/2020,12/12/2020,Govans,NORTHWESTERN,3,NORTHWESTERN,706,39.222151,-76.478962,"39.222151, -76.478962"
SR-101039,Closed,Phone,Illegal Dumping,Illegal Dumping Request,1/26/2022,1/26/2022,1/26/2022,1/26/2022,Waverly,WESTERN,12,WESTERN,190,39.245224,-76.492004,"39.245224, -76.492004"
SR-101040,Closed,Phone,Street Light Out,Street Light Out Request,6/28/2020,6/28/2020,6/28/2020,6/28/2020,Pigtown,CENTRAL,7,CENTRAL,619,39.239212,-76.540603,"39.239212, -76.540603"
SR-101041,In Progress,Phone,Vacant Building,Vacant Building Request,12/24/2021,12/24/2021,12/24/2021,12/24/2021,Pimlico,NORTHEASTERN,1,NORTHEASTERN,748,39.360795,-76.549158,"39.360795, -76.549158"
SR-101042,Open,Phone,Vacant Building,Vacant Building Request,12/8/2020,12/8/2020,12/8/2020,12/8/2020,Roland Park,NORTHERN,3,NORTHERN,362,39.396541,-76.55387,"39.396541, -76.55387"
SR-101043,Open,Phone,Graffiti,Graffiti Request,4/2/2021,4/2/2021,4/2/2021,4/2/2021,Harlem Park,SOUTHERN,10,SOUTHERN,117,39.48836,-76.301976,"39.48836, -76.301976"
SR-101044,In Progress,Phone,Abandoned Vehicle,Abandoned Vehicle Request,11/17/2021,11/17/2021,11/17/2021,11/17/2021,Sandtown-Winchester,SOUTHERN,3,SOUTHERN,301,39.341981,-76.346307,"39.341981, -76.346307"
SR-101045,Open,Phone,Parking Complaint,Parking Complaint Request,8/2/2023,8/2/2023,8/2/2023,8/2/2023,Pigtown,NORTHEASTERN,11,NORTHEASTERN,330,39.368723,-76.329227,"39.368723, -76.329227"
SR-101046,Closed,Phone,Rat Rubout,Rat Rubout Request,6/13/2021,6/13/2021,6/13/2021,6/13/2021,Curtis Bay,SOUTHERN,9,SOUTHERN,888,39.31119,-76.433556,"39.31119, -76.433556"
SR-101047,In Progress,Phone,Street Light Out,Street Light Out Request,4/20/2021,4/20/2021,4/20/2021,4/20/2021,Belair-Edison,WESTERN,10,WESTERN,673,39.289126,-76.362938,"39.289126, -76.362938"
SR-101048,Open,Phone,Dead Animal,Dead Animal Request,12/12/2021,12/12/2021,12/12/2021,12/12/2021,Harlem Park,NORTHEASTERN,9,NORTHEASTERN,103,39.447684,-76.347727,"39.447684, -76.347727"
SR-101049,Open,Phone,Pothole,Pothole Request,7/21/2020,7/21/2020,7/21/2020,7/21/2020,Johnston Square,WESTERN,5,WESTERN,357,39.373402,-76.513318,"39.373402, -76.513318"
SR-101050,Open,Phone,Pothole,Pothole Request,2/15/2019,2/15/2019,2/15/2019,2/15/2019,Johnston Square,SOUTHERN,7,SOUTHERN,455,39.299944,-76.396178,"39.299944, -76.396178"
SR-101051,In Progress,Phone,Pothole,Pothole Request,10/25/2023,10/25/2023,10/25/2023,10/25/2023,Waverly,SOUTHERN,7,SOUTHERN,704,39.393658,-76.503078,"39.393658, -76.503078"
SR-101052,Closed,Phone,Vacant Building,Vacant Building Request,3/7/2020,3/7/2020,3/7/2020,3/7/2020,Oliver,NORTHERN,1,NORTHERN,162,39.254504,-76.524383,"39.254504, -76.524383"
SR-101053,Closed,Phone,Parking Complaint,Parking Complaint Request,10/4/2019,10/4/2019,10/4/2019,10/4/2019,Govans,NORTHWESTERN,14,NORTHWESTERN,203,39.455773,-76.4592,"39.455773, -76.4592"
SR-101054,Closed,Phone,Illegal Dumping,Illegal Dumping Request,7/25/2020,7/25/2020,7/25/2020,7/25/2020,Guilford,NORTHERN,13,NORTHERN,193,39.377521,-76.371468,"39.377521, -76.371468"
SR-101055,Closed,Phone,Rat Rubout,Rat Rubout Request,1/27/2020,1/27/2020,1/27/2020,1/27/2020,Mount Washington,SOUTHERN,3,SOUTHERN,321,39.319369,-76.559927,"39.319369, -76.559927"
SR-101056,Closed,Phone,Vacant Building,Vacant Building Request,11/28/2022,11/28/2022,11/28/2022,11/28/2022,Cherry Hill,WESTERN,11,WESTERN,394,39.200594,-76.368561,"39.200594, -76.368561"
SR-101057,Open,Phone,Dirty Street,Dirty Street Request,3/5/2021,3/5/2021,3/5/2021,3/5/2021,Hampden,SOUTHERN,1,SOUTHERN,252,39.24686,-76.513827,"39.24686, -76.513827"
SR-101058,Closed,Phone,Pothole,Pothole Request,12/2/2020,12/2/2020,12/2/2020,12/2/2020,Curtis Bay,CENTRAL,9,CENTRAL,718,39.228953,-76.561176,"39.228953, -76.561176"
SR-101059,Closed,Phone,Illegal Dumping,Illegal Dumping Request,5/22/2020,5/22/2020,5/22/2020,5/22/2020,Cherry Hill,WESTERN,8,WESTERN,680,39.218412,-76.424185,"39.218412, -76.424185"
SR-101060,Closed,Phone,Dirty Street,Dirty Street Request,6/8/2020,6/8/2020,6/8/2020,6/8/2020,Druid Heights,CENTRAL,11,CENTRAL,596,39.296814,-76.48581,"39.296814, -76.48581"
SR-101061,In Progress,Phone,Rat Rubout,Rat Rubout Request,5/24/2023,5/24/2023,5/24/2023,5/24/2023,Greenmount West,NORTHWESTERN,13,NORTHWESTERN,484,39.282439,-76.379424,"39.282439, -76.379424"
SR-101062,Open,Phone,Street Light Out,Street Light Out Request,10/28/2023,10/28/2023,10/28/2023,10/28/2023,Westport,NORTHEASTERN,7,NORTHEASTERN,170,39.374006,-76.49113,"39.374006, -76.49113"
SR-101063,Closed,Phone,Street Light Out,Street Light Out Request,9/7/2019,9/7/2019,9/7/2019,9/7/2019,Roland Park,SOUTHERN,4,SOUTHERN,343,39.211923,-76.583874,"39.211923, -76.583874"
SR-101064,Closed,Phone,Illegal Dumping,Illegal Dumping Request,8/7/2020,8/7/2020,8/7/2020,8/7/2020,Govans,NORTHEASTERN,3,NORTHEASTERN,531,39.326922,-76.348146,"39.326922, -76.348146"
SR-101065,In Progress,Phone,Abandoned Vehicle,Abandoned Vehicle Request,7/6/2020,7/6/2020,7/6/2020,7/6/2020,Upton,EASTERN,11,EASTERN,658,39.287444,-76.356504,"39.287444, -76.356504"
SR-101066,In Progress,Phone,Abandoned Vehicle,Abandoned Vehicle Request,8/7/2022,8/7/2022,8/7/2022,8/7/2022,Morrell Park,EASTERN,9,EASTERN,259,39.407363,-76.541727,"39.407363, -76.541727"
SR-101067,Closed,Phone,Abandoned Vehicle,Abandoned Vehicle Request,3/20/2022,3/20/2022,3/20/2022,3/20/2022,Upton,SOUTHERN,9,SOUTHERN,328,39.255822,-76.551816,"39.255822, -76.551816"
SR-101068,Open,Phone,Abandoned Vehicle,Abandoned Vehicle Request,4/17/2019,4/17/2019,4/17/2019,4/17/2019,Brooklyn,WESTERN,10,WESTERN,128,39.416561,-76.534759,"39.416561, -76.534759"
SR-101069,In Progress,Phone,Vacant Building,Vacant Building Request,11/1/2022,11/1/2022,11/1/2022,11/1/2022,Govans,NORTHWESTERN,1,NORTHWESTERN,836,39.475811,-76.354541,"39.475811, -76.354541"
SR-101070,Closed,Phone,Vacant Building,Vacant Building Request,5/3/2021,5/3/2021,5/3/2021,5/3/2021,Eastwood,NORTHEASTERN,10,NORTHEASTERN,258,39.301518,-76.551879,"39.301518, -76.551879"
SR-101071,In Progress,Phone,Pothole,Pothole Request,7/15/2021,7/15/2021,7/15/2021,7/15/2021,Pigtown,NORTHERN,10,NORTHERN,325,39.356721,-76.352757,"39.356721, -76.352757"
SR-101072,Open,Phone,Pothole,Pothole Request,12/21/2020,12/21/2020,12/21/2020,12/21/2020,Morrell Park,CENTRAL,12,CENTRAL,728,39.283863,-76.327337,"39.283863, -76.327337"
SR-101073,Open,Phone,Graffiti,Graffiti Request,11/15/2020,11/15/2020,11/15/2020,11/15/2020,Pen Lucy,NORTHWESTERN,6,NORTHWESTERN,666,39.305724,-76.540975,"39.305724, -76.540975"
SR-101074,In Progress,Phone,Street Light Out,Street Light Out Request,4/23/2020,4/23/2020,4/23/2020,4/23/2020,Homeland,NORTHERN,6,NORTHERN,739,39.352539,-76.317018,"39.352539, -76.317018"
SR-101075,Closed,Phone,Pothole,Pothole Request,1/11/2023,1/11/2023,1/11/2023,1/11/2023,Upton,CENTRAL,6,CENTRAL,674,39.373792,-76.376626,"39.373792, -76.376626"
SR-101076,In Progress,Phone,Abandoned Vehicle,Abandoned Vehicle Request,6/2/2023,6/2/2023,6/2/2023,6/2/2023,Oliver,SOUTHERN,3,SOUTHERN,330,39.303609,-76.327262,"39.303609, -76.327262"
SR-101077,Open,Phone,Pothole,Pothole Request,1/1/2020,1/1/2020,1/1/2020,1/1/2020,Cherry Hill,CENTRAL,2,CENTRAL,670,39.367868,-76.337807,"39.367868, -76.337807"
SR-101078,Open,Phone,Parking Complaint,Parking Complaint Request,9/27/2021,9/27/2021,9/27/2021,9/27/2021,Greenmount West,WESTERN,12,WESTERN,745,39.404381,-76.514461,"39.404381, -76.514461"
SR-101079,Closed,Phone,Vacant Building,Vacant Building Request,12/20/2020,12/20/2020,12/20/2020,12/20/2020,Charles Village,SOUTHERN,11,SOUTHERN,489,39.364314,-76.378016,"39.364314, -76.378016"
SR-101080,Open,Phone,Dirty Street,Dirty Street Request,9/21/2019,9/21/2019,9/21/2019,9/21/2019,Mount Washington,SOUTHERN,8,SOUTHERN,776,39.240914,-76.348486,"39.240914, -76.348486"
SR-101081,Closed,Phone,Illegal Dumping,Illegal Dumping Request,6/27/2020,6/27/2020,6/27/2020,6/27/2020,Sandtown-Winchester,CENTRAL,12,CENTRAL,370,39.440855,-76.409458,"39.440855, -76.409458"
SR-101082,In Progress,Phone,Pothole,Pothole Request,2/24/2019,2/24/2019,2/24/2019,2/24/2019,Roland Park,CENTRAL,6,CENTRAL,856,39.467648,-76.337726,"39.467648, -76.337726"
SR-101083,Open,Phone,Parking Complaint,Parking Complaint Request,2/5/2021,2/5/2021,2/5/2021,2/5/2021,Greenmount West,NORTHWESTERN,9,NORTHWESTERN,126,39.333709,-76.331096,"39.333709, -76.331096"
SR-101084,In Progress,Phone,Illegal Dumping,Illegal Dumping Request,5/2/2023,5/2/2023,5/2/2023,5/2/2023,Waverly,CENTRAL,1,CENTRAL,354,39.370527,-76.509335,"39.370527, -76.509335"
SR-101085,Open,Phone,Illegal Dumping,Illegal Dumping Request,3/27/2021,3/27/2021,3/27/2021,3/27/2021,Brooklyn,EASTERN,3,EASTERN,124,39.427919,-76.306476,"39.427919, -76.306476"
SR-101086,Closed,Phone,Abandoned Vehicle,Abandoned Vehicle Request,12/24/2021,12/24/2021,12/24/2021,12/24/2021,Greenmount West,SOUTHERN,5,SOUTHERN,325,39.493495,-76.409823,"39.493495, -76.409823"
SR-101087,Closed,Phone,Street Light Out,Street Light Out Request,12/22/2019,12/22/2019,12/22/2019,12/22/2019,Westport,NORTHERN,14,NORTHERN,828,39.221359,-76.555193,"39.221359, -76.555193"
SR-101088,Closed,Phone,Illegal Dumping,Illegal Dumping Request,1/20/2019,1/20/2019,1/20/2019,1/20/2019,Pigtown,NORTHWESTERN,9,NORTHWESTERN,353,39.402747,-76.319236,"39.402747, -76.319236"
SR-101089,Closed,Phone,Graffiti,Graffiti Request,12/12/2023,12/12/2023,12/12/2023,12/12/2023,Clifton Park,NORTHEASTERN,6,NORTHEASTERN,267,39.424232,-76.544099,"39.424232, -76.544099"
SR-101090,Open,Phone,Vacant Building,Vacant Building Request,5/19/2022,5/19/2022,5/19/2022,5/19/2022,Guilford,NORTHERN,7,NORTHERN,548,39.331408,-76.460937,"39.331408, -76.460937"
SR-101091,Closed,Phone,Rat Rubout,Rat Rubout Request,5/10/2022,5/10/2022,5/10/2022,5/10/2022,Clifton Park,CENTRAL,4,CENTRAL,137,39.324073,-76.31906,"39.324073, -76.31906"
SR-101092,Closed,Phone,Pothole,Pothole Request,8/17/2019,8/17/2019,8/17/2019,8/17/2019,Johnston Square,CENTRAL,2,CENTRAL,238,39.419521,-76.380051,"39.419521, -76.380051"
SR-101093,Closed,Phone,Illegal Dumping,Illegal Dumping Request,9/25/2021,9/25/2021,9/25/2021,9/25/2021,Westport,NORTHERN,3,NORTHERN,207,39.317519,-76.407949,"39.317519, -76.407949"
SR-101094,In Progress,Phone,Dirty Street,Dirty Street Request,8/10/2023,8/10/2023,8/10/2023,8/10/2023,Druid Heights,CENTRAL,5,CENTRAL,698,39.395874,-76.592344,"39.395874, -76.592344"
SR-101095,In Progress,Phone,Pothole,Pothole Request,11/25/2019,11/25/2019,11/25/2019,11/25/2019,Upton,NORTHERN,12,NORTHERN,173,39.331796,-76.39041,"39.331796, -76.39041"
SR-101096,Closed,Phone,Vacant Building,Vacant Building Request,10/6/2021,10/6/2021,10/6/2021,10/6/2021,Guilford,NORTHERN,12,NORTHERN,524,39.370532,-76.5376,"39.370532, -76.5376"
SR-101097,Closed,Phone,Pothole,Pothole Request,2/5/2021,2/5/2021,2/5/2021,2/5/2021,Westport,NORTHEASTERN,5,NORTHEASTERN,801,39.337526,-76.398626,"39.337526, -76.398626"
SR-101098,Closed,Phone,Dead Animal,Dead Animal Request,6/12/2019,6/12/2019,6/12/2019,6/12/2019,Brooklyn,NORTHEASTERN,9,NORTHEASTERN,566,39.226449,-76.381618,"39.226449, -76.381618"
SR-101099,Closed,Phone,Parking Complaint,Parking Complaint Request,7/14/2019,7/14/2019,7/14/2019,7/14/2019,Berea,SOUTHERN,11,SOUTHERN,218,39.333462,-76.357043,"39.333462, -76.357043"
SR-101100,Open,Phone,Graffiti,Graffiti Request,9/8/2021,9/8/2021,9/8/2021,9/8/2021,Pigtown,NORTHEASTERN,6,NORTHEASTERN,223,39.299639,-76.593694,"39.299639, -76.593694"
SR-101101,Closed,Phone,Abandoned Vehicle,Abandoned Vehicle Request,8/16/2020,8/16/2020,8/16/2020,8/16/2020,Pigtown,CENTRAL,9,CENTRAL,497,39.219512,-76.366469,"39.219512, -76.366469"
SR-101102,Closed,Phone,Parking Complaint,Parking Complaint Request,2/4/2021,2/4/2021,2/4/2021,2/4/2021,Druid Heights,NORTHEASTERN,14,NORTHEASTERN,198,39.25225,-76.382528,"39.25225, -76.382528"
SR-101103,Open,Phone,Graffiti,Graffiti Request,10/7/2021,10/7/2021,10/7/2021,10/7/2021,Pigtown,NORTHWESTERN,14,NORTHWESTERN,531,39.210728,-76.568488,"39.210728, -76.568488"
SR-101104,Open,Phone,Abandoned Vehicle,Abandoned Vehicle Request,12/28/2021,12/28/2021,12/28/2021,12/28/2021,Park Heights,NORTHEASTERN,2,NORTHEASTERN,815,39.484114,-76.495671,"39.484114, -76.495671"
SR-101105,Closed,Phone,Abandoned Vehicle,Abandoned Vehicle Request,8/3/2020,8/3/2020,8/3/2020,8/3/2020,Harlem Park,EASTERN,12,EASTERN,132,39.202069,-76.556491,"39.202069, -76.556491"
SR-101106,In Progress,Phone,Abandoned Vehicle,Abandoned Vehicle Request,6/27/2021,6/27/2021,6/27/2021,6/27/2021,Berea,CENTRAL,9,CENTRAL,547,39.290192,-76.594,"39.290192, -76.594"
SR-101107,Open,Phone,Dirty Street,Dirty Street Request,12/20/2019,12/20/2019,12/20/2019,12/20/2019,Guilford,NORTHERN,4,NORTHERN,340,39.238499,-76.370275,"39.238499, -76.370275"
SR-101108,In Progress,Phone,Dirty Street,Dirty Street Request,11/1/2019,11/1/2019,11/1/2019,11/1/2019,Greenmount West,NORTHEASTERN,14,NORTHEASTERN,704,39.372528,-76.365358,"39.372528, -76.365358"
SR-101109,In Progress,Phone,Dirty Street,Dirty Street Request,1/1/2021,1/1/2021,1/1/2021,1/1/2021,Druid Heights,NORTHERN,14,NORTHERN,836,39.404902,-76.565721,"39.404902, -76.565721"
SR-101110,In Progress,Phone,Abandoned Vehicle,Abandoned Vehicle Request,12/4/2022,12/4/2022,12/4/2022,12/4/2022,Mount Washington,WESTERN,11,WESTERN,289,39.39853,-76.346408,"39.39853, -76.346408"
SR-101111,Closed,Phone,Illegal Dumping,Illegal Dumping Request,5/24/2022,5/24/2022,5/24/2022,5/24/2022,Middle East,WESTERN,5,WESTERN,737,39.412993,-76.340931,"39.412993, -76.340931"
SR-101112,Closed,Phone,Vacant Building,Vacant Building Request,5/21/2021,5/21/2021,5/21/2021,5/21/2021,Belair-Edison,NORTHERN,3,NORTHERN,514,39.412308,-76.353752,"39.412308, -76.353752"
SR-101113,In Progress,Phone,Parking Complaint,Parking Complaint Request,8/8/2020,8/8/2020,8/8/2020,8/8/2020,Greenmount West,SOUTHERN,14,SOUTHERN,547,39.387605,-76.34373,"39.387605, -76.34373"
SR-101114,Closed,Phone,Illegal Dumping,Illegal Dumping Request,2/3/2023,2/3/2023,2/3/2023,2/3/2023,Roland Park,SOUTHERN,10,SOUTHERN,755,39.221021,-76.370219,"39.221021, -76.370219"
SR-101115,Open,Phone,Dead Animal,Dead Animal Request,3/27/2022,3/27/2022,3/27/2022,3/27/2022,Guilford,NORTHWESTERN,8,NORTHWESTERN,609,39.205769,-76.47218,"39.205769, -76.47218"
SR-101116,Open,Phone,Street Light Out,Street Light Out Request,11/13/2020,11/13/2020,11/13/2020,11/13/2020,Irvington,WESTERN,1,WESTERN,622,39.35228,-76.596528,"39.35228, -76.596528"
SR-101117,In Progress,Phone,Dead Animal,Dead Animal Request,1/17/2021,1/17/2021,1/17/2021,1/17/2021,Pen Lucy,NORTHWESTERN,12,NORTHWESTERN,324,39.389916,-76.575027,"39.389916, -76.575027"
SR-101118,In Progress,Phone,Abandoned Vehicle,Abandoned Vehicle Request,6/15/2019,6/15/2019,6/15/2019,6/15/2019,Brooklyn,CENTRAL,4,CENTRAL,542,39.216429,-76.545913,"39.216429, -76.545913"
SR-101119,Closed,Phone,Graffiti,Graffiti Request,11/6/2022,11/6/2022,11/6/2022,11/6/2022,Govans,NORTHEASTERN,3,NORTHEASTERN,703,39.333865,-76.307621,"39.333865, -76.307621"
SR-101120,Open,Phone,Parking Complaint,Parking Complaint Request,11/5/2019,11/5/2019,11/5/2019,11/5/2019,Waverly,SOUTHERN,14,SOUTHERN,528,39.217384,-76.395406,"39.217384, -76.395406"
SR-101121,Closed,Phone,Rat Rubout,Rat Rubout Request,2/28/2019,2/28/2019,2/28/2019,2/28/2019,Morrell Park,EASTERN,10,EASTERN,127,39.281261,-76.397978,"39.281261, -76.397978"
SR-101122,In Progress,Phone,Street Light Out,Street Light Out Request,11/21/2020,11/21/2020,11/21/2020,11/21/2020,Guilford,WESTERN,13,WESTERN,521,39.317324,-76.454978,"39.317324, -76.454978"
SR-101123,Closed,Phone,Dead Animal,Dead Animal Request,7/8/2023,7/8/2023,7/8/2023,7/8/2023,Sandtown-Winchester,NORTHERN,6,NORTHERN,145,39.444867,-76.421342,"39.444867, -76.421342"
SR-101124,Open,Phone,Pothole,Pothole Request,11/16/2022,11/16/2022,11/16/2022,11/16/2022,Govans,EASTERN,1,EASTERN,638,39.437613,-76.497889,"39.437613, -76.497889"
SR-101125,Closed,Phone,Dirty Street,Dirty Street Request,6/27/2019,6/27/2019,6/27/2019,6/27/2019,Clifton Park,NORTHEASTERN,7,NORTHEASTERN,740,39.216002,-76.534566,"39.216002, -76.534566"
SR-101126,In Progress,Phone,Dirty Street,Dirty Street Request,1/23/2021,1/23/2021,1/23/2021,1/23/2021,Irvington,NORTHWESTERN,6,NORTHWESTERN,479,39.42849,-76.351165,"39.42849, -76.351165"
SR-101127,Closed,Phone,Dirty Street,Dirty Street Request,5/26/2021,5/26/2021,5/26/2021,5/26/2021,Roland Park,EASTERN,2,EASTERN,229,39.372174,-76.513623,"39.372174, -76.513623"
SR-101128,Closed,Phone,Illegal Dumping,Illegal Dumping Request,2/13/2022,2/13/2022,2/13/2022,2/13/2022,Pigtown,NORTHWESTERN,11,NORTHWESTERN,869,39.203855,-76.545982,"39.203855, -76.545982"
SR-101129,Closed,Phone,Dirty Street,Dirty Street Request,8/13/2019,8/13/2019,8/13/2019,8/13/2019,Morrell Park,WESTERN,2,WESTERN,859,39.235295,-76.410896,"39.235295, -76.410896"
SR-101130,Open,Phone,Street Light Out,Street Light Out Request,9/7/2023,9/7/2023,9/7/2023,9/7/2023,Roland Park,SOUTHERN,4,SOUTHERN,237,39.356563,-76.417026,"39.356563, -76.417026"
SR-101131,In Progress,Phone,Graffiti,Graffiti Request,8/9/2022,8/9/2022,8/9/2022,8/9/2022,Homeland,NORTHEASTERN,7,NORTHEASTERN,549,39.492225,-76.369953,"39.492225, -76.369953"
SR-101132,Closed,Phone,Vacant Building,Vacant Building Request,12/22/2019,12/22/2019,12/22/2019,12/22/2019,Park Heights,SOUTHERN,11,SOUTHERN,303,39.256483,-76.451888,"39.256483, -76.451888"
SR-101133,Open,Phone,Illegal Dumping,Illegal Dumping Request,6/27/2019,6/27/2019,6/27/2019,6/27/2019,Guilford,NORTHERN,3,NORTHERN,281,39.393387,-76.400554,"39.393387, -76.400554"
SR-101134,Closed,Phone,Rat Rubout,Rat Rubout Request,12/18/2019,12/18/2019,12/18/2019,12/18/2019,Irvington,SOUTHERN,10,SOUTHERN,160,39.318099,-76.327842,"39.318099, -76.327842"
SR-101135,Open,Phone,Street Light Out,Street Light Out Request,5/18/2022,5/18/2022,5/18/2022,5/18/2022,Brooklyn,EASTERN,8,EASTERN,476,39.455097,-76.335253,"39.455097, -76.335253"
SR-101136,Closed,Phone,Vacant Building,Vacant Building Request,2/11/2021,2/11/2021,2/11/2021,2/11/2021,Mount Washington,NORTHWESTERN,8,NORTHWESTERN,391,39.398418,-76.305706,"39.398418, -76.305706"
SR-101137,In Progress,Phone,Graffiti,Graffiti Request,8/1/2020,8/1/2020,8/1/2020,8/1/2020,Brooklyn,WESTERN,1,WESTERN,880,39.251234,-76.462542,"39.251234, -76.462542"
SR-101138,In Progress,Phone,Graffiti,Graffiti Request,4/16/2019,4/16/2019,4/16/2019,4/16/2019,Homeland,CENTRAL,4,CENTRAL,749,39.456874,-76.565297,"39.456874, -76.565297"
SR-101139,Closed,Phone,Vacant Building,Vacant Building Request,9/5/2019,9/5/2019,9/5/2019,9/5/2019,Belair-Edison,NORTHERN,7,NORTHERN,109,39.471988,-76.356177,"39.471988, -76.356177"
SR-101140,Open,Phone,Illegal Dumping,Illegal Dumping Request,1/19/2023,1/19/2023,1/19/2023,1/19/2023,Irvington,CENTRAL,13,CENTRAL,462,39.34672,-76.443923,"39.34672, -76.443923"
SR-101141,Closed,Phone,Street Light Out,Street Light Out Request,2/19/2022,2/19/2022,2/19/2022,2/19/2022,Druid Heights,EASTERN,5,EASTERN,713,39.464015,-76.521781,"39.464015, -76.521781"
SR-101142,In Progress,Phone,Parking Complaint,Parking Complaint Request,10/10/2020,10/10/2020,10/10/2020,10/10/2020,Harlem Park,SOUTHERN,11,SOUTHERN,244,39.415257,-76.469749,"39.415257, -76.469749"
SR-101143,Open,Phone,Abandoned Vehicle,Abandoned Vehicle Request,8/23/2020,8/23/2020,8/23/2020,8/23/2020,Belair-Edison,CENTRAL,5,CENTRAL,899,39.329458,-76.594404,"39.329458, -76.594404"
SR-101144,Open,Phone,Pothole,Pothole Request,3/24/2019,3/24/2019,3/24/2019,3/24/2019,Clifton Park,NORTHERN,11,NORTHERN,409,39.4237,-76.545976,"39.4237, -76.545976"
SR-101145,Open,Phone,Dirty Street,Dirty Street Request,6/24/2022,6/24/2022,6/24/2022,6/24/2022,Mount Washington,NORTHERN,9,NORTHERN,701,39.242634,-76.572694,"39.242634, -76.572694"
SR-101146,Open,Phone,Vacant Building,Vacant Building Request,9/26/2023,9/26/2023,9/26/2023,9/26/2023,Park Heights,EASTERN,4,EASTERN,296,39.462064,-76.412572,"39.462064, -76.412572"
SR-101147,Closed,Phone,Dirty Street,Dirty Street Request,5/12/2022,5/12/2022,5/12/2022,5/12/2022,Eastwood,WESTERN,3,WESTERN,338,39.489017,-76.440328,"39.489017, -76.440328"
SR-101148,Closed,Phone,Vacant Building,Vacant Building Request,8/14/2023,8/14/2023,8/14/2023,8/14/2023,Berea,SOUTHERN,12,SOUTHERN,329,39.291098,-76.532843,"39.291098, -76.532843"
SR-101149,In Progress,Phone,Pothole,Pothole Request,4/13/2022,4/13/2022,4/13/2022,4/13/2022,Eastwood,CENTRAL,9,CENTRAL,437,39.386144,-76.346291,"39.386144, -76.346291"
SR-101150,In Progress,Phone,Vacant Building,Vacant Building Request,12/15/2020,12/15/2020,12/15/2020,12/15/2020,Johnston Square,SOUTHERN,2,SOUTHERN,641,39.332836,-76.373874,"39.332836, -76.373874"
SR-101151,In Progress,Phone,Pothole,Pothole Request,3/23/2021,3/23/2021,3/23/2021,3/23/2021,Pen Lucy,NORTHWESTERN,10,NORTHWESTERN,269,39.203909,-76.514347,"39.203909, -76.514347"
SR-101152,Closed,Phone,Vacant Building,Vacant Building Request,6/6/2023,6/6/2023,6/6/2023,6/6/2023,Clifton Park,EASTERN,2,EASTERN,424,39.319848,-76.314848,"39.319848, -76.314848"
SR-101153,Open,Phone,Street Light Out,Street Light Out Request,2/25/2020,2/25/2020,2/25/2020,2/25/2020,Upton,NORTHERN,9,NORTHERN,723,39.320973,-76.598641,"39.320973, -76.598641"
SR-101154,Open,Phone,Illegal Dumping,Illegal Dumping Request,1/13/2019,1/13/2019,1/13/2019,1/13/2019,Greenmount West,NORTHEASTERN,9,NORTHEASTERN,793,39.351702,-76.413495,"39.351702, -76.413495"
SR-101155,Open,Phone,Parking Complaint,Parking Complaint Request,3/24/2021,3/24/2021,3/24/2021,3/24/2021,Cherry Hill,CENTRAL,10,CENTRAL,323,39.30816,-76.560761,"39.30816, -76.560761"
SR-101156,In Progress,Phone,Pothole,Pothole Request,5/23/2021,5/23/2021,5/23/2021,5/23/2021,Berea,NORTHERN,5,NORTHERN,741,39.388386,-76.509837,"39.388386, -76.509837"
SR-101157,Open,Phone,Dead Animal,Dead Animal Request,10/18/2020,10/18/2020,10/18/2020,10/18/2020,Park Heights,NORTHEASTERN,12,NORTHEASTERN,359,39.358102,-76.328451,"39.358102, -76.328451"
SR-101158,Closed,Phone,Vacant Building,Vacant Building Request,1/17/2023,1/17/2023,1/17/2023,1/17/2023,Govans,EASTERN,1,EASTERN,240,39.288264,-76.440683,"39.288264, -76.440683"
SR-101159,Closed,Phone,Rat Rubout,Rat Rubout Request,6/8/2022,6/8/2022,6/8/2022,6/8/2022,Irvington,CENTRAL,2,CENTRAL,452,39.412902,-76.53312,"39.412902, -76.53312"
SR-101160,Open,Phone,Dirty Street,Dirty Street Request,8/1/2019,8/1/2019,8/1/2019,8/1/2019,Eastwood,NORTHWESTERN,1,NORTHWESTERN,398,39.439372,-76.568679,"39.439372, -76.568679"
SR-101161,Closed,Phone,Graffiti,Graffiti Request,9/14/2022,9/14/2022,9/14/2022,9/14/2022,Pen Lucy,WESTERN,13,WESTERN,752,39.307674,-76.445316,"39.307674, -76.445316"
SR-101162,Open,Phone,Graffiti,Graffiti Request,5/26/2020,5/26/2020,5/26/2020,5/26/2020,Waverly,NORTHWESTERN,10,NORTHWESTERN,761,39.253805,-76.441656,"39.253805, -76.441656"
SR-101163,Closed,Phone,Rat Rubout,Rat Rubout Request,5/25/2021,5/25/2021,5/25/2021,5/25/2021,Guilford,SOUTHERN,9,SOUTHERN,633,39.262621,-76.366378,"39.262621, -76.366378"
SR-101164,Closed,Phone,Illegal Dumping,Illegal Dumping Request,12/10/2022,12/10/2022,12/10/2022,12/10/2022,Druid Heights,SOUTHERN,5,SOUTHERN,327,39.207091,-76.359168,"39.207091, -76.359168"
SR-101165,Closed,Phone,Dirty Street,Dirty Street Request,1/27/2020,1/27/2020,1/27/2020,1/27/2020,Middle East,NORTHERN,11,NORTHERN,828,39.306664,-76.398005,"39.306664, -76.398005"
SR-101166,Open,Phone,Street Light Out,Street Light Out Request,9/14/2022,9/14/2022,9/14/2022,9/14/2022,Waverly,NORTHEASTERN,1,NORTHEASTERN,895,39.460149,-76.499785,"39.460149, -76.499785"
SR-101167,In Progress,Phone,Parking Complaint,Parking Complaint Request,8/26/2021,8/26/2021,8/26/2021,8/26/2021,Park Heights,NORTHWESTERN,7,NORTHWESTERN,563,39.413894,-76.404307,"39.413894, -76.404307"
SR-101168,Closed,Phone,Vacant Building,Vacant Building Request,2/9/2022,2/9/2022,2/9/2022,2/9/2022,Brooklyn,NORTHWESTERN,6,NORTHWESTERN,882,39.341529,-76.574639,"39.341529, -76.574639"
SR-101169,Closed,Phone,Dirty Street,Dirty Street Request,12/8/2022,12/8/2022,12/8/2022,12/8/2022,Homeland,NORTHEASTERN,2,NORTHEASTERN,756,39.294797,-76.475277,"39.294797, -76.475277"
SR-101170,In Progress,Phone,Dead Animal,Dead Animal Request,12/9/2020,12/9/2020,12/9/2020,12/9/2020,Pigtown,WESTERN,2,WESTERN,554,39.324973,-76.436297,"39.324973, -76.436297"
SR-101171,In Progress,Phone,Street Light Out,Street Light Out Request,11/12/2022,11/12/2022,11/12/2022,11/12/2022,Middle East,NORTHWESTERN,7,NORTHWESTERN,169,39.342222,-76.581948,"39.342222, -76.581948"
SR-101172,Open,Phone,Vacant Building,Vacant Building Request,1/3/2022,1/3/2022,1/3/2022,1/3/2022,Pigtown,NORTHERN,5,NORTHERN,126,39.429767,-76.42136,"39.429767, -76.42136"
SR-101173,In Progress,Phone,Dirty Street,Dirty Street Request,1/27/2019,1/27/2019,1/27/2019,1/27/2019,Roland Park,CENTRAL,9,CENTRAL,307,39.246525,-76.476304,"39.246525, -76.476304"
SR-101174,Open,Phone,Abandoned Vehicle,Abandoned Vehicle Request,10/21/2021,10/21/2021,10/21/2021,10/21/2021,Roland Park,NORTHERN,13,NORTHERN,670,39.333833,-76.525178,"39.333833, -76.525178"
SR-101175,Open,Phone,Pothole,Pothole Request,7/11/2022,7/11/2022,7/11/2022,7/11/2022,Oliver,EASTERN,8,EASTERN,880,39.24022,-76.510702,"39.24022, -76.510702"
SR-101176,Open,Phone,Vacant Building,Vacant Building Request,2/7/2021,2/7/2021,2/7/2021,2/7/2021,Druid Heights,SOUTHERN,3,SOUTHERN,644,39.397607,-76.598047,"39.397607, -76.598047"
SR-101177,Open,Phone,Parking Complaint,Parking Complaint Request,7/27/2020,7/27/2020,7/27/2020,7/27/2020,Clifton Park,NORTHERN,4,NORTHERN,783,39.489233,-76.545748,"39.489233, -76.545748"
SR-101178,Open,Phone,Illegal Dumping,Illegal Dumping Request,7/6/2021,7/6/2021,7/6/2021,7/6/2021,Govans,EASTERN,14,EASTERN,364,39.428493,-76.497685,"39.428493, -76.497685"
SR-101179,In Progress,Phone,Dirty Street,Dirty Street Request,10/21/2021,10/21/2021,10/21/2021,10/21/2021,Sandtown-Winchester,NORTHWESTERN,10,NORTHWESTERN,466,39.274041,-76.465318,"39.274041, -76.465318"
SR-101180,In Progress,Phone,Abandoned Vehicle,Abandoned Vehicle Request,11/10/2022,11/10/2022,11/10/2022,11/10/2022,Park Heights,NORTHWESTERN,10,NORTHWESTERN,368,39.254361,-76.585272,"39.254361, -76.585272"
SR-101181,Open,Phone,Parking Complaint,Parking Complaint Request,5/9/2021,5/9/2021,5/9/2021,5/9/2021,Johnston Square,NORTHEASTERN,12,NORTHEASTERN,305,39.307415,-76.337104,"39.307415, -76.337104"
SR-101182,In Progress,Phone,Street Light Out,Street Light Out Request,2/18/2019,2/18/2019,2/18/2019,2/18/2019,Irvington,CENTRAL,10,CENTRAL,268,39.315527,-76.39263,"39.315527, -76.39263"
SR-101183,Closed,Phone,Rat Rubout,Rat Rubout Request,5/28/2019,5/28/2019,5/28/2019,5/28/2019,Homeland,EASTERN,3,EASTERN,631,39.362052,-76.32859,"39.362052, -76.32859"
SR-101184,Closed,Phone,Vacant Building,Vacant Building Request,12/17/2021,12/17/2021,12/17/2021,12/17/2021,Johnston Square,NORTHEASTERN,5,NORTHEASTERN,330,39.395431,-76.405419,"39.395431, -76.405419"
SR-101185,In Progress,Phone,Street Light Out,Street Light Out Request,10/23/2023,10/23/2023,10/23/2023,10/23/2023,Sandtown-Winchester,NORTHWESTERN,6,NORTHWESTERN,418,39.469577,-76.527981,"39.469577, -76.527981"
SR-101186,Closed,Phone,Dirty Street,Dirty Street Request,5/2/2020,5/2/2020,5/2/2020,5/2/2020,Pigtown,NORTHERN,14,NORTHERN,648,39.4691,-76.369182,"39.4691, -76.369182"
SR-101187,In Progress,Phone,Rat Rubout,Rat Rubout Request,12/14/2021,12/14/2021,12/14/2021,12/14/2021,Charles Village,NORTHEASTERN,11,NORTHEASTERN,734,39.315571,-76.382796,"39.315571, -76.382796"
SR-101188,In Progress,Phone,Street Light Out,Street Light Out Request,1/18/2023,1/18/2023,1/18/2023,1/18/2023,Pen Lucy,WESTERN,14,WESTERN,361,39.320171,-76.333487,"39.320171, -76.333487"
SR-101189,Open,Phone,Street Light Out,Street Light Out Request,3/10/2022,3/10/2022,3/10/2022,3/10/2022,Eastwood,NORTHWESTERN,9,NORTHWESTERN,567,39.23108,-76.494714,"39.23108, -76.494714"
SR-101190,Open,Phone,Graffiti,Graffiti Request,2/11/2023,2/11/2023,2/11/2023,2/11/2023,Brooklyn,EASTERN,2,EASTERN,858,39.451669,-76.478903,"39.451669, -76.478903"
SR-101191,Closed,Phone,Dead Animal,Dead Animal Request,8/28/2022,8/28/2022,8/28/2022,8/28/2022,Oliver,NORTHWESTERN,4,NORTHWESTERN,164,39.422616,-76.383251,"39.422616, -76.383251"
SR-101192,In Progress,Phone,Graffiti,Graffiti Request,2/19/2020,2/19/2020,2/19/2020,2/19/2020,Westport,NORTHEASTERN,13,NORTHEASTERN,835,39.319341,-76.475383,"39.319341, -76.475383"
SR-101193,In Progress,Phone,Parking Complaint,Parking Complaint Request,5/24/2020,5/24/2020,5/24/2020,5/24/2020,Druid Heights,EASTERN,12,EASTERN,691,39.385199,-76.436338,"39.385199, -76.436338"
SR-101194,Closed,Phone,Graffiti,Graffiti Request,8/13/2022,8/13/2022,8/13/2022,8/13/2022,Clifton Park,CENTRAL,8,CENTRAL,683,39.350663,-76.545953,"39.350663, -76.545953"
SR-101195,Open,Phone,Parking Complaint,Parking Complaint Request,3/9/2020,3/9/2020,3/9/2020,3/9/2020,Clifton Park,CENTRAL,9,CENTRAL,533,39.395676,-76.333068,"39.395676, -76.333068"
SR-101196,Open,Phone,Graffiti,Graffiti Request,2/13/2022,2/13/2022,2/13/2022,2/13/2022,Johnston Square,NORTHEASTERN,10,NORTHEASTERN,467,39.39136,-76.444356,"39.39136, -76.444356"
SR-101197,In Progress,Phone,Illegal Dumping,Illegal Dumping Request,6/15/2020,6/15/2020,6/15/2020,6/15/2020,Johnston Square,WESTERN,6,WESTERN,254,39.407557,-76.542316,"39.407557, -76.542316"
SR-101198,In Progress,Phone,Dead Animal,Dead Animal Request,1/26/2019,1/26/2019,1/26/2019,1/26/2019,Irvington,WESTERN,13,WESTERN,552,39.287694,-76.578945,"39.287694, -76.578945"
SR-101199,Open,Phone,Street Light Out,Street Light Out Request,5/5/2021,5/5/2021,5/5/2021,5/5/2021,Curtis Bay,SOUTHERN,2,SOUTHERN,167,39.449692,-76.354514,"39.449692, -76.354514"
SR-101200,Closed,Phone,Graffiti,Graffiti Request,3/28/2023,3/28/2023,3/28/2023,3/28/2023,Pimlico,SOUTHERN,6,SOUTHERN,186,39.367211,-76.352004,"39.367211, -76.352004"
SR-101201,Closed,Phone,Parking Complaint,Parking Complaint Request,1/15/2023,1/15/2023,1/15/2023,1/15/2023,Johnston Square,NORTHEASTERN,11,NORTHEASTERN,720,39.336863,-76.404052,"39.336863, -76.404052"
SR-101202,Open,Phone,Vacant Building,Vacant Building Request,4/4/2019,4/4/2019,4/4/2019,4/4/2019,Brooklyn,NORTHERN,4,NORTHERN,509,39.293814,-76.433939,"39.293814, -76.433939"
SR-101203,Closed,Phone,Dead Animal,Dead Animal Request,6/11/2020,6/11/2020,6/11/2020,6/11/2020,Roland Park,SOUTHERN,12,SOUTHERN,855,39.488299,-76.526552,"39.488299, -76.526552"
SR-101204,Closed,Phone,Graffiti,Graffiti Request,12/3/2020,12/3/2020,12/3/2020,12/3/2020,Guilford,CENTRAL,12,CENTRAL,513,39.248149,-76.315617,"39.248149, -76.315617"
SR-101205,In Progress,Phone,Dirty Street,Dirty Street Request,2/10/2023,2/10/2023,2/10/2023,2/10/2023,Johnston Square,SOUTHERN,10,SOUTHERN,881,39.400558,-76.49255,"39.400558, -76.49255"
SR-101206,Closed,Phone,Graffiti,Graffiti Request,8/2/2022,8/2/2022,8/2/2022,8/2/2022,Mount Washington,NORTHERN,6,NORTHERN,538,39.410865,-76.455973,"39.410865, -76.455973"
SR-101207,Closed,Phone,Abandoned Vehicle,Abandoned Vehicle Request,6/18/2020,6/18/2020,6/18/2020,6/18/2020,Berea,CENTRAL,13,CENTRAL,321,39.212334,-76.330309,"39.212334, -76.330309"
SR-101208,Closed,Phone,Parking Complaint,Parking Complaint Request,7/26/2021,7/26/2021,7/26/2021,7/26/2021,Park Heights,SOUTHERN,9,SOUTHERN,802,39.462437,-76.415177,"39.462437, -76.415177"
SR-101209,Closed,Phone,Parking Complaint,Parking Complaint Request,9/14/2022,9/14/2022,9/14/2022,9/14/2022,Waverly,NORTHWESTERN,11,NORTHWESTERN,419,39.389812,-76.35028,"39.389812, -76.35028"
SR-101210,Closed,Phone,Parking Complaint,Parking Complaint Request,9/4/2023,9/4/2023,9/4/2023,9/4/2023,Guilford,SOUTHERN,3,SOUTHERN,522,39.479258,-76.541804,"39.479258, -76.541804"
SR-101211,In Progress,Phone,Pothole,Pothole Request,10/5/2020,10/5/2020,10/5/2020,10/5/2020,Mount Washington,EASTERN,1,EASTERN,381,39.313102,-76.38709,"39.313102, -76.38709"
SR-101212,In Progress,Phone,Dirty Street,Dirty Street Request,5/5/2023,5/5/2023,5/5/2023,5/5/2023,Belair-Edison,NORTHERN,2,NORTHERN,728,39.459134,-76.373096,"39.459134, -76.373096"
SR-101213,Closed,Phone,Illegal Dumping,Illegal Dumping Request,8/9/2021,8/9/2021,8/9/2021,8/9/2021,Homeland,NORTHWESTERN,8,NORTHWESTERN,654,39.21504,-76.419385,"39.21504, -76.419385"
SR-101214,In Progress,Phone,Dead Animal,Dead Animal Request,10/19/2019,10/19/2019,10/19/2019,10/19/2019,Roland Park,NORTHWESTERN,2,NORTHWESTERN,196,39.350792,-76.559683,"39.350792, -76.559683"
SR-101215,In Progress,Phone,Dirty Street,Dirty Street Request,9/5/2020,9/5/2020,9/5/2020,9/5/2020,Belair-Edison,NORTHEASTERN,13,NORTHEASTERN,710,39.384557,-76.542409,"39.384557, -76.542409"
SR-101216,Closed,Phone,Illegal Dumping,Illegal Dumping Request,2/12/2019,2/12/2019,2/12/2019,2/12/2019,Roland Park,NORTHERN,8,NORTHERN,536,39.386504,-76.31793,"39.386504, -76.31793"
SR-101217,In Progress,Phone,Parking Complaint,Parking Complaint Request,1/24/2023,1/24/2023,1/24/2023,1/24/2023,Upton,EASTERN,1,EASTERN,417,39.353857,-76.314994,"39.353857, -76.314994"
SR-101218,Open,Phone,Vacant Building,Vacant Building Request,1/28/2019,1/28/2019,1/28/2019,1/28/2019,Guilford,NORTHERN,2,NORTHERN,817,39.461051,-76.443757,"39.461051, -76.443757"
SR-101219,Closed,Phone,Parking Complaint,Parking Complaint Request,5/7/2019,5/7/2019,5/7/2019,5/7/2019,Charles Village,NORTHWESTERN,5,NORTHWESTERN,300,39.200292,-76.492682,"39.200292, -76.492682"
SR-101220,Open,Phone,Dirty Street,Dirty Street Request,2/12/2019,2/12/2019,2/12/2019,2/12/2019,Cherry Hill,NORTHEASTERN,11,NORTHEASTERN,762,39.299712,-76.410593,"39.299712, -76.410593"
SR-101221,In Progress,Phone,Street Light Out,Street Light Out Request,2/25/2023,2/25/2023,2/25/2023,2/25/2023,Irvington,NORTHWESTERN,10,NORTHWESTERN,488,39.37857,-76.309378,"39.37857, -76.309378"
SR-101222,Closed,Phone,Dead Animal,Dead Animal Request,10/28/2019,10/28/2019,10/28/2019,10/28/2019,Homeland,WESTERN,11,WESTERN,526,39.313783,-76.580271,"39.313783, -76.580271"
SR-101223,Open,Phone,Dirty Street,Dirty Street Request,3/1/2023,3/1/2023,3/1/2023,3/1/2023,Park Heights,CENTRAL,13,CENTRAL,507,39.290789,-76.409656,"39.290789, -76.409656"
SR-101224,In Progress,Phone,Pothole,Pothole Request,2/14/2019,2/14/2019,2/14/2019,2/14/2019,Sandtown-Winchester,WESTERN,14,WESTERN,777,39.232224,-76.575361,"39.232224, -76.575361"
SR-101225,Open,Phone,Vacant Building,Vacant Building Request,1/20/2022,1/20/2022,1/20/2022,1/20/2022,Brooklyn,CENTRAL,11,CENTRAL,300,39.263064,-76.510185,"39.263064, -76.510185"
SR-101226,Closed,Phone,Pothole,Pothole Request,8/7/2023,8/7/2023,8/7/2023,8/7/2023,Clifton Park,SOUTHERN,1,SOUTHERN,219,39.200895,-76.424983,"39.200895, -76.424983"
SR-101227,In Progress,Phone,Pothole,Pothole Request,4/26/2021,4/26/2021,4/26/2021,4/26/2021,Pimlico,NORTHWESTERN,13,NORTHWESTERN,452,39.307644,-76.54628,"39.307644, -76.54628"
SR-101228,In Progress,Phone,Rat Rubout,Rat Rubout Request,5/22/2020,5/22/2020,5/22/2020,5/22/2020,Greenmount West,CENTRAL,12,CENTRAL,652,39.422628,-76.431512,"39.422628, -76.431512"
SR-101229,Closed,Phone,Vacant Building,Vacant Building Request,10/16/2021,10/16/2021,10/16/2021,10/16/2021,Sandtown-Winchester,NORTHERN,12,NORTHERN,438,39.32354,-76.43459,"39.32354, -76.43459"
SR-101230,In Progress,Phone,Dead Animal,Dead Animal Request,11/13/2019,11/13/2019,11/13/2019,11/13/2019,Park Heights,SOUTHERN,14,SOUTHERN,440,39.248895,-76.515156,"39.248895, -76.515156"
SR-101231,Open,Phone,Graffiti,Graffiti Request,11/26/2022,11/26/2022,11/26/2022,11/26/2022,Roland Park,NORTHERN,4,NORTHERN,478,39.224166,-76.407941,"39.224166, -76.407941"
SR-101232,Closed,Phone,Rat Rubout,Rat Rubout Request,11/1/2019,11/1/2019,11/1/2019,11/1/2019,Brooklyn,WESTERN,12,WESTERN,505,39.393184,-76.426252,"39.393184, -76.426252"
SR-101233,In Progress,Phone,Pothole,Pothole Request,8/15/2022,8/15/2022,8/15/2022,8/15/2022,Homeland,NORTHERN,6,NORTHERN,258,39.387341,-76.396568,"39.387341, -76.396568"
SR-101234,Open,Phone,Rat Rubout,Rat Rubout Request,11/17/2021,11/17/2021,11/17/2021,11/17/2021,Upton,WESTERN,12,WESTERN,293,39.462596,-76.587147,"39.462596, -76.587147"
SR-101235,Closed,Phone,Rat Rubout,Rat Rubout Request,10/1/2020,10/1/2020,10/1/2020,10/1/2020,Irvington,SOUTHERN,3,SOUTHERN,434,39.403069,-76.440673,"39.403069, -76.440673"
SR-101236,Open,Phone,Rat Rubout,Rat Rubout Request,11/11/2023,11/11/2023,11/11/2023,11/11/2023,Charles Village,NORTHERN,14,NORTHERN,657,39.43723,-76.417378,"39.43723, -76.417378"
SR-101237,Open,Phone,Street Light Out,Street Light Out Request,1/7/2022,1/7/2022,1/7/2022,1/7/2022,Harlem Park,NORTHWESTERN,1,NORTHWESTERN,477,39.261845,-76.575236,"39.261845, -76.575236"
SR-101238,In Progress,Phone,Vacant Building,Vacant Building Request,7/19/2023,7/19/2023,7/19/2023,7/19/2023,Berea,NORTHERN,1,NORTHERN,567,39.355809,-76.538424,"39.355809, -76.538424"
SR-101239,Closed,Phone,Vacant Building,Vacant Building Request,9/3/2022,9/3/2022,9/3/2022,9/3/2022,Pigtown,WESTERN,6,WESTERN,807,39.492516,-76.383158,"39.492516, -76.383158"
SR-101240,Closed,Phone,Graffiti,Graffiti Request,1/11/2021,1/11/2021,1/11/2021,1/11/2021,Clifton Park,NORTHEASTERN,14,NORTHEASTERN,826,39.366066,-76.527174,"39.366066, -76.527174"
SR-101241,Closed,Phone,Vacant Building,Vacant Building Request,1/1/2022,1/1/2022,1/1/2022,1/1/2022,Govans,NORTHEASTERN,12,NORTHEASTERN,772,39.354412,-76.492656,"39.354412, -76.492656"
SR-101242,In Progress,Phone,Vacant Building,Vacant Building Request,11/7/2020,11/7/2020,11/7/2020,11/7/2020,Druid Heights,CENTRAL,14,CENTRAL,842,39.351901,-76.568941,"39.351901, -76.568941"
SR-101243,Open,Phone,Dead Animal,Dead Animal Request,3/11/2021,3/11/2021,3/11/2021,3/11/2021,Morrell Park,SOUTHERN,6,SOUTHERN,469,39.409915,-76.484444,"39.409915, -76.484444"
SR-101244,Closed,Phone,Dirty Street,Dirty Street Request,5/4/2021,5/4/2021,5/4/2021,5/4/2021,Greenmount West,NORTHEASTERN,14,NORTHEASTERN,159,39.362622,-76.581626,"39.362622, -76.581626"
SR-101245,Closed,Phone,Dirty Street,Dirty Street Request,2/11/2020,2/11/2020,2/11/2020,2/11/2020,Irvington,NORTHWESTERN,7,NORTHWESTERN,212,39.276725,-76.451124,"39.276725, -76.451124"
SR-101246,Closed,Phone,Vacant Building,Vacant Building Request,9/8/2021,9/8/2021,9/8/2021,9/8/2021,Druid Heights,NORTHEASTERN,7,NORTHEASTERN,867,39.42504,-76.588665,"39.42504, -76.588665"
SR-101247,Closed,Phone,Abandoned Vehicle,Abandoned Vehicle Request,11/14/2020,11/14/2020,11/14/2020,11/14/2020,Park Heights,NORTHERN,7,NORTHERN,831,39.237035,-76.354658,"39.237035, -76.354658"
SR-101248,In Progress,Phone,Pothole,Pothole Request,2/23/2023,2/23/2023,2/23/2023,2/23/2023,Morrell Park,SOUTHERN,12,SOUTHERN,312,39.200554,-76.580716,"39.200554, -76.580716"
SR-101249,Open,Phone,Dirty Street,Dirty Street Request,2/14/2019,2/14/2019,2/14/2019,2/14/2019,Curtis Bay,CENTRAL,6,CENTRAL,740,39.447677,-76.498822,"39.447677, -76.498822"
SR-101250,Closed,Phone,Rat Rubout,Rat Rubout Request,4/6/2022,4/6/2022,4/6/2022,4/6/2022,Govans,CENTRAL,4,CENTRAL,497,39.418094,-76.360355,"39.418094, -76.360355"
SR-101251,Open,Phone,Vacant Building,Vacant Building Request,5/8/2019,5/8/2019,5/8/2019,5/8/2019,Middle East,SOUTHERN,13,SOUTHERN,617,39.317924,-76.54904,"39.317924, -76.54904"
SR-101252,In Progress,Phone,Pothole,Pothole Request,5/22/2022,5/22/2022,5/22/2022,5/22/2022,Sandtown-Winchester,CENTRAL,11,CENTRAL,847,39.294135,-76.540086,"39.294135, -76.540086"
SR-101253,In Progress,Phone,Illegal Dumping,Illegal Dumping Request,6/24/2019,6/24/2019,6/24/2019,6/24/2019,Morrell Park,NORTHERN,12,NORTHERN,376,39.202222,-76.371011,"39.202222, -76.371011"
SR-101254,Closed,Phone,Parking Complaint,Parking Complaint Request,7/18/2019,7/18/2019,7/18/2019,7/18/2019,Cherry Hill,WESTERN,8,WESTERN,283,39.245721,-76.314213,"39.245721, -76.314213"
SR-101255,Open,Phone,Vacant Building,Vacant Building Request,8/6/2023,8/6/2023,8/6/2023,8/6/2023,Upton,NORTHEASTERN,1,NORTHEASTERN,481,39.486049,-76.563306,"39.486049, -76.563306"
SR-101256,In Progress,Phone,Rat Rubout,Rat Rubout Request,12/15/2021,12/15/2021,12/15/2021,12/15/2021,Morrell Park,NORTHEASTERN,2,NORTHEASTERN,482,39.424314,-76.375127,"39.424314, -76.375127"
SR-101257,In Progress,Phone,Illegal Dumping,Illegal Dumping Request,9/10/2019,9/10/2019,9/10/2019,9/10/2019,Park Heights,SOUTHERN,3,SOUTHERN,737,39.415455,-76.362983,"39.415455, -76.362983"
SR-101258,Closed,Phone,Abandoned Vehicle,Abandoned Vehicle Request,11/11/2020,11/11/2020,11/11/2020,11/11/2020,Greenmount West,SOUTHERN,9,SOUTHERN,412,39.228808,-76.540525,"39.228808, -76.540525"
SR-101259,In Progress,Phone,Abandoned Vehicle,Abandoned Vehicle Request,8/21/2023,8/21/2023,8/21/2023,8/21/2023,Belair-Edison,SOUTHERN,3,SOUTHERN,123,39.369957,-76.582084,"39.369957, -76.582084"
SR-101260,Open,Phone,Abandoned Vehicle,Abandoned Vehicle Request,2/21/2023,2/21/2023,2/21/2023,2/21/2023,Roland Park,NORTHWESTERN,11,NORTHWESTERN,763,39.315188,-76.36752,"39.315188, -76.36752"
SR-101261,Open,Phone,Illegal Dumping,Illegal Dumping Request,3/2/2021,3/2/2021,3/2/2021,3/2/2021,Curtis Bay,CENTRAL,2,CENTRAL,350,39.452303,-76.445292,"39.452303, -76.445292"
SR-101262,In Progress,Phone,Illegal Dumping,Illegal Dumping Request,7/5/2021,7/5/2021,7/5/2021,7/5/2021,Druid Heights,SOUTHERN,3,SOUTHERN,387,39.268141,-76.534396,"39.268141, -76.534396"
SR-101263,Closed,Phone,Graffiti,Graffiti Request,1/1/2020,1/1/2020,1/1/2020,1/1/2020,Mount Washington,NORTHEASTERN,5,NORTHEASTERN,414,39.26328,-76.515493,"39.26328, -76.515493"
SR-101264,In Progress,Phone,Street Light Out,Street Light Out Request,4/15/2021,4/15/2021,4/15/2021,4/15/2021,Cherry Hill,NORTHEASTERN,1,NORTHEASTERN,480,39.350652,-76.337522,"39.350652, -76.337522"
SR-101265,Closed,Phone,Street Light Out,Street Light Out Request,3/24/2023,3/24/2023,3/24/2023,3/24/2023,Park Heights,CENTRAL,11,CENTRAL,229,39.489734,-76.592939,"39.489734, -76.592939"
SR-101266,Open,Phone,Dirty Street,Dirty Street Request,10/15/2021,10/15/2021,10/15/2021,10/15/2021,Greenmount West,NORTHEASTERN,10,NORTHEASTERN,853,39.48051,-76.45809,"39.48051, -76.45809"
SR-101267,In Progress,Phone,Dirty Street,Dirty Street Request,6/13/2020,6/13/2020,6/13/2020,6/13/2020,Middle East,EASTERN,2,EASTERN,165,39.330811,-76.366067,"39.330811, -76.366067"
SR-101268,Open,Phone,Vacant Building,Vacant Building Request,8/23/2019,8/23/2019,8/23/2019,8/23/2019,Brooklyn,SOUTHERN,3,SOUTHERN,817,39.385438,-76.485906,"39.385438, -76.485906"
SR-101269,In Progress,Phone,Parking Complaint,Parking Complaint Request,4/7/2022,4/7/2022,4/7/2022,4/7/2022,Johnston Square,CENTRAL,8,CENTRAL,215,39.351809,-76.316329,"39.351809, -76.316329"
SR-101270,Open,Phone,Pothole,Pothole Request,5/16/2023,5/16/2023,5/16/2023,5/16/2023,Hampden,NORTHEASTERN,11,NORTHEASTERN,288,39.397449,-76.365721,"39.397449, -76.365721"
SR-101271,Open,Phone,Pothole,Pothole Request,2/5/2019,2/5/2019,2/5/2019,2/5/2019,Belair-Edison,NORTHEASTERN,12,NORTHEASTERN,478,39.419667,-76.557283,"39.419667, -76.557283"
SR-101272,In Progress,Phone,Abandoned Vehicle,Abandoned Vehicle Request,4/21/2020,4/21/2020,4/21/2020,4/21/2020,Hampden,WESTERN,13,WESTERN,411,39.263069,-76.434428,"39.263069, -76.434428"
SR-101273,Open,Phone,Parking Complaint,Parking Complaint Request,7/3/2019,7/3/2019,7/3/2019,7/3/2019,Curtis Bay,NORTHWESTERN,11,NORTHWESTERN,582,39.421595,-76.413564,"39.421595, -76.413564"
SR-101274,Open,Phone,Pothole,Pothole Request,7/19/2021,7/19/2021,7/19/2021,7/19/2021,Westport,CENTRAL,9,CENTRAL,834,39.346321,-76.566398,"39.346321, -76.566398"
SR-101275,Open,Phone,Street Light Out,Street Light Out Request,2/4/2019,2/4/2019,2/4/2019,2/4/2019,Morrell Park,SOUTHERN,4,SOUTHERN,696,39.363546,-76.463904,"39.363546, -76.463904"
SR-101276,In Progress,Phone,Illegal Dumping,Illegal Dumping Request,2/11/2022,2/11/2022,2/11/2022,2/11/2022,Harlem Park,NORTHWESTERN,1,NORTHWESTERN,286,39.480734,-76.445266,"39.480734, -76.445266"
SR-101277,Closed,Phone,Vacant Building,Vacant Building Request,4/13/2020,4/13/2020,4/13/2020,4/13/2020,Govans,SOUTHERN,12,SOUTHERN,392,39.301675,-76.447155,"39.301675, -76.447155"
SR-101278,Closed,Phone,Vacant Building,Vacant Building Request,4/15/2023,4/15/2023,4/15/2023,4/15/2023,Pen Lucy,EASTERN,6,EASTERN,126,39.338506,-76.434573,"39.338506, -76.434573"
SR-101279,In Progress,Phone,Street Light Out,Street Light Out Request,6/21/2019,6/21/2019,6/21/2019,6/21/2019,Middle East,CENTRAL,14,CENTRAL,609,39.388122,-76.57975,"39.388122, -76.57975"
SR-101280,Closed,Phone,Abandoned Vehicle,Abandoned Vehicle Request,5/2/2021,5/2/2021,5/2/2021,5/2/2021,Middle East,SOUTHERN,13,SOUTHERN,621,39.419989,-76.35241,"39.419989, -76.35241"
SR-101281,Closed,Phone,Street Light Out,Street Light Out Request,5/10/2020,5/10/2020,5/10/2020,5/10/2020,Irvington,SOUTHERN,7,SOUTHERN,538,39.38223,-76.538533,"39.38223, -76.538533"
SR-101282,Open,Phone,Street Light Out,Street Light Out Request,9/25/2021,9/25/2021,9/25/2021,9/25/2021,Harlem Park,SOUTHERN,2,SOUTHERN,516,39.235018,-76.43843,"39.235018, -76.43843"
SR-101283,In Progress,Phone,Street Light Out,Street Light Out Request,12/16/2020,12/16/2020,12/16/2020,12/16/2020,Upton,WESTERN,8,WESTERN,574,39.393385,-76.511246,"39.393385, -76.511246"
SR-101284,In Progress,Phone,Vacant Building,Vacant Building Request,8/17/2022,8/17/2022,8/17/2022,8/17/2022,Westport,WESTERN,4,WESTERN,808,39.312469,-76.562372,"39.312469, -76.562372"
SR-101285,In Progress,Phone,Graffiti,Graffiti Request,11/17/2019,11/17/2019,11/17/2019,11/17/2019,Curtis Bay,CENTRAL,14,CENTRAL,391,39.295294,-76.451348,"39.295294, -76.451348"
SR-101286,In Progress,Phone,Illegal Dumping,Illegal Dumping Request,6/9/2020,6/9/2020,6/9/2020,6/9/2020,Druid Heights,NORTHERN,8,NORTHERN,752,39.303056,-76.468544,"39.303056, -76.468544"
SR-101287,In Progress,Phone,Pothole,Pothole Request,10/26/2022,10/26/2022,10/26/2022,10/26/2022,Waverly,NORTHEASTERN,1,NORTHEASTERN,416,39.342856,-76.46741,"39.342856, -76.46741"
SR-101288,Closed,Phone,Pothole,Pothole Request,6/7/2021,6/7/2021,6/7/2021,6/7/2021,Clifton Park,CENTRAL,13,CENTRAL,368,39.221371,-76.541248,"39.221371, -76.541248"
SR-101289,In Progress,Phone,Abandoned Vehicle,Abandoned Vehicle Request,3/12/2022,3/12/2022,3/12/2022,3/12/2022,Druid Heights,NORTHWESTERN,11,NORTHWESTERN,667,39.232533,-76.544969,"39.232533, -76.544969"
SR-101290,Open,Phone,Pothole,Pothole Request,12/5/2022,12/5/2022,12/5/2022,12/5/2022,Pimlico,EASTERN,11,EASTERN,741,39.310019,-76.497421,"39.310019, -76.497421"
SR-101291,Open,Phone,Rat Rubout,Rat Rubout Request,8/16/2019,8/16/2019,8/16/2019,8/16/2019,Cherry Hill,SOUTHERN,11,SOUTHERN,513,39.306565,-76.503785,"39.306565, -76.503785"
SR-101292,Open,Phone,Abandoned Vehicle,Abandoned Vehicle Request,4/15/2021,4/15/2021,4/15/2021,4/15/2021,Westport,NORTHWESTERN,3,NORTHWESTERN,124,39.351586,-76.559426,"39.351586, -76.559426"
SR-101293,Closed,Phone,Parking Complaint,Parking Complaint Request,5/3/2019,5/3/2019,5/3/2019,5/3/2019,Cherry Hill,NORTHWESTERN,1,NORTHWESTERN,568,39.287771,-76.428749,"39.287771, -76.428749"
SR-101294,Closed,Phone,Graffiti,Graffiti Request,3/23/2021,3/23/2021,3/23/2021,3/23/2021,Cherry Hill,EASTERN,7,EASTERN,148,39.417254,-76.445936,"39.417254, -76.445936"
SR-101295,Closed,Phone,Illegal Dumping,Illegal Dumping Request,4/15/2022,4/15/2022,4/15/2022,4/15/2022,Irvington,EASTERN,3,EASTERN,220,39.210065,-76.427927,"39.210065, -76.427927"
SR-101296,In Progress,Phone,Dead Animal,Dead Animal Request,7/24/2021,7/24/2021,7/24/2021,7/24/2021,Guilford,WESTERN,12,WESTERN,101,39.436766,-76.582237,"39.436766, -76.582237"
SR-101297,In Progress,Phone,Parking Complaint,Parking Complaint Request,1/13/2021,1/13/2021,1/13/2021,1/13/2021,Greenmount West,CENTRAL,12,CENTRAL,886,39.47312,-76.565946,"39.47312, -76.565946"
SR-101298,In Progress,Phone,Illegal Dumping,Illegal Dumping Request,5/9/2023,5/9/2023,5/9/2023,5/9/2023,Park Heights,WESTERN,10,WESTERN,370,39.237982,-76.480924,"39.237982, -76.480924"
SR-101299,In Progress,Phone,Abandoned Vehicle,Abandoned Vehicle Request,1/26/2019,1/26/2019,1/26/2019,1/26/2019,Upton,NORTHEASTERN,8,NORTHEASTERN,513,39.209956,-76.429082,"39.209956, -76.429082"
SR-101300,Open,Phone,Abandoned Vehicle,Abandoned Vehicle Request,1/26/2021,1/26/2021,1/26/2021,1/26/2021,Guilford,NORTHEASTERN,14,NORTHEASTERN,471,39.273486,-76.54405,"39.273486, -76.54405"
SR-101301,In Progress,Phone,Parking Complaint,Parking Complaint Request,6/4/2022,6/4/2022,6/4/2022,6/4/2022,Druid Heights,CENTRAL,10,CENTRAL,517,39.341833,-76.362195,"39.341833, -76.362195"
SR-101302,Closed,Phone,Graffiti,Graffiti Request,7/12/2023,7/12/2023,7/12/2023,7/12/2023,Sandtown-Winchester,SOUTHERN,4,SOUTHERN,376,39.484796,-76.396377,"39.484796, -76.396377"
SR-101303,Closed,Phone,Vacant Building,Vacant Building Request,1/16/2020,1/16/2020,1/16/2020,1/16/2020,Roland Park,NORTHWESTERN,1,NORTHWESTERN,566,39.265097,-76.362992,"39.265097, -76.362992"
SR-101304,Open,Phone,Vacant Building,Vacant Building Request,3/18/2020,3/18/2020,3/18/2020,3/18/2020,Johnston Square,NORTHWESTERN,14,NORTHWESTERN,440,39.38537,-76.315206,"39.38537, -76.315206"
SR-101305,Open,Phone,Street Light Out,Street Light Out Request,4/24/2023,4/24/2023,4/24/2023,4/24/2023,Hampden,WESTERN,12,WESTERN,507,39.47972,-76.550682,"39.47972, -76.550682"
SR-101306,In Progress,Phone,Street Light Out,Street Light Out Request,7/23/2022,7/23/2022,7/23/2022,7/23/2022,Harlem Park,NORTHEASTERN,4,NORTHEASTERN,614,39.400304,-76.441063,"39.400304, -76.441063"
SR-101307,Closed,Phone,Dead Animal,Dead Animal Request,2/4/2019,2/4/2019,2/4/2019,2/4/2019,Charles Village,WESTERN,11,WESTERN,694,39.209926,-76.494979,"39.209926, -76.494979"
SR-101308,Closed,Phone,Abandoned Vehicle,Abandoned Vehicle Request,4/12/2023,4/12/2023,4/12/2023,4/12/2023,Belair-Edison,NORTHWESTERN,1,NORTHWESTERN,376,39.263112,-76.451861,"39.263112, -76.451861"
SR-101309,In Progress,Phone,Dead Animal,Dead Animal Request,1/13/2023,1/13/2023,1/13/2023,1/13/2023,Westport,NORTHERN,9,NORTHERN,797,39.388755,-76.520816,"39.388755, -76.520816"
SR-101310,Closed,Phone,Vacant Building,Vacant Building Request,5/14/2023,5/14/2023,5/14/2023,5/14/2023,Irvington,EASTERN,12,EASTERN,273,39.453271,-76.32212,"39.453271, -76.32212"
SR-101311,Open,Phone,Illegal Dumping,Illegal Dumping Request,12/24/2022,12/24/2022,12/24/2022,12/24/2022,Greenmount West,NORTHEASTERN,10,NORTHEASTERN,353,39.3893,-76.561061,"39.3893, -76.561061"
SR-101312,Closed,Phone,Abandoned Vehicle,Abandoned Vehicle Request,10/16/2023,10/16/2023,10/16/2023,10/16/2023,Brooklyn,CENTRAL,11,CENTRAL,490,39.23623,-76.334845,"39.23623, -76.334845"
SR-101313,In Progress,Phone,Pothole,Pothole Request,10/27/2022,10/27/2022,10/27/2022,10/27/2022,Upton,CENTRAL,2,CENTRAL,151,39.293561,-76.399182,"39.293561, -76.399182"
SR-101314,In Progress,Phone,Illegal Dumping,Illegal Dumping Request,11/25/2022,11/25/2022,11/25/2022,11/25/2022,Belair-Edison,WESTERN,12,WESTERN,145,39.279061,-76.575237,"39.279061, -76.575237"
SR-101315,Open,Phone,Pothole,Pothole Request,4/16/2021,4/16/2021,4/16/2021,4/16/2021,Charles Village,NORTHERN,8,NORTHERN,133,39.250087,-76.40193,"39.250087, -76.40193"
SR-101316,Closed,Phone,Dead Animal,Dead Animal Request,6/14/2020,6/14/2020,6/14/2020,6/14/2020,Park Heights,NORTHEASTERN,13,NORTHEASTERN,380,39.484798,-76.354744,"39.484798, -76.354744"
SR-101317,Open,Phone,Pothole,Pothole Request,6/26/2021,6/26/2021,6/26/2021,6/26/2021,Govans,CENTRAL,6,CENTRAL,188,39.288232,-76.371991,"39.288232, -76.371991"
SR-101318,Open,Phone,Parking Complaint,Parking Complaint Request,1/13/2023,1/13/2023,1/13/2023,1/13/2023,Upton,WESTERN,3,WESTERN,789,39.419615,-76.547218,"39.419615, -76.547218"
SR-101319,Closed,Phone,Graffiti,Graffiti Request,2/25/2023,2/25/2023,2/25/2023,2/25/2023,Govans,EASTERN,2,EASTERN,284,39.444268,-76.447396,"39.444268, -76.447396"
SR-101320,Closed,Phone,Dirty Street,Dirty Street Request,11/15/2020,11/15/2020,11/15/2020,11/15/2020,Pimlico,WESTERN,3,WESTERN,881,39.223153,-76.420944,"39.223153, -76.420944"
SR-101321,Closed,Phone,Rat Rubout,Rat Rubout Request,3/12/2023,3/12/2023,3/12/2023,3/12/2023,Belair-Edison,NORTHWESTERN,6,NORTHWESTERN,589,39.277174,-76.434412,"39.277174, -76.434412"
SR-101322,Open,Phone,Street Light Out,Street Light Out Request,8/13/2019,8/13/2019,8/13/2019,8/13/2019,Hampden,EASTERN,14,EASTERN,472,39.248539,-76.399033,"39.248539, -76.399033"
SR-101323,Open,Phone,Pothole,Pothole Request,4/14/2023,4/14/2023,4/14/2023,4/14/2023,Homeland,WESTERN,4,WESTERN,778,39.349895,-76.432112,"39.349895, -76.432112"
SR-101324,Closed,Phone,Street Light Out,Street Light Out Request,4/24/2023,4/24/2023,4/24/2023,4/24/2023,Westport,NORTHEASTERN,11,NORTHEASTERN,215,39.353373,-76.48229,"39.353373, -76.48229"
SR-101325,Open,Phone,Parking Complaint,Parking Complaint Request,3/28/2023,3/28/2023,3/28/2023,3/28/2023,Pimlico,NORTHERN,9,NORTHERN,124,39.356735,-76.485237,"39.356735, -76.485237"
SR-101326,Open,Phone,Illegal Dumping,Illegal Dumping Request,10/12/2022,10/12/2022,10/12/2022,10/12/2022,Berea,NORTHEASTERN,3,NORTHEASTERN,246,39.271574,-76.592427,"39.271574, -76.592427"
SR-101327,In Progress,Phone,Parking Complaint,Parking Complaint Request,10/7/2019,10/7/2019,10/7/2019,10/7/2019,Oliver,SOUTHERN,8,SOUTHERN,105,39.397704,-76.595273,"39.397704, -76.595273"
SR-101328,Closed,Phone,Street Light Out,Street Light Out Request,1/8/2023,1/8/2023,1/8/2023,1/8/2023,Irvington,NORTHWESTERN,11,NORTHWESTERN,214,39.440517,-76.520541,"39.440517, -76.520541"
SR-101329,Closed,Phone,Street Light Out,Street Light Out Request,5/15/2022,5/15/2022,5/15/2022,5/15/2022,Brooklyn,NORTHERN,3,NORTHERN,746,39.44835,-76.531699,"39.44835, -76.531699"
SR-101330,In Progress,Phone,Dirty Street,Dirty Street Request,12/23/2022,12/23/2022,12/23/2022,12/23/2022,Belair-Edison,CENTRAL,5,CENTRAL,261,39.283496,-76.428827,"39.283496, -76.428827"
SR-101331,In Progress,Phone,Dead Animal,Dead Animal Request,12/5/2022,12/5/2022,12/5/2022,12/5/2022,Oliver,NORTHERN,7,NORTHERN,848,39.41868,-76.371744,"39.41868, -76.371744"
SR-101332,Open,Phone,Pothole,Pothole Request,4/5/2023,4/5/2023,4/5/2023,4/5/2023,Morrell Park,NORTHERN,9,NORTHERN,187,39.403714,-76.547842,"39.403714, -76.547842"
SR-101333,Closed,Phone,Parking Complaint,Parking Complaint Request,10/17/2021,10/17/2021,10/17/2021,10/17/2021,Waverly,WESTERN,1,WESTERN,703,39.476051,-76.400562,"39.476051, -76.400562"
SR-101334,In Progress,Phone,Pothole,Pothole Request,10/18/2019,10/18/2019,10/18/2019,10/18/2019,Waverly,WESTERN,4,WESTERN,503,39.278832,-76.412509,"39.278832, -76.412509"
SR-101335,Open,Phone,Illegal Dumping,Illegal Dumping Request,3/9/2022,3/9/2022,3/9/2022,3/9/2022,Guilford,NORTHWESTERN,6,NORTHWESTERN,716,39.448719,-76.544296,"39.448719, -76.544296"
SR-101336,Closed,Phone,Street Light Out,Street Light Out Request,8/8/2022,8/8/2022,8/8/2022,8/8/2022,Pigtown,NORTHWESTERN,2,NORTHWESTERN,422,39.253835,-76.331305,"39.253835, -76.331305"
SR-101337,Closed,Phone,Parking Complaint,Parking Complaint Request,6/2/2020,6/2/2020,6/2/2020,6/2/2020,Pimlico,NORTHWESTERN,13,NORTHWESTERN,290,39.38555,-76.426459,"39.38555, -76.426459"
SR-101338,Closed,Phone,Parking Complaint,Parking Complaint Request,6/4/2021,6/4/2021,6/4/2021,6/4/2021,Morrell Park,EASTERN,13,EASTERN,900,39.301475,-76.389307,"39.301475, -76.389307"
SR-101339,Closed,Phone,Vacant Building,Vacant Building Request,9/13/2019,9/13/2019,9/13/2019,9/13/2019,Upton,EASTERN,2,EASTERN,330,39.449973,-76.36502,"39.449973, -76.36502"
SR-101340,In Progress,Phone,Pothole,Pothole Request,7/27/2022,7/27/2022,7/27/2022,7/27/2022,Brooklyn,WESTERN,14,WESTERN,575,39.484803,-76.314888,"39.484803, -76.314888"
SR-101341,Open,Phone,Parking Complaint,Parking Complaint Request,11/19/2020,11/19/2020,11/19/2020,11/19/2020,Park Heights,NORTHERN,8,NORTHERN,167,39.423161,-76.327972,"39.423161, -76.327972"
SR-101342,Closed,Phone,Pothole,Pothole Request,2/7/2023,2/7/2023,2/7/2023,2/7/2023,Eastwood,NORTHEASTERN,10,NORTHEASTERN,221,39.336042,-76.542007,"39.336042, -76.542007"
SR-101343,Open,Phone,Illegal Dumping,Illegal Dumping Request,9/9/2019,9/9/2019,9/9/2019,9/9/2019,Morrell Park,CENTRAL,13,CENTRAL,520,39.477928,-76.341889,"39.477928, -76.341889"
SR-101344,In Progress,Phone,Rat Rubout,Rat Rubout Request,10/23/2022,10/23/2022,10/23/2022,10/23/2022,Hampden,NORTHWESTERN,2,NORTHWESTERN,487,39.302066,-76.328285,"39.302066, -76.328285"
SR-101345,Open,Phone,Illegal Dumping,Illegal Dumping Request,11/28/2022,11/28/2022,11/28/2022,11/28/2022,Johnston Square,CENTRAL,10,CENTRAL,177,39.386016,-76.318292,"39.386016, -76.318292"
SR-101346,Open,Phone,Pothole,Pothole Request,10/15/2022,10/15/2022,10/15/2022,10/15/2022,Irvington,EASTERN,7,EASTERN,381,39.422192,-76.558627,"39.422192, -76.558627"
SR-101347,Closed,Phone,Vacant Building,Vacant Building Request,6/22/2023,6/22/2023,6/22/2023,6/22/2023,Westport,WESTERN,12,WESTERN,375,39.270349,-76.400011,"39.270349, -76.400011"
SR-101348,In Progress,Phone,Graffiti,Graffiti Request,3/10/2021,3/10/2021,3/10/2021,3/10/2021,Brooklyn,CENTRAL,4,CENTRAL,222,39.455469,-76.5534,"39.455469, -76.5534"
SR-101349,Open,Phone,Abandoned Vehicle,Abandoned Vehicle Request,5/23/2022,5/23/2022,5/23/2022,5/23/2022,Oliver,EASTERN,3,EASTERN,796,39.254332,-76.57037,"39.254332, -76.57037"
SR-101350,In Progress,Phone,Street Light Out,Street Light Out Request,12/26/2019,12/26/2019,12/26/2019,12/26/2019,Westport,NORTHWESTERN,11,NORTHWESTERN,850,39.25754,-76.446036,"39.25754, -76.446036"
SR-101351,Open,Phone,Street Light Out,Street Light Out Request,1/8/2023,1/8/2023,1/8/2023,1/8/2023,Mount Washington,NORTHERN,2,NORTHERN,132,39.261201,-76.46389,"39.261201, -76.46389"
SR-101352,Closed,Phone,Rat Rubout,Rat Rubout Request,6/18/2023,6/18/2023,6/18/2023,6/18/2023,Eastwood,NORTHWESTERN,4,NORTHWESTERN,340,39.298078,-76.448165,"39.298078, -76.448165"
SR-101353,Open,Phone,Dead Animal,Dead Animal Request,1/10/2019,1/10/2019,1/10/2019,1/10/2019,Cherry Hill,EASTERN,4,EASTERN,425,39.420814,-76.503212,"39.420814, -76.503212"
SR-101354,Open,Phone,Dead Animal,Dead Animal Request,11/23/2020,11/23/2020,11/23/2020,11/23/2020,Clifton Park,EASTERN,2,EASTERN,719,39.219632,-76.468151,"39.219632, -76.468151"
SR-101355,Closed,Phone,Illegal Dumping,Illegal Dumping Request,7/8/2019,7/8/2019,7/8/2019,7/8/2019,Eastwood,CENTRAL,12,CENTRAL,467,39.278358,-76.411535,"39.278358, -76.411535"
SR-101356,In Progress,Phone,Rat Rubout,Rat Rubout Request,4/21/2020,4/21/2020,4/21/2020,4/21/2020,Mount Washington,SOUTHERN,5,SOUTHERN,210,39.483504,-76.550088,"39.483504, -76.550088"
SR-101357,Closed,Phone,Abandoned Vehicle,Abandoned Vehicle Request,9/19/2022,9/19/2022,9/19/2022,9/19/2022,Oliver,NORTHERN,3,NORTHERN,683,39.209782,-76.323086,"39.209782, -76.323086"
SR-101358,In Progress,Phone,Pothole,Pothole Request,6/25/2021,6/25/2021,6/25/2021,6/25/2021,Clifton Park,WESTERN,5,WESTERN,454,39.252117,-76.446333,"39.252117, -76.446333"
SR-101359,In Progress,Phone,Graffiti,Graffiti Request,7/19/2023,7/19/2023,7/19/2023,7/19/2023,Johnston Square,NORTHEASTERN,9,NORTHEASTERN,187,39.426958,-76.400857,"39.426958, -76.400857"
SR-101360,In Progress,Phone,Dirty Street,Dirty Street Request,6/10/2020,6/10/2020,6/10/2020,6/10/2020,Greenmount West,CENTRAL,6,CENTRAL,354,39.258642,-76.323916,"39.258642, -76.323916"
SR-101361,Closed,Phone,Rat Rubout,Rat Rubout Request,2/7/2021,2/7/2021,2/7/2021,2/7/2021,Guilford,EASTERN,4,EASTERN,524,39.489905,-76.566706,"39.489905, -76.566706"
SR-101362,Open,Phone,Graffiti,Graffiti Request,7/3/2021,7/3/2021,7/3/2021,7/3/2021,Johnston Square,CENTRAL,5,CENTRAL,346,39.328804,-76.596746,"39.328804, -76.596746"
SR-101363,In Progress,Phone,Dead Animal,Dead Animal Request,8/25/2019,8/25/2019,8/25/2019,8/25/2019,Curtis Bay,EASTERN,8,EASTERN,817,39.314766,-76.576532,"39.314766, -76.576532"
SR-101364,Open,Phone,Dead Animal,Dead Animal Request,7/20/2019,7/20/2019,7/20/2019,7/20/2019,Pigtown,EASTERN,8,EASTERN,641,39.441376,-76.547776,"39.441376, -76.547776"
SR-101365,Closed,Phone,Parking Complaint,Parking Complaint Request,5/28/2023,5/28/2023,5/28/2023,5/28/2023,Homeland,NORTHERN,10,NORTHERN,536,39.386538,-76.464685,"39.386538, -76.464685"
SR-101366,In Progress,Phone,Parking Complaint,Parking Complaint Request,5/3/2019,5/3/2019,5/3/2019,5/3/2019,Johnston Square,NORTHWESTERN,10,NORTHWESTERN,874,39.250911,-76.541387,"39.250911, -76.541387"
SR-101367,In Progress,Phone,Street Light Out,Street Light Out Request,8/18/2022,8/18/2022,8/18/2022,8/18/2022,Druid Heights,CENTRAL,9,CENTRAL,494,39.294056,-76.393144,"39.294056, -76.393144"
SR-101368,Closed,Phone,Dirty Street,Dirty Street Request,5/1/2022,5/1/2022,5/1/2022,5/1/2022,Pen Lucy,SOUTHERN,6,SOUTHERN,352,39.4462,-76.408544,"39.4462, -76.408544"
SR-101369,Closed,Phone,Vacant Building,Vacant Building Request,6/11/2022,6/11/2022,6/11/2022,6/11/2022,Roland Park,NORTHEASTERN,2,NORTHEASTERN,402,39.317328,-76.569158,"39.317328, -76.569158"
SR-101370,Closed,Phone,Dead Animal,Dead Animal Request,12/9/2023,12/9/2023,12/9/2023,12/9/2023,Pen Lucy,NORTHWESTERN,14,NORTHWESTERN,487,39.380902,-76.460183,"39.380902, -76.460183"
SR-101371,Open,Phone,Dirty Street,Dirty Street Request,6/15/2021,6/15/2021,6/15/2021,6/15/2021,Oliver,SOUTHERN,2,SOUTHERN,364,39.389677,-76.425438,"39.389677, -76.425438"
SR-101372,Open,Phone,Dead Animal,Dead Animal Request,10/12/2019,10/12/2019,10/12/2019,10/12/2019,Belair-Edison,SOUTHERN,4,SOUTHERN,621,39.322606,-76.380627,"39.322606, -76.380627"
SR-101373,In Progress,Phone,Abandoned Vehicle,Abandoned Vehicle Request,3/17/2021,3/17/2021,3/17/2021,3/17/2021,Park Heights,CENTRAL,3,CENTRAL,732,39.256949,-76.317835,"39.256949, -76.317835"
SR-101374,Open,Phone,Dead Animal,Dead Animal Request,9/7/2022,9/7/2022,9/7/2022,9/7/2022,Irvington,EASTERN,11,EASTERN,787,39.480043,-76.439266,"39.480043, -76.439266"
SR-101375,In Progress,Phone,Street Light Out,Street Light Out Request,2/28/2023,2/28/2023,2/28/2023,2/28/2023,Pimlico,WESTERN,4,WESTERN,624,39.464613,-76.460159,"39.464613, -76.460159"
SR-101376,In Progress,Phone,Dirty Street,Dirty Street Request,12/26/2022,12/26/2022,12/26/2022,12/26/2022,Pimlico,WESTERN,11,WESTERN,814,39.244409,-76.499769,"39.244409, -76.499769"
SR-101377,Closed,Phone,Parking Complaint,Parking Complaint Request,12/14/2022,12/14/2022,12/14/2022,12/14/2022,Pigtown,NORTHWESTERN,2,NORTHWESTERN,178,39.321574,-76.449223,"39.321574, -76.449223"
SR-101378,Closed,Phone,Illegal Dumping,Illegal Dumping Request,7/12/2019,7/12/2019,7/12/2019,7/12/2019,Johnston Square,NORTHERN,4,NORTHERN,720,39.379091,-76.500149,"39.379091, -76.500149"
SR-101379,In Progress,Phone,Rat Rubout,Rat Rubout Request,7/22/2019,7/22/2019,7/22/2019,7/22/2019,Pigtown,SOUTHERN,11,SOUTHERN,231,39.384601,-76.449234,"39.384601, -76.449234"
SR-101380,Closed,Phone,Dirty Street,Dirty Street Request,7/8/2023,7/8/2023,7/8/2023,7/8/2023,Irvington,SOUTHERN,3,SOUTHERN,633,39.372121,-76.461485,"39.372121, -76.461485"
SR-101381,In Progress,Phone,Dead Animal,Dead Animal Request,2/15/2021,2/15/2021,2/15/2021,2/15/2021,Park Heights,SOUTHERN,5,SOUTHERN,324,39.410242,-76.369381,"39.410242, -76.369381"
SR-101382,Open,Phone,Abandoned Vehicle,Abandoned Vehicle Request,12/4/2023,12/4/2023,12/4/2023,12/4/2023,Upton,SOUTHERN,5,SOUTHERN,839,39.473202,-76.493133,"39.473202, -76.493133"
SR-101383,Open,Phone,Parking Complaint,Parking Complaint Request,10/13/2019,10/13/2019,10/13/2019,10/13/2019,Mount Washington,NORTHERN,9,NORTHERN,469,39.24411,-76.327066,"39.24411, -76.327066"
SR-101384,Open,Phone,Abandoned Vehicle,Abandoned Vehicle Request,5/1/2019,5/1/2019,5/1/2019,5/1/2019,Oliver,SOUTHERN,11,SOUTHERN,807,39.423379,-76.392468,"39.423379, -76.392468"
SR-101385,Open,Phone,Street Light Out,Street Light Out Request,4/12/2019,4/12/2019,4/12/2019,4/12/2019,Johnston Square,NORTHERN,13,NORTHERN,337,39.329302,-76.319824,"39.329302, -76.319824"
SR-101386,In Progress,Phone,Street Light Out,Street Light Out Request,10/26/2022,10/26/2022,10/26/2022,10/26/2022,Harlem Park,EASTERN,1,EASTERN,696,39.296141,-76.39987,"39.296141, -76.39987"
SR-101387,Open,Phone,Pothole,Pothole Request,2/20/2021,2/20/2021,2/20/2021,2/20/2021,Sandtown-Winchester,EASTERN,4,EASTERN,387,39.3463,-76.352031,"39.3463, -76.352031"
SR-101388,Closed,Phone,Vacant Building,Vacant Building Request,6/24/2019,6/24/2019,6/24/2019,6/24/2019,Waverly,EASTERN,8,EASTERN,151,39.235503,-76.377871,"39.235503, -76.377871"
SR-101389,Closed,Phone,Dirty Street,Dirty Street Request,3/5/2023,3/5/2023,3/5/2023,3/5/2023,Middle East,NORTHWESTERN,13,NORTHWESTERN,816,39.243061,-76.504687,"39.243061, -76.504687"
SR-101390,In Progress,Phone,Illegal Dumping,Illegal Dumping Request,1/6/2019,1/6/2019,1/6/2019,1/6/2019,Brooklyn,WESTERN,2,WESTERN,411,39.213429,-76.365086,"39.213429, -76.365086"
SR-101391,In Progress,Phone,Pothole,Pothole Request,3/20/2022,3/20/2022,3/20/2022,3/20/2022,Johnston Square,SOUTHERN,6,SOUTHERN,229,39.412488,-76.300235,"39.412488, -76.300235"
SR-101392,In Progress,Phone,Pothole,Pothole Request,4/23/2023,4/23/2023,4/23/2023,4/23/2023,Curtis Bay,EASTERN,8,EASTERN,453,39.275736,-76.311948,"39.275736, -76.311948"
SR-101393,In Progress,Phone,Vacant Building,Vacant Building Request,6/13/2021,6/13/2021,6/13/2021,6/13/2021,Oliver,CENTRAL,4,CENTRAL,300,39.285066,-76.352592,"39.285066, -76.352592"
SR-101394,In Progress,Phone,Vacant Building,Vacant Building Request,11/18/2020,11/18/2020,11/18/2020,11/18/2020,Brooklyn,NORTHERN,6,NORTHERN,167,39.465295,-76.340047,"39.465295, -76.340047"
SR-101395,In Progress,Phone,Dead Animal,Dead Animal Request,12/10/2020,12/10/2020,12/10/2020,12/10/2020,Morrell Park,NORTHEASTERN,5,NORTHEASTERN,191,39.437595,-76.432254,"39.437595, -76.432254"
SR-101396,Closed,Phone,Parking Complaint,Parking Complaint Request,7/26/2019,7/26/2019,7/26/2019,7/26/2019,Brooklyn,NORTHEASTERN,11,NORTHEASTERN,857,39.398548,-76.36304,"39.398548, -76.36304"
SR-101397,Open,Phone,Dirty Street,Dirty Street Request,1/7/2023,1/7/2023,1/7/2023,1/7/2023,Pigtown,NORTHERN,2,NORTHERN,596,39.272926,-76.301393,"39.272926, -76.301393"
SR-101398,In Progress,Phone,Dead Animal,Dead Animal Request,4/10/2020,4/10/2020,4/10/2020,4/10/2020,Eastwood,EASTERN,1,EASTERN,876,39.480587,-76.387398,"39.480587, -76.387398"
SR-101399,In Progress,Phone,Abandoned Vehicle,Abandoned Vehicle Request,2/18/2022,2/18/2022,2/18/2022,2/18/2022,Pen Lucy,NORTHERN,14,NORTHERN,644,39.44959,-76.570038,"39.44959, -76.570038"
SR-101400,Open,Phone,Dead Animal,Dead Animal Request,11/1/2022,11/1/2022,11/1/2022,11/1/2022,Cherry Hill,NORTHEASTERN,2,NORTHEASTERN,640,39.370693,-76.311525,"39.370693, -76.311525"
SR-101401,In Progress,Phone,Graffiti,Graffiti Request,11/22/2022,11/22/2022,11/22/2022,11/22/2022,Hampden,EASTERN,14,EASTERN,127,39.402548,-76.401575,"39.402548, -76.401575"
SR-101402,Closed,Phone,Rat Rubout,Rat Rubout Request,3/28/2019,3/28/2019,3/28/2019,3/28/2019,Berea,NORTHERN,10,NORTHERN,796,39.367133,-76.333803,"39.367133, -76.333803"
SR-101403,Open,Phone,Street Light Out,Street Light Out Request,11/26/2020,11/26/2020,11/26/2020,11/26/2020,Oliver,NORTHEASTERN,13,NORTHEASTERN,466,39.382445,-76.505061,"39.382445, -76.505061"
SR-101404,Closed,Phone,Dirty Street,Dirty Street Request,11/3/2021,11/3/2021,11/3/2021,11/3/2021,Greenmount West,SOUTHERN,5,SOUTHERN,899,39.396645,-76.543224,"39.396645, -76.543224"
SR-101405,Closed,Phone,Dirty Street,Dirty Street Request,9/13/2020,9/13/2020,9/13/2020,9/13/2020,Johnston Square,CENTRAL,3,CENTRAL,413,39.493923,-76.389578,"39.493923, -76.389578"
SR-101406,In Progress,Phone,Vacant Building,Vacant Building Request,4/17/2020,4/17/2020,4/17/2020,4/17/2020,Waverly,NORTHEASTERN,4,NORTHEASTERN,172,39.490353,-76.556833,"39.490353, -76.556833"
SR-101407,Open,Phone,Illegal Dumping,Illegal Dumping Request,10/3/2021,10/3/2021,10/3/2021,10/3/2021,Oliver,CENTRAL,11,CENTRAL,124,39.203006,-76.586682,"39.203006, -76.586682"
SR-101408,Open,Phone,Abandoned Vehicle,Abandoned Vehicle Request,11/12/2023,11/12/2023,11/12/2023,11/12/2023,Clifton Park,NORTHWESTERN,4,NORTHWESTERN,729,39.356358,-76.487108,"39.356358, -76.487108"
SR-101409,Closed,Phone,Pothole,Pothole Request,11/26/2023,11/26/2023,11/26/2023,11/26/2023,Park Heights,NORTHWESTERN,4,NORTHWESTERN,325,39.314884,-76.384623,"39.314884, -76.384623"
SR-101410,Open,Phone,Dead Animal,Dead Animal Request,8/13/2020,8/13/2020,8/13/2020,8/13/2020,Brooklyn,WESTERN,11,WESTERN,153,39.484411,-76.511354,"39.484411, -76.511354"
SR-101411,Open,Phone,Rat Rubout,Rat Rubout Request,10/13/2021,10/13/2021,10/13/2021,10/13/2021,Mount Washington,NORTHWESTERN,4,NORTHWESTERN,670,39.38472,-76.388705,"39.38472, -76.388705"
SR-101412,In Progress,Phone,Abandoned Vehicle,Abandoned Vehicle Request,12/11/2021,12/11/2021,12/11/2021,12/11/2021,Pimlico,WESTERN,2,WESTERN,749,39.208166,-76.599515,"39.208166, -76.599515"
SR-101413,Open,Phone,Vacant Building,Vacant Building Request,11/10/2021,11/10/2021,11/10/2021,11/10/2021,Pen Lucy,CENTRAL,10,CENTRAL,244,39.365171,-76.506987,"39.365171, -76.506987"
SR-101414,Closed,Phone,Rat Rubout,Rat Rubout Request,1/12/2021,1/12/2021,1/12/2021,1/12/2021,Sandtown-Winchester,EASTERN,4,EASTERN,794,39.456644,-76.460129,"39.456644, -76.460129"
SR-101415,Open,Phone,Street Light Out,Street Light Out Request,12/21/2019,12/21/2019,12/21/2019,12/21/2019,Belair-Edison,NORTHWESTERN,3,NORTHWESTERN,452,39.298462,-76.416311,"39.298462, -76.416311"
SR-101416,In Progress,Phone,Graffiti,Graffiti Request,9/8/2023,9/8/2023,9/8/2023,9/8/2023,Charles Village,SOUTHERN,3,SOUTHERN,106,39.207816,-76.304526,"39.207816, -76.304526"
SR-101417,Closed,Phone,Street Light Out,Street Light Out Request,12/2/2019,12/2/2019,12/2/2019,12/2/2019,Pen Lucy,SOUTHERN,1,SOUTHERN,253,39.239372,-76.371418,"39.239372, -76.371418"
SR-101418,In Progress,Phone,Illegal Dumping,Illegal Dumping Request,8/6/2023,8/6/2023,8/6/2023,8/6/2023,Hampden,NORTHERN,6,NORTHERN,217,39.445264,-76.465585,"39.445264, -76.465585"
SR-101419,In Progress,Phone,Pothole,Pothole Request,8/2/2020,8/2/2020,8/2/2020,8/2/2020,Belair-Edison,EASTERN,13,EASTERN,770,39.348161,-76.417825,"39.348161, -76.417825"
SR-101420,Closed,Phone,Abandoned Vehicle,Abandoned Vehicle Request,12/1/2020,12/1/2020,12/1/2020,12/1/2020,Guilford,NORTHWESTERN,7,NORTHWESTERN,547,39.304685,-76.459912,"39.304685, -76.459912"
SR-101421,Closed,Phone,Abandoned Vehicle,Abandoned Vehicle Request,10/6/2023,10/6/2023,10/6/2023,10/6/2023,Homeland,WESTERN,2,WESTERN,312,39.346731,-76.474632,"39.346731, -76.474632"
SR-101422,Open,Phone,Rat Rubout,Rat Rubout Request,10/23/2021,10/23/2021,10/23/2021,10/23/2021,Brooklyn,SOUTHERN,6,SOUTHERN,507,39.253125,-76.413231,"39.253125, -76.413231"
SR-101423,In Progress,Phone,Abandoned Vehicle,Abandoned Vehicle Request,3/3/2022,3/3/2022,3/3/2022,3/3/2022,Hampden,SOUTHERN,14,SOUTHERN,712,39.379378,-76.382388,"39.379378, -76.382388"
SR-101424,Open,Phone,Graffiti,Graffiti Request,5/28/2023,5/28/2023,5/28/2023,5/28/2023,Harlem Park,WESTERN,4,WESTERN,879,39.425212,-76.450463,"39.425212, -76.450463"
SR-101425,In Progress,Phone,Abandoned Vehicle,Abandoned Vehicle Request,8/25/2020,8/25/2020,8/25/2020,8/25/2020,Johnston Square,EASTERN,5,EASTERN,888,39.304655,-76.474774,"39.304655, -76.474774"
SR-101426,Open,Phone,Parking Complaint,Parking Complaint Request,7/10/2023,7/10/2023,7/10/2023,7/10/2023,Middle East,SOUTHERN,11,SOUTHERN,431,39.325308,-76.492569,"39.325308, -76.492569"
SR-101427,Open,Phone,Graffiti,Graffiti Request,12/1/2022,12/1/2022,12/1/2022,12/1/2022,Eastwood,EASTERN,14,EASTERN,153,39.368221,-76.341529,"39.368221, -76.341529"
SR-101428,In Progress,Phone,Parking Complaint,Parking Complaint Request,12/25/2023,12/25/2023,12/25/2023,12/25/2023,Govans,EASTERN,2,EASTERN,201,39.477014,-76.340708,"39.477014, -76.340708"
SR-101429,Closed,Phone,Illegal Dumping,Illegal Dumping Request,6/20/2019,6/20/2019,6/20/2019,6/20/2019,Pimlico,WESTERN,5,WESTERN,269,39.323849,-76.46309,"39.323849, -76.46309"
SR-101430,In Progress,Phone,Illegal Dumping,Illegal Dumping Request,10/16/2022,10/16/2022,10/16/2022,10/16/2022,Greenmount West,SOUTHERN,1,SOUTHERN,895,39.213916,-76.381156,"39.213916, -76.381156"
SR-101431,Closed,Phone,Parking Complaint,Parking Complaint Request,7/27/2022,7/27/2022,7/27/2022,7/27/2022,Westport,CENTRAL,14,CENTRAL,287,39.266112,-76.388763,"39.266112, -76.388763"
SR-101432,Closed,Phone,Parking Complaint,Parking Complaint Request,12/10/2019,12/10/2019,12/10/2019,12/10/2019,Middle East,SOUTHERN,1,SOUTHERN,744,39.242666,-76.460594,"39.242666, -76.460594"
SR-101433,Closed,Phone,Abandoned Vehicle,Abandoned Vehicle Request,11/20/2019,11/20/2019,11/20/2019,11/20/2019,Clifton Park,NORTHWESTERN,13,NORTHWESTERN,894,39.300389,-76.567029,"39.300389, -76.567029"
SR-101434,In Progress,Phone,Vacant Building,Vacant Building Request,1/6/2023,1/6/2023,1/6/2023,1/6/2023,Homeland,NORTHWESTERN,14,NORTHWESTERN,237,39.279636,-76.353967,"39.279636, -76.353967"
SR-101435,In Progress,Phone,Graffiti,Graffiti Request,4/11/2022,4/11/2022,4/11/2022,4/11/2022,Roland Park,EASTERN,8,EASTERN,369,39.466059,-76.511907,"39.466059, -76.511907"
SR-101436,Open,Phone,Graffiti,Graffiti Request,11/3/2022,11/3/2022,11/3/2022,11/3/2022,Morrell Park,NORTHERN,6,NORTHERN,382,39.239466,-76.420788,"39.239466, -76.420788"
SR-101437,In Progress,Phone,Rat Rubout,Rat Rubout Request,10/8/2023,10/8/2023,10/8/2023,10/8/2023,Pimlico,NORTHERN,14,NORTHERN,332,39.293944,-76.33073,"39.293944, -76.33073"
SR-101438,In Progress,Phone,Dirty Street,Dirty Street Request,10/20/2021,10/20/2021,10/20/2021,10/20/2021,Park Heights,WESTERN,2,WESTERN,543,39.404753,-76.347,"39.404753, -76.347"
SR-101439,In Progress,Phone,Dirty Street,Dirty Street Request,6/25/2020,6/25/2020,6/25/2020,6/25/2020,Morrell Park,SOUTHERN,9,SOUTHERN,832,39.413692,-76.557054,"39.413692, -76.557054"
SR-101440,Closed,Phone,Dirty Street,Dirty Street Request,2/5/2021,2/5/2021,2/5/2021,2/5/2021,Oliver,CENTRAL,2,CENTRAL,608,39.407901,-76.580277,"39.407901, -76.580277"
SR-101441,Closed,Phone,Graffiti,Graffiti Request,8/8/2023,8/8/2023,8/8/2023,8/8/2023,Eastwood,SOUTHERN,7,SOUTHERN,344,39.223868,-76.331894,"39.223868, -76.331894"
SR-101442,In Progress,Phone,Graffiti,Graffiti Request,10/18/2019,10/18/2019,10/18/2019,10/18/2019,Brooklyn,EASTERN,11,EASTERN,102,39.478796,-76.58386,"39.478796, -76.58386"
SR-101443,Open,Phone,Graffiti,Graffiti Request,10/25/2021,10/25/2021,10/25/2021,10/25/2021,Westport,CENTRAL,11,CENTRAL,375,39.385535,-76.464315,"39.385535, -76.464315"
SR-101444,Open,Phone,Rat Rubout,Rat Rubout Request,10/16/2021,10/16/2021,10/16/2021,10/16/2021,Harlem Park,NORTHEASTERN,5,NORTHEASTERN,466,39.262381,-76.326676,"39.262381, -76.326676"
SR-101445,Closed,Phone,Vacant Building,Vacant Building Request,3/3/2021,3/3/2021,3/3/2021,3/3/2021,Irvington,CENTRAL,5,CENTRAL,191,39.248873,-76.397228,"39.248873, -76.397228"
SR-101446,Open,Phone,Illegal Dumping,Illegal Dumping Request,9/21/2020,9/21/2020,9/21/2020,9/21/2020,Roland Park,WESTERN,8,WESTERN,660,39.28143,-76.589188,"39.28143, -76.589188"
SR-101447,In Progress,Phone,Illegal Dumping,Illegal Dumping Request,6/2/2021,6/2/2021,6/2/2021,6/2/2021,Johnston Square,NORTHWESTERN,2,NORTHWESTERN,720,39.29325,-76.499622,"39.29325, -76.499622"
SR-101448,Open,Phone,Street Light Out,Street Light Out Request,8/12/2020,8/12/2020,8/12/2020,8/12/2020,Harlem Park,WESTERN,14,WESTERN,553,39.494415,-76.305309,"39.494415, -76.305309"
SR-101449,Closed,Phone,Parking Complaint,Parking Complaint Request,7/22/2023,7/22/2023,7/22/2023,7/22/2023,Homeland,NORTHERN,10,NORTHERN,382,39.227803,-76.398873,"39.227803, -76.398873"
SR-101450,In Progress,Phone,Vacant Building,Vacant Building Request,2/6/2021,2/6/2021,2/6/2021,2/6/2021,Druid Heights,NORTHWESTERN,7,NORTHWESTERN,715,39.436454,-76.433019,"39.436454, -76.433019"
SR-101451,Open,Phone,Rat Rubout,Rat Rubout Request,10/27/2021,10/27/2021,10/27/2021,10/27/2021,Park Heights,NORTHERN,12,NORTHERN,163,39.49082,-76.454687,"39.49082, -76.454687"
SR-101452,Closed,Phone,Abandoned Vehicle,Abandoned Vehicle Request,10/28/2023,10/28/2023,10/28/2023,10/28/2023,Pen Lucy,EASTERN,2,EASTERN,483,39.324757,-76.348359,"39.324757, -76.348359"
SR-101453,Open,Phone,Pothole,Pothole Request,10/1/2021,10/1/2021,10/1/2021,10/1/2021,Govans,WESTERN,8,WESTERN,534,39.455276,-76.406499,"39.455276, -76.406499"
SR-101454,Closed,Phone,Illegal Dumping,Illegal Dumping Request,3/23/2019,3/23/2019,3/23/2019,3/23/2019,Druid Heights,NORTHEASTERN,1,NORTHEASTERN,738,39.444277,-76.402594,"39.444277, -76.402594"
SR-101455,In Progress,Phone,Parking Complaint,Parking Complaint Request,6/19/2021,6/19/2021,6/19/2021,6/19/2021,Charles Village,NORTHERN,13,NORTHERN,580,39.375061,-76.499702,"39.375061, -76.499702"
SR-101456,Closed,Phone,Rat Rubout,Rat Rubout Request,10/9/2021,10/9/2021,10/9/2021,10/9/2021,Brooklyn,CENTRAL,7,CENTRAL,305,39.303827,-76.409569,"39.303827, -76.409569"
SR-101457,In Progress,Phone,Vacant Building,Vacant Building Request,10/28/2021,10/28/2021,10/28/2021,10/28/2021,Brooklyn,EASTERN,12,EASTERN,653,39.377677,-76.574493,"39.377677, -76.574493"
SR-101458,Closed,Phone,Graffiti,Graffiti Request,8/28/2023,8/28/2023,8/28/2023,8/28/2023,Guilford,EASTERN,13,EASTERN,778,39.368349,-76.57343,"39.368349, -76.57343"
SR-101459,Closed,Phone,Dead Animal,Dead Animal Request,2/24/2019,2/24/2019,2/24/2019,2/24/2019,Pen Lucy,NORTHERN,11,NORTHERN,263,39.438912,-76.416969,"39.438912, -76.416969"
SR-101460,Closed,Phone,Vacant Building,Vacant Building Request,5/8/2019,5/8/2019,5/8/2019,5/8/2019,Brooklyn,NORTHWESTERN,1,NORTHWESTERN,785,39.224461,-76.328428,"39.224461, -76.328428"
SR-101461,In Progress,Phone,Street Light Out,Street Light Out Request,3/16/2019,3/16/2019,3/16/2019,3/16/2019,Johnston Square,NORTHERN,4,NORTHERN,863,39.431564,-76.475122,"39.431564, -76.475122"
SR-101462,In Progress,Phone,Graffiti,Graffiti Request,11/2/2023,11/2/2023,11/2/2023,11/2/2023,Middle East,EASTERN,3,EASTERN,854,39.257595,-76.315747,"39.257595, -76.315747"
SR-101463,Closed,Phone,Vacant Building,Vacant Building Request,3/6/2023,3/6/2023,3/6/2023,3/6/2023,Harlem Park,NORTHERN,14,NORTHERN,833,39.284578,-76.511878,"39.284578, -76.511878"
SR-101464,Open,Phone,Rat Rubout,Rat Rubout Request,2/20/2021,2/20/2021,2/20/2021,2/20/2021,Curtis Bay,NORTHERN,2,NORTHERN,525,39.432892,-76.366509,"39.432892, -76.366509"
SR-101465,Closed,Phone,Pothole,Pothole Request,6/16/2023,6/16/2023,6/16/2023,6/16/2023,Roland Park,SOUTHERN,11,SOUTHERN,448,39.440364,-76.308283,"39.440364, -76.308283"
SR-101466,In Progress,Phone,Abandoned Vehicle,Abandoned Vehicle Request,1/23/2019,1/23/2019,1/23/2019,1/23/2019,Irvington,WESTERN,5,WESTERN,883,39.353363,-76.550781,"39.353363, -76.550781"
SR-101467,In Progress,Phone,Dead Animal,Dead Animal Request,12/4/2019,12/4/2019,12/4/2019,12/4/2019,Druid Heights,EASTERN,4,EASTERN,606,39.455555,-76.364421,"39.455555, -76.364421"
SR-101468,Closed,Phone,Dead Animal,Dead Animal Request,4/9/2021,4/9/2021,4/9/2021,4/9/2021,Oliver,CENTRAL,14,CENTRAL,449,39.496089,-76.327756,"39.496089, -76.327756"
SR-101469,Open,Phone,Graffiti,Graffiti Request,10/6/2022,10/6/2022,10/6/2022,10/6/2022,Guilford,CENTRAL,6,CENTRAL,633,39.349405,-76.533111,"39.349405, -76.533111"
SR-101470,Closed,Phone,Pothole,Pothole Request,9/6/2022,9/6/2022,9/6/2022,9/6/2022,Druid Heights,NORTHWESTERN,14,NORTHWESTERN,259,39.224509,-76.336426,"39.224509, -76.336426"
SR-101471,In Progress,Phone,Illegal Dumping,Illegal Dumping Request,10/14/2022,10/14/2022,10/14/2022,10/14/2022,Irvington,CENTRAL,2,CENTRAL,194,39.499787,-76.478787,"39.499787, -76.478787"
SR-101472,Open,Phone,Abandoned Vehicle,Abandoned Vehicle Request,11/2/2019,11/2/2019,11/2/2019,11/2/2019,Govans,EASTERN,2,EASTERN,235,39.213067,-76.558929,"39.213067, -76.558929"
SR-101473,Open,Phone,Vacant Building,Vacant Building Request,11/13/2022,11/13/2022,11/13/2022,11/13/2022,Pigtown,NORTHEASTERN,11,NORTHEASTERN,318,39.41571,-76.409159,"39.41571, -76.409159"
SR-101474,In Progress,Phone,Dead Animal,Dead Animal Request,3/4/2023,3/4/2023,3/4/2023,3/4/2023,Govans,NORTHWESTERN,11,NORTHWESTERN,202,39.466591,-76.500191,"39.466591, -76.500191"
SR-101475,Open,Phone,Rat Rubout,Rat Rubout Request,5/20/2021,5/20/2021,5/20/2021,5/20/2021,Druid Heights,NORTHWESTERN,14,NORTHWESTERN,693,39.475721,-76.306355,"39.475721, -76.306355"
SR-101476,In Progress,Phone,Graffiti,Graffiti Request,3/27/2023,3/27/2023,3/27/2023,3/27/2023,Park Heights,NORTHEASTERN,9,NORTHEASTERN,699,39.452555,-76.442008,"39.452555, -76.442008"
SR-101477,In Progress,Phone,Dirty Street,Dirty Street Request,6/9/2021,6/9/2021,6/9/2021,6/9/2021,Hampden,WESTERN,3,WESTERN,460,39.283402,-76.42186,"39.283402, -76.42186"
SR-101478,Closed,Phone,Vacant Building,Vacant Building Request,11/25/2020,11/25/2020,11/25/2020,11/25/2020,Westport,EASTERN,5,EASTERN,228,39.346849,-76.363935,"39.346849, -76.363935"
SR-101479,Closed,Phone,Dirty Street,Dirty Street Request,6/14/2022,6/14/2022,6/14/2022,6/14/2022,Eastwood,NORTHEASTERN,5,NORTHEASTERN,493,39.277139,-76.599431,"39.277139, -76.599431"
SR-101480,Open,Phone,Parking Complaint,Parking Complaint Request,5/9/2021,5/9/2021,5/9/2021,5/9/2021,Park Heights,NORTHEASTERN,5,NORTHEASTERN,629,39.40813,-76.491069,"39.40813, -76.491069"
SR-101481,Closed,Phone,Illegal Dumping,Illegal Dumping Request,12/11/2021,12/11/2021,12/11/2021,12/11/2021,Upton,NORTHERN,13,NORTHERN,623,39.240389,-76.333786,"39.240389, -76.333786"
SR-101482,Open,Phone,Pothole,Pothole Request,5/13/2022,5/13/2022,5/13/2022,5/13/2022,Berea,CENTRAL,1,CENTRAL,356,39.465434,-76.416887,"39.465434, -76.416887"
SR-101483,Closed,Phone,Graffiti,Graffiti Request,9/10/2022,9/10/2022,9/10/2022,9/10/2022,Curtis Bay,NORTHEASTERN,4,NORTHEASTERN,895,39.271279,-76.421214,"39.271279, -76.421214"
SR-101484,Open,Phone,Vacant Building,Vacant Building Request,10/16/2023,10/16/2023,10/16/2023,10/16/2023,Greenmount West,CENTRAL,8,CENTRAL,596,39.35808,-76.415426,"39.35808, -76.415426"
SR-101485,Open,Phone,Vacant Building,Vacant Building Request,12/4/2022,12/4/2022,12/4/2022,12/4/2022,Oliver,NORTHWESTERN,2,NORTHWESTERN,268,39.450755,-76.551031,"39.450755, -76.551031"
SR-101486,In Progress,Phone,Dead Animal,Dead Animal Request,12/7/2019,12/7/2019,12/7/2019,12/7/2019,Park Heights,NORTHERN,5,NORTHERN,586,39.282516,-76.570618,"39.282516, -76.570618"
SR-101487,Closed,Phone,Street Light Out,Street Light Out Request,8/5/2020,8/5/2020,8/5/2020,8/5/2020,Belair-Edison,NORTHWESTERN,8,NORTHWESTERN,453,39.289257,-76.579348,"39.289257, -76.579348"
SR-101488,Closed,Phone,Parking Complaint,Parking Complaint Request,1/22/2022,1/22/2022,1/22/2022,1/22/2022,Brooklyn,NORTHERN,10,NORTHERN,670,39.270862,-76.529578,"39.270862, -76.529578"
SR-101489,Closed,Phone,Dead Animal,Dead Animal Request,8/15/2023,8/15/2023,8/15/2023,8/15/2023,Eastwood,CENTRAL,1,CENTRAL,643,39.486813,-76.55221,"39.486813, -76.55221"
SR-101490,Open,Phone,Illegal Dumping,Illegal Dumping Request,11/15/2020,11/15/2020,11/15/2020,11/15/2020,Park Heights,WESTERN,13,WESTERN,283,39.404716,-76.436178,"39.404716, -76.436178"
SR-101491,In Progress,Phone,Vacant Building,Vacant Building Request,2/17/2020,2/17/2020,2/17/2020,2/17/2020,Greenmount West,NORTHWESTERN,6,NORTHWESTERN,202,39.440029,-76.368721,"39.440029, -76.368721"
SR-101492,In Progress,Phone,Dirty Street,Dirty Street Request,9/12/2023,9/12/2023,9/12/2023,9/12/2023,Guilford,NORTHEASTERN,12,NORTHEASTERN,784,39.411749,-76.426473,"39.411749, -76.426473"
SR-101493,In Progress,Phone,Dirty Street,Dirty Street Request,2/26/2019,2/26/2019,2/26/2019,2/26/2019,Upton,WESTERN,8,WESTERN,827,39.281081,-76.431591,"39.281081, -76.431591"
SR-101494,In Progress,Phone,Pothole,Pothole Request,3/25/2021,3/25/2021,3/25/2021,3/25/2021,Berea,NORTHWESTERN,11,NORTHWESTERN,702,39.323521,-76.54309,"39.323521, -76.54309"
SR-101495,Open,Phone,Dead Animal,Dead Animal Request,6/7/2021,6/7/2021,6/7/2021,6/7/2021,Guilford,CENTRAL,8,CENTRAL,829,39.256276,-76.430849,"39.256276, -76.430849"
SR-101496,In Progress,Phone,Pothole,Pothole Request,8/5/2023,8/5/2023,8/5/2023,8/5/2023,Druid Heights,NORTHERN,14,NORTHERN,678,39.281117,-76.351405,"39.281117, -76.351405"
SR-101497,Open,Phone,Dead Animal,Dead Animal Request,5/5/2020,5/5/2020,5/5/2020,5/5/2020,Eastwood,NORTHWESTERN,14,NORTHWESTERN,132,39.448387,-76.308656,"39.448387, -76.308656"
SR-101498,In Progress,Phone,Street Light Out,Street Light Out Request,11/3/2023,11/3/2023,11/3/2023,11/3/2023,Mount Washington,NORTHEASTERN,4,NORTHEASTERN,236,39.267492,-76.487146,"39.267492, -76.487146"
SR-101499,In Progress,Phone,Street Light Out,Street Light Out Request,1/22/2020,1/22/2020,1/22/2020,1/22/2020,Westport,CENTRAL,5,CENTRAL,591,39.42947,-76.548788,"39.42947, -76.548788"
SR-101500,Open,Phone,Graffiti,Graffiti Request,12/1/2023,12/1/2023,12/1/2023,12/1/2023,Middle East,NORTHWESTERN,3,NORTHWESTERN,474,39.468679,-76.574932,"39.468679, -76.574932"
SR-101501,In Progress,Phone,Graffiti,Graffiti Request,10/14/2023,10/14/2023,10/14/2023,10/14/2023,Oliver,WESTERN,2,WESTERN,682,39.214955,-76.509014,"39.214955, -76.509014"
SR-101502,Closed,Phone,Vacant Building,Vacant Building Request,8/25/2020,8/25/2020,8/25/2020,8/25/2020,Middle East,NORTHERN,3,NORTHERN,138,39.287264,-76.412954,"39.287264, -76.412954"
SR-101503,Closed,Phone,Illegal Dumping,Illegal Dumping Request,10/21/2023,10/21/2023,10/21/2023,10/21/2023,Johnston Square,EASTERN,4,EASTERN,187,39.243004,-76.328196,"39.243004, -76.328196"
SR-101504,In Progress,Phone,Dirty Street,Dirty Street Request,8/16/2023,8/16/2023,8/16/2023,8/16/2023,Upton,NORTHERN,6,NORTHERN,157,39.307052,-76.472131,"39.307052, -76.472131"
SR-101505,Open,Phone,Vacant Building,Vacant Building Request,1/2/2023,1/2/2023,1/2/2023,1/2/2023,Hampden,NORTHEASTERN,3,NORTHEASTERN,577,39.289028,-76.593748,"39.289028, -76.593748"
SR-101506,Closed,Phone,Dead Animal,Dead Animal Request,2/22/2019,2/22/2019,2/22/2019,2/22/2019,Johnston Square,EASTERN,14,EASTERN,582,39.229191,-76.558715,"39.229191, -76.558715"
SR-101507,Closed,Phone,Parking Complaint,Parking Complaint Request,1/1/2019,1/1/2019,1/1/2019,1/1/2019,Pimlico,NORTHEASTERN,6,NORTHEASTERN,582,39.458081,-76.37488,"39.458081, -76.37488"
SR-101508,Open,Phone,Dead Animal,Dead Animal Request,10/25/2020,10/25/2020,10/25/2020,10/25/2020,Mount Washington,SOUTHERN,8,SOUTHERN,754,39.364607,-76.342716,"39.364607, -76.342716"
SR-101509,In Progress,Phone,Vacant Building,Vacant Building Request,12/23/2019,12/23/2019,12/23/2019,12/23/2019,Homeland,NORTHERN,2,NORTHERN,497,39.440579,-76.490169,"39.440579, -76.490169"
SR-101510,Closed,Phone,Dirty Street,Dirty Street Request,3/4/2019,3/4/2019,3/4/2019,3/4/2019,Curtis Bay,NORTHERN,4,NORTHERN,516,39.44148,-76.439214,"39.44148, -76.439214"
SR-101511,Closed,Phone,Graffiti,Graffiti Request,3/11/2022,3/11/2022,3/11/2022,3/11/2022,Brooklyn,NORTHERN,1,NORTHERN,861,39.241804,-76.40087,"39.241804, -76.40087"
SR-101512,Open,Phone,Abandoned Vehicle,Abandoned Vehicle Request,1/5/2019,1/5/2019,1/5/2019,1/5/2019,Mount Washington,NORTHWESTERN,1,NORTHWESTERN,492,39.269743,-76.592611,"39.269743, -76.592611"
SR-101513,Closed,Phone,Illegal Dumping,Illegal Dumping Request,9/24/2021,9/24/2021,9/24/2021,9/24/2021,Waverly,EASTERN,10,EASTERN,263,39.248021,-76.301234,"39.248021, -76.301234"
SR-101514,In Progress,Phone,Vacant Building,Vacant Building Request,6/27/2022,6/27/2022,6/27/2022,6/27/2022,Park Heights,SOUTHERN,2,SOUTHERN,542,39.348294,-76.533238,"39.348294, -76.533238"
SR-101515,In Progress,Phone,Pothole,Pothole Request,6/12/2021,6/12/2021,6/12/2021,6/12/2021,Irvington,NORTHEASTERN,6,NORTHEASTERN,865,39.261891,-76.498502,"39.261891, -76.498502"
SR-101516,Closed,Phone,Street Light Out,Street Light Out Request,3/27/2021,3/27/2021,3/27/2021,3/27/2021,Hampden,NORTHERN,7,NORTHERN,534,39.247762,-76.306748,"39.247762, -76.306748"
SR-101517,Closed,Phone,Abandoned Vehicle,Abandoned Vehicle Request,12/28/2022,12/28/2022,12/28/2022,12/28/2022,Johnston Square,NORTHERN,7,NORTHERN,175,39.322803,-76.390613,"39.322803, -76.390613"
SR-101518,Open,Phone,Illegal Dumping,Illegal Dumping Request,10/1/2022,10/1/2022,10/1/2022,10/1/2022,Oliver,SOUTHERN,3,SOUTHERN,874,39.498512,-76.4994,"39.498512, -76.4994"
SR-101519,Open,Phone,Dirty Street,Dirty Street Request,12/2/2020,12/2/2020,12/2/2020,12/2/2020,Belair-Edison,SOUTHERN,3,SOUTHERN,475,39.434519,-76.521783,"39.434519, -76.521783"
SR-101520,Open,Phone,Vacant Building,Vacant Building Request,9/2/2022,9/2/2022,9/2/2022,9/2/2022,Westport,WESTERN,14,WESTERN,770,39.268823,-76.575068,"39.268823, -76.575068"
SR-101521,Closed,Phone,Vacant Building,Vacant Building Request,12/21/2019,12/21/2019,12/21/2019,12/21/2019,Hampden,EASTERN,10,EASTERN,597,39.455142,-76.358919,"39.455142, -76.358919"
SR-101522,Closed,Phone,Graffiti,Graffiti Request,2/14/2019,2/14/2019,2/14/2019,2/14/2019,Hampden,NORTHWESTERN,4,NORTHWESTERN,679,39.304393,-76.346239,"39.304393, -76.346239"
SR-101523,In Progress,Phone,Illegal Dumping,Illegal Dumping Request,2/4/2020,2/4/2020,2/4/2020,2/4/2020,Irvington,SOUTHERN,1,SOUTHERN,195,39.283988,-76.544932,"39.283988, -76.544932"
SR-101524,In Progress,Phone,Street Light Out,Street Light Out Request,4/27/2021,4/27/2021,4/27/2021,4/27/2021,Pimlico,NORTHEASTERN,12,NORTHEASTERN,637,39.38332,-76.363315,"39.38332, -76.363315"
SR-101525,In Progress,Phone,Dead Animal,Dead Animal Request,1/17/2023,1/17/2023,1/17/2023,1/17/2023,Greenmount West,NORTHERN,6,NORTHERN,460,39.301521,-76.384518,"39.301521, -76.384518"
SR-101526,Open,Phone,Vacant Building,Vacant Building Request,7/9/2020,7/9/2020,7/9/2020,7/9/2020,Middle East,CENTRAL,13,CENTRAL,727,39.390094,-76.4655,"39.390094, -76.4655"
SR-101527,Open,Phone,Abandoned Vehicle,Abandoned Vehicle Request,12/16/2023,12/16/2023,12/16/2023,12/16/2023,Johnston Square,WESTERN,3,WESTERN,747,39.304832,-76.512265,"39.304832, -76.512265"
SR-101528,Open,Phone,Dead Animal,Dead Animal Request,12/25/2019,12/25/2019,12/25/2019,12/25/2019,Morrell Park,CENTRAL,8,CENTRAL,434,39.315378,-76.549727,"39.315378, -76.549727"
SR-101529,In Progress,Phone,Rat Rubout,Rat Rubout Request,10/16/2021,10/16/2021,10/16/2021,10/16/2021,Govans,WESTERN,8,WESTERN,635,39.298341,-76.35796,"39.298341, -76.35796"
SR-101530,Open,Phone,Dead Animal,Dead Animal Request,8/6/2022,8/6/2022,8/6/2022,8/6/2022,Mount Washington,CENTRAL,6,CENTRAL,642,39.217018,-76.446525,"39.217018, -76.446525"
SR-101531,In Progress,Phone,Dirty Street,Dirty Street Request,8/17/2022,8/17/2022,8/17/2022,8/17/2022,Sandtown-Winchester,WESTERN,14,WESTERN,716,39.278462,-76.567508,"39.278462, -76.567508"
SR-101532,Open,Phone,Graffiti,Graffiti Request,5/14/2020,5/14/2020,5/14/2020,5/14/2020,Roland Park,NORTHWESTERN,10,NORTHWESTERN,707,39.393712,-76.407247,"39.393712, -76.407247"
SR-101533,Open,Phone,Graffiti,Graffiti Request,3/7/2021,3/7/2021,3/7/2021,3/7/2021,Belair-Edison,EASTERN,3,EASTERN,845,39.206082,-76.597467,"39.206082, -76.597467"
SR-101534,Open,Phone,Dead Animal,Dead Animal Request,10/21/2021,10/21/2021,10/21/2021,10/21/2021,Waverly,WESTERN,9,WESTERN,597,39.29545,-76.359518,"39.29545, -76.359518"
SR-101535,Closed,Phone,Pothole,Pothole Request,6/7/2019,6/7/2019,6/7/2019,6/7/2019,Pimlico,EASTERN,2,EASTERN,326,39.368814,-76.526294,"39.368814, -76.526294"
SR-101536,Open,Phone,Parking Complaint,Parking Complaint Request,2/10/2019,2/10/2019,2/10/2019,2/10/2019,Eastwood,CENTRAL,10,CENTRAL,593,39.282078,-76.310459,"39.282078, -76.310459"
SR-101537,Closed,Phone,Pothole,Pothole Request,11/10/2023,11/10/2023,11/10/2023,11/10/2023,Cherry Hill,CENTRAL,9,CENTRAL,114,39.263398,-76.45208,"39.263398, -76.45208"
SR-101538,In Progress,Phone,Rat Rubout,Rat Rubout Request,3/23/2020,3/23/2020,3/23/2020,3/23/2020,Govans,WESTERN,2,WESTERN,193,39.467738,-76.520149,"39.467738, -76.520149"
SR-101539,Closed,Phone,Street Light Out,Street Light Out Request,1/25/2020,1/25/2020,1/25/2020,1/25/2020,Johnston Square,NORTHEASTERN,9,NORTHEASTERN,370,39.208387,-76.462029,"39.208387, -76.462029"
SR-101540,In Progress,Phone,Street Light Out,Street Light Out Request,10/2/2022,10/2/2022,10/2/2022,10/2/2022,Greenmount West,NORTHERN,8,NORTHERN,321,39.342827,-76.390589,"39.342827, -76.390589"
SR-101541,Closed,Phone,Street Light Out,Street Light Out Request,10/26/2022,10/26/2022,10/26/2022,10/26/2022,Clifton Park,NORTHEASTERN,5,NORTHEASTERN,523,39.303511,-76.549182,"39.303511, -76.549182"
SR-101542,Open,Phone,Dirty Street,Dirty Street Request,1/1/2019,1/1/2019,1/1/2019,1/1/2019,Hampden,NORTHEASTERN,8,NORTHEASTERN,399,39.473631,-76.355532,"39.473631, -76.355532"
SR-101543,Closed,Phone,Graffiti,Graffiti Request,12/15/2023,12/15/2023,12/15/2023,12/15/2023,Harlem Park,NORTHEASTERN,11,NORTHEASTERN,791,39.35409,-76.56032,"39.35409, -76.56032"
SR-101544,Closed,Phone,Rat Rubout,Rat Rubout Request,7/24/2022,7/24/2022,7/24/2022,7/24/2022,Pen Lucy,NORTHERN,9,NORTHERN,446,39.202606,-76.571875,"39.202606, -76.571875"
SR-101545,Open,Phone,Pothole,Pothole Request,1/1/2022,1/1/2022,1/1/2022,1/1/2022,Waverly,NORTHWESTERN,3,NORTHWESTERN,868,39.448804,-76.569929,"39.448804, -76.569929"
SR-101546,Open,Phone,Rat Rubout,Rat Rubout Request,3/23/2019,3/23/2019,3/23/2019,3/23/2019,Belair-Edison,NORTHWESTERN,10,NORTHWESTERN,142,39.44863,-76.337809,"39.44863, -76.337809"
SR-101547,Closed,Phone,Rat Rubout,Rat Rubout Request,2/27/2019,2/27/2019,2/27/2019,2/27/2019,Park Heights,NORTHEASTERN,10,NORTHEASTERN,300,39.472599,-76.379818,"39.472599, -76.379818"
SR-101548,Open,Phone,Street Light Out,Street Light Out Request,2/1/2023,2/1/2023,2/1/2023,2/1/2023,Waverly,SOUTHERN,8,SOUTHERN,166,39.330911,-76.444551,"39.330911, -76.444551"
SR-101549,Open,Phone,Graffiti,Graffiti Request,5/20/2019,5/20/2019,5/20/2019,5/20/2019,Harlem Park,NORTHERN,13,NORTHERN,535,39.224469,-76.359016,"39.224469, -76.359016"
SR-101550,In Progress,Phone,Abandoned Vehicle,Abandoned Vehicle Request,9/5/2020,9/5/2020,9/5/2020,9/5/2020,Curtis Bay,NORTHERN,5,NORTHERN,891,39.30884,-76.429774,"39.30884, -76.429774"
SR-101551,Open,Phone,Graffiti,Graffiti Request,9/21/2021,9/21/2021,9/21/2021,9/21/2021,Belair-Edison,WESTERN,2,WESTERN,596,39.329791,-76.556244,"39.329791, -76.556244"
SR-101552,Open,Phone,Dirty Street,Dirty Street Request,6/9/2020,6/9/2020,6/9/2020,6/9/2020,Sandtown-Winchester,NORTHERN,3,NORTHERN,823,39.317143,-76.501948,"39.317143, -76.501948"
SR-101553,In Progress,Phone,Abandoned Vehicle,Abandoned Vehicle Request,12/3/2020,12/3/2020,12/3/2020,12/3/2020,Pigtown,CENTRAL,5,CENTRAL,751,39.47478,-76.349851,"39.47478, -76.349851"
SR-101554,Open,Phone,Dirty Street,Dirty Street Request,12/15/2021,12/15/2021,12/15/2021,12/15/2021,Middle East,NORTHEASTERN,3,NORTHEASTERN,401,39.451138,-76.501395,"39.451138, -76.501395"
SR-101555,Closed,Phone,Illegal Dumping,Illegal Dumping Request,7/7/2020,7/7/2020,7/7/2020,7/7/2020,Belair-Edison,SOUTHERN,8,SOUTHERN,744,39.253831,-76.565389,"39.253831, -76.565389"
SR-101556,Closed,Phone,Dead Animal,Dead Animal Request,8/16/2023,8/16/2023,8/16/2023,8/16/2023,Park Heights,SOUTHERN,7,SOUTHERN,192,39.24609,-76.553629,"39.24609, -76.553629"
SR-101557,Closed,Phone,Dead Animal,Dead Animal Request,11/5/2023,11/5/2023,11/5/2023,11/5/2023,Pen Lucy,NORTHWESTERN,8,NORTHWESTERN,535,39.23176,-76.442797,"39.23176, -76.442797"
SR-101558,In Progress,Phone,Abandoned Vehicle,Abandoned Vehicle Request,5/10/2022,5/10/2022,5/10/2022,5/10/2022,Homeland,CENTRAL,9,CENTRAL,111,39.253366,-76.376332,"39.253366, -76.376332"
SR-101559,Open,Phone,Dirty Street,Dirty Street Request,1/2/2023,1/2/2023,1/2/2023,1/2/2023,Oliver,NORTHWESTERN,10,NORTHWESTERN,495,39.32972,-76.590613,"39.32972, -76.590613"
SR-101560,In Progress,Phone,Parking Complaint,Parking Complaint Request,7/6/2022,7/6/2022,7/6/2022,7/6/2022,Greenmount West,EASTERN,13,EASTERN,826,39.209494,-76.553002,"39.209494, -76.553002"
SR-101561,In Progress,Phone,Dirty Street,Dirty Street Request,11/10/2022,11/10/2022,11/10/2022,11/10/2022,Irvington,NORTHERN,1,NORTHERN,363,39.221021,-76.305777,"39.221021, -76.305777"
SR-101562,Open,Phone,Dirty Street,Dirty Street Request,2/14/2022,2/14/2022,2/14/2022,2/14/2022,Waverly,CENTRAL,14,CENTRAL,428,39.298294,-76.522891,"39.298294, -76.522891"
SR-101563,Open,Phone,Illegal Dumping,Illegal Dumping Request,12/10/2021,12/10/2021,12/10/2021,12/10/2021,Clifton Park,WESTERN,2,WESTERN,351,39.340332,-76.38491,"39.340332, -76.38491"
SR-101564,Closed,Phone,Vacant Building,Vacant Building Request,2/12/2022,2/12/2022,2/12/2022,2/12/2022,Pen Lucy,NORTHERN,10,NORTHERN,316,39.250194,-76.449404,"39.250194, -76.449404"
SR-101565,Open,Phone,Dead Animal,Dead Animal Request,9/28/2020,9/28/2020,9/28/2020,9/28/2020,Clifton Park,NORTHERN,3,NORTHERN,579,39.243807,-76.365103,"39.243807, -76.365103"
SR-101566,In Progress,Phone,Rat Rubout,Rat Rubout Request,6/9/2022,6/9/2022,6/9/2022,6/9/2022,Charles Village,EASTERN,14,EASTERN,412,39.389472,-76.561573,"39.389472, -76.561573"
SR-101567,Open,Phone,Illegal Dumping,Illegal Dumping Request,7/23/2021,7/23/2021,7/23/2021,7/23/2021,Charles Village,WESTERN,4,WESTERN,847,39.388403,-76.405708,"39.388403, -76.405708"
SR-101568,Closed,Phone,Vacant Building,Vacant Building Request,3/21/2019,3/21/2019,3/21/2019,3/21/2019,Sandtown-Winchester,CENTRAL,13,CENTRAL,676,39.270104,-76.475285,"39.270104, -76.475285"
SR-101569,Closed,Phone,Dead Animal,Dead Animal Request,9/18/2020,9/18/2020,9/18/2020,9/18/2020,Westport,SOUTHERN,13,SOUTHERN,440,39.240935,-76.525349,"39.240935, -76.525349"
SR-101570,Open,Phone,Rat Rubout,Rat Rubout Request,6/13/2020,6/13/2020,6/13/2020,6/13/2020,Guilford,NORTHWESTERN,13,NORTHWESTERN,879,39.442717,-76.304246,"39.442717, -76.304246"
SR-101571,Open,Phone,Illegal Dumping,Illegal Dumping Request,6/25/2022,6/25/2022,6/25/2022,6/25/2022,Middle East,WESTERN,3,WESTERN,780,39.29098,-76.329511,"39.29098, -76.329511"
SR-101572,In Progress,Phone,Pothole,Pothole Request,12/20/2020,12/20/2020,12/20/2020,12/20/2020,Sandtown-Winchester,NORTHERN,11,NORTHERN,577,39.233913,-76.530172,"39.233913, -76.530172"
SR-101573,Open,Phone,Street Light Out,Street Light Out Request,10/3/2019,10/3/2019,10/3/2019,10/3/2019,Clifton Park,EASTERN,5,EASTERN,191,39.344546,-76.597591,"39.344546, -76.597591"
SR-101574,In Progress,Phone,Graffiti,Graffiti Request,12/25/2021,12/25/2021,12/25/2021,12/25/2021,Druid Heights,NORTHEASTERN,4,NORTHEASTERN,170,39.391012,-76.348681,"39.391012, -76.348681"
SR-101575,In Progress,Phone,Graffiti,Graffiti Request,5/6/2023,5/6/2023,5/6/2023,5/6/2023,Pimlico,NORTHWESTERN,12,NORTHWESTERN,514,39.233946,-76.436393,"39.233946, -76.436393"
SR-101576,Closed,Phone,Dirty Street,Dirty Street Request,2/13/2023,2/13/2023,2/13/2023,2/13/2023,Park Heights,NORTHEASTERN,1,NORTHEASTERN,477,39.334547,-76.408724,"39.334547, -76.408724"
SR-101577,Open,Phone,Graffiti,Graffiti Request,3/4/2023,3/4/2023,3/4/2023,3/4/2023,Roland Park,EASTERN,9,EASTERN,194,39.211542,-76.318436,"39.211542, -76.318436"
SR-101578,Closed,Phone,Pothole,Pothole Request,5/10/2023,5/10/2023,5/10/2023,5/10/2023,Harlem Park,NORTHEASTERN,4,NORTHEASTERN,241,39.210648,-76.462171,"39.210648, -76.462171"
SR-101579,In Progress,Phone,Vacant Building,Vacant Building Request,6/13/2022,6/13/2022,6/13/2022,6/13/2022,Charles Village,NORTHEASTERN,11,NORTHEASTERN,293,39.243811,-76.407027,"39.243811, -76.407027"
SR-101580,Closed,Phone,Abandoned Vehicle,Abandoned Vehicle Request,3/13/2023,3/13/2023,3/13/2023,3/13/2023,Berea,NORTHEASTERN,7,NORTHEASTERN,854,39.461401,-76.357044,"39.461401, -76.357044"
SR-101581,Closed,Phone,Graffiti,Graffiti Request,2/10/2019,2/10/2019,2/10/2019,2/10/2019,Curtis Bay,CENTRAL,4,CENTRAL,711,39.423981,-76.462362,"39.423981, -76.462362"
SR-101582,Closed,Phone,Vacant Building,Vacant Building Request,2/9/2022,2/9/2022,2/9/2022,2/9/2022,Middle East,NORTHERN,7,NORTHERN,838,39.455159,-76.310564,"39.455159, -76.310564"
SR-101583,Closed,Phone,Parking Complaint,Parking Complaint Request,10/8/2020,10/8/2020,10/8/2020,10/8/2020,Roland Park,SOUTHERN,12,SOUTHERN,490,39.401079,-76.35976,"39.401079, -76.35976"
SR-101584,In Progress,Phone,Dead Animal,Dead Animal Request,4/17/2021,4/17/2021,4/17/2021,4/17/2021,Roland Park,NORTHEASTERN,14,NORTHEASTERN,863,39.450119,-76.381656,"39.450119, -76.381656"
SR-101585,In Progress,Phone,Abandoned Vehicle,Abandoned Vehicle Request,5/23/2022,5/23/2022,5/23/2022,5/23/2022,Upton,EASTERN,14,EASTERN,420,39.407158,-76.382122,"39.407158, -76.382122"
SR-101586,Open,Phone,Street Light Out,Street Light Out Request,6/18/2019,6/18/2019,6/18/2019,6/18/2019,Hampden,SOUTHERN,10,SOUTHERN,399,39.277869,-76.432706,"39.277869, -76.432706"
SR-101587,Open,Phone,Abandoned Vehicle,Abandoned Vehicle Request,9/19/2020,9/19/2020,9/19/2020,9/19/2020,Oliver,SOUTHERN,10,SOUTHERN,569,39.395507,-76.499881,"39.395507, -76.499881"
SR-101588,Closed,Phone,Abandoned Vehicle,Abandoned Vehicle Request,10/18/2023,10/18/2023,10/18/2023,10/18/2023,Hampden,WESTERN,6,WESTERN,808,39.47773,-76.513679,"39.47773, -76.513679"
SR-101589,Closed,Phone,Pothole,Pothole Request,3/4/2021,3/4/2021,3/4/2021,3/4/2021,Westport,NORTHEASTERN,10,NORTHEASTERN,509,39.23383,-76.409147,"39.23383, -76.409147"
SR-101590,Open,Phone,Vacant Building,Vacant Building Request,8/17/2022,8/17/2022,8/17/2022,8/17/2022,Druid Heights,NORTHEASTERN,14,NORTHEASTERN,764,39.311529,-76.430239,"39.311529, -76.430239"
SR-101591,In Progress,Phone,Rat Rubout,Rat Rubout Request,8/23/2021,8/23/2021,8/23/2021,8/23/2021,Harlem Park,CENTRAL,12,CENTRAL,541,39.314083,-76.319946,"39.314083, -76.319946"
SR-101592,Open,Phone,Dead Animal,Dead Animal Request,4/19/2020,4/19/2020,4/19/2020,4/19/2020,Irvington,NORTHWESTERN,1,NORTHWESTERN,133,39.477917,-76.380705,"39.477917, -76.380705"
SR-101593,In Progress,Phone,Illegal Dumping,Illegal Dumping Request,11/12/2020,11/12/2020,11/12/2020,11/12/2020,Guilford,CENTRAL,14,CENTRAL,774,39.482698,-76.421546,"39.482698, -76.421546"
SR-101594,Closed,Phone,Street Light Out,Street Light Out Request,7/23/2021,7/23/2021,7/23/2021,7/23/2021,Cherry Hill,NORTHERN,12,NORTHERN,323,39.452801,-76.453753,"39.452801, -76.453753"
SR-101595,Open,Phone,Rat Rubout,Rat Rubout Request,3/10/2021,3/10/2021,3/10/2021,3/10/2021,Druid Heights,NORTHWESTERN,1,NORTHWESTERN,225,39.415818,-76.453151,"39.415818, -76.453151"
SR-101596,Open,Phone,Graffiti,Graffiti Request,2/15/2019,2/15/2019,2/15/2019,2/15/2019,Curtis Bay,NORTHEASTERN,6,NORTHEASTERN,670,39.34716,-76.399889,"39.34716, -76.399889"
SR-101597,In Progress,Phone,Abandoned Vehicle,Abandoned Vehicle Request,5/27/2020,5/27/2020,5/27/2020,5/27/2020,Brooklyn,EASTERN,7,EASTERN,693,39.237299,-76.574037,"39.237299, -76.574037"
SR-101598,In Progress,Phone,Street Light Out,Street Light Out Request,9/16/2020,9/16/2020,9/16/2020,9/16/2020,Westport,SOUTHERN,4,SOUTHERN,431,39.220975,-76.320457,"39.220975, -76.320457"
SR-101599,In Progress,Phone,Rat Rubout,Rat Rubout Request,6/23/2020,6/23/2020,6/23/2020,6/23/2020,Eastwood,WESTERN,1,WESTERN,458,39.404257,-76.574853,"39.404257, -76.574853"
SR-101600,Closed,Phone,Illegal Dumping,Illegal Dumping Request,9/25/2021,9/25/2021,9/25/2021,9/25/2021,Waverly,NORTHERN,8,NORTHERN,318,39.329966,-76.383525,"39.329966, -76.383525"
SR-101601,Closed,Phone,Graffiti,Graffiti Request,4/22/2021,4/22/2021,4/22/2021,4/22/2021,Irvington,EASTERN,1,EASTERN,759,39.329138,-76.369827,"39.329138, -76.369827"
SR-101602,In Progress,Phone,Rat Rubout,Rat Rubout Request,9/14/2020,9/14/2020,9/14/2020,9/14/2020,Irvington,WESTERN,9,WESTERN,400,39.398364,-76.388898,"39.398364, -76.388898"
SR-101603,Closed,Phone,Illegal Dumping,Illegal Dumping Request,8/11/2022,8/11/2022,8/11/2022,8/11/2022,Belair-Edison,CENTRAL,13,CENTRAL,240,39.26667,-76.402807,"39.26667, -76.402807"
SR-101604,In Progress,Phone,Illegal Dumping,Illegal Dumping Request,8/28/2023,8/28/2023,8/28/2023,8/28/2023,Harlem Park,CENTRAL,10,CENTRAL,707,39.210839,-76.484852,"39.210839, -76.484852"
SR-101605,Open,Phone,Parking Complaint,Parking Complaint Request,12/18/2020,12/18/2020,12/18/2020,12/18/2020,Druid Heights,CENTRAL,5,CENTRAL,398,39.355396,-76.430388,"39.355396, -76.430388"
SR-101606,Closed,Phone,Graffiti,Graffiti Request,10/8/2021,10/8/2021,10/8/2021,10/8/2021,Upton,EASTERN,6,EASTERN,490,39.429757,-76.574862,"39.429757, -76.574862"
SR-101607,Closed,Phone,Abandoned Vehicle,Abandoned Vehicle Request,6/10/2023,6/10/2023,6/10/2023,6/10/2023,Charles Village,CENTRAL,2,CENTRAL,630,39.316052,-76.347091,"39.316052, -76.347091"
SR-101608,Open,Phone,Dead Animal,Dead Animal Request,12/8/2019,12/8/2019,12/8/2019,12/8/2019,Harlem Park,EASTERN,12,EASTERN,225,39.250934,-76.394578,"39.250934, -76.394578"
SR-101609,In Progress,Phone,Graffiti,Graffiti Request,3/20/2020,3/20/2020,3/20/2020,3/20/2020,Berea,SOUTHERN,2,SOUTHERN,304,39.328262,-76.493769,"39.328262, -76.493769"
SR-101610,Closed,Phone,Dirty Street,Dirty Street Request,12/26/2022,12/26/2022,12/26/2022,12/26/2022,Pen Lucy,NORTHEASTERN,11,NORTHEASTERN,786,39.354668,-76.468665,"39.354668, -76.468665"
SR-101611,Open,Phone,Vacant Building,Vacant Building Request,11/11/2021,11/11/2021,11/11/2021,11/11/2021,Westport,WESTERN,1,WESTERN,575,39.477123,-76.540353,"39.477123, -76.540353"
SR-101612,Open,Phone,Street Light Out,Street Light Out Request,11/25/2021,11/25/2021,11/25/2021,11/25/2021,Clifton Park,SOUTHERN,11,SOUTHERN,400,39.340663,-76.512697,"39.340663, -76.512697"
SR-101613,Closed,Phone,Graffiti,Graffiti Request,2/17/2021,2/17/2021,2/17/2021,2/17/2021,Roland Park,EASTERN,3,EASTERN,475,39.320413,-76.539808,"39.320413, -76.539808"
SR-101614,Closed,Phone,Pothole,Pothole Request,12/14/2020,12/14/2020,12/14/2020,12/14/2020,Curtis Bay,NORTHERN,8,NORTHERN,804,39.299755,-76.379621,"39.299755, -76.379621"
SR-101615,Closed,Phone,Street Light Out,Street Light Out Request,7/28/2022,7/28/2022,7/28/2022,7/28/2022,Middle East,NORTHERN,14,NORTHERN,444,39.499888,-76.543948,"39.499888, -76.543948"
SR-101616,Closed,Phone,Parking Complaint,Parking Complaint Request,7/14/2022,7/14/2022,7/14/2022,7/14/2022,Sandtown-Winchester,EASTERN,1,EASTERN,627,39.372674,-76.397865,"39.372674, -76.397865"
SR-101617,Closed,Phone,Parking Complaint,Parking Complaint Request,7/3/2020,7/3/2020,7/3/2020,7/3/2020,Hampden,SOUTHERN,6,SOUTHERN,852,39.353869,-76.477073,"39.353869, -76.477073"
SR-101618,Open,Phone,Graffiti,Graffiti Request,5/16/2022,5/16/2022,5/16/2022,5/16/2022,Brooklyn,NORTHWESTERN,3,NORTHWESTERN,788,39.394553,-76.522094,"39.394553, -76.522094"
SR-101619,Open,Phone,Rat Rubout,Rat Rubout Request,4/19/2021,4/19/2021,4/19/2021,4/19/2021,Pigtown,NORTHEASTERN,6,NORTHEASTERN,697,39.28506,-76.346864,"39.28506, -76.346864"
SR-101620,Closed,Phone,Graffiti,Graffiti Request,1/1/2022,1/1/2022,1/1/2022,1/1/2022,Waverly,NORTHERN,1,NORTHERN,625,39.365652,-76.39408,"39.365652, -76.39408"
SR-101621,In Progress,Phone,Rat Rubout,Rat Rubout Request,11/7/2022,11/7/2022,11/7/2022,11/7/2022,Oliver,NORTHEASTERN,11,NORTHEASTERN,695,39.236526,-76.535343,"39.236526, -76.535343"
SR-101622,In Progress,Phone,Graffiti,Graffiti Request,8/3/2020,8/3/2020,8/3/2020,8/3/2020,Clifton Park,CENTRAL,4,CENTRAL,672,39.351786,-76.42729,"39.351786, -76.42729"
SR-101623,Open,Phone,Dirty Street,Dirty Street Request,10/18/2019,10/18/2019,10/18/2019,10/18/2019,Homeland,NORTHERN,1,NORTHERN,199,39.238573,-76.476005,"39.238573, -76.476005"
SR-101624,Open,Phone,Street Light Out,Street Light Out Request,8/24/2019,8/24/2019,8/24/2019,8/24/2019,Mount Washington,WESTERN,9,WESTERN,132,39.326295,-76.597611,"39.326295, -76.597611"
SR-101625,Open,Phone,Abandoned Vehicle,Abandoned Vehicle Request,11/27/2022,11/27/2022,11/27/2022,11/27/2022,Middle East,EASTERN,10,EASTERN,188,39.237842,-76.56065,"39.237842, -76.56065"
SR-101626,Closed,Phone,Rat Rubout,Rat Rubout Request,10/8/2023,10/8/2023,10/8/2023,10/8/2023,Park Heights,NORTHWESTERN,14,NORTHWESTERN,513,39.232206,-76.361201,"39.232206, -76.361201"
SR-101627,Open,Phone,Street Light Out,Street Light Out Request,12/3/2021,12/3/2021,12/3/2021,12/3/2021,Mount Washington,EASTERN,14,EASTERN,729,39.260275,-76.538132,"39.260275, -76.538132"
SR-101628,Closed,Phone,Graffiti,Graffiti Request,5/19/2022,5/19/2022,5/19/2022,5/19/2022,Charles Village,NORTHERN,13,NORTHERN,861,39.271787,-76.558713,"39.271787, -76.558713"
SR-101629,Open,Phone,Illegal Dumping,Illegal Dumping Request,3/26/2022,3/26/2022,3/26/2022,3/26/2022,Oliver,CENTRAL,7,CENTRAL,775,39.385055,-76.314264,"39.385055, -76.314264"
SR-101630,Open,Phone,Parking Complaint,Parking Complaint Request,9/5/2019,9/5/2019,9/5/2019,9/5/2019,Pimlico,NORTHEASTERN,13,NORTHEASTERN,445,39.426036,-76.472842,"39.426036, -76.472842"
SR-101631,Open,Phone,Abandoned Vehicle,Abandoned Vehicle Request,10/4/2020,10/4/2020,10/4/2020,10/4/2020,Druid Heights,EASTERN,5,EASTERN,647,39.34064,-76.36982,"39.34064, -76.36982"
SR-101632,Closed,Phone,Dead Animal,Dead Animal Request,3/18/2022,3/18/2022,3/18/2022,3/18/2022,Pen Lucy,NORTHWESTERN,6,NORTHWESTERN,124,39.286198,-76.529718,"39.286198, -76.529718"
SR-101633,In Progress,Phone,Street Light Out,Street Light Out Request,7/1/2021,7/1/2021,7/1/2021,7/1/2021,Brooklyn,NORTHWESTERN,14,NORTHWESTERN,749,39.293349,-76.422173,"39.293349, -76.422173"
SR-101634,In Progress,Phone,Vacant Building,Vacant Building Request,8/10/2021,8/10/2021,8/10/2021,8/10/2021,Middle East,EASTERN,12,EASTERN,359,39.328368,-76.505409,"39.328368, -76.505409"
SR-101635,Open,Phone,Dead Animal,Dead Animal Request,9/28/2019,9/28/2019,9/28/2019,9/28/2019,Berea,NORTHWESTERN,3,NORTHWESTERN,208,39.384437,-76.432683,"39.384437, -76.432683"
SR-101636,In Progress,Phone,Street Light Out,Street Light Out Request,6/17/2021,6/17/2021,6/17/2021,6/17/2021,Charles Village,NORTHWESTERN,1,NORTHWESTERN,897,39.487521,-76.516151,"39.487521, -76.516151"
SR-101637,Closed,Phone,Dead Animal,Dead Animal Request,2/11/2020,2/11/2020,2/11/2020,2/11/2020,Pimlico,NORTHEASTERN,6,NORTHEASTERN,155,39.293103,-76.400399,"39.293103, -76.400399"
SR-101638,Open,Phone,Dirty Street,Dirty Street Request,6/23/2022,6/23/2022,6/23/2022,6/23/2022,Berea,CENTRAL,12,CENTRAL,324,39.368797,-76.471351,"39.368797, -76.471351"
SR-101639,Open,Phone,Graffiti,Graffiti Request,5/16/2021,5/16/2021,5/16/2021,5/16/2021,Berea,EASTERN,6,EASTERN,862,39.268542,-76.573966,"39.268542, -76.573966"
SR-101640,In Progress,Phone,Dead Animal,Dead Animal Request,12/25/2023,12/25/2023,12/25/2023,12/25/2023,Curtis Bay,CENTRAL,1,CENTRAL,534,39.279086,-76.350632,"39.279086, -76.350632"
SR-101641,In Progress,Phone,Dirty Street,Dirty Street Request,3/20/2022,3/20/2022,3/20/2022,3/20/2022,Pimlico,NORTHERN,7,NORTHERN,475,39.483291,-76.473526,"39.483291, -76.473526"
SR-101642,Closed,Phone,Parking Complaint,Parking Complaint Request,12/25/2020,12/25/2020,12/25/2020,12/25/2020,Greenmount West,NORTHERN,14,NORTHERN,341,39.445398,-76.410468,"39.445398, -76.410468"
SR-101643,Open,Phone,Street Light Out,Street Light Out Request,4/13/2020,4/13/2020,4/13/2020,4/13/2020,Roland Park,WESTERN,2,WESTERN,134,39.336244,-76.506582,"39.336244, -76.506582"
SR-101644,In Progress,Phone,Street Light Out,Street Light Out Request,5/7/2023,5/7/2023,5/7/2023,5/7/2023,Mount Washington,CENTRAL,13,CENTRAL,214,39.470603,-76.375196,"39.470603, -76.375196"
SR-101645,In Progress,Phone,Vacant Building,Vacant Building Request,1/7/2019,1/7/2019,1/7/2019,1/7/2019,Middle East,NORTHWESTERN,6,NORTHWESTERN,854,39.210552,-76.379279,"39.210552, -76.379279"
SR-101646,In Progress,Phone,Graffiti,Graffiti Request,8/24/2020,8/24/2020,8/24/2020,8/24/2020,Charles Village,WESTERN,11,WESTERN,847,39.475853,-76.454311,"39.475853, -76.454311"
SR-101647,In Progress,Phone,Pothole,Pothole Request,4/3/2019,4/3/2019,4/3/2019,4/3/2019,Hampden,NORTHWESTERN,7,NORTHWESTERN,819,39.331143,-76.48163,"39.331143, -76.48163"
SR-101648,In Progress,Phone,Rat Rubout,Rat Rubout Request,5/16/2023,5/16/2023,5/16/2023,5/16/2023,Pimlico,NORTHEASTERN,10,NORTHEASTERN,578,39.349514,-76.328211,"39.349514, -76.328211"
SR-101649,In Progress,Phone,Street Light Out,Street Light Out Request,5/12/2023,5/12/2023,5/12/2023,5/12/2023,Middle East,WESTERN,8,WESTERN,817,39.385766,-76.336186,"39.385766, -76.336186"
SR-101650,In Progress,Phone,Graffiti,Graffiti Request,2/10/2019,2/10/2019,2/10/2019,2/10/2019,Morrell Park,EASTERN,14,EASTERN,400,39.337431,-76.31142,"39.337431, -76.31142"
SR-101651,In Progress,Phone,Abandoned Vehicle,Abandoned Vehicle Request,1/13/2023,1/13/2023,1/13/2023,1/13/2023,Greenmount West,NORTHEASTERN,10,NORTHEASTERN,462,39.439976,-76.408415,"39.439976, -76.408415"
SR-101652,In Progress,Phone,Dead Animal,Dead Animal Request,11/28/2023,11/28/2023,11/28/2023,11/28/2023,Druid Heights,NORTHEASTERN,11,NORTHEASTERN,629,39.484477,-76.371423,"39.484477, -76.371423"
SR-101653,In Progress,Phone,Dirty Street,Dirty Street Request,7/18/2023,7/18/2023,7/18/2023,7/18/2023,Govans,EASTERN,1,EASTERN,121,39.371391,-76.509499,"39.371391, -76.509499"
SR-101654,In Progress,Phone,Dead Animal,Dead Animal Request,6/2/2022,6/2/2022,6/2/2022,6/2/2022,Curtis Bay,NORTHWESTERN,3,NORTHWESTERN,367,39.498812,-76.336531,"39.498812, -76.336531"
SR-101655,In Progress,Phone,Street Light Out,Street Light Out Request,3/2/2021,3/2/2021,3/2/2021,3/2/2021,Druid Heights,NORTHEASTERN,2,NORTHEASTERN,328,39.499308,-76.487824,"39.499308, -76.487824"
SR-101656,In Progress,Phone,Illegal Dumping,Illegal Dumping Request,10/10/2020,10/10/2020,10/10/2020,10/10/2020,Brooklyn,SOUTHERN,12,SOUTHERN,745,39.342916,-76.584087,"39.342916, -76.584087"
SR-101657,Closed,Phone,Rat Rubout,Rat Rubout Request,12/3/2022,12/3/2022,12/3/2022,12/3/2022,Charles Village,WESTERN,11,WESTERN,796,39.281142,-76.30762,"39.281142, -76.30762"
SR-101658,Open,Phone,Illegal Dumping,Illegal Dumping Request,8/2/2023,8/2/2023,8/2/2023,8/2/2023,Morrell Park,NORTHWESTERN,9,NORTHWESTERN,554,39.261802,-76.312926,"39.261802, -76.312926"
SR-101659,In Progress,Phone,Street Light Out,Street Light Out Request,12/25/2020,12/25/2020,12/25/2020,12/25/2020,Govans,NORTHEASTERN,2,NORTHEASTERN,751,39.323353,-76.486975,"39.323353, -76.486975"
SR-101660,Open,Phone,Parking Complaint,Parking Complaint Request,5/21/2021,5/21/2021,5/21/2021,5/21/2021,Mount Washington,NORTHWESTERN,12,NORTHWESTERN,332,39.425185,-76.302099,"39.425185, -76.302099"
SR-101661,In Progress,Phone,Rat Rubout,Rat Rubout Request,12/7/2021,12/7/2021,12/7/2021,12/7/2021,Mount Washington,NORTHEASTERN,5,NORTHEASTERN,671,39.388079,-76.394813,"39.388079, -76.394813"
SR-101662,Open,Phone,Dead Animal,Dead Animal Request,10/23/2023,10/23/2023,10/23/2023,10/23/2023,Homeland,NORTHERN,14,NORTHERN,151,39.493958,-76.580084,"39.493958, -76.580084"
SR-101663,Open,Phone,Pothole,Pothole Request,10/2/2021,10/2/2021,10/2/2021,10/2/2021,Harlem Park,WESTERN,3,WESTERN,386,39.491713,-76.591139,"39.491713, -76.591139"
SR-101664,Open,Phone,Vacant Building,Vacant Building Request,1/7/2022,1/7/2022,1/7/2022,1/7/2022,Druid Heights,CENTRAL,8,CENTRAL,840,39.254997,-76.526905,"39.254997, -76.526905"
SR-101665,In Progress,Phone,Abandoned Vehicle,Abandoned Vehicle Request,4/10/2019,4/10/2019,4/10/2019,4/10/2019,Curtis Bay,NORTHWESTERN,11,NORTHWESTERN,550,39.293396,-76.512293,"39.293396, -76.512293"
SR-101666,Open,Phone,Abandoned Vehicle,Abandoned Vehicle Request,10/16/2023,10/16/2023,10/16/2023,10/16/2023,Druid Heights,NORTHERN,13,NORTHERN,580,39.453512,-76.372107,"39.453512, -76.372107"
SR-101667,In Progress,Phone,Dirty Street,Dirty Street Request,12/5/2021,12/5/2021,12/5/2021,12/5/2021,Irvington,NORTHERN,2,NORTHERN,606,39.253297,-76.589481,"39.253297, -76.589481"
SR-101668,Closed,Phone,Graffiti,Graffiti Request,9/25/2021,9/25/2021,9/25/2021,9/25/2021,Belair-Edison,EASTERN,8,EASTERN,885,39.412561,-76.331986,"39.412561, -76.331986"
SR-101669,Open,Phone,Dead Animal,Dead Animal Request,11/19/2022,11/19/2022,11/19/2022,11/19/2022,Park Heights,NORTHEASTERN,11,NORTHEASTERN,161,39.224053,-76.556869,"39.224053, -76.556869"
SR-101670,Closed,Phone,Dirty Street,Dirty Street Request,10/13/2021,10/13/2021,10/13/2021,10/13/2021,Eastwood,NORTHERN,11,NORTHERN,426,39.4701,-76.390271,"39.4701, -76.390271"
SR-101671,Open,Phone,Graffiti,Graffiti Request,7/6/2022,7/6/2022,7/6/2022,7/6/2022,Upton,WESTERN,7,WESTERN,424,39.282906,-76.454729,"39.282906, -76.454729"
SR-101672,In Progress,Phone,Parking Complaint,Parking Complaint Request,12/14/2023,12/14/2023,12/14/2023,12/14/2023,Hampden,CENTRAL,14,CENTRAL,319,39.248873,-76.368953,"39.248873, -76.368953"
SR-101673,Open,Phone,Street Light Out,Street Light Out Request,12/25/2021,12/25/2021,12/25/2021,12/25/2021,Johnston Square,WESTERN,8,WESTERN,225,39.228959,-76.334722,"39.228959, -76.334722"
SR-101674,Closed,Phone,Dirty Street,Dirty Street Request,10/19/2023,10/19/2023,10/19/2023,10/19/2023,Cherry Hill,NORTHEASTERN,12,NORTHEASTERN,860,39.436319,-76.452204,"39.436319, -76.452204"
SR-101675,Closed,Phone,Abandoned Vehicle,Abandoned Vehicle Request,11/1/2022,11/1/2022,11/1/2022,11/1/2022,Oliver,NORTHEASTERN,14,NORTHEASTERN,534,39.251379,-76.468434,"39.251379, -76.468434"
SR-101676,Closed,Phone,Street Light Out,Street Light Out Request,5/11/2021,5/11/2021,5/11/2021,5/11/2021,Charles Village,NORTHWESTERN,4,NORTHWESTERN,100,39.351732,-76.345688,"39.351732, -76.345688"
SR-101677,Open,Phone,Rat Rubout,Rat Rubout Request,10/18/2020,10/18/2020,10/18/2020,10/18/2020,Pen Lucy,NORTHEASTERN,13,NORTHEASTERN,393,39.391138,-76.588004,"39.391138, -76.588004"
SR-101678,In Progress,Phone,Graffiti,Graffiti Request,5/24/2023,5/24/2023,5/24/2023,5/24/2023,Greenmount West,SOUTHERN,7,SOUTHERN,655,39.397606,-76.343396,"39.397606, -76.343396"
SR-101679,In Progress,Phone,Street Light Out,Street Light Out Request,10/21/2021,10/21/2021,10/21/2021,10/21/2021,Clifton Park,CENTRAL,4,CENTRAL,815,39.409086,-76.419334,"39.409086, -76.419334"
SR-101680,Closed,Phone,Abandoned Vehicle,Abandoned Vehicle Request,12/19/2020,12/19/2020,12/19/2020,12/19/2020,Cherry Hill,NORTHEASTERN,7,NORTHEASTERN,613,39.313426,-76.342307,"39.313426, -76.342307"
SR-101681,Open,Phone,Street Light Out,Street Light Out Request,8/12/2020,8/12/2020,8/12/2020,8/12/2020,Oliver,NORTHEASTERN,5,NORTHEASTERN,435,39.359389,-76.364161,"39.359389, -76.364161"
SR-101682,Closed,Phone,Dirty Street,Dirty Street Request,6/7/2022,6/7/2022,6/7/2022,6/7/2022,Oliver,CENTRAL,7,CENTRAL,394,39.242994,-76.375827,"39.242994, -76.375827"
SR-101683,Closed,Phone,Abandoned Vehicle,Abandoned Vehicle Request,2/8/2023,2/8/2023,2/8/2023,2/8/2023,Brooklyn,NORTHEASTERN,6,NORTHEASTERN,119,39.251991,-76.306461,"39.251991, -76.306461"
SR-101684,Open,Phone,Vacant Building,Vacant Building Request,3/14/2020,3/14/2020,3/14/2020,3/14/2020,Pigtown,NORTHEASTERN,6,NORTHEASTERN,848,39.425739,-76.392336,"39.425739, -76.392336"
SR-101685,Open,Phone,Illegal Dumping,Illegal Dumping Request,5/27/2023,5/27/2023,5/27/2023,5/27/2023,Charles Village,NORTHEASTERN,8,NORTHEASTERN,337,39.49031,-76.40594,"39.49031, -76.40594"
SR-101686,Open,Phone,Parking Complaint,Parking Complaint Request,3/22/2023,3/22/2023,3/22/2023,3/22/2023,Druid Heights,SOUTHERN,5,SOUTHERN,603,39.253195,-76.357615,"39.253195, -76.357615"
SR-101687,Closed,Phone,Rat Rubout,Rat Rubout Request,4/18/2019,4/18/2019,4/18/2019,4/18/2019,Johnston Square,EASTERN,1,EASTERN,150,39.217817,-76.31146,"39.217817, -76.31146"
SR-101688,In Progress,Phone,Rat Rubout,Rat Rubout Request,9/25/2021,9/25/2021,9/25/2021,9/25/2021,Belair-Edison,SOUTHERN,2,SOUTHERN,744,39.403093,-76.471428,"39.403093, -76.471428"
SR-101689,In Progress,Phone,Parking Complaint,Parking Complaint Request,4/20/2023,4/20/2023,4/20/2023,4/20/2023,Johnston Square,CENTRAL,11,CENTRAL,874,39.383783,-76.419086,"39.383783, -76.419086"
SR-101690,Closed,Phone,Dead Animal,Dead Animal Request,10/25/2020,10/25/2020,10/25/2020,10/25/2020,Waverly,NORTHERN,9,NORTHERN,556,39.351642,-76.382666,"39.351642, -76.382666"
SR-101691,In Progress,Phone,Parking Complaint,Parking Complaint Request,9/7/2023,9/7/2023,9/7/2023,9/7/2023,Homeland,EASTERN,3,EASTERN,453,39.356601,-76.362723,"39.356601, -76.362723"
SR-101692,In Progress,Phone,Parking Complaint,Parking Complaint Request,4/18/2022,4/18/2022,4/18/2022,4/18/2022,Middle East,NORTHEASTERN,7,NORTHEASTERN,456,39.490029,-76.569251,"39.490029, -76.569251"
SR-101693,Closed,Phone,Street Light Out,Street Light Out Request,4/11/2020,4/11/2020,4/11/2020,4/11/2020,Cherry Hill,CENTRAL,14,CENTRAL,827,39.442481,-76.409506,"39.442481, -76.409506"
SR-101694,Open,Phone,Dead Animal,Dead Animal Request,8/18/2020,8/18/2020,8/18/2020,8/18/2020,Clifton Park,WESTERN,2,WESTERN,693,39.419826,-76.492027,"39.419826, -76.492027"
SR-101695,Open,Phone,Dirty Street,Dirty Street Request,7/17/2019,7/17/2019,7/17/2019,7/17/2019,Irvington,WESTERN,4,WESTERN,396,39.321163,-76.399932,"39.321163, -76.399932"
SR-101696,Closed,Phone,Rat Rubout,Rat Rubout Request,12/12/2023,12/12/2023,12/12/2023,12/12/2023,Cherry Hill,WESTERN,12,WESTERN,257,39.318383,-76.55381,"39.318383, -76.55381"
SR-101697,Closed,Phone,Pothole,Pothole Request,3/18/2022,3/18/2022,3/18/2022,3/18/2022,Greenmount West,CENTRAL,12,CENTRAL,554,39.334857,-76.46789,"39.334857, -76.46789"
SR-101698,In Progress,Phone,Dead Animal,Dead Animal Request,7/15/2023,7/15/2023,7/15/2023,7/15/2023,Waverly,NORTHERN,9,NORTHERN,169,39.410368,-76.455355,"39.410368, -76.455355"
SR-101699,Open,Phone,Vacant Building,Vacant Building Request,11/19/2021,11/19/2021,11/19/2021,11/19/2021,Irvington,NORTHEASTERN,13,NORTHEASTERN,687,39.472214,-76.449587,"39.472214, -76.449587"
SR-101700,Open,Phone,Dead Animal,Dead Animal Request,4/2/2020,4/2/2020,4/2/2020,4/2/2020,Roland Park,WESTERN,11,WESTERN,534,39.407645,-76.515811,"39.407645, -76.515811"
SR-101701,Closed,Phone,Dead Animal,Dead Animal Request,7/4/2020,7/4/2020,7/4/2020,7/4/2020,Cherry Hill,SOUTHERN,9,SOUTHERN,809,39.272484,-76.516104,"39.272484, -76.516104"
SR-101702,Closed,Phone,Rat Rubout,Rat Rubout Request,7/12/2020,7/12/2020,7/12/2020,7/12/2020,Oliver,EASTERN,2,EASTERN,728,39.360964,-76.366022,"39.360964, -76.366022"
SR-101703,Closed,Phone,Abandoned Vehicle,Abandoned Vehicle Request,7/3/2022,7/3/2022,7/3/2022,7/3/2022,Berea,NORTHERN,4,NORTHERN,473,39.374096,-76.593569,"39.374096, -76.593569"
SR-101704,Closed,Phone,Dirty Street,Dirty Street Request,8/13/2021,8/13/2021,8/13/2021,8/13/2021,Oliver,NORTHWESTERN,3,NORTHWESTERN,506,39.36522,-76.45726,"39.36522, -76.45726"
SR-101705,Closed,Phone,Street Light Out,Street Light Out Request,6/2/2023,6/2/2023,6/2/2023,6/2/2023,Eastwood,CENTRAL,12,CENTRAL,406,39.241961,-76.321375,"39.241961, -76.321375"
SR-101706,In Progress,Phone,Illegal Dumping,Illegal Dumping Request,11/23/2023,11/23/2023,11/23/2023,11/23/2023,Homeland,NORTHWESTERN,1,NORTHWESTERN,127,39.357401,-76.338077,"39.357401, -76.338077"
SR-101707,Open,Phone,Dirty Street,Dirty Street Request,9/14/2023,9/14/2023,9/14/2023,9/14/2023,Morrell Park,WESTERN,5,WESTERN,760,39.248314,-76.390818,"39.248314, -76.390818"
SR-101708,Open,Phone,Dirty Street,Dirty Street Request,6/3/2019,6/3/2019,6/3/2019,6/3/2019,Waverly,SOUTHERN,8,SOUTHERN,865,39.208611,-76.449034,"39.208611, -76.449034"
SR-101709,Open,Phone,Dead Animal,Dead Animal Request,8/12/2023,8/12/2023,8/12/2023,8/12/2023,Curtis Bay,SOUTHERN,6,SOUTHERN,340,39.450903,-76.314607,"39.450903, -76.314607"
SR-101710,Open,Phone,Graffiti,Graffiti Request,10/19/2021,10/19/2021,10/19/2021,10/19/2021,Govans,NORTHERN,12,NORTHERN,687,39.414745,-76.453803,"39.414745, -76.453803"
SR-101711,Closed,Phone,Abandoned Vehicle,Abandoned Vehicle Request,8/5/2022,8/5/2022,8/5/2022,8/5/2022,Irvington,CENTRAL,14,CENTRAL,487,39.242416,-76.471216,"39.242416, -76.471216"
SR-101712,Closed,Phone,Pothole,Pothole Request,6/8/2019,6/8/2019,6/8/2019,6/8/2019,Guilford,CENTRAL,3,CENTRAL,571,39.203143,-76.450967,"39.203143, -76.450967"
SR-101713,Open,Phone,Dirty Street,Dirty Street Request,8/27/2019,8/27/2019,8/27/2019,8/27/2019,Charles Village,SOUTHERN,7,SOUTHERN,810,39.341111,-76.332143,"39.341111, -76.332143"
SR-101714,Open,Phone,Graffiti,Graffiti Request,12/2/2023,12/2/2023,12/2/2023,12/2/2023,Morrell Park,NORTHWESTERN,9,NORTHWESTERN,486,39.275643,-76.527904,"39.275643, -76.527904"
SR-101715,In Progress,Phone,Graffiti,Graffiti Request,2/14/2019,2/14/2019,2/14/2019,2/14/2019,Clifton Park,WESTERN,1,WESTERN,609,39.246483,-76.313027,"39.246483, -76.313027"
SR-101716,Open,Phone,Dirty Street,Dirty Street Request,1/1/2019,1/1/2019,1/1/2019,1/1/2019,Park Heights,NORTHERN,11,NORTHERN,182,39.457602,-76.328542,"39.457602, -76.328542"
SR-101717,Closed,Phone,Dirty Street,Dirty Street Request,6/19/2023,6/19/2023,6/19/2023,6/19/2023,Pimlico,SOUTHERN,3,SOUTHERN,364,39.46811,-76.552967,"39.46811, -76.552967"
SR-101718,Closed,Phone,Dead Animal,Dead Animal Request,7/11/2021,7/11/2021,7/11/2021,7/11/2021,Pigtown,SOUTHERN,12,SOUTHERN,648,39.254449,-76.571225,"39.254449, -76.571225"
SR-101719,In Progress,Phone,Dirty Street,Dirty Street Request,2/7/2021,2/7/2021,2/7/2021,2/7/2021,Irvington,SOUTHERN,8,SOUTHERN,511,39.372378,-76.403214,"39.372378, -76.403214"
SR-101720,Closed,Phone,Rat Rubout,Rat Rubout Request,4/2/2020,4/2/2020,4/2/2020,4/2/2020,Morrell Park,WESTERN,6,WESTERN,701,39.223741,-76.469814,"39.223741, -76.469814"
SR-101721,In Progress,Phone,Parking Complaint,Parking Complaint Request,1/12/2022,1/12/2022,1/12/2022,1/12/2022,Hampden,NORTHEASTERN,1,NORTHEASTERN,541,39.379321,-76.387486,"39.379321, -76.387486"
SR-101722,In Progress,Phone,Graffiti,Graffiti Request,7/4/2020,7/4/2020,7/4/2020,7/4/2020,Homeland,NORTHERN,8,NORTHERN,398,39.442349,-76.444331,"39.442349, -76.444331"
SR-101723,Closed,Phone,Street Light Out,Street Light Out Request,11/4/2023,11/4/2023,11/4/2023,11/4/2023,Harlem Park,CENTRAL,11,CENTRAL,484,39.448233,-76.305549,"39.448233, -76.305549"
SR-101724,In Progress,Phone,Abandoned Vehicle,Abandoned Vehicle Request,4/27/2023,4/27/2023,4/27/2023,4/27/2023,Morrell Park,NORTHERN,9,NORTHERN,551,39.220775,-76.505809,"39.220775, -76.505809"
SR-101725,In Progress,Phone,Dirty Street,Dirty Street Request,10/20/2023,10/20/2023,10/20/2023,10/20/2023,Roland Park,NORTHERN,4,NORTHERN,107,39.318957,-76.448406,"39.318957, -76.448406"
SR-101726,Closed,Phone,Illegal Dumping,Illegal Dumping Request,9/10/2020,9/10/2020,9/10/2020,9/10/2020,Charles Village,CENTRAL,1,CENTRAL,428,39.243352,-76.449262,"39.243352, -76.449262"
SR-101727,In Progress,Phone,Graffiti,Graffiti Request,9/7/2019,9/7/2019,9/7/2019,9/7/2019,Govans,NORTHERN,7,NORTHERN,154,39.371287,-76.555069,"39.371287, -76.555069"
SR-101728,In Progress,Phone,Dirty Street,Dirty Street Request,6/24/2023,6/24/2023,6/24/2023,6/24/2023,Pigtown,CENTRAL,9,CENTRAL,169,39.326312,-76.520967,"39.326312, -76.520967"
SR-101729,Closed,Phone,Rat Rubout,Rat Rubout Request,1/20/2021,1/20/2021,1/20/2021,1/20/2021,Berea,SOUTHERN,6,SOUTHERN,415,39.483129,-76.351009,"39.483129, -76.351009"
SR-101730,In Progress,Phone,Pothole,Pothole Request,3/16/2023,3/16/2023,3/16/2023,3/16/2023,Johnston Square,NORTHEASTERN,9,NORTHEASTERN,568,39.4062,-76.488172,"39.4062, -76.488172"
SR-101731,Open,Phone,Parking Complaint,Parking Complaint Request,1/11/2022,1/11/2022,1/11/2022,1/11/2022,Westport,WESTERN,13,WESTERN,844,39.245953,-76.591765,"39.245953, -76.591765"
SR-101732,In Progress,Phone,Vacant Building,Vacant Building Request,7/1/2021,7/1/2021,7/1/2021,7/1/2021,Harlem Park,NORTHERN,2,NORTHERN,469,39.281665,-76.482599,"39.281665, -76.482599"
SR-101733,In Progress,Phone,Dead Animal,Dead Animal Request,3/27/2019,3/27/2019,3/27/2019,3/27/2019,Sandtown-Winchester,NORTHERN,7,NORTHERN,743,39.475092,-76.584209,"39.475092, -76.584209"
SR-101734,Closed,Phone,Illegal Dumping,Illegal Dumping Request,7/27/2022,7/27/2022,7/27/2022,7/27/2022,Pimlico,NORTHERN,1,NORTHERN,623,39.208728,-76.495328,"39.208728, -76.495328"
SR-101735,Open,Phone,Illegal Dumping,Illegal Dumping Request,12/15/2021,12/15/2021,12/15/2021,12/15/2021,Mount Washington,SOUTHERN,4,SOUTHERN,587,39.34541,-76.332607,"39.34541, -76.332607"
SR-101736,In Progress,Phone,Vacant Building,Vacant Building Request,10/4/2020,10/4/2020,10/4/2020,10/4/2020,Morrell Park,CENTRAL,3,CENTRAL,680,39.346254,-76.532274,"39.346254, -76.532274"
SR-101737,Open,Phone,Abandoned Vehicle,Abandoned Vehicle Request,12/7/2019,12/7/2019,12/7/2019,12/7/2019,Homeland,WESTERN,13,WESTERN,680,39.224795,-76.362778,"39.224795, -76.362778"
SR-101738,Closed,Phone,Abandoned Vehicle,Abandoned Vehicle Request,10/4/2019,10/4/2019,10/4/2019,10/4/2019,Guilford,EASTERN,5,EASTERN,609,39.336671,-76.328044,"39.336671, -76.328044"
SR-101739,In Progress,Phone,Dead Animal,Dead Animal Request,3/9/2021,3/9/2021,3/9/2021,3/9/2021,Upton,NORTHERN,14,NORTHERN,747,39.250501,-76.569787,"39.250501, -76.569787"
SR-101740,Open,Phone,Abandoned Vehicle,Abandoned Vehicle Request,7/21/2020,7/21/2020,7/21/2020,7/21/2020,Morrell Park,NORTHEASTERN,11,NORTHEASTERN,665,39.270366,-76.464995,"39.270366, -76.464995"
SR-101741,In Progress,Phone,Rat Rubout,Rat Rubout Request,4/1/2020,4/1/2020,4/1/2020,4/1/2020,Druid Heights,NORTHERN,6,NORTHERN,266,39.27301,-76.30099,"39.27301, -76.30099"
SR-101742,Open,Phone,Parking Complaint,Parking Complaint Request,1/7/2023,1/7/2023,1/7/2023,1/7/2023,Curtis Bay,EASTERN,3,EASTERN,627,39.26506,-76.541174,"39.26506, -76.541174"
SR-101743,Open,Phone,Parking Complaint,Parking Complaint Request,6/14/2020,6/14/2020,6/14/2020,6/14/2020,Johnston Square,SOUTHERN,7,SOUTHERN,523,39.489323,-76.327796,"39.489323, -76.327796"
SR-101744,Open,Phone,Rat Rubout,Rat Rubout Request,12/22/2019,12/22/2019,12/22/2019,12/22/2019,Charles Village,WESTERN,6,WESTERN,669,39.212221,-76.585114,"39.212221, -76.585114"
SR-101745,Closed,Phone,Rat Rubout,Rat Rubout Request,12/25/2021,12/25/2021,12/25/2021,12/25/2021,Morrell Park,CENTRAL,6,CENTRAL,154,39.234752,-76.459264,"39.234752, -76.459264"
SR-101746,In Progress,Phone,Rat Rubout,Rat Rubout Request,5/8/2021,5/8/2021,5/8/2021,5/8/2021,Hampden,NORTHEASTERN,6,NORTHEASTERN,564,39.496243,-76.376099,"39.496243, -76.376099"
SR-101747,Open,Phone,Street Light Out,Street Light Out Request,11/2/2023,11/2/2023,11/2/2023,11/2/2023,Berea,NORTHEASTERN,13,NORTHEASTERN,380,39.386298,-76.326752,"39.386298, -76.326752"
SR-101748,In Progress,Phone,Graffiti,Graffiti Request,5/17/2019,5/17/2019,5/17/2019,5/17/2019,Irvington,CENTRAL,11,CENTRAL,216,39.304266,-76.372692,"39.304266, -76.372692"
SR-101749,In Progress,Phone,Dirty Street,Dirty Street Request,7/3/2022,7/3/2022,7/3/2022,7/3/2022,Westport,SOUTHERN,2,SOUTHERN,136,39.302338,-76.566843,"39.302338, -76.566843"
SR-101750,Closed,Phone,Parking Complaint,Parking Complaint Request,6/14/2022,6/14/2022,6/14/2022,6/14/2022,Sandtown-Winchester,NORTHERN,6,NORTHERN,397,39.317267,-76.439101,"39.317267, -76.439101"
SR-101751,Closed,Phone,Parking Complaint,Parking Complaint Request,11/11/2021,11/11/2021,11/11/2021,11/11/2021,Mount Washington,NORTHERN,8,NORTHERN,535,39.26595,-76.320652,"39.26595, -76.320652"
SR-101752,In Progress,Phone,Dirty Street,Dirty Street Request,10/12/2023,10/12/2023,10/12/2023,10/12/2023,Greenmount West,SOUTHERN,5,SOUTHERN,388,39.213665,-76.401188,"39.213665, -76.401188"
SR-101753,In Progress,Phone,Graffiti,Graffiti Request,4/26/2020,4/26/2020,4/26/2020,4/26/2020,Hampden,NORTHERN,7,NORTHERN,539,39.450424,-76.545698,"39.450424, -76.545698"
SR-101754,Closed,Phone,Rat Rubout,Rat Rubout Request,10/21/2021,10/21/2021,10/21/2021,10/21/2021,Pigtown,WESTERN,7,WESTERN,264,39.394439,-76.570992,"39.394439, -76.570992"
SR-101755,In Progress,Phone,Illegal Dumping,Illegal Dumping Request,7/7/2020,7/7/2020,7/7/2020,7/7/2020,Berea,WESTERN,6,WESTERN,869,39.361249,-76.582059,"39.361249, -76.582059"
SR-101756,Closed,Phone,Dead Animal,Dead Animal Request,11/12/2019,11/12/2019,11/12/2019,11/12/2019,Brooklyn,NORTHWESTERN,6,NORTHWESTERN,541,39.22317,-76.306465,"39.22317, -76.306465"
SR-101757,Closed,Phone,Street Light Out,Street Light Out Request,8/1/2019,8/1/2019,8/1/2019,8/1/2019,Druid Heights,NORTHERN,5,NORTHERN,414,39.352027,-76.457554,"39.352027, -76.457554"
SR-101758,Closed,Phone,Abandoned Vehicle,Abandoned Vehicle Request,4/15/2023,4/15/2023,4/15/2023,4/15/2023,Johnston Square,NORTHERN,13,NORTHERN,865,39.267999,-76.413822,"39.267999, -76.413822"
SR-101759,In Progress,Phone,Parking Complaint,Parking Complaint Request,2/20/2022,2/20/2022,2/20/2022,2/20/2022,Druid Heights,EASTERN,6,EASTERN,634,39.36727,-76.335662,"39.36727, -76.335662"
SR-101760,Closed,Phone,Graffiti,Graffiti Request,5/22/2023,5/22/2023,5/22/2023,5/22/2023,Berea,SOUTHERN,6,SOUTHERN,812,39.26464,-76.38845,"39.26464, -76.38845"
SR-101761,In Progress,Phone,Street Light Out,Street Light Out Request,5/1/2022,5/1/2022,5/1/2022,5/1/2022,Eastwood,CENTRAL,14,CENTRAL,562,39.292233,-76.517839,"39.292233, -76.517839"
SR-101762,In Progress,Phone,Parking Complaint,Parking Complaint Request,3/19/2022,3/19/2022,3/19/2022,3/19/2022,Brooklyn,WESTERN,7,WESTERN,449,39.231306,-76.453869,"39.231306, -76.453869"
SR-101763,Closed,Phone,Parking Complaint,Parking Complaint Request,10/26/2023,10/26/2023,10/26/2023,10/26/2023,Johnston Square,EASTERN,12,EASTERN,396,39.237412,-76.330537,"39.237412, -76.330537"
SR-101764,In Progress,Phone,Pothole,Pothole Request,2/3/2021,2/3/2021,2/3/2021,2/3/2021,Pigtown,NORTHWESTERN,6,NORTHWESTERN,179,39.379196,-76.52179,"39.379196, -76.52179"
SR-101765,Open,Phone,Abandoned Vehicle,Abandoned Vehicle Request,5/4/2020,5/4/2020,5/4/2020,5/4/2020,Morrell Park,CENTRAL,5,CENTRAL,660,39.354162,-76.470403,"39.354162, -76.470403"
SR-101766,Closed,Phone,Street Light Out,Street Light Out Request,7/28/2019,7/28/2019,7/28/2019,7/28/2019,Pigtown,NORTHEASTERN,11,NORTHEASTERN,489,39.214386,-76.350401,"39.214386, -76.350401"
SR-101767,Open,Phone,Dead Animal,Dead Animal Request,5/10/2019,5/10/2019,5/10/2019,5/10/2019,Pigtown,WESTERN,6,WESTERN,283,39.499799,-76.452324,"39.499799, -76.452324"
SR-101768,Closed,Phone,Vacant Building,Vacant Building Request,7/20/2021,7/20/2021,7/20/2021,7/20/2021,Sandtown-Winchester,NORTHEASTERN,7,NORTHEASTERN,801,39.330614,-76.398045,"39.330614, -76.398045"
SR-101769,Closed,Phone,Street Light Out,Street Light Out Request,8/8/2021,8/8/2021,8/8/2021,8/8/2021,Westport,NORTHEASTERN,5,NORTHEASTERN,107,39.327638,-76.308474,"39.327638, -76.308474"
SR-101770,Closed,Phone,Street Light Out,Street Light Out Request,4/9/2019,4/9/2019,4/9/2019,4/9/2019,Guilford,WESTERN,1,WESTERN,598,39.352049,-76.59532,"39.352049, -76.59532"
SR-101771,Closed,Phone,Vacant Building,Vacant Building Request,8/21/2021,8/21/2021,8/21/2021,8/21/2021,Druid Heights,WESTERN,10,WESTERN,467,39.471084,-76.569501,"39.471084, -76.569501"
SR-101772,Open,Phone,Illegal Dumping,Illegal Dumping Request,12/21/2023,12/21/2023,12/21/2023,12/21/2023,Druid Heights,SOUTHERN,8,SOUTHERN,317,39.359665,-76.543173,"39.359665, -76.543173"
SR-101773,In Progress,Phone,Parking Complaint,Parking Complaint Request,8/6/2019,8/6/2019,8/6/2019,8/6/2019,Govans,WESTERN,14,WESTERN,629,39.327902,-76.576635,"39.327902, -76.576635"
SR-101774,In Progress,Phone,Graffiti,Graffiti Request,4/17/2021,4/17/2021,4/17/2021,4/17/2021,Harlem Park,WESTERN,9,WESTERN,243,39.314786,-76.437736,"39.314786, -76.437736"
SR-101775,Closed,Phone,Dirty Street,Dirty Street Request,4/21/2020,4/21/2020,4/21/2020,4/21/2020,Mount Washington,EASTERN,1,EASTERN,419,39.381242,-76.463298,"39.381242, -76.463298"
SR-101776,Closed,Phone,Dead Animal,Dead Animal Request,5/11/2021,5/11/2021,5/11/2021,5/11/2021,Guilford,EASTERN,11,EASTERN,102,39.206569,-76.597944,"39.206569, -76.597944"
SR-101777,In Progress,Phone,Pothole,Pothole Request,11/20/2019,11/20/2019,11/20/2019,11/20/2019,Pigtown,SOUTHERN,8,SOUTHERN,336,39.353488,-76.348409,"39.353488, -76.348409"
SR-101778,In Progress,Phone,Parking Complaint,Parking Complaint Request,3/16/2019,3/16/2019,3/16/2019,3/16/2019,Brooklyn,NORTHEASTERN,13,NORTHEASTERN,567,39.271748,-76.301594,"39.271748, -76.301594"
SR-101779,Open,Phone,Dirty Street,Dirty Street Request,8/8/2020,8/8/2020,8/8/2020,8/8/2020,Cherry Hill,NORTHWESTERN,14,NORTHWESTERN,312,39.457132,-76.582225,"39.457132, -76.582225"
SR-101780,In Progress,Phone,Pothole,Pothole Request,1/11/2022,1/11/2022,1/11/2022,1/11/2022,Belair-Edison,CENTRAL,4,CENTRAL,435,39.27811,-76.529853,"39.27811, -76.529853"
SR-101781,In Progress,Phone,Illegal Dumping,Illegal Dumping Request,7/25/2020,7/25/2020,7/25/2020,7/25/2020,Homeland,NORTHWESTERN,13,NORTHWESTERN,879,39.278053,-76.538191,"39.278053, -76.538191"
SR-101782,Closed,Phone,Vacant Building,Vacant Building Request,10/15/2020,10/15/2020,10/15/2020,10/15/2020,Pimlico,NORTHERN,11,NORTHERN,774,39.453041,-76.571035,"39.453041, -76.571035"
SR-101783,Open,Phone,Abandoned Vehicle,Abandoned Vehicle Request,10/14/2023,10/14/2023,10/14/2023,10/14/2023,Pimlico,NORTHERN,14,NORTHERN,163,39.326243,-76.409963,"39.326243, -76.409963"
SR-101784,In Progress,Phone,Street Light Out,Street Light Out Request,9/20/2023,9/20/2023,9/20/2023,9/20/2023,Pen Lucy,NORTHEASTERN,1,NORTHEASTERN,817,39.246901,-76.523422,"39.246901, -76.523422"
SR-101785,Closed,Phone,Graffiti,Graffiti Request,11/23/2021,11/23/2021,11/23/2021,11/23/2021,Park Heights,NORTHEASTERN,2,NORTHEASTERN,170,39.475059,-76.483974,"39.475059, -76.483974"
SR-101786,Open,Phone,Illegal Dumping,Illegal Dumping Request,12/7/2019,12/7/2019,12/7/2019,12/7/2019,Irvington,WESTERN,11,WESTERN,879,39.325967,-76.384844,"39.325967, -76.384844"
SR-101787,Closed,Phone,Parking Complaint,Parking Complaint Request,5/27/2021,5/27/2021,5/27/2021,5/27/2021,Cherry Hill,CENTRAL,9,CENTRAL,870,39.212217,-76.476178,"39.212217, -76.476178"
SR-101788,In Progress,Phone,Vacant Building,Vacant Building Request,3/7/2020,3/7/2020,3/7/2020,3/7/2020,Clifton Park,WESTERN,10,WESTERN,730,39.261094,-76.344719,"39.261094, -76.344719"
SR-101789,Open,Phone,Illegal Dumping,Illegal Dumping Request,6/19/2023,6/19/2023,6/19/2023,6/19/2023,Brooklyn,WESTERN,3,WESTERN,259,39.462802,-76.431312,"39.462802, -76.431312"
SR-101790,Open,Phone,Illegal Dumping,Illegal Dumping Request,5/28/2022,5/28/2022,5/28/2022,5/28/2022,Park Heights,NORTHEASTERN,8,NORTHEASTERN,569,39.252782,-76.518765,"39.252782, -76.518765"
SR-101791,Closed,Phone,Rat Rubout,Rat Rubout Request,6/4/2021,6/4/2021,6/4/2021,6/4/2021,Pimlico,EASTERN,11,EASTERN,732,39.4538,-76.356915,"39.4538, -76.356915"
SR-101792,Closed,Phone,Parking Complaint,Parking Complaint Request,4/18/2022,4/18/2022,4/18/2022,4/18/2022,Eastwood,SOUTHERN,13,SOUTHERN,564,39.347136,-76.472973,"39.347136, -76.472973"
SR-101793,Closed,Phone,Abandoned Vehicle,Abandoned Vehicle Request,12/1/2019,12/1/2019,12/1/2019,12/1/2019,Harlem Park,NORTHWESTERN,4,NORTHWESTERN,759,39.238286,-76.578584,"39.238286, -76.578584"
SR-101794,Closed,Phone,Vacant Building,Vacant Building Request,8/12/2023,8/12/2023,8/12/2023,8/12/2023,Charles Village,CENTRAL,12,CENTRAL,623,39.253566,-76.509608,"39.253566, -76.509608"
SR-101795,Open,Phone,Street Light Out,Street Light Out Request,5/22/2021,5/22/2021,5/22/2021,5/22/2021,Brooklyn,NORTHERN,12,NORTHERN,743,39.286562,-76.448056,"39.286562, -76.448056"
SR-101796,In Progress,Phone,Abandoned Vehicle,Abandoned Vehicle Request,9/7/2022,9/7/2022,9/7/2022,9/7/2022,Curtis Bay,WESTERN,5,WESTERN,320,39.308605,-76.488506,"39.308605, -76.488506"
SR-101797,Closed,Phone,Illegal Dumping,Illegal Dumping Request,6/23/2020,6/23/2020,6/23/2020,6/23/2020,Harlem Park,WESTERN,2,WESTERN,601,39.251864,-76.58078,"39.251864, -76.58078"
SR-101798,Closed,Phone,Parking Complaint,Parking Complaint Request,7/14/2021,7/14/2021,7/14/2021,7/14/2021,Brooklyn,CENTRAL,11,CENTRAL,678,39.485856,-76.382873,"39.485856, -76.382873"
SR-101799,Open,Phone,Graffiti,Graffiti Request,12/9/2020,12/9/2020,12/9/2020,12/9/2020,Waverly,CENTRAL,6,CENTRAL,525,39.488746,-76.457253,"39.488746, -76.457253"
SR-101800,In Progress,Phone,Graffiti,Graffiti Request,9/2/2019,9/2/2019,9/2/2019,9/2/2019,Roland Park,NORTHEASTERN,1,NORTHEASTERN,266,39.211669,-76.535999,"39.211669, -76.535999"
SR-101801,Open,Phone,Illegal Dumping,Illegal Dumping Request,4/19/2020,4/19/2020,4/19/2020,4/19/2020,Cherry Hill,NORTHEASTERN,14,NORTHEASTERN,527,39.231983,-76.57104,"39.231983, -76.57104"
SR-101802,Closed,Phone,Rat Rubout,Rat Rubout Request,3/7/2020,3/7/2020,3/7/2020,3/7/2020,Irvington,WESTERN,5,WESTERN,229,39.306527,-76.522191,"39.306527, -76.522191"
SR-101803,Closed,Phone,Parking Complaint,Parking Complaint Request,4/21/2022,4/21/2022,4/21/2022,4/21/2022,Hampden,NORTHWESTERN,2,NORTHWESTERN,402,39.423146,-76.376041,"39.423146, -76.376041"
SR-101804,Open,Phone,Pothole,Pothole Request,8/4/2020,8/4/2020,8/4/2020,8/4/2020,Pigtown,SOUTHERN,10,SOUTHERN,502,39.280002,-76.562609,"39.280002, -76.562609"
SR-101805,In Progress,Phone,Pothole,Pothole Request,8/18/2022,8/18/2022,8/18/2022,8/18/2022,Oliver,WESTERN,11,WESTERN,227,39.429735,-76.311998,"39.429735, -76.311998"
SR-101806,Closed,Phone,Parking Complaint,Parking Complaint Request,2/7/2023,2/7/2023,2/7/2023,2/7/2023,Clifton Park,SOUTHERN,3,SOUTHERN,823,39.36102,-76.544139,"39.36102, -76.544139"
SR-101807,Open,Phone,Parking Complaint,Parking Complaint Request,6/12/2020,6/12/2020,6/12/2020,6/12/2020,Eastwood,EASTERN,4,EASTERN,834,39.383249,-76.587813,"39.383249, -76.587813"
SR-101808,Closed,Phone,Pothole,Pothole Request,12/7/2023,12/7/2023,12/7/2023,12/7/2023,Govans,NORTHERN,8,NORTHERN,184,39.462916,-76.344174,"39.462916, -76.344174"
SR-101809,In Progress,Phone,Rat Rubout,Rat Rubout Request,3/7/2020,3/7/2020,3/7/2020,3/7/2020,Morrell Park,EASTERN,6,EASTERN,240,39.230059,-76.512015,"39.230059, -76.512015"
SR-101810,Closed,Phone,Parking Complaint,Parking Complaint Request,7/21/2022,7/21/2022,7/21/2022,7/21/2022,Johnston Square,WESTERN,4,WESTERN,437,39.201979,-76.545355,"39.201979, -76.545355"
SR-101811,Closed,Phone,Pothole,Pothole Request,11/19/2019,11/19/2019,11/19/2019,11/19/2019,Greenmount West,SOUTHERN,9,SOUTHERN,543,39.38676,-76.372045,"39.38676, -76.372045"
SR-101812,Open,Phone,Pothole,Pothole Request,10/24/2019,10/24/2019,10/24/2019,10/24/2019,Middle East,WESTERN,8,WESTERN,682,39.344511,-76.431795,"39.344511, -76.431795"
SR-101813,Closed,Phone,Rat Rubout,Rat Rubout Request,10/19/2023,10/19/2023,10/19/2023,10/19/2023,Govans,WESTERN,11,WESTERN,226,39.48521,-76.300426,"39.48521, -76.300426"
SR-101814,In Progress,Phone,Street Light Out,Street Light Out Request,5/18/2023,5/18/2023,5/18/2023,5/18/2023,Roland Park,CENTRAL,4,CENTRAL,775,39.281862,-76.564687,"39.281862, -76.564687"
SR-101815,Open,Phone,Graffiti,Graffiti Request,1/5/2019,1/5/2019,1/5/2019,1/5/2019,Upton,WESTERN,14,WESTERN,434,39.308686,-76.566076,"39.308686, -76.566076"
SR-101816,Closed,Phone,Illegal Dumping,Illegal Dumping Request,4/15/2022,4/15/2022,4/15/2022,4/15/2022,Middle East,NORTHERN,8,NORTHERN,135,39.26131,-76.550254,"39.26131, -76.550254"
SR-101817,Open,Phone,Parking Complaint,Parking Complaint Request,10/13/2023,10/13/2023,10/13/2023,10/13/2023,Belair-Edison,WESTERN,9,WESTERN,477,39.350487,-76.357214,"39.350487, -76.357214"
SR-101818,Closed,Phone,Parking Complaint,Parking Complaint Request,4/3/2021,4/3/2021,4/3/2021,4/3/2021,Homeland,WESTERN,12,WESTERN,787,39.24847,-76.579892,"39.24847, -76.579892"
SR-101819,In Progress,Phone,Dirty Street,Dirty Street Request,2/10/2021,2/10/2021,2/10/2021,2/10/2021,Pen Lucy,EASTERN,13,EASTERN,728,39.275918,-76.461503,"39.275918, -76.461503"
SR-101820,Open,Phone,Dead Animal,Dead Animal Request,11/26/2021,11/26/2021,11/26/2021,11/26/2021,Hampden,EASTERN,8,EASTERN,607,39.223452,-76.498026,"39.223452, -76.498026"
SR-101821,Closed,Phone,Abandoned Vehicle,Abandoned Vehicle Request,4/22/2019,4/22/2019,4/22/2019,4/22/2019,Upton,CENTRAL,1,CENTRAL,670,39.338285,-76.428019,"39.338285, -76.428019"
SR-101822,Open,Phone,Rat Rubout,Rat Rubout Request,10/25/2023,10/25/2023,10/25/2023,10/25/2023,Hampden,CENTRAL,4,CENTRAL,439,39.314913,-76.46459,"39.314913, -76.46459"
SR-101823,Closed,Phone,Dead Animal,Dead Animal Request,4/9/2021,4/9/2021,4/9/2021,4/9/2021,Mount Washington,WESTERN,13,WESTERN,441,39.229948,-76.429788,"39.229948, -76.429788"
SR-101824,In Progress,Phone,Rat Rubout,Rat Rubout Request,3/12/2019,3/12/2019,3/12/2019,3/12/2019,Cherry Hill,CENTRAL,11,CENTRAL,879,39.329972,-76.472721,"39.329972, -76.472721"
SR-101825,In Progress,Phone,Pothole,Pothole Request,9/4/2023,9/4/2023,9/4/2023,9/4/2023,Sandtown-Winchester,NORTHERN,10,NORTHERN,837,39.404639,-76.585675,"39.404639, -76.585675"
SR-101826,Open,Phone,Graffiti,Graffiti Request,10/4/2023,10/4/2023,10/4/2023,10/4/2023,Guilford,CENTRAL,2,CENTRAL,398,39.439454,-76.509405,"39.439454, -76.509405"
SR-101827,Closed,Phone,Graffiti,Graffiti Request,9/12/2019,9/12/2019,9/12/2019,9/12/2019,Sandtown-Winchester,SOUTHERN,8,SOUTHERN,744,39.411211,-76.39765,"39.411211, -76.39765"
SR-101828,Open,Phone,Dead Animal,Dead Animal Request,10/23/2020,10/23/2020,10/23/2020,10/23/2020,Pigtown,CENTRAL,3,CENTRAL,275,39.435079,-76.523603,"39.435079, -76.523603"
SR-101829,Open,Phone,Vacant Building,Vacant Building Request,8/5/2021,8/5/2021,8/5/2021,8/5/2021,Waverly,EASTERN,12,EASTERN,282,39.406795,-76.390192,"39.406795, -76.390192"
SR-101830,Open,Phone,Pothole,Pothole Request,10/24/2020,10/24/2020,10/24/2020,10/24/2020,Westport,SOUTHERN,1,SOUTHERN,649,39.454175,-76.562052,"39.454175, -76.562052"
SR-101831,Open,Phone,Abandoned Vehicle,Abandoned Vehicle Request,12/21/2021,12/21/2021,12/21/2021,12/21/2021,Upton,EASTERN,10,EASTERN,816,39.310224,-76.528813,"39.310224, -76.528813"
SR-101832,Open,Phone,Abandoned Vehicle,Abandoned Vehicle Request,9/21/2022,9/21/2022,9/21/2022,9/21/2022,Pen Lucy,NORTHERN,7,NORTHERN,615,39.335661,-76.356085,"39.335661, -76.356085"
SR-101833,In Progress,Phone,Rat Rubout,Rat Rubout Request,10/4/2019,10/4/2019,10/4/2019,10/4/2019,Mount Washington,NORTHWESTERN,13,NORTHWESTERN,887,39.230632,-76.554276,"39.230632, -76.554276"
SR-101834,In Progress,Phone,Pothole,Pothole Request,5/6/2019,5/6/2019,5/6/2019,5/6/2019,Govans,EASTERN,3,EASTERN,108,39.381633,-76.453535,"39.381633, -76.453535"
SR-101835,Closed,Phone,Dirty Street,Dirty Street Request,10/23/2022,10/23/2022,10/23/2022,10/23/2022,Irvington,NORTHERN,14,NORTHERN,203,39.330597,-76.525949,"39.330597, -76.525949"
SR-101836,Closed,Phone,Street Light Out,Street Light Out Request,10/3/2021,10/3/2021,10/3/2021,10/3/2021,Homeland,NORTHERN,2,NORTHERN,550,39.302473,-76.536033,"39.302473, -76.536033"
SR-101837,Open,Phone,Dirty Street,Dirty Street Request,4/8/2021,4/8/2021,4/8/2021,4/8/2021,Harlem Park,NORTHWESTERN,1,NORTHWESTERN,415,39.342187,-76.440585,"39.342187, -76.440585"
SR-101838,Open,Phone,Illegal Dumping,Illegal Dumping Request,8/25/2020,8/25/2020,8/25/2020,8/25/2020,Roland Park,CENTRAL,6,CENTRAL,303,39.365102,-76.545979,"39.365102, -76.545979"
SR-101839,In Progress,Phone,Graffiti,Graffiti Request,3/2/2022,3/2/2022,3/2/2022,3/2/2022,Johnston Square,NORTHEASTERN,1,NORTHEASTERN,107,39.296999,-76.527962,"39.296999, -76.527962"
SR-101840,In Progress,Phone,Parking Complaint,Parking Complaint Request,6/13/2020,6/13/2020,6/13/2020,6/13/2020,Brooklyn,NORTHERN,2,NORTHERN,295,39.281482,-76.370952,"39.281482, -76.370952"
SR-101841,Closed,Phone,Dirty Street,Dirty Street Request,2/12/2019,2/12/2019,2/12/2019,2/12/2019,Hampden,NORTHWESTERN,5,NORTHWESTERN,652,39.324369,-76.531959,"39.324369, -76.531959"
SR-101842,Open,Phone,Parking Complaint,Parking Complaint Request,3/5/2021,3/5/2021,3/5/2021,3/5/2021,Charles Village,NORTHERN,4,NORTHERN,118,39.259249,-76.489614,"39.259249, -76.489614"
SR-101843,In Progress,Phone,Vacant Building,Vacant Building Request,1/7/2023,1/7/2023,1/7/2023,1/7/2023,Morrell Park,NORTHERN,2,NORTHERN,464,39.407426,-76.56475,"39.407426, -76.56475"
SR-101844,In Progress,Phone,Parking Complaint,Parking Complaint Request,4/28/2021,4/28/2021,4/28/2021,4/28/2021,Homeland,EASTERN,7,EASTERN,413,39.329631,-76.573612,"39.329631, -76.573612"
SR-101845,In Progress,Phone,Vacant Building,Vacant Building Request,6/3/2020,6/3/2020,6/3/2020,6/3/2020,Greenmount West,CENTRAL,13,CENTRAL,754,39.297446,-76.544875,"39.297446, -76.544875"
SR-101846,Closed,Phone,Vacant Building,Vacant Building Request,6/22/2020,6/22/2020,6/22/2020,6/22/2020,Belair-Edison,NORTHWESTERN,3,NORTHWESTERN,833,39.353454,-76.503702,"39.353454, -76.503702"
SR-101847,In Progress,Phone,Vacant Building,Vacant Building Request,10/7/2023,10/7/2023,10/7/2023,10/7/2023,Irvington,EASTERN,8,EASTERN,567,39.378827,-76.478101,"39.378827, -76.478101"
SR-101848,Open,Phone,Abandoned Vehicle,Abandoned Vehicle Request,11/8/2020,11/8/2020,11/8/2020,11/8/2020,Park Heights,WESTERN,1,WESTERN,799,39.235786,-76.417773,"39.235786, -76.417773"
SR-101849,Closed,Phone,Abandoned Vehicle,Abandoned Vehicle Request,7/10/2019,7/10/2019,7/10/2019,7/10/2019,Govans,SOUTHERN,13,SOUTHERN,855,39.258884,-76.392377,"39.258884, -76.392377"
SR-101850,Closed,Phone,Vacant Building,Vacant Building Request,5/2/2021,5/2/2021,5/2/2021,5/2/2021,Clifton Park,NORTHEASTERN,4,NORTHEASTERN,108,39.278387,-76.461934,"39.278387, -76.461934"
SR-101851,Open,Phone,Dead Animal,Dead Animal Request,1/4/2021,1/4/2021,1/4/2021,1/4/2021,Roland Park,EASTERN,4,EASTERN,766,39.242522,-76.409682,"39.242522, -76.409682"
SR-101852,Closed,Phone,Illegal Dumping,Illegal Dumping Request,5/4/2019,5/4/2019,5/4/2019,5/4/2019,Pigtown,WESTERN,11,WESTERN,506,39.237611,-76.315437,"39.237611, -76.315437"
SR-101853,Open,Phone,Abandoned Vehicle,Abandoned Vehicle Request,5/6/2022,5/6/2022,5/6/2022,5/6/2022,Brooklyn,NORTHERN,14,NORTHERN,515,39.419107,-76.543751,"39.419107, -76.543751"
SR-101854,Open,Phone,Street Light Out,Street Light Out Request,5/7/2021,5/7/2021,5/7/2021,5/7/2021,Pigtown,CENTRAL,13,CENTRAL,592,39.325454,-76.405638,"39.325454, -76.405638"
SR-101855,Open,Phone,Street Light Out,Street Light Out Request,11/10/2022,11/10/2022,11/10/2022,11/10/2022,Irvington,EASTERN,7,EASTERN,710,39.388873,-76.321901,"39.388873, -76.321901"
SR-101856,Closed,Phone,Dead Animal,Dead Animal Request,1/26/2020,1/26/2020,1/26/2020,1/26/2020,Middle East,EASTERN,10,EASTERN,893,39.261837,-76.560223,"39.261837, -76.560223"
SR-101857,Closed,Phone,Street Light Out,Street Light Out Request,3/26/2023,3/26/2023,3/26/2023,3/26/2023,Berea,CENTRAL,7,CENTRAL,782,39.20035,-76.407706,"39.20035, -76.407706"
SR-101858,Open,Phone,Graffiti,Graffiti Request,10/19/2019,10/19/2019,10/19/2019,10/19/2019,Mount Washington,EASTERN,10,EASTERN,196,39.288983,-76.419126,"39.288983, -76.419126"
SR-101859,In Progress,Phone,Street Light Out,Street Light Out Request,2/10/2021,2/10/2021,2/10/2021,2/10/2021,Mount Washington,WESTERN,7,WESTERN,856,39.306406,-76.314736,"39.306406, -76.314736"
SR-101860,In Progress,Phone,Illegal Dumping,Illegal Dumping Request,9/10/2020,9/10/2020,9/10/2020,9/10/2020,Harlem Park,NORTHERN,1,NORTHERN,528,39.492405,-76.55493,"39.492405, -76.55493"
SR-101861,In Progress,Phone,Illegal Dumping,Illegal Dumping Request,9/15/2020,9/15/2020,9/15/2020,9/15/2020,Middle East,NORTHWESTERN,13,NORTHWESTERN,186,39.413208,-76.578511,"39.413208, -76.578511"
SR-101862,Closed,Phone,Illegal Dumping,Illegal Dumping Request,7/13/2023,7/13/2023,7/13/2023,7/13/2023,Charles Village,NORTHEASTERN,4,NORTHEASTERN,261,39.384504,-76.413805,"39.384504, -76.413805"
SR-101863,Closed,Phone,Rat Rubout,Rat Rubout Request,9/20/2022,9/20/2022,9/20/2022,9/20/2022,Guilford,SOUTHERN,1,SOUTHERN,533,39.351404,-76.360943,"39.351404, -76.360943"
SR-101864,In Progress,Phone,Dead Animal,Dead Animal Request,1/27/2020,1/27/2020,1/27/2020,1/27/2020,Morrell Park,NORTHEASTERN,8,NORTHEASTERN,854,39.285681,-76.375468,"39.285681, -76.375468"
SR-101865,Closed,Phone,Abandoned Vehicle,Abandoned Vehicle Request,2/6/2019,2/6/2019,2/6/2019,2/6/2019,Homeland,NORTHERN,14,NORTHERN,765,39.340626,-76.592645,"39.340626, -76.592645"
SR-101866,Open,Phone,Dirty Street,Dirty Street Request,11/27/2023,11/27/2023,11/27/2023,11/27/2023,Belair-Edison,NORTHWESTERN,14,NORTHWESTERN,199,39.449719,-76.389331,"39.449719, -76.389331"
SR-101867,Closed,Phone,Pothole,Pothole Request,10/21/2020,10/21/2020,10/21/2020,10/21/2020,Pen Lucy,CENTRAL,1,CENTRAL,309,39.339409,-76.55585,"39.339409, -76.55585"
SR-101868,Closed,Phone,Dirty Street,Dirty Street Request,3/8/2023,3/8/2023,3/8/2023,3/8/2023,Curtis Bay,SOUTHERN,2,SOUTHERN,208,39.362283,-76.397276,"39.362283, -76.397276"
SR-101869,In Progress,Phone,Dirty Street,Dirty Street Request,11/25/2020,11/25/2020,11/25/2020,11/25/2020,Pen Lucy,NORTHEASTERN,13,NORTHEASTERN,349,39.349137,-76.37758,"39.349137, -76.37758"
SR-101870,Open,Phone,Rat Rubout,Rat Rubout Request,10/6/2022,10/6/2022,10/6/2022,10/6/2022,Berea,NORTHERN,8,NORTHERN,646,39.49738,-76.482993,"39.49738, -76.482993"
SR-101871,In Progress,Phone,Rat Rubout,Rat Rubout Request,7/1/2020,7/1/2020,7/1/2020,7/1/2020,Homeland,NORTHWESTERN,10,NORTHWESTERN,888,39.414283,-76.545297,"39.414283, -76.545297"
SR-101872,Open,Phone,Vacant Building,Vacant Building Request,6/4/2022,6/4/2022,6/4/2022,6/4/2022,Govans,NORTHERN,7,NORTHERN,446,39.40589,-76.361126,"39.40589, -76.361126"
SR-101873,Closed,Phone,Pothole,Pothole Request,1/13/2020,1/13/2020,1/13/2020,1/13/2020,Johnston Square,SOUTHERN,11,SOUTHERN,792,39.314637,-76.580624,"39.314637, -76.580624"
SR-101874,In Progress,Phone,Graffiti,Graffiti Request,10/20/2021,10/20/2021,10/20/2021,10/20/2021,Mount Washington,WESTERN,3,WESTERN,151,39.376282,-76.389091,"39.376282, -76.389091"
SR-101875,Closed,Phone,Dead Animal,Dead Animal Request,9/3/2023,9/3/2023,9/3/2023,9/3/2023,Cherry Hill,NORTHERN,5,NORTHERN,343,39.203029,-76.598588,"39.203029, -76.598588"
SR-101876,Open,Phone,Graffiti,Graffiti Request,10/4/2020,10/4/2020,10/4/2020,10/4/2020,Hampden,CENTRAL,13,CENTRAL,177,39.373761,-76.435086,"39.373761, -76.435086"
SR-101877,Closed,Phone,Dead Animal,Dead Animal Request,10/14/2022,10/14/2022,10/14/2022,10/14/2022,Pen Lucy,CENTRAL,1,CENTRAL,565,39.206343,-76.498718,"39.206343, -76.498718"
SR-101878,Open,Phone,Vacant Building,Vacant Building Request,6/2/2023,6/2/2023,6/2/2023,6/2/2023,Charles Village,SOUTHERN,8,SOUTHERN,199,39.271714,-76.338003,"39.271714, -76.338003"
SR-101879,In Progress,Phone,Pothole,Pothole Request,3/19/2023,3/19/2023,3/19/2023,3/19/2023,Homeland,NORTHERN,11,NORTHERN,370,39.242625,-76.443975,"39.242625, -76.443975"
SR-101880,Open,Phone,Dirty Street,Dirty Street Request,2/22/2022,2/22/2022,2/22/2022,2/22/2022,Charles Village,NORTHEASTERN,7,NORTHEASTERN,283,39.263931,-76.394842,"39.263931, -76.394842"
SR-101881,In Progress,Phone,Illegal Dumping,Illegal Dumping Request,9/24/2019,9/24/2019,9/24/2019,9/24/2019,Pigtown,NORTHERN,11,NORTHERN,767,39.494524,-76.565602,"39.494524, -76.565602"
SR-101882,Closed,Phone,Dead Animal,Dead Animal Request,4/17/2020,4/17/2020,4/17/2020,4/17/2020,Greenmount West,NORTHWESTERN,12,NORTHWESTERN,427,39.347004,-76.306321,"39.347004, -76.306321"
SR-101883,Closed,Phone,Street Light Out,Street Light Out Request,2/2/2021,2/2/2021,2/2/2021,2/2/2021,Oliver,CENTRAL,7,CENTRAL,846,39.323277,-76.552379,"39.323277, -76.552379"
SR-101884,Open,Phone,Abandoned Vehicle,Abandoned Vehicle Request,2/23/2021,2/23/2021,2/23/2021,2/23/2021,Park Heights,WESTERN,9,WESTERN,315,39.308037,-76.336898,"39.308037, -76.336898"
SR-101885,Open,Phone,Street Light Out,Street Light Out Request,7/8/2019,7/8/2019,7/8/2019,7/8/2019,Middle East,SOUTHERN,2,SOUTHERN,521,39.355107,-76.302008,"39.355107, -76.302008"
SR-101886,Open,Phone,Rat Rubout,Rat Rubout Request,12/14/2021,12/14/2021,12/14/2021,12/14/2021,Westport,NORTHERN,14,NORTHERN,294,39.28241,-76.456341,"39.28241, -76.456341"
SR-101887,Closed,Phone,Pothole,Pothole Request,1/26/2023,1/26/2023,1/26/2023,1/26/2023,Cherry Hill,CENTRAL,11,CENTRAL,203,39.46621,-76.350385,"39.46621, -76.350385"
SR-101888,Closed,Phone,Rat Rubout,Rat Rubout Request,11/4/2021,11/4/2021,11/4/2021,11/4/2021,Park Heights,WESTERN,2,WESTERN,154,39.310292,-76.575635,"39.310292, -76.575635"
SR-101889,Closed,Phone,Illegal Dumping,Illegal Dumping Request,1/5/2022,1/5/2022,1/5/2022,1/5/2022,Druid Heights,SOUTHERN,13,SOUTHERN,706,39.274995,-76.498646,"39.274995, -76.498646"
SR-101890,Closed,Phone,Graffiti,Graffiti Request,9/19/2020,9/19/2020,9/19/2020,9/19/2020,Govans,WESTERN,9,WESTERN,216,39.435377,-76.311447,"39.435377, -76.311447"
SR-101891,Closed,Phone,Graffiti,Graffiti Request,6/14/2020,6/14/2020,6/14/2020,6/14/2020,Mount Washington,NORTHWESTERN,7,NORTHWESTERN,150,39.319733,-76.354915,"39.319733, -76.354915"
SR-101892,In Progress,Phone,Abandoned Vehicle,Abandoned Vehicle Request,7/18/2019,7/18/2019,7/18/2019,7/18/2019,Belair-Edison,EASTERN,9,EASTERN,669,39.338949,-76.331165,"39.338949, -76.331165"
SR-101893,In Progress,Phone,Street Light Out,Street Light Out Request,9/25/2022,9/25/2022,9/25/2022,9/25/2022,Pigtown,NORTHERN,14,NORTHERN,730,39.487498,-76.436415,"39.487498, -76.436415"
SR-101894,Open,Phone,Street Light Out,Street Light Out Request,4/10/2023,4/10/2023,4/10/2023,4/10/2023,Brooklyn,NORTHERN,2,NORTHERN,112,39.424151,-76.495574,"39.424151, -76.495574"
SR-101895,Closed,Phone,Rat Rubout,Rat Rubout Request,8/8/2021,8/8/2021,8/8/2021,8/8/2021,Clifton Park,NORTHERN,3,NORTHERN,196,39.20919,-76.300642,"39.20919, -76.300642"
SR-101896,In Progress,Phone,Abandoned Vehicle,Abandoned Vehicle Request,12/10/2019,12/10/2019,12/10/2019,12/10/2019,Brooklyn,NORTHEASTERN,2,NORTHEASTERN,857,39.293314,-76.334212,"39.293314, -76.334212"
SR-101897,Open,Phone,Vacant Building,Vacant Building Request,1/9/2020,1/9/2020,1/9/2020,1/9/2020,Westport,CENTRAL,11,CENTRAL,702,39.314537,-76.460667,"39.314537, -76.460667"
SR-101898,Closed,Phone,Vacant Building,Vacant Building Request,10/14/2021,10/14/2021,10/14/2021,10/14/2021,Westport,NORTHWESTERN,1,NORTHWESTERN,878,39.373892,-76.349082,"39.373892, -76.349082"
SR-101899,In Progress,Phone,Dirty Street,Dirty Street Request,8/14/2023,8/14/2023,8/14/2023,8/14/2023,Sandtown-Winchester,NORTHEASTERN,1,NORTHEASTERN,162,39.267823,-76.516972,"39.267823, -76.516972"
SR-101900,In Progress,Phone,Graffiti,Graffiti Request,6/3/2023,6/3/2023,6/3/2023,6/3/2023,Pigtown,NORTHEASTERN,1,NORTHEASTERN,553,39.259432,-76.586865,"39.259432, -76.586865"
SR-101901,Closed,Phone,Parking Complaint,Parking Complaint Request,2/16/2022,2/16/2022,2/16/2022,2/16/2022,Charles Village,EASTERN,11,EASTERN,840,39.410852,-76.568119,"39.410852, -76.568119"
SR-101902,In Progress,Phone,Rat Rubout,Rat Rubout Request,7/10/2021,7/10/2021,7/10/2021,7/10/2021,Govans,WESTERN,11,WESTERN,131,39.40232,-76.559354,"39.40232, -76.559354"
SR-101903,In Progress,Phone,Vacant Building,Vacant Building Request,8/5/2023,8/5/2023,8/5/2023,8/5/2023,Hampden,WESTERN,2,WESTERN,624,39.430512,-76.324411,"39.430512, -76.324411"
SR-101904,In Progress,Phone,Abandoned Vehicle,Abandoned Vehicle Request,10/13/2022,10/13/2022,10/13/2022,10/13/2022,Druid Heights,WESTERN,5,WESTERN,157,39.267897,-76.515764,"39.267897, -76.515764"
SR-101905,Open,Phone,Street Light Out,Street Light Out Request,3/28/2022,3/28/2022,3/28/2022,3/28/2022,Park Heights,SOUTHERN,13,SOUTHERN,327,39.426811,-76.548661,"39.426811, -76.548661"
SR-101906,Open,Phone,Abandoned Vehicle,Abandoned Vehicle Request,4/21/2022,4/21/2022,4/21/2022,4/21/2022,Charles Village,WESTERN,2,WESTERN,517,39.20768,-76.308405,"39.20768, -76.308405"
SR-101907,Open,Phone,Graffiti,Graffiti Request,10/22/2021,10/22/2021,10/22/2021,10/22/2021,Sandtown-Winchester,CENTRAL,14,CENTRAL,298,39.34312,-76.389751,"39.34312, -76.389751"
SR-101908,Closed,Phone,Parking Complaint,Parking Complaint Request,2/15/2019,2/15/2019,2/15/2019,2/15/2019,Upton,WESTERN,7,WESTERN,348,39.327043,-76.352851,"39.327043, -76.352851"
SR-101909,In Progress,Phone,Illegal Dumping,Illegal Dumping Request,2/23/2020,2/23/2020,2/23/2020,2/23/2020,Homeland,EASTERN,14,EASTERN,454,39.436005,-76.427211,"39.436005, -76.427211"
SR-101910,Closed,Phone,Illegal Dumping,Illegal Dumping Request,5/16/2019,5/16/2019,5/16/2019,5/16/2019,Middle East,SOUTHERN,13,SOUTHERN,262,39.408151,-76.573494,"39.408151, -76.573494"
SR-101911,Open,Phone,Vacant Building,Vacant Building Request,7/12/2021,7/12/2021,7/12/2021,7/12/2021,Homeland,EASTERN,7,EASTERN,499,39.230251,-76.471484,"39.230251, -76.471484"
SR-101912,Closed,Phone,Graffiti,Graffiti Request,6/15/2019,6/15/2019,6/15/2019,6/15/2019,Greenmount West,EASTERN,8,EASTERN,118,39.446654,-76.557896,"39.446654, -76.557896"
SR-101913,In Progress,Phone,Rat Rubout,Rat Rubout Request,12/11/2019,12/11/2019,12/11/2019,12/11/2019,Druid Heights,WESTERN,6,WESTERN,683,39.430409,-76.542471,"39.430409, -76.542471"
SR-101914,Open,Phone,Abandoned Vehicle,Abandoned Vehicle Request,3/26/2023,3/26/2023,3/26/2023,3/26/2023,Greenmount West,EASTERN,3,EASTERN,453,39.308462,-76.338581,"39.308462, -76.338581"
SR-101915,In Progress,Phone,Dead Animal,Dead Animal Request,6/1/2019,6/1/2019,6/1/2019,6/1/2019,Johnston Square,EASTERN,10,EASTERN,743,39.25626,-76.338474,"39.25626, -76.338474"
SR-101916,In Progress,Phone,Parking Complaint,Parking Complaint Request,9/2/2021,9/2/2021,9/2/2021,9/2/2021,Middle East,CENTRAL,13,CENTRAL,785,39.219674,-76.470666,"39.219674, -76.470666"
SR-101917,Closed,Phone,Vacant Building,Vacant Building Request,12/7/2023,12/7/2023,12/7/2023,12/7/2023,Pen Lucy,CENTRAL,3,CENTRAL,706,39.261246,-76.313879,"39.261246, -76.313879"
SR-101918,Closed,Phone,Abandoned Vehicle,Abandoned Vehicle Request,9/12/2022,9/12/2022,9/12/2022,9/12/2022,Irvington,NORTHERN,12,NORTHERN,103,39.447856,-76.562838,"39.447856, -76.562838"
SR-101919,In Progress,Phone,Dirty Street,Dirty Street Request,4/19/2020,4/19/2020,4/19/2020,4/19/2020,Upton,CENTRAL,1,CENTRAL,387,39.44792,-76.59712,"39.44792, -76.59712"
SR-101920,Open,Phone,Illegal Dumping,Illegal Dumping Request,8/27/2020,8/27/2020,8/27/2020,8/27/2020,Sandtown-Winchester,NORTHEASTERN,11,NORTHEASTERN,680,39.366243,-76.349888,"39.366243, -76.349888"
SR-101921,Closed,Phone,Illegal Dumping,Illegal Dumping Request,2/10/2019,2/10/2019,2/10/2019,2/10/2019,Eastwood,NORTHERN,3,NORTHERN,460,39.329795,-76.379265,"39.329795, -76.379265"
SR-101922,In Progress,Phone,Dirty Street,Dirty Street Request,1/22/2022,1/22/2022,1/22/2022,1/22/2022,Johnston Square,WESTERN,1,WESTERN,246,39.213933,-76.502528,"39.213933, -76.502528"
SR-101923,Open,Phone,Parking Complaint,Parking Complaint Request,10/1/2023,10/1/2023,10/1/2023,10/1/2023,Eastwood,EASTERN,2,EASTERN,896,39.257871,-76.41861,"39.257871, -76.41861"
SR-101924,Closed,Phone,Rat Rubout,Rat Rubout Request,2/17/2023,2/17/2023,2/17/2023,2/17/2023,Irvington,NORTHERN,13,NORTHERN,653,39.325993,-76.519983,"39.325993, -76.519983"
SR-101925,Open,Phone,Graffiti,Graffiti Request,7/19/2020,7/19/2020,7/19/2020,7/19/2020,Brooklyn,EASTERN,8,EASTERN,787,39.323904,-76.541845,"39.323904, -76.541845"
SR-101926,Open,Phone,Abandoned Vehicle,Abandoned Vehicle Request,12/15/2022,12/15/2022,12/15/2022,12/15/2022,Oliver,NORTHEASTERN,11,NORTHEASTERN,684,39.379318,-76.385243,"39.379318, -76.385243"
SR-101927,In Progress,Phone,Graffiti,Graffiti Request,12/13/2020,12/13/2020,12/13/2020,12/13/2020,Pen Lucy,SOUTHERN,9,SOUTHERN,747,39.307255,-76.518381,"39.307255, -76.518381"
SR-101928,Closed,Phone,Vacant Building,Vacant Building Request,9/24/2023,9/24/2023,9/24/2023,9/24/2023,Irvington,EASTERN,6,EASTERN,267,39.228887,-76.558522,"39.228887, -76.558522"
SR-101929,Closed,Phone,Rat Rubout,Rat Rubout Request,1/12/2022,1/12/2022,1/12/2022,1/12/2022,Waverly,EASTERN,6,EASTERN,141,39.441392,-76.458258,"39.441392, -76.458258"
SR-101930,In Progress,Phone,Graffiti,Graffiti Request,5/10/2020,5/10/2020,5/10/2020,5/10/2020,Park Heights,EASTERN,14,EASTERN,863,39.363042,-76.314259,"39.363042, -76.314259"
SR-101931,Open,Phone,Street Light Out,Street Light Out Request,9/22/2023,9/22/2023,9/22/2023,9/22/2023,Mount Washington,CENTRAL,6,CENTRAL,125,39.354978,-76.422484,"39.354978, -76.422484"
SR-101932,Closed,Phone,Rat Rubout,Rat Rubout Request,2/19/2023,2/19/2023,2/19/2023,2/19/2023,Druid Heights,NORTHWESTERN,5,NORTHWESTERN,832,39.33839,-76.468529,"39.33839, -76.468529"
SR-101933,Closed,Phone,Vacant Building,Vacant Building Request,1/4/2020,1/4/2020,1/4/2020,1/4/2020,Upton,SOUTHERN,13,SOUTHERN,650,39.450892,-76.355333,"39.450892, -76.355333"
SR-101934,Closed,Phone,Rat Rubout,Rat Rubout Request,9/24/2020,9/24/2020,9/24/2020,9/24/2020,Mount Washington,SOUTHERN,5,SOUTHERN,117,39.399125,-76.321356,"39.399125, -76.321356"
SR-101935,In Progress,Phone,Parking Complaint,Parking Complaint Request,5/16/2020,5/16/2020,5/16/2020,5/16/2020,Westport,EASTERN,6,EASTERN,550,39.406198,-76.541194,"39.406198, -76.541194"
SR-101936,In Progress,Phone,Abandoned Vehicle,Abandoned Vehicle Request,4/14/2020,4/14/2020,4/14/2020,4/14/2020,Hampden,NORTHERN,1,NORTHERN,613,39.344457,-76.53183,"39.344457, -76.53183"
SR-101937,Open,Phone,Vacant Building,Vacant Building Request,4/10/2019,4/10/2019,4/10/2019,4/10/2019,Eastwood,WESTERN,5,WESTERN,354,39.292966,-76.403409,"39.292966, -76.403409"
SR-101938,In Progress,Phone,Illegal Dumping,Illegal Dumping Request,12/2/2019,12/2/2019,12/2/2019,12/2/2019,Charles Village,NORTHWESTERN,9,NORTHWESTERN,528,39.288775,-76.419607,"39.288775, -76.419607"
SR-101939,Closed,Phone,Pothole,Pothole Request,12/22/2022,12/22/2022,12/22/2022,12/22/2022,Druid Heights,EASTERN,1,EASTERN,686,39.434546,-76.458324,"39.434546, -76.458324"
SR-101940,In Progress,Phone,Rat Rubout,Rat Rubout Request,10/21/2023,10/21/2023,10/21/2023,10/21/2023,Irvington,NORTHEASTERN,5,NORTHEASTERN,506,39.453556,-76.352837,"39.453556, -76.352837"
SR-101941,In Progress,Phone,Dirty Street,Dirty Street Request,8/1/2019,8/1/2019,8/1/2019,8/1/2019,Johnston Square,EASTERN,1,EASTERN,320,39.311668,-76.572198,"39.311668, -76.572198"
SR-101942,Closed,Phone,Illegal Dumping,Illegal Dumping Request,7/24/2021,7/24/2021,7/24/2021,7/24/2021,Pen Lucy,NORTHERN,2,NORTHERN,158,39.344731,-76.480649,"39.344731, -76.480649"
SR-101943,In Progress,Phone,Pothole,Pothole Request,1/5/2023,1/5/2023,1/5/2023,1/5/2023,Guilford,CENTRAL,14,CENTRAL,704,39.303935,-76.372568,"39.303935, -76.372568"
SR-101944,Closed,Phone,Vacant Building,Vacant Building Request,1/1/2021,1/1/2021,1/1/2021,1/1/2021,Pen Lucy,SOUTHERN,7,SOUTHERN,886,39.289345,-76.57789,"39.289345, -76.57789"
SR-101945,In Progress,Phone,Street Light Out,Street Light Out Request,1/12/2020,1/12/2020,1/12/2020,1/12/2020,Govans,CENTRAL,7,CENTRAL,258,39.468793,-76.450938,"39.468793, -76.450938"
SR-101946,Closed,Phone,Street Light Out,Street Light Out Request,1/6/2020,1/6/2020,1/6/2020,1/6/2020,Waverly,NORTHERN,14,NORTHERN,674,39.295795,-76.429527,"39.295795, -76.429527"
SR-101947,Open,Phone,Pothole,Pothole Request,6/7/2019,6/7/2019,6/7/2019,6/7/2019,Brooklyn,WESTERN,8,WESTERN,825,39.235259,-76.531952,"39.235259, -76.531952"
SR-101948,Closed,Phone,Pothole,Pothole Request,11/15/2019,11/15/2019,11/15/2019,11/15/2019,Govans,CENTRAL,12,CENTRAL,385,39.401532,-76.535038,"39.401532, -76.535038"
SR-101949,In Progress,Phone,Street Light Out,Street Light Out Request,3/8/2020,3/8/2020,3/8/2020,3/8/2020,Middle East,WESTERN,6,WESTERN,530,39.46735,-76.455512,"39.46735, -76.455512"
SR-101950,Open,Phone,Rat Rubout,Rat Rubout Request,5/13/2023,5/13/2023,5/13/2023,5/13/2023,Oliver,EASTERN,5,EASTERN,219,39.297556,-76.350773,"39.297556, -76.350773"
SR-101951,Open,Phone,Rat Rubout,Rat Rubout Request,5/5/2023,5/5/2023,5/5/2023,5/5/2023,Charles Village,SOUTHERN,12,SOUTHERN,136,39.381297,-76.308235,"39.381297, -76.308235"
SR-101952,In Progress,Phone,Vacant Building,Vacant Building Request,6/16/2022,6/16/2022,6/16/2022,6/16/2022,Roland Park,EASTERN,6,EASTERN,792,39.331164,-76.496645,"39.331164, -76.496645"
SR-101953,Open,Phone,Illegal Dumping,Illegal Dumping Request,6/13/2023,6/13/2023,6/13/2023,6/13/2023,Guilford,EASTERN,3,EASTERN,383,39.226328,-76.391341,"39.226328, -76.391341"
SR-101954,Open,Phone,Rat Rubout,Rat Rubout Request,4/9/2023,4/9/2023,4/9/2023,4/9/2023,Belair-Edison,EASTERN,10,EASTERN,784,39.404427,-76.345762,"39.404427, -76.345762"
SR-101955,Closed,Phone,Abandoned Vehicle,Abandoned Vehicle Request,7/12/2019,7/12/2019,7/12/2019,7/12/2019,Berea,SOUTHERN,4,SOUTHERN,434,39.400108,-76.45284,"39.400108, -76.45284"
SR-101956,In Progress,Phone,Parking Complaint,Parking Complaint Request,8/16/2023,8/16/2023,8/16/2023,8/16/2023,Druid Heights,NORTHEASTERN,2,NORTHEASTERN,380,39.272159,-76.30184,"39.272159, -76.30184"
SR-101957,Open,Phone,Vacant Building,Vacant Building Request,11/16/2022,11/16/2022,11/16/2022,11/16/2022,Westport,WESTERN,4,WESTERN,698,39.333484,-76.477724,"39.333484, -76.477724"
SR-101958,Closed,Phone,Rat Rubout,Rat Rubout Request,1/7/2019,1/7/2019,1/7/2019,1/7/2019,Johnston Square,CENTRAL,14,CENTRAL,283,39.361065,-76.344231,"39.361065, -76.344231"
SR-101959,Open,Phone,Rat Rubout,Rat Rubout Request,7/2/2023,7/2/2023,7/2/2023,7/2/2023,Oliver,EASTERN,7,EASTERN,548,39.351655,-76.44342,"39.351655, -76.44342"
SR-101960,Closed,Phone,Illegal Dumping,Illegal Dumping Request,12/6/2021,12/6/2021,12/6/2021,12/6/2021,Eastwood,CENTRAL,14,CENTRAL,432,39.405815,-76.590877,"39.405815, -76.590877"
SR-101961,Closed,Phone,Graffiti,Graffiti Request,7/6/2021,7/6/2021,7/6/2021,7/6/2021,Oliver,WESTERN,7,WESTERN,438,39.321575,-76.52144,"39.321575, -76.52144"
SR-101962,Closed,Phone,Illegal Dumping,Illegal Dumping Request,6/25/2022,6/25/2022,6/25/2022,6/25/2022,Upton,WESTERN,5,WESTERN,173,39.269815,-76.560208,"39.269815, -76.560208"
SR-101963,Closed,Phone,Dirty Street,Dirty Street Request,12/17/2020,12/17/2020,12/17/2020,12/17/2020,Eastwood,NORTHERN,10,NORTHERN,148,39.35054,-76.347474,"39.35054, -76.347474"
SR-101964,Open,Phone,Illegal Dumping,Illegal Dumping Request,11/17/2022,11/17/2022,11/17/2022,11/17/2022,Berea,CENTRAL,5,CENTRAL,547,39.436352,-76.323782,"39.436352, -76.323782"
SR-101965,Closed,Phone,Illegal Dumping,Illegal Dumping Request,2/16/2019,2/16/2019,2/16/2019,2/16/2019,Homeland,EASTERN,8,EASTERN,137,39.370002,-76.415775,"39.370002, -76.415775"
SR-101966,Closed,Phone,Abandoned Vehicle,Abandoned Vehicle Request,6/23/2021,6/23/2021,6/23/2021,6/23/2021,Druid Heights,NORTHERN,3,NORTHERN,369,39.316297,-76.576646,"39.316297, -76.576646"
SR-101967,In Progress,Phone,Dirty Street,Dirty Street Request,3/23/2021,3/23/2021,3/23/2021,3/23/2021,Govans,SOUTHERN,8,SOUTHERN,300,39.308388,-76.454105,"39.308388, -76.454105"
SR-101968,Closed,Phone,Abandoned Vehicle,Abandoned Vehicle Request,7/18/2019,7/18/2019,7/18/2019,7/18/2019,Hampden,SOUTHERN,3,SOUTHERN,574,39.201705,-76.355132,"39.201705, -76.355132"
SR-101969,Closed,Phone,Rat Rubout,Rat Rubout Request,4/21/2019,4/21/2019,4/21/2019,4/21/2019,Pen Lucy,NORTHEASTERN,12,NORTHEASTERN,384,39.215058,-76.557062,"39.215058, -76.557062"
SR-101970,In Progress,Phone,Vacant Building,Vacant Building Request,1/24/2019,1/24/2019,1/24/2019,1/24/2019,Irvington,WESTERN,14,WESTERN,440,39.332853,-76.394269,"39.332853, -76.394269"
SR-101971,In Progress,Phone,Dead Animal,Dead Animal Request,4/10/2022,4/10/2022,4/10/2022,4/10/2022,Pimlico,EASTERN,10,EASTERN,169,39.244904,-76.545858,"39.244904, -76.545858"
SR-101972,In Progress,Phone,Dead Animal,Dead Animal Request,9/26/2019,9/26/2019,9/26/2019,9/26/2019,Brooklyn,NORTHWESTERN,12,NORTHWESTERN,368,39.324768,-76.425956,"39.324768, -76.425956"
SR-101973,In Progress,Phone,Pothole,Pothole Request,6/19/2020,6/19/2020,6/19/2020,6/19/2020,Irvington,WESTERN,9,WESTERN,871,39.357312,-76.482987,"39.357312, -76.482987"
SR-101974,Open,Phone,Illegal Dumping,Illegal Dumping Request,10/26/2020,10/26/2020,10/26/2020,10/26/2020,Oliver,NORTHWESTERN,7,NORTHWESTERN,245,39.353143,-76.372916,"39.353143, -76.372916"
SR-101975,In Progress,Phone,Abandoned Vehicle,Abandoned Vehicle Request,8/2/2020,8/2/2020,8/2/2020,8/2/2020,Oliver,NORTHEASTERN,14,NORTHEASTERN,724,39.277826,-76.510343,"39.277826, -76.510343"
SR-101976,In Progress,Phone,Pothole,Pothole Request,10/18/2021,10/18/2021,10/18/2021,10/18/2021,Middle East,SOUTHERN,14,SOUTHERN,128,39.380569,-76.486119,"39.380569, -76.486119"
SR-101977,Closed,Phone,Parking Complaint,Parking Complaint Request,9/7/2022,9/7/2022,9/7/2022,9/7/2022,Morrell Park,SOUTHERN,5,SOUTHERN,515,39.244113,-76.346629,"39.244113, -76.346629"
SR-101978,In Progress,Phone,Rat Rubout,Rat Rubout Request,9/19/2023,9/19/2023,9/19/2023,9/19/2023,Guilford,SOUTHERN,5,SOUTHERN,877,39.34991,-76.304214,"39.34991, -76.304214"
SR-101979,In Progress,Phone,Rat Rubout,Rat Rubout Request,2/5/2020,2/5/2020,2/5/2020,2/5/2020,Westport,EASTERN,11,EASTERN,143,39.405296,-76.360993,"39.405296, -76.360993"
SR-101980,Closed,Phone,Dirty Street,Dirty Street Request,5/19/2022,5/19/2022,5/19/2022,5/19/2022,Morrell Park,NORTHWESTERN,2,NORTHWESTERN,801,39.448163,-76.423333,"39.448163, -76.423333"
SR-101981,Closed,Phone,Illegal Dumping,Illegal Dumping Request,1/6/2020,1/6/2020,1/6/2020,1/6/2020,Upton,NORTHWESTERN,11,NORTHWESTERN,801,39.396747,-76.303683,"39.396747, -76.303683"
SR-101982,In Progress,Phone,Vacant Building,Vacant Building Request,4/13/2019,4/13/2019,4/13/2019,4/13/2019,Middle East,SOUTHERN,2,SOUTHERN,832,39.209615,-76.512803,"39.209615, -76.512803"
SR-101983,Open,Phone,Pothole,Pothole Request,3/8/2021,3/8/2021,3/8/2021,3/8/2021,Govans,CENTRAL,8,CENTRAL,610,39.200367,-76.438772,"39.200367, -76.438772"
SR-101984,Closed,Phone,Dead Animal,Dead Animal Request,10/2/2019,10/2/2019,10/2/2019,10/2/2019,Oliver,SOUTHERN,7,SOUTHERN,127,39.252772,-76.310805,"39.252772, -76.310805"
SR-101985,In Progress,Phone,Vacant Building,Vacant Building Request,8/17/2021,8/17/2021,8/17/2021,8/17/2021,Oliver,NORTHWESTERN,5,NORTHWESTERN,644,39.27195,-76.472153,"39.27195, -76.472153"
SR-101986,Closed,Phone,Pothole,Pothole Request,11/8/2021,11/8/2021,11/8/2021,11/8/2021,Westport,EASTERN,3,EASTERN,323,39.445112,-76.303236,"39.445112, -76.303236"
SR-101987,Open,Phone,Parking Complaint,Parking Complaint Request,5/8/2021,5/8/2021,5/8/2021,5/8/2021,Curtis Bay,WESTERN,1,WESTERN,864,39.487566,-76.455669,"39.487566, -76.455669"
SR-101988,Closed,Phone,Dirty Street,Dirty Street Request,9/6/2021,9/6/2021,9/6/2021,9/6/2021,Pimlico,WESTERN,13,WESTERN,449,39.326848,-76.376909,"39.326848, -76.376909"
SR-101989,Closed,Phone,Vacant Building,Vacant Building Request,9/5/2022,9/5/2022,9/5/2022,9/5/2022,Irvington,WESTERN,11,WESTERN,781,39.26181,-76.32654,"39.26181, -76.32654"
SR-101990,In Progress,Phone,Rat Rubout,Rat Rubout Request,6/12/2020,6/12/2020,6/12/2020,6/12/2020,Roland Park,NORTHEASTERN,10,NORTHEASTERN,272,39.384033,-76.541365,"39.384033, -76.541365"
SR-101991,Closed,Phone,Vacant Building,Vacant Building Request,8/18/2019,8/18/2019,8/18/2019,8/18/2019,Pen Lucy,NORTHWESTERN,13,NORTHWESTERN,437,39.23332,-76.32306,"39.23332, -76.32306"
SR-101992,Open,Phone,Street Light Out,Street Light Out Request,8/2/2022,8/2/2022,8/2/2022,8/2/2022,Johnston Square,NORTHEASTERN,12,NORTHEASTERN,836,39.449484,-76.388961,"39.449484, -76.388961"
SR-101993,In Progress,Phone,Illegal Dumping,Illegal Dumping Request,5/9/2020,5/9/2020,5/9/2020,5/9/2020,Clifton Park,NORTHERN,8,NORTHERN,433,39.290133,-76.352283,"39.290133, -76.352283"
SR-101994,Closed,Phone,Graffiti,Graffiti Request,2/4/2022,2/4/2022,2/4/2022,2/4/2022,Clifton Park,WESTERN,7,WESTERN,639,39.312159,-76.373581,"39.312159, -76.373581"
SR-101995,Closed,Phone,Abandoned Vehicle,Abandoned Vehicle Request,2/22/2020,2/22/2020,2/22/2020,2/22/2020,Homeland,EASTERN,5,EASTERN,424,39.289545,-76.483839,"39.289545, -76.483839"
SR-101996,Open,Phone,Parking Complaint,Parking Complaint Request,4/19/2022,4/19/2022,4/19/2022,4/19/2022,Irvington,CENTRAL,4,CENTRAL,825,39.358496,-76.488645,"39.358496, -76.488645"
SR-101997,Closed,Phone,Illegal Dumping,Illegal Dumping Request,10/1/2019,10/1/2019,10/1/2019,10/1/2019,Druid Heights,NORTHERN,12,NORTHERN,587,39.366437,-76.496512,"39.366437, -76.496512"
SR-101998,In Progress,Phone,Street Light Out,Street Light Out Request,11/6/2020,11/6/2020,11/6/2020,11/6/2020,Belair-Edison,EASTERN,8,EASTERN,749,39.304992,-76.348467,"39.304992, -76.348467"
SR-101999,Closed,Phone,Graffiti,Graffiti Request,7/10/2020,7/10/2020,7/10/2020,7/10/2020,Upton,WESTERN,9,WESTERN,899,39.42377,-76.548102,"39.42377, -76.548102"
SR-102000,In Progress,Phone,Pothole,Pothole Request,9/27/2020,9/27/2020,9/27/2020,9/27/2020,Johnston Square,NORTHERN,7,NORTHERN,855,39.346584,-76.46959,"39.346584, -76.46959"
SR-102001,Closed,Phone,Parking Complaint,Parking Complaint Request,10/16/2021,10/16/2021,10/16/2021,10/16/2021,Roland Park,NORTHERN,10,NORTHERN,827,39.394597,-76.352702,"39.394597, -76.352702"
SR-102002,Open,Phone,Vacant Building,Vacant Building Request,10/27/2019,10/27/2019,10/27/2019,10/27/2019,Irvington,NORTHEASTERN,12,NORTHEASTERN,345,39.266189,-76.401373,"39.266189, -76.401373"
SR-102003,Open,Phone,Pothole,Pothole Request,4/19/2020,4/19/2020,4/19/2020,4/19/2020,Pimlico,EASTERN,14,EASTERN,223,39.251649,-76.333088,"39.251649, -76.333088"
SR-102004,Closed,Phone,Pothole,Pothole Request,1/22/2022,1/22/2022,1/22/2022,1/22/2022,Roland Park,WESTERN,3,WESTERN,230,39.212027,-76.338395,"39.212027, -76.338395"
SR-102005,Closed,Phone,Pothole,Pothole Request,3/24/2020,3/24/2020,3/24/2020,3/24/2020,Harlem Park,SOUTHERN,12,SOUTHERN,467,39.362538,-76.529489,"39.362538, -76.529489"
SR-102006,In Progress,Phone,Pothole,Pothole Request,9/19/2019,9/19/2019,9/19/2019,9/19/2019,Govans,NORTHERN,14,NORTHERN,557,39.28744,-76.485108,"39.28744, -76.485108"
SR-102007,Open,Phone,Rat Rubout,Rat Rubout Request,2/10/2019,2/10/2019,2/10/2019,2/10/2019,Druid Heights,NORTHERN,14,NORTHERN,460,39.254405,-76.357346,"39.254405, -76.357346"
SR-102008,Closed,Phone,Street Light Out,Street Light Out Request,12/4/2023,12/4/2023,12/4/2023,12/4/2023,Roland Park,WESTERN,7,WESTERN,528,39.257436,-76.586806,"39.257436, -76.586806"
SR-102009,In Progress,Phone,Rat Rubout,Rat Rubout Request,9/17/2022,9/17/2022,9/17/2022,9/17/2022,Park Heights,NORTHEASTERN,13,NORTHEASTERN,139,39.30952,-76.384909,"39.30952, -76.384909"
SR-102010,Closed,Phone,Dead Animal,Dead Animal Request,2/14/2020,2/14/2020,2/14/2020,2/14/2020,Cherry Hill,EASTERN,3,EASTERN,805,39.448746,-76.495484,"39.448746, -76.495484"
SR-102011,Closed,Phone,Abandoned Vehicle,Abandoned Vehicle Request,1/13/2021,1/13/2021,1/13/2021,1/13/2021,Westport,NORTHERN,1,NORTHERN,807,39.422597,-76.364621,"39.422597, -76.364621"
SR-102012,Open,Phone,Graffiti,Graffiti Request,3/28/2021,3/28/2021,3/28/2021,3/28/2021,Pen Lucy,CENTRAL,10,CENTRAL,363,39.398311,-76.316881,"39.398311, -76.316881"
SR-102013,Open,Phone,Rat Rubout,Rat Rubout Request,7/10/2021,7/10/2021,7/10/2021,7/10/2021,Charles Village,NORTHERN,13,NORTHERN,750,39.324705,-76.459957,"39.324705, -76.459957"
SR-102014,Closed,Phone,Vacant Building,Vacant Building Request,7/20/2021,7/20/2021,7/20/2021,7/20/2021,Hampden,CENTRAL,1,CENTRAL,117,39.249747,-76.448492,"39.249747, -76.448492"
SR-102015,Closed,Phone,Street Light Out,Street Light Out Request,12/4/2019,12/4/2019,12/4/2019,12/4/2019,Sandtown-Winchester,NORTHERN,5,NORTHERN,600,39.278928,-76.465796,"39.278928, -76.465796"
SR-102016,In Progress,Phone,Abandoned Vehicle,Abandoned Vehicle Request,8/8/2019,8/8/2019,8/8/2019,8/8/2019,Guilford,NORTHEASTERN,6,NORTHEASTERN,840,39.257143,-76.545867,"39.257143, -76.545867"
SR-102017,Closed,Phone,Street Light Out,Street Light Out Request,12/8/2023,12/8/2023,12/8/2023,12/8/2023,Eastwood,CENTRAL,3,CENTRAL,757,39.32825,-76.368818,"39.32825, -76.368818"
SR-102018,Open,Phone,Illegal Dumping,Illegal Dumping Request,12/8/2020,12/8/2020,12/8/2020,12/8/2020,Guilford,NORTHWESTERN,2,NORTHWESTERN,582,39.213321,-76.497306,"39.213321, -76.497306"
SR-102019,Open,Phone,Parking Complaint,Parking Complaint Request,8/18/2021,8/18/2021,8/18/2021,8/18/2021,Oliver,EASTERN,1,EASTERN,136,39.223552,-76.390506,"39.223552, -76.390506"
SR-102020,Closed,Phone,Rat Rubout,Rat Rubout Request,2/28/2023,2/28/2023,2/28/2023,2/28/2023,Sandtown-Winchester,SOUTHERN,12,SOUTHERN,374,39.469164,-76.551196,"39.469164, -76.551196"
SR-102021,In Progress,Phone,Dead Animal,Dead Animal Request,10/7/2020,10/7/2020,10/7/2020,10/7/2020,Oliver,WESTERN,10,WESTERN,187,39.48712,-76.447539,"39.48712, -76.447539"
SR-102022,In Progress,Phone,Parking Complaint,Parking Complaint Request,7/19/2020,7/19/2020,7/19/2020,7/19/2020,Westport,NORTHEASTERN,2,NORTHEASTERN,427,39.489137,-76.331389,"39.489137, -76.331389"
SR-102023,Closed,Phone,Pothole,Pothole Request,11/17/2021,11/17/2021,11/17/2021,11/17/2021,Pen Lucy,SOUTHERN,13,SOUTHERN,446,39.351013,-76.488839,"39.351013, -76.488839"
SR-102024,Closed,Phone,Rat Rubout,Rat Rubout Request,12/7/2019,12/7/2019,12/7/2019,12/7/2019,Johnston Square,SOUTHERN,12,SOUTHERN,664,39.478693,-76.532988,"39.478693, -76.532988"
SR-102025,In Progress,Phone,Rat Rubout,Rat Rubout Request,1/22/2022,1/22/2022,1/22/2022,1/22/2022,Belair-Edison,NORTHWESTERN,9,NORTHWESTERN,753,39.284261,-76.523164,"39.284261, -76.523164"
SR-102026,In Progress,Phone,Rat Rubout,Rat Rubout Request,11/7/2019,11/7/2019,11/7/2019,11/7/2019,Park Heights,NORTHEASTERN,12,NORTHEASTERN,792,39.226292,-76.448034,"39.226292, -76.448034"
SR-102027,Closed,Phone,Dirty Street,Dirty Street Request,9/10/2019,9/10/2019,9/10/2019,9/10/2019,Westport,NORTHERN,12,NORTHERN,386,39.267731,-76.31467,"39.267731, -76.31467"
SR-102028,Open,Phone,Dead Animal,Dead Animal Request,2/16/2019,2/16/2019,2/16/2019,2/16/2019,Park Heights,EASTERN,11,EASTERN,138,39.268562,-76.33887,"39.268562, -76.33887"
SR-102029,Open,Phone,Pothole,Pothole Request,6/7/2022,6/7/2022,6/7/2022,6/7/2022,Upton,NORTHEASTERN,14,NORTHEASTERN,678,39.3038,-76.363019,"39.3038, -76.363019"
SR-102030,Closed,Phone,Graffiti,Graffiti Request,8/19/2020,8/19/2020,8/19/2020,8/19/2020,Oliver,NORTHEASTERN,7,NORTHEASTERN,268,39.388107,-76.439799,"39.388107, -76.439799"
SR-102031,Open,Phone,Dirty Street,Dirty Street Request,8/11/2022,8/11/2022,8/11/2022,8/11/2022,Clifton Park,CENTRAL,1,CENTRAL,544,39.381642,-76.415755,"39.381642, -76.415755"
SR-102032,Open,Phone,Dirty Street,Dirty Street Request,2/17/2021,2/17/2021,2/17/2021,2/17/2021,Pen Lucy,NORTHEASTERN,6,NORTHEASTERN,493,39.446227,-76.596794,"39.446227, -76.596794"
SR-102033,In Progress,Phone,Rat Rubout,Rat Rubout Request,2/27/2019,2/27/2019,2/27/2019,2/27/2019,Govans,NORTHERN,14,NORTHERN,189,39.256061,-76.426839,"39.256061, -76.426839"
SR-102034,Open,Phone,Vacant Building,Vacant Building Request,6/17/2022,6/17/2022,6/17/2022,6/17/2022,Pen Lucy,NORTHEASTERN,4,NORTHEASTERN,122,39.265812,-76.431373,"39.265812, -76.431373"
SR-102035,In Progress,Phone,Parking Complaint,Parking Complaint Request,4/7/2021,4/7/2021,4/7/2021,4/7/2021,Morrell Park,EASTERN,10,EASTERN,237,39.259468,-76.31267,"39.259468, -76.31267"
SR-102036,Closed,Phone,Rat Rubout,Rat Rubout Request,7/19/2023,7/19/2023,7/19/2023,7/19/2023,Middle East,CENTRAL,8,CENTRAL,427,39.405813,-76.563977,"39.405813, -76.563977"
SR-102037,Open,Phone,Illegal Dumping,Illegal Dumping Request,7/7/2023,7/7/2023,7/7/2023,7/7/2023,Clifton Park,EASTERN,7,EASTERN,386,39.397875,-76.360424,"39.397875, -76.360424"
SR-102038,Open,Phone,Dirty Street,Dirty Street Request,3/1/2020,3/1/2020,3/1/2020,3/1/2020,Eastwood,CENTRAL,3,CENTRAL,446,39.467259,-76.427984,"39.467259, -76.427984"
SR-102039,Closed,Phone,Dead Animal,Dead Animal Request,4/2/2023,4/2/2023,4/2/2023,4/2/2023,Charles Village,SOUTHERN,1,SOUTHERN,779,39.439928,-76.495092,"39.439928, -76.495092"
SR-102040,Open,Phone,Dead Animal,Dead Animal Request,8/12/2023,8/12/2023,8/12/2023,8/12/2023,Pen Lucy,CENTRAL,2,CENTRAL,836,39.276188,-76.513046,"39.276188, -76.513046"
SR-102041,Open,Phone,Dead Animal,Dead Animal Request,9/17/2019,9/17/2019,9/17/2019,9/17/2019,Mount Washington,NORTHERN,9,NORTHERN,345,39.287078,-76.432743,"39.287078, -76.432743"
SR-102042,In Progress,Phone,Abandoned Vehicle,Abandoned Vehicle Request,3/15/2023,3/15/2023,3/15/2023,3/15/2023,Hampden,NORTHEASTERN,13,NORTHEASTERN,553,39.480735,-76.346301,"39.480735, -76.346301"
SR-102043,Open,Phone,Dirty Street,Dirty Street Request,5/2/2020,5/2/2020,5/2/2020,5/2/2020,Middle East,NORTHERN,4,NORTHERN,240,39.450596,-76.412107,"39.450596, -76.412107"
SR-102044,In Progress,Phone,Street Light Out,Street Light Out Request,2/13/2023,2/13/2023,2/13/2023,2/13/2023,Middle East,NORTHEASTERN,8,NORTHEASTERN,781,39.225808,-76.30774,"39.225808, -76.30774"
SR-102045,Closed,Phone,Abandoned Vehicle,Abandoned Vehicle Request,4/10/2019,4/10/2019,4/10/2019,4/10/2019,Druid Heights,NORTHEASTERN,14,NORTHEASTERN,324,39.215981,-76.325078,"39.215981, -76.325078"
SR-102046,Open,Phone,Vacant Building,Vacant Building Request,5/11/2022,5/11/2022,5/11/2022,5/11/2022,Greenmount West,NORTHEASTERN,2,NORTHEASTERN,614,39.231645,-76.412011,"39.231645, -76.412011"
SR-102047,Closed,Phone,Pothole,Pothole Request,1/1/2023,1/1/2023,1/1/2023,1/1/2023,Pigtown,CENTRAL,2,CENTRAL,333,39.4255,-76.337057,"39.4255, -76.337057"
SR-102048,Open,Phone,Rat Rubout,Rat Rubout Request,12/4/2020,12/4/2020,12/4/2020,12/4/2020,Curtis Bay,NORTHEASTERN,1,NORTHEASTERN,181,39.37663,-76.52342,"39.37663, -76.52342"
SR-102049,Closed,Phone,Graffiti,Graffiti Request,11/19/2020,11/19/2020,11/19/2020,11/19/2020,Upton,CENTRAL,14,CENTRAL,843,39.306568,-76.409129,"39.306568, -76.409129"
SR-102050,Open,Phone,Abandoned Vehicle,Abandoned Vehicle Request,3/15/2023,3/15/2023,3/15/2023,3/15/2023,Roland Park,NORTHEASTERN,8,NORTHEASTERN,827,39.27997,-76.525059,"39.27997, -76.525059"
SR-102051,In Progress,Phone,Vacant Building,Vacant Building Request,7/3/2021,7/3/2021,7/3/2021,7/3/2021,Greenmount West,SOUTHERN,2,SOUTHERN,482,39.327884,-76.427977,"39.327884, -76.427977"
SR-102052,Closed,Phone,Dead Animal,Dead Animal Request,12/27/2023,12/27/2023,12/27/2023,12/27/2023,Roland Park,CENTRAL,10,CENTRAL,878,39.473631,-76.316797,"39.473631, -76.316797"
SR-102053,In Progress,Phone,Graffiti,Graffiti Request,1/21/2022,1/21/2022,1/21/2022,1/21/2022,Johnston Square,SOUTHERN,12,SOUTHERN,221,39.28745,-76.461584,"39.28745, -76.461584"
SR-102054,In Progress,Phone,Dead Animal,Dead Animal Request,1/28/2023,1/28/2023,1/28/2023,1/28/2023,Irvington,NORTHWESTERN,3,NORTHWESTERN,863,39.266834,-76.443349,"39.266834, -76.443349"
SR-102055,Open,Phone,Rat Rubout,Rat Rubout Request,2/19/2022,2/19/2022,2/19/2022,2/19/2022,Govans,SOUTHERN,7,SOUTHERN,656,39.390517,-76.366359,"39.390517, -76.366359"
SR-102056,Open,Phone,Dirty Street,Dirty Street Request,7/13/2020,7/13/2020,7/13/2020,7/13/2020,Roland Park,NORTHEASTERN,14,NORTHEASTERN,687,39.374081,-76.484489,"39.374081, -76.484489"
SR-102057,Open,Phone,Street Light Out,Street Light Out Request,12/23/2020,12/23/2020,12/23/2020,12/23/2020,Mount Washington,WESTERN,9,WESTERN,749,39.402217,-76.397479,"39.402217, -76.397479"
SR-102058,Open,Phone,Rat Rubout,Rat Rubout Request,6/15/2022,6/15/2022,6/15/2022,6/15/2022,Greenmount West,CENTRAL,10,CENTRAL,560,39.420001,-76.488653,"39.420001, -76.488653"
SR-102059,Open,Phone,Parking Complaint,Parking Complaint Request,10/15/2021,10/15/2021,10/15/2021,10/15/2021,Johnston Square,CENTRAL,13,CENTRAL,741,39.34472,-76.39244,"39.34472, -76.39244"
SR-102060,Closed,Phone,Parking Complaint,Parking Complaint Request,8/11/2019,8/11/2019,8/11/2019,8/11/2019,Middle East,NORTHEASTERN,12,NORTHEASTERN,354,39.357343,-76.542358,"39.357343, -76.542358"
SR-102061,Closed,Phone,Vacant Building,Vacant Building Request,4/19/2020,4/19/2020,4/19/2020,4/19/2020,Charles Village,EASTERN,2,EASTERN,780,39.340288,-76.515242,"39.340288, -76.515242"
SR-102062,In Progress,Phone,Parking Complaint,Parking Complaint Request,8/18/2022,8/18/2022,8/18/2022,8/18/2022,Guilford,NORTHWESTERN,8,NORTHWESTERN,351,39.444777,-76.465361,"39.444777, -76.465361"
SR-102063,Open,Phone,Pothole,Pothole Request,6/9/2023,6/9/2023,6/9/2023,6/9/2023,Clifton Park,NORTHERN,3,NORTHERN,183,39.423164,-76.373419,"39.423164, -76.373419"
SR-102064,Closed,Phone,Pothole,Pothole Request,2/8/2020,2/8/2020,2/8/2020,2/8/2020,Johnston Square,NORTHWESTERN,8,NORTHWESTERN,796,39.391457,-76.445813,"39.391457, -76.445813"
SR-102065,In Progress,Phone,Pothole,Pothole Request,11/17/2020,11/17/2020,11/17/2020,11/17/2020,Berea,WESTERN,13,WESTERN,792,39.494941,-76.305045,"39.494941, -76.305045"
SR-102066,Open,Phone,Parking Complaint,Parking Complaint Request,6/25/2021,6/25/2021,6/25/2021,6/25/2021,Cherry Hill,WESTERN,9,WESTERN,635,39.385549,-76.534602,"39.385549, -76.534602"
SR-102067,Open,Phone,Dirty Street,Dirty Street Request,11/2/2022,11/2/2022,11/2/2022,11/2/2022,Berea,NORTHWESTERN,14,NORTHWESTERN,811,39.419576,-76.382316,"39.419576, -76.382316"
SR-102068,Closed,Phone,Graffiti,Graffiti Request,7/5/2019,7/5/2019,7/5/2019,7/5/2019,Eastwood,WESTERN,13,WESTERN,413,39.303739,-76.515389,"39.303739, -76.515389"
SR-102069,Open,Phone,Vacant Building,Vacant Building Request,10/27/2019,10/27/2019,10/27/2019,10/27/2019,Westport,WESTERN,11,WESTERN,659,39.467873,-76.463761,"39.467873, -76.463761"
SR-102070,Open,Phone,Graffiti,Graffiti Request,12/13/2023,12/13/2023,12/13/2023,12/13/2023,Roland Park,SOUTHERN,13,SOUTHERN,262,39.233541,-76.468046,"39.233541, -76.468046"
SR-102071,In Progress,Phone,Parking Complaint,Parking Complaint Request,11/11/2023,11/11/2023,11/11/2023,11/11/2023,Westport,WESTERN,6,WESTERN,841,39.271882,-76.539388,"39.271882, -76.539388"
SR-102072,Open,Phone,Abandoned Vehicle,Abandoned Vehicle Request,5/4/2023,5/4/2023,5/4/2023,5/4/2023,Mount Washington,NORTHEASTERN,13,NORTHEASTERN,501,39.389342,-76.366194,"39.389342, -76.366194"
SR-102073,In Progress,Phone,Parking Complaint,Parking Complaint Request,1/17/2021,1/17/2021,1/17/2021,1/17/2021,Johnston Square,NORTHWESTERN,1,NORTHWESTERN,185,39.249186,-76.400581,"39.249186, -76.400581"
SR-102074,Closed,Phone,Illegal Dumping,Illegal Dumping Request,3/28/2020,3/28/2020,3/28/2020,3/28/2020,Roland Park,CENTRAL,8,CENTRAL,163,39.462364,-76.48056,"39.462364, -76.48056"
SR-102075,Open,Phone,Graffiti,Graffiti Request,2/17/2023,2/17/2023,2/17/2023,2/17/2023,Upton,CENTRAL,13,CENTRAL,441,39.33943,-76.597823,"39.33943, -76.597823"
SR-102076,In Progress,Phone,Pothole,Pothole Request,10/6/2023,10/6/2023,10/6/2023,10/6/2023,Pen Lucy,WESTERN,9,WESTERN,722,39.342898,-76.576447,"39.342898, -76.576447"
SR-102077,Closed,Phone,Dead Animal,Dead Animal Request,3/6/2019,3/6/2019,3/6/2019,3/6/2019,Berea,CENTRAL,11,CENTRAL,507,39.23139,-76.433424,"39.23139, -76.433424"
SR-102078,Open,Phone,Graffiti,Graffiti Request,4/10/2019,4/10/2019,4/10/2019,4/10/2019,Harlem Park,SOUTHERN,8,SOUTHERN,343,39.460413,-76.409802,"39.460413, -76.409802"
SR-102079,Closed,Phone,Vacant Building,Vacant Building Request,12/9/2022,12/9/2022,12/9/2022,12/9/2022,Westport,NORTHEASTERN,6,NORTHEASTERN,407,39.322312,-76.316822,"39.322312, -76.316822"
SR-102080,Closed,Phone,Illegal Dumping,Illegal Dumping Request,4/28/2020,4/28/2020,4/28/2020,4/28/2020,Park Heights,NORTHEASTERN,13,NORTHEASTERN,873,39.309253,-76.577502,"39.309253, -76.577502"
SR-102081,In Progress,Phone,Parking Complaint,Parking Complaint Request,2/12/2023,2/12/2023,2/12/2023,2/12/2023,Westport,CENTRAL,4,CENTRAL,491,39.321852,-76.592948,"39.321852, -76.592948"
SR-102082,Open,Phone,Rat Rubout,Rat Rubout Request,7/23/2023,7/23/2023,7/23/2023,7/23/2023,Brooklyn,NORTHWESTERN,8,NORTHWESTERN,401,39.319885,-76.594277,"39.319885, -76.594277"
SR-102083,Open,Phone,Pothole,Pothole Request,3/26/2021,3/26/2021,3/26/2021,3/26/2021,Pigtown,NORTHWESTERN,7,NORTHWESTERN,474,39.21929,-76.430003,"39.21929, -76.430003"
SR-102084,Open,Phone,Parking Complaint,Parking Complaint Request,8/1/2021,8/1/2021,8/1/2021,8/1/2021,Curtis Bay,EASTERN,11,EASTERN,898,39.383999,-76.346748,"39.383999, -76.346748"
SR-102085,Closed,Phone,Dead Animal,Dead Animal Request,9/21/2022,9/21/2022,9/21/2022,9/21/2022,Eastwood,EASTERN,6,EASTERN,253,39.279423,-76.507319,"39.279423, -76.507319"
SR-102086,Open,Phone,Dirty Street,Dirty Street Request,9/14/2021,9/14/2021,9/14/2021,9/14/2021,Pigtown,NORTHERN,4,NORTHERN,454,39.219448,-76.353842,"39.219448, -76.353842"
SR-102087,Open,Phone,Dead Animal,Dead Animal Request,1/22/2023,1/22/2023,1/22/2023,1/22/2023,Hampden,NORTHEASTERN,2,NORTHEASTERN,633,39.489038,-76.379539,"39.489038, -76.379539"
SR-102088,Closed,Phone,Dirty Street,Dirty Street Request,4/20/2022,4/20/2022,4/20/2022,4/20/2022,Pigtown,NORTHEASTERN,7,NORTHEASTERN,472,39.413337,-76.408905,"39.413337, -76.408905"
SR-102089,Closed,Phone,Pothole,Pothole Request,3/15/2020,3/15/2020,3/15/2020,3/15/2020,Druid Heights,NORTHERN,10,NORTHERN,206,39.210362,-76.41453,"39.210362, -76.41453"
SR-102090,Closed,Phone,Rat Rubout,Rat Rubout Request,5/25/2022,5/25/2022,5/25/2022,5/25/2022,Mount Washington,NORTHWESTERN,1,NORTHWESTERN,850,39.279584,-76.458386,"39.279584, -76.458386"
SR-102091,Closed,Phone,Pothole,Pothole Request,10/26/2019,10/26/2019,10/26/2019,10/26/2019,Irvington,WESTERN,2,WESTERN,492,39.308712,-76.321054,"39.308712, -76.321054"
SR-102092,In Progress,Phone,Abandoned Vehicle,Abandoned Vehicle Request,10/22/2020,10/22/2020,10/22/2020,10/22/2020,Mount Washington,NORTHWESTERN,13,NORTHWESTERN,500,39.397645,-76.354529,"39.397645, -76.354529"
SR-102093,In Progress,Phone,Parking Complaint,Parking Complaint Request,4/5/2023,4/5/2023,4/5/2023,4/5/2023,Belair-Edison,SOUTHERN,2,SOUTHERN,213,39.308392,-76.375964,"39.308392, -76.375964"
SR-102094,Open,Phone,Dirty Street,Dirty Street Request,3/23/2023,3/23/2023,3/23/2023,3/23/2023,Pen Lucy,NORTHERN,13,NORTHERN,861,39.422979,-76.558001,"39.422979, -76.558001"
SR-102095,Open,Phone,Abandoned Vehicle,Abandoned Vehicle Request,1/1/2020,1/1/2020,1/1/2020,1/1/2020,Hampden,NORTHERN,2,NORTHERN,624,39.46129,-76.372554,"39.46129, -76.372554"
SR-102096,Open,Phone,Graffiti,Graffiti Request,3/9/2023,3/9/2023,3/9/2023,3/9/2023,Brooklyn,CENTRAL,8,CENTRAL,560,39.324331,-76.428844,"39.324331, -76.428844"
SR-102097,Open,Phone,Dirty Street,Dirty Street Request,7/1/2023,7/1/2023,7/1/2023,7/1/2023,Govans,NORTHEASTERN,3,NORTHEASTERN,727,39.442921,-76.571534,"39.442921, -76.571534"
SR-102098,In Progress,Phone,Illegal Dumping,Illegal Dumping Request,4/8/2020,4/8/2020,4/8/2020,4/8/2020,Hampden,NORTHERN,4,NORTHERN,470,39.3695,-76.525328,"39.3695, -76.525328"
SR-102099,Open,Phone,Abandoned Vehicle,Abandoned Vehicle Request,4/12/2021,4/12/2021,4/12/2021,4/12/2021,Brooklyn,NORTHEASTERN,8,NORTHEASTERN,836,39.413555,-76.436977,"39.413555, -76.436977"
SR-102100,In Progress,Phone,Pothole,Pothole Request,6/23/2021,6/23/2021,6/23/2021,6/23/2021,Belair-Edison,CENTRAL,12,CENTRAL,128,39.431427,-76.384377,"39.431427, -76.384377"
SR-102101,Open,Phone,Street Light Out,Street Light Out Request,5/26/2019,5/26/2019,5/26/2019,5/26/2019,Morrell Park,SOUTHERN,9,SOUTHERN,269,39.227017,-76.350215,"39.227017, -76.350215"
SR-102102,Closed,Phone,Rat Rubout,Rat Rubout Request,9/6/2023,9/6/2023,9/6/2023,9/6/2023,Berea,CENTRAL,7,CENTRAL,660,39.395158,-76.512932,"39.395158, -76.512932"
SR-102103,Open,Phone,Abandoned Vehicle,Abandoned Vehicle Request,7/7/2019,7/7/2019,7/7/2019,7/7/2019,Cherry Hill,NORTHERN,9,NORTHERN,541,39.379368,-76.598827,"39.379368, -76.598827"
SR-102104,In Progress,Phone,Street Light Out,Street Light Out Request,11/28/2021,11/28/2021,11/28/2021,11/28/2021,Mount Washington,CENTRAL,12,CENTRAL,266,39.463445,-76.557547,"39.463445, -76.557547"
SR-102105,Open,Phone,Dead Animal,Dead Animal Request,5/6/2020,5/6/2020,5/6/2020,5/6/2020,Brooklyn,NORTHWESTERN,12,NORTHWESTERN,319,39.335899,-76.338786,"39.335899, -76.338786"
SR-102106,Open,Phone,Graffiti,Graffiti Request,3/11/2019,3/11/2019,3/11/2019,3/11/2019,Govans,WESTERN,9,WESTERN,896,39.288083,-76.300237,"39.288083, -76.300237"
SR-102107,Open,Phone,Dirty Street,Dirty Street Request,5/16/2023,5/16/2023,5/16/2023,5/16/2023,Oliver,NORTHERN,5,NORTHERN,813,39.202228,-76.522551,"39.202228, -76.522551"
SR-102108,Open,Phone,Vacant Building,Vacant Building Request,5/7/2022,5/7/2022,5/7/2022,5/7/2022,Upton,EASTERN,10,EASTERN,406,39.223388,-76.496745,"39.223388, -76.496745"
SR-102109,Open,Phone,Abandoned Vehicle,Abandoned Vehicle Request,7/23/2019,7/23/2019,7/23/2019,7/23/2019,Eastwood,CENTRAL,10,CENTRAL,352,39.426698,-76.534922,"39.426698, -76.534922"
SR-102110,Open,Phone,Rat Rubout,Rat Rubout Request,5/27/2021,5/27/2021,5/27/2021,5/27/2021,Clifton Park,NORTHWESTERN,6,NORTHWESTERN,221,39.426438,-76.516673,"39.426438, -76.516673"
SR-102111,In Progress,Phone,Dirty Street,Dirty Street Request,6/1/2021,6/1/2021,6/1/2021,6/1/2021,Morrell Park,WESTERN,13,WESTERN,370,39.33487,-76.50456,"39.33487, -76.50456"
SR-102112,Open,Phone,Street Light Out,Street Light Out Request,2/24/2023,2/24/2023,2/24/2023,2/24/2023,Oliver,NORTHWESTERN,3,NORTHWESTERN,454,39.208277,-76.471619,"39.208277, -76.471619"
SR-102113,Open,Phone,Abandoned Vehicle,Abandoned Vehicle Request,2/23/2019,2/23/2019,2/23/2019,2/23/2019,Waverly,CENTRAL,11,CENTRAL,559,39.25616,-76.509774,"39.25616, -76.509774"
SR-102114,Open,Phone,Rat Rubout,Rat Rubout Request,10/28/2021,10/28/2021,10/28/2021,10/28/2021,Johnston Square,NORTHEASTERN,9,NORTHEASTERN,356,39.477808,-76.550496,"39.477808, -76.550496"
SR-102115,Closed,Phone,Rat Rubout,Rat Rubout Request,2/12/2022,2/12/2022,2/12/2022,2/12/2022,Morrell Park,NORTHWESTERN,11,NORTHWESTERN,343,39.46145,-76.394544,"39.46145, -76.394544"
SR-102116,In Progress,Phone,Pothole,Pothole Request,9/5/2022,9/5/2022,9/5/2022,9/5/2022,Sandtown-Winchester,SOUTHERN,1,SOUTHERN,620,39.458018,-76.432098,"39.458018, -76.432098"
SR-102117,Closed,Phone,Dirty Street,Dirty Street Request,11/17/2022,11/17/2022,11/17/2022,11/17/2022,Cherry Hill,NORTHEASTERN,3,NORTHEASTERN,136,39.350461,-76.330711,"39.350461, -76.330711"
SR-102118,In Progress,Phone,Graffiti,Graffiti Request,6/6/2020,6/6/2020,6/6/2020,6/6/2020,Morrell Park,NORTHERN,10,NORTHERN,380,39.201174,-76.38898,"39.201174, -76.38898"
SR-102119,In Progress,Phone,Vacant Building,Vacant Building Request,11/12/2020,11/12/2020,11/12/2020,11/12/2020,Charles Village,NORTHWESTERN,1,NORTHWESTERN,847,39.347334,-76.5754,"39.347334, -76.5754"
SR-102120,In Progress,Phone,Pothole,Pothole Request,3/19/2023,3/19/2023,3/19/2023,3/19/2023,Cherry Hill,EASTERN,1,EASTERN,788,39.250258,-76.573926,"39.250258, -76.573926"
SR-102121,In Progress,Phone,Abandoned Vehicle,Abandoned Vehicle Request,8/20/2020,8/20/2020,8/20/2020,8/20/2020,Hampden,NORTHWESTERN,10,NORTHWESTERN,684,39.453182,-76.348743,"39.453182, -76.348743"
SR-102122,In Progress,Phone,Vacant Building,Vacant Building Request,4/11/2023,4/11/2023,4/11/2023,4/11/2023,Homeland,WESTERN,13,WESTERN,134,39.478509,-76.549349,"39.478509, -76.549349"
SR-102123,In Progress,Phone,Pothole,Pothole Request,5/2/2020,5/2/2020,5/2/2020,5/2/2020,Curtis Bay,NORTHWESTERN,11,NORTHWESTERN,132,39.456704,-76.459665,"39.456704, -76.459665"
SR-102124,Open,Phone,Graffiti,Graffiti Request,9/4/2022,9/4/2022,9/4/2022,9/4/2022,Sandtown-Winchester,NORTHWESTERN,7,NORTHWESTERN,655,39.436091,-76.585233,"39.436091, -76.585233"
SR-102125,In Progress,Phone,Rat Rubout,Rat Rubout Request,7/1/2021,7/1/2021,7/1/2021,7/1/2021,Park Heights,NORTHWESTERN,10,NORTHWESTERN,478,39.467239,-76.431387,"39.467239, -76.431387"
SR-102126,In Progress,Phone,Illegal Dumping,Illegal Dumping Request,11/2/2020,11/2/2020,11/2/2020,11/2/2020,Homeland,WESTERN,13,WESTERN,291,39.23512,-76.492557,"39.23512, -76.492557"
SR-102127,Closed,Phone,Pothole,Pothole Request,7/13/2023,7/13/2023,7/13/2023,7/13/2023,Belair-Edison,CENTRAL,12,CENTRAL,567,39.489117,-76.424986,"39.489117, -76.424986"
SR-102128,Closed,Phone,Street Light Out,Street Light Out Request,5/4/2023,5/4/2023,5/4/2023,5/4/2023,Pen Lucy,SOUTHERN,1,SOUTHERN,340,39.232994,-76.302278,"39.232994, -76.302278"
SR-102129,Closed,Phone,Street Light Out,Street Light Out Request,12/16/2023,12/16/2023,12/16/2023,12/16/2023,Govans,SOUTHERN,11,SOUTHERN,778,39.23775,-76.496826,"39.23775, -76.496826"
SR-102130,In Progress,Phone,Dirty Street,Dirty Street Request,3/11/2019,3/11/2019,3/11/2019,3/11/2019,Charles Village,NORTHEASTERN,12,NORTHEASTERN,308,39.327822,-76.516215,"39.327822, -76.516215"
SR-102131,In Progress,Phone,Street Light Out,Street Light Out Request,12/5/2020,12/5/2020,12/5/2020,12/5/2020,Pigtown,NORTHERN,11,NORTHERN,602,39.362294,-76.401891,"39.362294, -76.401891"
SR-102132,Closed,Phone,Dirty Street,Dirty Street Request,11/28/2021,11/28/2021,11/28/2021,11/28/2021,Upton,SOUTHERN,11,SOUTHERN,735,39.406965,-76.3308,"39.406965, -76.3308"
SR-102133,In Progress,Phone,Vacant Building,Vacant Building Request,8/3/2021,8/3/2021,8/3/2021,8/3/2021,Hampden,WESTERN,8,WESTERN,152,39.331795,-76.339139,"39.331795, -76.339139"
SR-102134,Closed,Phone,Pothole,Pothole Request,10/26/2019,10/26/2019,10/26/2019,10/26/2019,Harlem Park,EASTERN,7,EASTERN,328,39.269654,-76.543403,"39.269654, -76.543403"
SR-102135,In Progress,Phone,Street Light Out,Street Light Out Request,3/4/2023,3/4/2023,3/4/2023,3/4/2023,Roland Park,SOUTHERN,6,SOUTHERN,871,39.253862,-76.520288,"39.253862, -76.520288"
SR-102136,In Progress,Phone,Rat Rubout,Rat Rubout Request,6/18/2021,6/18/2021,6/18/2021,6/18/2021,Clifton Park,NORTHEASTERN,4,NORTHEASTERN,212,39.393716,-76.469833,"39.393716, -76.469833"
SR-102137,In Progress,Phone,Street Light Out,Street Light Out Request,11/8/2021,11/8/2021,11/8/2021,11/8/2021,Eastwood,CENTRAL,6,CENTRAL,411,39.216941,-76.567025,"39.216941, -76.567025"
SR-102138,In Progress,Phone,Rat Rubout,Rat Rubout Request,2/28/2019,2/28/2019,2/28/2019,2/28/2019,Belair-Edison,NORTHERN,6,NORTHERN,726,39.427954,-76.413798,"39.427954, -76.413798"
SR-102139,In Progress,Phone,Parking Complaint,Parking Complaint Request,10/5/2019,10/5/2019,10/5/2019,10/5/2019,Pigtown,WESTERN,2,WESTERN,587,39.297573,-76.425803,"39.297573, -76.425803"
SR-102140,Open,Phone,Vacant Building,Vacant Building Request,11/13/2022,11/13/2022,11/13/2022,11/13/2022,Brooklyn,NORTHWESTERN,2,NORTHWESTERN,323,39.364615,-76.516421,"39.364615, -76.516421"
SR-102141,In Progress,Phone,Pothole,Pothole Request,1/25/2021,1/25/2021,1/25/2021,1/25/2021,Waverly,EASTERN,1,EASTERN,219,39.409983,-76.429953,"39.409983, -76.429953"
SR-102142,In Progress,Phone,Abandoned Vehicle,Abandoned Vehicle Request,7/8/2019,7/8/2019,7/8/2019,7/8/2019,Homeland,NORTHEASTERN,4,NORTHEASTERN,262,39.25435,-76.348676,"39.25435, -76.348676"
SR-102143,In Progress,Phone,Illegal Dumping,Illegal Dumping Request,10/27/2021,10/27/2021,10/27/2021,10/27/2021,Govans,SOUTHERN,11,SOUTHERN,772,39.224088,-76.445848,"39.224088, -76.445848"
SR-102144,In Progress,Phone,Illegal Dumping,Illegal Dumping Request,8/17/2023,8/17/2023,8/17/2023,8/17/2023,Middle East,NORTHEASTERN,8,NORTHEASTERN,712,39.457614,-76.580482,"39.457614, -76.580482"
SR-102145,In Progress,Phone,Rat Rubout,Rat Rubout Request,4/13/2021,4/13/2021,4/13/2021,4/13/2021,Druid Heights,SOUTHERN,11,SOUTHERN,318,39.470899,-76.58776,"39.470899, -76.58776"
SR-102146,In Progress,Phone,Dirty Street,Dirty Street Request,12/9/2023,12/9/2023,12/9/2023,12/9/2023,Pigtown,SOUTHERN,5,SOUTHERN,731,39.261476,-76.307599,"39.261476, -76.307599"
SR-102147,Closed,Phone,Pothole,Pothole Request,1/20/2023,1/20/2023,1/20/2023,1/20/2023,Pigtown,NORTHEASTERN,6,NORTHEASTERN,510,39.486786,-76.47508,"39.486786, -76.47508"
SR-102148,In Progress,Phone,Dead Animal,Dead Animal Request,10/18/2019,10/18/2019,10/18/2019,10/18/2019,Irvington,WESTERN,4,WESTERN,187,39.256462,-76.308557,"39.256462, -76.308557"
SR-102149,Open,Phone,Vacant Building,Vacant Building Request,3/13/2023,3/13/2023,3/13/2023,3/13/2023,Govans,EASTERN,12,EASTERN,343,39.205163,-76.325348,"39.205163, -76.325348"
SR-102150,Open,Phone,Dirty Street,Dirty Street Request,6/1/2022,6/1/2022,6/1/2022,6/1/2022,Pen Lucy,NORTHEASTERN,11,NORTHEASTERN,540,39.445602,-76.429935,"39.445602, -76.429935"
SR-102151,Open,Phone,Street Light Out,Street Light Out Request,2/2/2023,2/2/2023,2/2/2023,2/2/2023,Pigtown,NORTHEASTERN,8,NORTHEASTERN,738,39.233078,-76.427433,"39.233078, -76.427433"
SR-102152,Open,Phone,Dirty Street,Dirty Street Request,1/26/2019,1/26/2019,1/26/2019,1/26/2019,Govans,SOUTHERN,9,SOUTHERN,491,39.248665,-76.348339,"39.248665, -76.348339"
SR-102153,Open,Phone,Illegal Dumping,Illegal Dumping Request,5/19/2022,5/19/2022,5/19/2022,5/19/2022,Park Heights,NORTHWESTERN,4,NORTHWESTERN,708,39.407174,-76.386161,"39.407174, -76.386161"
SR-102154,In Progress,Phone,Parking Complaint,Parking Complaint Request,6/28/2023,6/28/2023,6/28/2023,6/28/2023,Brooklyn,NORTHEASTERN,5,NORTHEASTERN,678,39.315565,-76.384956,"39.315565, -76.384956"
SR-102155,Closed,Phone,Parking Complaint,Parking Complaint Request,9/4/2022,9/4/2022,9/4/2022,9/4/2022,Curtis Bay,SOUTHERN,2,SOUTHERN,107,39.355163,-76.445809,"39.355163, -76.445809"
SR-102156,In Progress,Phone,Dead Animal,Dead Animal Request,7/23/2023,7/23/2023,7/23/2023,7/23/2023,Oliver,CENTRAL,8,CENTRAL,140,39.252751,-76.575723,"39.252751, -76.575723"
SR-102157,In Progress,Phone,Rat Rubout,Rat Rubout Request,1/16/2020,1/16/2020,1/16/2020,1/16/2020,Clifton Park,NORTHERN,3,NORTHERN,355,39.2362,-76.378425,"39.2362, -76.378425"
SR-102158,In Progress,Phone,Graffiti,Graffiti Request,6/17/2021,6/17/2021,6/17/2021,6/17/2021,Pen Lucy,NORTHWESTERN,14,NORTHWESTERN,736,39.225458,-76.377816,"39.225458, -76.377816"
SR-102159,Open,Phone,Parking Complaint,Parking Complaint Request,12/15/2020,12/15/2020,12/15/2020,12/15/2020,Clifton Park,NORTHEASTERN,2,NORTHEASTERN,658,39.22955,-76.491219,"39.22955, -76.491219"
SR-102160,Closed,Phone,Vacant Building,Vacant Building Request,5/10/2023,5/10/2023,5/10/2023,5/10/2023,Sandtown-Winchester,EASTERN,12,EASTERN,119,39.31671,-76.469579,"39.31671, -76.469579"
SR-102161,Open,Phone,Parking Complaint,Parking Complaint Request,6/20/2020,6/20/2020,6/20/2020,6/20/2020,Harlem Park,SOUTHERN,6,SOUTHERN,362,39.29467,-76.572261,"39.29467, -76.572261"
SR-102162,Open,Phone,Dirty Street,Dirty Street Request,9/10/2021,9/10/2021,9/10/2021,9/10/2021,Westport,NORTHERN,2,NORTHERN,709,39.399374,-76.36036,"39.399374, -76.36036"
SR-102163,In Progress,Phone,Pothole,Pothole Request,10/28/2021,10/28/2021,10/28/2021,10/28/2021,Govans,NORTHEASTERN,14,NORTHEASTERN,775,39.491092,-76.579985,"39.491092, -76.579985"
SR-102164,Closed,Phone,Illegal Dumping,Illegal Dumping Request,12/19/2019,12/19/2019,12/19/2019,12/19/2019,Pen Lucy,SOUTHERN,5,SOUTHERN,685,39.291056,-76.406538,"39.291056, -76.406538"
SR-102165,Closed,Phone,Parking Complaint,Parking Complaint Request,3/27/2021,3/27/2021,3/27/2021,3/27/2021,Greenmount West,NORTHWESTERN,14,NORTHWESTERN,729,39.304809,-76.434503,"39.304809, -76.434503"
SR-102166,In Progress,Phone,Pothole,Pothole Request,10/26/2020,10/26/2020,10/26/2020,10/26/2020,Johnston Square,NORTHERN,12,NORTHERN,511,39.337246,-76.47889,"39.337246, -76.47889"
SR-102167,Open,Phone,Abandoned Vehicle,Abandoned Vehicle Request,5/21/2020,5/21/2020,5/21/2020,5/21/2020,Oliver,SOUTHERN,2,SOUTHERN,884,39.204232,-76.347039,"39.204232, -76.347039"
SR-102168,Closed,Phone,Parking Complaint,Parking Complaint Request,10/16/2023,10/16/2023,10/16/2023,10/16/2023,Park Heights,EASTERN,9,EASTERN,167,39.47632,-76.49585,"39.47632, -76.49585"
SR-102169,Closed,Phone,Street Light Out,Street Light Out Request,6/25/2021,6/25/2021,6/25/2021,6/25/2021,Druid Heights,NORTHWESTERN,4,NORTHWESTERN,435,39.331299,-76.529865,"39.331299, -76.529865"
SR-102170,In Progress,Phone,Pothole,Pothole Request,7/24/2023,7/24/2023,7/24/2023,7/24/2023,Harlem Park,CENTRAL,3,CENTRAL,570,39.462319,-76.429354,"39.462319, -76.429354"
SR-102171,Closed,Phone,Dirty Street,Dirty Street Request,7/6/2022,7/6/2022,7/6/2022,7/6/2022,Druid Heights,NORTHERN,7,NORTHERN,101,39.393841,-76.492562,"39.393841, -76.492562"
SR-102172,Open,Phone,Illegal Dumping,Illegal Dumping Request,3/28/2022,3/28/2022,3/28/2022,3/28/2022,Upton,EASTERN,4,EASTERN,230,39.300731,-76.579799,"39.300731, -76.579799"
SR-102173,In Progress,Phone,Vacant Building,Vacant Building Request,4/11/2019,4/11/2019,4/11/2019,4/11/2019,Waverly,EASTERN,14,EASTERN,105,39.481327,-76.352477,"39.481327, -76.352477"
SR-102174,Closed,Phone,Abandoned Vehicle,Abandoned Vehicle Request,3/7/2023,3/7/2023,3/7/2023,3/7/2023,Upton,CENTRAL,1,CENTRAL,270,39.393093,-76.327869,"39.393093, -76.327869"
SR-102175,In Progress,Phone,Parking Complaint,Parking Complaint Request,1/9/2020,1/9/2020,1/9/2020,1/9/2020,Park Heights,NORTHERN,13,NORTHERN,564,39.341314,-76.507339,"39.341314, -76.507339"
SR-102176,Closed,Phone,Graffiti,Graffiti Request,4/8/2021,4/8/2021,4/8/2021,4/8/2021,Druid Heights,WESTERN,9,WESTERN,325,39.302037,-76.511495,"39.302037, -76.511495"
SR-102177,In Progress,Phone,Rat Rubout,Rat Rubout Request,3/27/2022,3/27/2022,3/27/2022,3/27/2022,Park Heights,NORTHERN,11,NORTHERN,209,39.464539,-76.498155,"39.464539, -76.498155"
SR-102178,Closed,Phone,Dead Animal,Dead Animal Request,9/28/2021,9/28/2021,9/28/2021,9/28/2021,Charles Village,WESTERN,2,WESTERN,452,39.313609,-76.431186,"39.313609, -76.431186"
SR-102179,Open,Phone,Rat Rubout,Rat Rubout Request,7/9/2023,7/9/2023,7/9/2023,7/9/2023,Belair-Edison,NORTHERN,7,NORTHERN,298,39.340045,-76.581061,"39.340045, -76.581061"
SR-102180,Closed,Phone,Abandoned Vehicle,Abandoned Vehicle Request,12/2/2020,12/2/2020,12/2/2020,12/2/2020,Clifton Park,WESTERN,9,WESTERN,830,39.248295,-76.469787,"39.248295, -76.469787"
SR-102181,Closed,Phone,Rat Rubout,Rat Rubout Request,8/1/2019,8/1/2019,8/1/2019,8/1/2019,Waverly,WESTERN,14,WESTERN,817,39.246783,-76.301982,"39.246783, -76.301982"
SR-102182,Open,Phone,Graffiti,Graffiti Request,6/16/2021,6/16/2021,6/16/2021,6/16/2021,Homeland,NORTHERN,13,NORTHERN,476,39.46931,-76.315624,"39.46931, -76.315624"
SR-102183,Closed,Phone,Dead Animal,Dead Animal Request,9/18/2019,9/18/2019,9/18/2019,9/18/2019,Druid Heights,NORTHWESTERN,2,NORTHWESTERN,580,39.28711,-76.343536,"39.28711, -76.343536"
SR-102184,Open,Phone,Illegal Dumping,Illegal Dumping Request,10/10/2019,10/10/2019,10/10/2019,10/10/2019,Morrell Park,CENTRAL,7,CENTRAL,854,39.38885,-76.335167,"39.38885, -76.335167"
SR-102185,Closed,Phone,Parking Complaint,Parking Complaint Request,3/12/2022,3/12/2022,3/12/2022,3/12/2022,Govans,WESTERN,8,WESTERN,225,39.335394,-76.569021,"39.335394, -76.569021"
SR-102186,Open,Phone,Street Light Out,Street Light Out Request,4/10/2019,4/10/2019,4/10/2019,4/10/2019,Guilford,NORTHWESTERN,8,NORTHWESTERN,448,39.407587,-76.563358,"39.407587, -76.563358"
SR-102187,Closed,Phone,Pothole,Pothole Request,12/6/2023,12/6/2023,12/6/2023,12/6/2023,Govans,SOUTHERN,5,SOUTHERN,282,39.214192,-76.56086,"39.214192, -76.56086"
SR-102188,Open,Phone,Vacant Building,Vacant Building Request,2/13/2022,2/13/2022,2/13/2022,2/13/2022,Belair-Edison,NORTHWESTERN,12,NORTHWESTERN,297,39.268398,-76.534838,"39.268398, -76.534838"
SR-102189,In Progress,Phone,Dirty Street,Dirty Street Request,2/26/2021,2/26/2021,2/26/2021,2/26/2021,Guilford,NORTHERN,3,NORTHERN,167,39.386062,-76.411935,"39.386062, -76.411935"
SR-102190,Closed,Phone,Street Light Out,Street Light Out Request,3/20/2021,3/20/2021,3/20/2021,3/20/2021,Upton,NORTHEASTERN,13,NORTHEASTERN,730,39.425588,-76.597385,"39.425588, -76.597385"
SR-102191,Closed,Phone,Parking Complaint,Parking Complaint Request,4/24/2023,4/24/2023,4/24/2023,4/24/2023,Hampden,CENTRAL,5,CENTRAL,228,39.443553,-76.471311,"39.443553, -76.471311"
SR-102192,Closed,Phone,Street Light Out,Street Light Out Request,12/25/2019,12/25/2019,12/25/2019,12/25/2019,Harlem Park,CENTRAL,14,CENTRAL,351,39.476052,-76.349515,"39.476052, -76.349515"
SR-102193,Closed,Phone,Pothole,Pothole Request,1/20/2019,1/20/2019,1/20/2019,1/20/2019,Upton,NORTHEASTERN,7,NORTHEASTERN,136,39.486725,-76.370206,"39.486725, -76.370206"
SR-102194,Closed,Phone,Vacant Building,Vacant Building Request,3/21/2021,3/21/2021,3/21/2021,3/21/2021,Harlem Park,NORTHERN,7,NORTHERN,647,39.37562,-76.351584,"39.37562, -76.351584"
SR-102195,Closed,Phone,Rat Rubout,Rat Rubout Request,2/1/2021,2/1/2021,2/1/2021,2/1/2021,Waverly,EASTERN,8,EASTERN,802,39.452559,-76.492505,"39.452559, -76.492505"
SR-102196,In Progress,Phone,Rat Rubout,Rat Rubout Request,8/25/2020,8/25/2020,8/25/2020,8/25/2020,Clifton Park,NORTHWESTERN,3,NORTHWESTERN,855,39.269029,-76.427891,"39.269029, -76.427891"
SR-102197,Closed,Phone,Abandoned Vehicle,Abandoned Vehicle Request,6/26/2020,6/26/2020,6/26/2020,6/26/2020,Irvington,NORTHEASTERN,9,NORTHEASTERN,122,39.292251,-76.441359,"39.292251, -76.441359"
SR-102198,In Progress,Phone,Parking Complaint,Parking Complaint Request,10/27/2022,10/27/2022,10/27/2022,10/27/2022,Oliver,NORTHERN,7,NORTHERN,422,39.307069,-76.458065,"39.307069, -76.458065"
SR-102199,Closed,Phone,Rat Rubout,Rat Rubout Request,6/20/2023,6/20/2023,6/20/2023,6/20/2023,Westport,NORTHWESTERN,4,NORTHWESTERN,880,39.370046,-76.523107,"39.370046, -76.523107"
SR-102200,Closed,Phone,Vacant Building,Vacant Building Request,6/22/2021,6/22/2021,6/22/2021,6/22/2021,Upton,NORTHWESTERN,11,NORTHWESTERN,167,39.336073,-76.42541,"39.336073, -76.42541"
SR-102201,Open,Phone,Street Light Out,Street Light Out Request,12/17/2019,12/17/2019,12/17/2019,12/17/2019,Upton,EASTERN,9,EASTERN,261,39.363239,-76.315442,"39.363239, -76.315442"
SR-102202,Open,Phone,Vacant Building,Vacant Building Request,11/23/2020,11/23/2020,11/23/2020,11/23/2020,Belair-Edison,NORTHWESTERN,5,NORTHWESTERN,564,39.390306,-76.360504,"39.390306, -76.360504"
SR-102203,In Progress,Phone,Illegal Dumping,Illegal Dumping Request,9/10/2021,9/10/2021,9/10/2021,9/10/2021,Waverly,NORTHERN,10,NORTHERN,852,39.435549,-76.481476,"39.435549, -76.481476"
SR-102204,Open,Phone,Abandoned Vehicle,Abandoned Vehicle Request,2/23/2021,2/23/2021,2/23/2021,2/23/2021,Westport,SOUTHERN,3,SOUTHERN,735,39.235416,-76.489606,"39.235416, -76.489606"
SR-102205,Open,Phone,Pothole,Pothole Request,5/5/2019,5/5/2019,5/5/2019,5/5/2019,Guilford,WESTERN,13,WESTERN,693,39.343895,-76.534175,"39.343895, -76.534175"
SR-102206,Open,Phone,Parking Complaint,Parking Complaint Request,9/5/2020,9/5/2020,9/5/2020,9/5/2020,Upton,SOUTHERN,2,SOUTHERN,884,39.43573,-76.401062,"39.43573, -76.401062"
SR-102207,Open,Phone,Illegal Dumping,Illegal Dumping Request,6/11/2023,6/11/2023,6/11/2023,6/11/2023,Belair-Edison,NORTHWESTERN,3,NORTHWESTERN,443,39.421937,-76.314657,"39.421937, -76.314657"
SR-102208,Closed,Phone,Pothole,Pothole Request,4/15/2019,4/15/2019,4/15/2019,4/15/2019,Guilford,WESTERN,8,WESTERN,753,39.44723,-76.361808,"39.44723, -76.361808"
SR-102209,In Progress,Phone,Street Light Out,Street Light Out Request,1/20/2020,1/20/2020,1/20/2020,1/20/2020,Mount Washington,CENTRAL,10,CENTRAL,726,39.368491,-76.527641,"39.368491, -76.527641"
SR-102210,Open,Phone,Abandoned Vehicle,Abandoned Vehicle Request,7/18/2021,7/18/2021,7/18/2021,7/18/2021,Guilford,NORTHWESTERN,4,NORTHWESTERN,676,39.21526,-76.456337,"39.21526, -76.456337"
SR-102211,In Progress,Phone,Dirty Street,Dirty Street Request,2/25/2023,2/25/2023,2/25/2023,2/25/2023,Druid Heights,NORTHERN,3,NORTHERN,629,39.485556,-76.435298,"39.485556, -76.435298"
SR-102212,In Progress,Phone,Dead Animal,Dead Animal Request,2/17/2023,2/17/2023,2/17/2023,2/17/2023,Hampden,CENTRAL,1,CENTRAL,553,39.465006,-76.382993,"39.465006, -76.382993"
SR-102213,In Progress,Phone,Illegal Dumping,Illegal Dumping Request,5/18/2023,5/18/2023,5/18/2023,5/18/2023,Curtis Bay,WESTERN,7,WESTERN,621,39.301918,-76.491026,"39.301918, -76.491026"
SR-102214,Open,Phone,Parking Complaint,Parking Complaint Request,11/3/2019,11/3/2019,11/3/2019,11/3/2019,Druid Heights,SOUTHERN,6,SOUTHERN,504,39.239934,-76.309245,"39.239934, -76.309245"
SR-102215,Open,Phone,Parking Complaint,Parking Complaint Request,3/3/2022,3/3/2022,3/3/2022,3/3/2022,Charles Village,CENTRAL,12,CENTRAL,281,39.477791,-76.397526,"39.477791, -76.397526"
SR-102216,Open,Phone,Illegal Dumping,Illegal Dumping Request,2/10/2023,2/10/2023,2/10/2023,2/10/2023,Westport,NORTHWESTERN,6,NORTHWESTERN,185,39.32286,-76.352323,"39.32286, -76.352323"
SR-102217,Open,Phone,Illegal Dumping,Illegal Dumping Request,10/20/2021,10/20/2021,10/20/2021,10/20/2021,Pen Lucy,NORTHERN,5,NORTHERN,365,39.261081,-76.589508,"39.261081, -76.589508"
SR-102218,Open,Phone,Illegal Dumping,Illegal Dumping Request,4/18/2020,4/18/2020,4/18/2020,4/18/2020,Govans,CENTRAL,1,CENTRAL,191,39.297298,-76.499907,"39.297298, -76.499907"
SR-102219,In Progress,Phone,Rat Rubout,Rat Rubout Request,3/3/2020,3/3/2020,3/3/2020,3/3/2020,Belair-Edison,CENTRAL,9,CENTRAL,202,39.394114,-76.449164,"39.394114, -76.449164"
SR-102220,In Progress,Phone,Dead Animal,Dead Animal Request,1/12/2020,1/12/2020,1/12/2020,1/12/2020,Brooklyn,NORTHEASTERN,10,NORTHEASTERN,829,39.216774,-76.427821,"39.216774, -76.427821"
SR-102221,In Progress,Phone,Abandoned Vehicle,Abandoned Vehicle Request,12/5/2023,12/5/2023,12/5/2023,12/5/2023,Curtis Bay,NORTHEASTERN,12,NORTHEASTERN,416,39.245461,-76.588125,"39.245461, -76.588125"
SR-102222,In Progress,Phone,Street Light Out,Street Light Out Request,7/14/2022,7/14/2022,7/14/2022,7/14/2022,Roland Park,NORTHEASTERN,14,NORTHEASTERN,796,39.213688,-76.360383,"39.213688, -76.360383"
SR-102223,In Progress,Phone,Abandoned Vehicle,Abandoned Vehicle Request,4/23/2023,4/23/2023,4/23/2023,4/23/2023,Govans,NORTHERN,7,NORTHERN,559,39.365809,-76.486555,"39.365809, -76.486555"
SR-102224,In Progress,Phone,Street Light Out,Street Light Out Request,11/1/2019,11/1/2019,11/1/2019,11/1/2019,Westport,NORTHEASTERN,14,NORTHEASTERN,400,39.346322,-76.501677,"39.346322, -76.501677"
SR-102225,In Progress,Phone,Dirty Street,Dirty Street Request,3/12/2022,3/12/2022,3/12/2022,3/12/2022,Morrell Park,CENTRAL,2,CENTRAL,244,39.305011,-76.594533,"39.305011, -76.594533"
SR-102226,Closed,Phone,Graffiti,Graffiti Request,6/7/2021,6/7/2021,6/7/2021,6/7/2021,Upton,NORTHWESTERN,11,NORTHWESTERN,303,39.248538,-76.533476,"39.248538, -76.533476"
SR-102227,In Progress,Phone,Dead Animal,Dead Animal Request,7/14/2021,7/14/2021,7/14/2021,7/14/2021,Greenmount West,CENTRAL,11,CENTRAL,436,39.339503,-76.472143,"39.339503, -76.472143"
SR-102228,Closed,Phone,Graffiti,Graffiti Request,5/1/2021,5/1/2021,5/1/2021,5/1/2021,Hampden,EASTERN,2,EASTERN,175,39.280362,-76.547354,"39.280362, -76.547354"
SR-102229,In Progress,Phone,Street Light Out,Street Light Out Request,6/25/2021,6/25/2021,6/25/2021,6/25/2021,Irvington,CENTRAL,6,CENTRAL,483,39.254163,-76.333078,"39.254163, -76.333078"
SR-102230,In Progress,Phone,Rat Rubout,Rat Rubout Request,2/13/2020,2/13/2020,2/13/2020,2/13/2020,Park Heights,NORTHWESTERN,6,NORTHWESTERN,424,39.451946,-76.336232,"39.451946, -76.336232"
SR-102231,Open,Phone,Pothole,Pothole Request,10/10/2022,10/10/2022,10/10/2022,10/10/2022,Sandtown-Winchester,NORTHWESTERN,4,NORTHWESTERN,844,39.305792,-76.443143,"39.305792, -76.443143"
SR-102232,In Progress,Phone,Rat Rubout,Rat Rubout Request,3/5/2022,3/5/2022,3/5/2022,3/5/2022,Govans,NORTHEASTERN,4,NORTHEASTERN,693,39.284578,-76.426532,"39.284578, -76.426532"
SR-102233,In Progress,Phone,Parking Complaint,Parking Complaint Request,11/18/2023,11/18/2023,11/18/2023,11/18/2023,Belair-Edison,NORTHERN,9,NORTHERN,114,39.462947,-76.448368,"39.462947, -76.448368"
SR-102234,Open,Phone,Abandoned Vehicle,Abandoned Vehicle Request,11/22/2022,11/22/2022,11/22/2022,11/22/2022,Druid Heights,NORTHEASTERN,5,NORTHEASTERN,851,39.359071,-76.514471,"39.359071, -76.514471"
SR-102235,Closed,Phone,Parking Complaint,Parking Complaint Request,3/22/2021,3/22/2021,3/22/2021,3/22/2021,Brooklyn,NORTHEASTERN,13,NORTHEASTERN,197,39.230966,-76.523624,"39.230966, -76.523624"
SR-102236,Closed,Phone,Street Light Out,Street Light Out Request,11/15/2020,11/15/2020,11/15/2020,11/15/2020,Greenmount West,NORTHERN,5,NORTHERN,822,39.391395,-76.45102,"39.391395, -76.45102"
SR-102237,In Progress,Phone,Illegal Dumping,Illegal Dumping Request,11/27/2019,11/27/2019,11/27/2019,11/27/2019,Belair-Edison,NORTHEASTERN,5,NORTHEASTERN,104,39.215883,-76.40505,"39.215883, -76.40505"
SR-102238,In Progress,Phone,Street Light Out,Street Light Out Request,10/8/2023,10/8/2023,10/8/2023,10/8/2023,Roland Park,EASTERN,14,EASTERN,185,39.342106,-76.431716,"39.342106, -76.431716"
SR-102239,Closed,Phone,Illegal Dumping,Illegal Dumping Request,6/19/2023,6/19/2023,6/19/2023,6/19/2023,Harlem Park,SOUTHERN,6,SOUTHERN,371,39.431688,-76.592581,"39.431688, -76.592581"
SR-102240,Open,Phone,Rat Rubout,Rat Rubout Request,9/25/2021,9/25/2021,9/25/2021,9/25/2021,Cherry Hill,NORTHERN,2,NORTHERN,886,39.284775,-76.586786,"39.284775, -76.586786"
SR-102241,In Progress,Phone,Rat Rubout,Rat Rubout Request,5/1/2019,5/1/2019,5/1/2019,5/1/2019,Westport,EASTERN,9,EASTERN,574,39.457861,-76.327774,"39.457861, -76.327774"
SR-102242,Closed,Phone,Illegal Dumping,Illegal Dumping Request,6/28/2023,6/28/2023,6/28/2023,6/28/2023,Oliver,NORTHERN,10,NORTHERN,264,39.409439,-76.479825,"39.409439, -76.479825"
SR-102243,Open,Phone,Dirty Street,Dirty Street Request,11/7/2019,11/7/2019,11/7/2019,11/7/2019,Belair-Edison,WESTERN,9,WESTERN,636,39.210161,-76.58108,"39.210161, -76.58108"
SR-102244,Open,Phone,Parking Complaint,Parking Complaint Request,5/23/2019,5/23/2019,5/23/2019,5/23/2019,Westport,CENTRAL,13,CENTRAL,738,39.406887,-76.531073,"39.406887, -76.531073"
SR-102245,In Progress,Phone,Dirty Street,Dirty Street Request,8/25/2021,8/25/2021,8/25/2021,8/25/2021,Pen Lucy,WESTERN,6,WESTERN,770,39.230018,-76.569258,"39.230018, -76.569258"
SR-102246,Closed,Phone,Street Light Out,Street Light Out Request,9/10/2020,9/10/2020,9/10/2020,9/10/2020,Waverly,WESTERN,8,WESTERN,567,39.463824,-76.30003,"39.463824, -76.30003"
SR-102247,Open,Phone,Vacant Building,Vacant Building Request,6/8/2022,6/8/2022,6/8/2022,6/8/2022,Pigtown,NORTHEASTERN,13,NORTHEASTERN,551,39.475291,-76.379504,"39.475291, -76.379504"
SR-102248,Open,Phone,Graffiti,Graffiti Request,4/22/2022,4/22/2022,4/22/2022,4/22/2022,Berea,SOUTHERN,2,SOUTHERN,768,39.313374,-76.529034,"39.313374, -76.529034"
SR-102249,In Progress,Phone,Illegal Dumping,Illegal Dumping Request,7/26/2019,7/26/2019,7/26/2019,7/26/2019,Pen Lucy,NORTHEASTERN,3,NORTHEASTERN,418,39.376296,-76.488542,"39.376296, -76.488542"
SR-102250,Open,Phone,Vacant Building,Vacant Building Request,7/17/2019,7/17/2019,7/17/2019,7/17/2019,Upton,EASTERN,7,EASTERN,753,39.347207,-76.550819,"39.347207, -76.550819"
SR-102251,Closed,Phone,Pothole,Pothole Request,3/11/2020,3/11/2020,3/11/2020,3/11/2020,Curtis Bay,SOUTHERN,3,SOUTHERN,773,39.236768,-76.575434,"39.236768, -76.575434"
SR-102252,In Progress,Phone,Graffiti,Graffiti Request,9/7/2023,9/7/2023,9/7/2023,9/7/2023,Hampden,NORTHERN,13,NORTHERN,169,39.435484,-76.428516,"39.435484, -76.428516"
SR-102253,In Progress,Phone,Abandoned Vehicle,Abandoned Vehicle Request,2/3/2019,2/3/2019,2/3/2019,2/3/2019,Pigtown,NORTHEASTERN,8,NORTHEASTERN,412,39.213634,-76.5755,"39.213634, -76.5755"
SR-102254,In Progress,Phone,Street Light Out,Street Light Out Request,2/11/2023,2/11/2023,2/11/2023,2/11/2023,Johnston Square,SOUTHERN,10,SOUTHERN,380,39.370599,-76.571058,"39.370599, -76.571058"
SR-102255,Closed,Phone,Graffiti,Graffiti Request,9/2/2020,9/2/2020,9/2/2020,9/2/2020,Roland Park,NORTHWESTERN,12,NORTHWESTERN,651,39.251844,-76.503366,"39.251844, -76.503366"
SR-102256,In Progress,Phone,Pothole,Pothole Request,12/1/2022,12/1/2022,12/1/2022,12/1/2022,Belair-Edison,SOUTHERN,3,SOUTHERN,572,39.424828,-76.58704,"39.424828, -76.58704"
SR-102257,In Progress,Phone,Dead Animal,Dead Animal Request,8/9/2021,8/9/2021,8/9/2021,8/9/2021,Middle East,CENTRAL,6,CENTRAL,381,39.322916,-76.513569,"39.322916, -76.513569"
SR-102258,Closed,Phone,Abandoned Vehicle,Abandoned Vehicle Request,11/15/2021,11/15/2021,11/15/2021,11/15/2021,Cherry Hill,CENTRAL,11,CENTRAL,426,39.315851,-76.336619,"39.315851, -76.336619"
SR-102259,Open,Phone,Dirty Street,Dirty Street Request,7/13/2021,7/13/2021,7/13/2021,7/13/2021,Homeland,NORTHERN,1,NORTHERN,595,39.387756,-76.323446,"39.387756, -76.323446"
SR-102260,Closed,Phone,Abandoned Vehicle,Abandoned Vehicle Request,10/15/2020,10/15/2020,10/15/2020,10/15/2020,Charles Village,CENTRAL,12,CENTRAL,218,39.43511,-76.367861,"39.43511, -76.367861"
SR-102261,Open,Phone,Dead Animal,Dead Animal Request,1/17/2022,1/17/2022,1/17/2022,1/17/2022,Guilford,WESTERN,13,WESTERN,850,39.262426,-76.307803,"39.262426, -76.307803"
SR-102262,Open,Phone,Pothole,Pothole Request,10/15/2020,10/15/2020,10/15/2020,10/15/2020,Pigtown,SOUTHERN,11,SOUTHERN,120,39.364681,-76.429127,"39.364681, -76.429127"
SR-102263,Open,Phone,Dirty Street,Dirty Street Request,12/11/2023,12/11/2023,12/11/2023,12/11/2023,Pen Lucy,NORTHWESTERN,9,NORTHWESTERN,410,39.350484,-76.313088,"39.350484, -76.313088"
SR-102264,Closed,Phone,Parking Complaint,Parking Complaint Request,8/17/2020,8/17/2020,8/17/2020,8/17/2020,Pigtown,NORTHEASTERN,9,NORTHEASTERN,834,39.407669,-76.402294,"39.407669, -76.402294"
SR-102265,In Progress,Phone,Vacant Building,Vacant Building Request,5/4/2023,5/4/2023,5/4/2023,5/4/2023,Hampden,SOUTHERN,1,SOUTHERN,370,39.442288,-76.462661,"39.442288, -76.462661"
SR-102266,Closed,Phone,Street Light Out,Street Light Out Request,2/12/2021,2/12/2021,2/12/2021,2/12/2021,Westport,EASTERN,11,EASTERN,118,39.389894,-76.549979,"39.389894, -76.549979"
SR-102267,Closed,Phone,Dead Animal,Dead Animal Request,1/18/2022,1/18/2022,1/18/2022,1/18/2022,Homeland,NORTHERN,11,NORTHERN,116,39.405037,-76.556034,"39.405037, -76.556034"
SR-102268,In Progress,Phone,Pothole,Pothole Request,10/16/2020,10/16/2020,10/16/2020,10/16/2020,Sandtown-Winchester,CENTRAL,13,CENTRAL,665,39.326374,-76.455483,"39.326374, -76.455483"
SR-102269,In Progress,Phone,Illegal Dumping,Illegal Dumping Request,7/11/2021,7/11/2021,7/11/2021,7/11/2021,Belair-Edison,CENTRAL,3,CENTRAL,285,39.260759,-76.417114,"39.260759, -76.417114"
SR-102270,Closed,Phone,Parking Complaint,Parking Complaint Request,9/18/2020,9/18/2020,9/18/2020,9/18/2020,Cherry Hill,NORTHEASTERN,6,NORTHEASTERN,649,39.387029,-76.538561,"39.387029, -76.538561"
SR-102271,Closed,Phone,Abandoned Vehicle,Abandoned Vehicle Request,12/5/2020,12/5/2020,12/5/2020,12/5/2020,Homeland,NORTHWESTERN,5,NORTHWESTERN,241,39.348466,-76.532349,"39.348466, -76.532349"
SR-102272,Closed,Phone,Rat Rubout,Rat Rubout Request,1/17/2022,1/17/2022,1/17/2022,1/17/2022,Pigtown,NORTHEASTERN,2,NORTHEASTERN,360,39.357512,-76.406717,"39.357512, -76.406717"
SR-102273,Open,Phone,Rat Rubout,Rat Rubout Request,11/20/2023,11/20/2023,11/20/2023,11/20/2023,Charles Village,WESTERN,11,WESTERN,268,39.481285,-76.549974,"39.481285, -76.549974"
SR-102274,In Progress,Phone,Vacant Building,Vacant Building Request,3/6/2020,3/6/2020,3/6/2020,3/6/2020,Brooklyn,CENTRAL,7,CENTRAL,222,39.327492,-76.342663,"39.327492, -76.342663"
SR-102275,Closed,Phone,Rat Rubout,Rat Rubout Request,8/3/2023,8/3/2023,8/3/2023,8/3/2023,Irvington,WESTERN,7,WESTERN,301,39.412163,-76.370174,"39.412163, -76.370174"
SR-102276,Open,Phone,Illegal Dumping,Illegal Dumping Request,11/8/2020,11/8/2020,11/8/2020,11/8/2020,Belair-Edison,NORTHEASTERN,3,NORTHEASTERN,182,39.414704,-76.395722,"39.414704, -76.395722"
SR-102277,Open,Phone,Vacant Building,Vacant Building Request,11/12/2021,11/12/2021,11/12/2021,11/12/2021,Charles Village,SOUTHERN,1,SOUTHERN,831,39.33398,-76.5537,"39.33398, -76.5537"
SR-102278,In Progress,Phone,Dirty Street,Dirty Street Request,9/20/2021,9/20/2021,9/20/2021,9/20/2021,Harlem Park,NORTHERN,13,NORTHERN,360,39.497278,-76.359358,"39.497278, -76.359358"
SR-102279,Open,Phone,Dead Animal,Dead Animal Request,10/22/2021,10/22/2021,10/22/2021,10/22/2021,Cherry Hill,NORTHWESTERN,9,NORTHWESTERN,473,39.209553,-76.452515,"39.209553, -76.452515"
SR-102280,Open,Phone,Vacant Building,Vacant Building Request,4/26/2023,4/26/2023,4/26/2023,4/26/2023,Clifton Park,NORTHEASTERN,1,NORTHEASTERN,869,39.453983,-76.556483,"39.453983, -76.556483"
SR-102281,In Progress,Phone,Rat Rubout,Rat Rubout Request,11/1/2022,11/1/2022,11/1/2022,11/1/2022,Roland Park,NORTHEASTERN,8,NORTHEASTERN,599,39.273957,-76.408282,"39.273957, -76.408282"
SR-102282,Open,Phone,Rat Rubout,Rat Rubout Request,8/25/2022,8/25/2022,8/25/2022,8/25/2022,Curtis Bay,EASTERN,8,EASTERN,195,39.306719,-76.444357,"39.306719, -76.444357"
SR-102283,Closed,Phone,Dead Animal,Dead Animal Request,8/27/2021,8/27/2021,8/27/2021,8/27/2021,Guilford,CENTRAL,9,CENTRAL,316,39.269784,-76.301254,"39.269784, -76.301254"
SR-102284,Closed,Phone,Rat Rubout,Rat Rubout Request,1/6/2023,1/6/2023,1/6/2023,1/6/2023,Oliver,NORTHERN,10,NORTHERN,398,39.41701,-76.302378,"39.41701, -76.302378"
SR-102285,In Progress,Phone,Vacant Building,Vacant Building Request,6/14/2019,6/14/2019,6/14/2019,6/14/2019,Waverly,CENTRAL,13,CENTRAL,207,39.403713,-76.462451,"39.403713, -76.462451"
SR-102286,Closed,Phone,Abandoned Vehicle,Abandoned Vehicle Request,12/17/2022,12/17/2022,12/17/2022,12/17/2022,Irvington,NORTHWESTERN,8,NORTHWESTERN,720,39.422941,-76.329555,"39.422941, -76.329555"
SR-102287,Closed,Phone,Dirty Street,Dirty Street Request,5/18/2020,5/18/2020,5/18/2020,5/18/2020,Clifton Park,EASTERN,3,EASTERN,368,39.439271,-76.494048,"39.439271, -76.494048"
SR-102288,Closed,Phone,Street Light Out,Street Light Out Request,6/14/2022,6/14/2022,6/14/2022,6/14/2022,Eastwood,NORTHWESTERN,8,NORTHWESTERN,254,39.414989,-76.330613,"39.414989, -76.330613"
SR-102289,Closed,Phone,Graffiti,Graffiti Request,12/23/2022,12/23/2022,12/23/2022,12/23/2022,Harlem Park,NORTHEASTERN,6,NORTHEASTERN,440,39.233702,-76.503646,"39.233702, -76.503646"
SR-102290,Open,Phone,Street Light Out,Street Light Out Request,8/28/2022,8/28/2022,8/28/2022,8/28/2022,Pen Lucy,EASTERN,7,EASTERN,564,39.274339,-76.566436,"39.274339, -76.566436"
SR-102291,In Progress,Phone,Dirty Street,Dirty Street Request,5/23/2021,5/23/2021,5/23/2021,5/23/2021,Pen Lucy,SOUTHERN,1,SOUTHERN,826,39.437057,-76.430904,"39.437057, -76.430904"
SR-102292,Open,Phone,Rat Rubout,Rat Rubout Request,8/21/2022,8/21/2022,8/21/2022,8/21/2022,Oliver,NORTHEASTERN,9,NORTHEASTERN,153,39.468858,-76.378435,"39.468858, -76.378435"
SR-102293,In Progress,Phone,Abandoned Vehicle,Abandoned Vehicle Request,5/25/2020,5/25/2020,5/25/2020,5/25/2020,Curtis Bay,NORTHEASTERN,1,NORTHEASTERN,109,39.265733,-76.397085,"39.265733, -76.397085"
SR-102294,In Progress,Phone,Street Light Out,Street Light Out Request,5/4/2020,5/4/2020,5/4/2020,5/4/2020,Berea,NORTHWESTERN,6,NORTHWESTERN,823,39.441613,-76.563878,"39.441613, -76.563878"
SR-102295,In Progress,Phone,Dead Animal,Dead Animal Request,4/20/2019,4/20/2019,4/20/2019,4/20/2019,Park Heights,NORTHERN,9,NORTHERN,110,39.216432,-76.347951,"39.216432, -76.347951"
SR-102296,Closed,Phone,Dead Animal,Dead Animal Request,5/7/2021,5/7/2021,5/7/2021,5/7/2021,Brooklyn,NORTHERN,3,NORTHERN,828,39.332307,-76.533986,"39.332307, -76.533986"
SR-102297,In Progress,Phone,Rat Rubout,Rat Rubout Request,5/18/2019,5/18/2019,5/18/2019,5/18/2019,Morrell Park,SOUTHERN,8,SOUTHERN,818,39.232498,-76.415067,"39.232498, -76.415067"
SR-102298,Closed,Phone,Abandoned Vehicle,Abandoned Vehicle Request,8/8/2023,8/8/2023,8/8/2023,8/8/2023,Pimlico,WESTERN,14,WESTERN,592,39.392643,-76.560048,"39.392643, -76.560048"
SR-102299,In Progress,Phone,Dead Animal,Dead Animal Request,10/5/2023,10/5/2023,10/5/2023,10/5/2023,Middle East,NORTHEASTERN,10,NORTHEASTERN,652,39.464764,-76.389834,"39.464764, -76.389834"
SR-102300,Closed,Phone,Parking Complaint,Parking Complaint Request,2/21/2023,2/21/2023,2/21/2023,2/21/2023,Govans,NORTHWESTERN,7,NORTHWESTERN,571,39.253556,-76.51707,"39.253556, -76.51707"
SR-102301,Closed,Phone,Rat Rubout,Rat Rubout Request,1/25/2020,1/25/2020,1/25/2020,1/25/2020,Berea,EASTERN,2,EASTERN,685,39.219075,-76.483748,"39.219075, -76.483748"
SR-102302,Closed,Phone,Street Light Out,Street Light Out Request,7/16/2023,7/16/2023,7/16/2023,7/16/2023,Charles Village,SOUTHERN,9,SOUTHERN,867,39.39471,-76.390444,"39.39471, -76.390444"
SR-102303,Open,Phone,Dirty Street,Dirty Street Request,5/27/2021,5/27/2021,5/27/2021,5/27/2021,Greenmount West,NORTHERN,2,NORTHERN,143,39.219277,-76.436288,"39.219277, -76.436288"
SR-102304,Open,Phone,Abandoned Vehicle,Abandoned Vehicle Request,11/6/2021,11/6/2021,11/6/2021,11/6/2021,Druid Heights,SOUTHERN,4,SOUTHERN,115,39.296879,-76.33364,"39.296879, -76.33364"
SR-102305,In Progress,Phone,Street Light Out,Street Light Out Request,12/2/2023,12/2/2023,12/2/2023,12/2/2023,Guilford,NORTHEASTERN,3,NORTHEASTERN,329,39.240671,-76.449052,"39.240671, -76.449052"
SR-102306,Open,Phone,Abandoned Vehicle,Abandoned Vehicle Request,11/24/2020,11/24/2020,11/24/2020,11/24/2020,Sandtown-Winchester,NORTHWESTERN,6,NORTHWESTERN,262,39.345438,-76.328102,"39.345438, -76.328102"
SR-102307,In Progress,Phone,Abandoned Vehicle,Abandoned Vehicle Request,3/16/2021,3/16/2021,3/16/2021,3/16/2021,Druid Heights,CENTRAL,12,CENTRAL,372,39.272415,-76.340416,"39.272415, -76.340416"
SR-102308,Open,Phone,Dead Animal,Dead Animal Request,12/13/2019,12/13/2019,12/13/2019,12/13/2019,Curtis Bay,SOUTHERN,8,SOUTHERN,875,39.362642,-76.474616,"39.362642, -76.474616"
SR-102309,Open,Phone,Street Light Out,Street Light Out Request,8/5/2023,8/5/2023,8/5/2023,8/5/2023,Pimlico,NORTHERN,9,NORTHERN,817,39.339848,-76.403953,"39.339848, -76.403953"
SR-102310,In Progress,Phone,Vacant Building,Vacant Building Request,6/7/2019,6/7/2019,6/7/2019,6/7/2019,Pigtown,EASTERN,6,EASTERN,753,39.485793,-76.324438,"39.485793, -76.324438"
SR-102311,Open,Phone,Rat Rubout,Rat Rubout Request,1/20/2021,1/20/2021,1/20/2021,1/20/2021,Hampden,EASTERN,9,EASTERN,547,39.26968,-76.3928,"39.26968, -76.3928"
SR-102312,Closed,Phone,Parking Complaint,Parking Complaint Request,9/16/2023,9/16/2023,9/16/2023,9/16/2023,Waverly,CENTRAL,7,CENTRAL,262,39.408511,-76.373008,"39.408511, -76.373008"
SR-102313,Open,Phone,Street Light Out,Street Light Out Request,2/25/2023,2/25/2023,2/25/2023,2/25/2023,Irvington,NORTHWESTERN,1,NORTHWESTERN,433,39.425564,-76.483123,"39.425564, -76.483123"
SR-102314,Closed,Phone,Graffiti,Graffiti Request,1/18/2023,1/18/2023,1/18/2023,1/18/2023,Curtis Bay,NORTHERN,8,NORTHERN,819,39.434629,-76.592999,"39.434629, -76.592999"
SR-102315,In Progress,Phone,Abandoned Vehicle,Abandoned Vehicle Request,2/27/2020,2/27/2020,2/27/2020,2/27/2020,Oliver,WESTERN,11,WESTERN,356,39.419734,-76.538992,"39.419734, -76.538992"
SR-102316,In Progress,Phone,Pothole,Pothole Request,8/22/2023,8/22/2023,8/22/2023,8/22/2023,Upton,WESTERN,6,WESTERN,157,39.262333,-76.544973,"39.262333, -76.544973"
SR-102317,Closed,Phone,Dirty Street,Dirty Street Request,10/7/2019,10/7/2019,10/7/2019,10/7/2019,Guilford,WESTERN,14,WESTERN,364,39.402216,-76.551731,"39.402216, -76.551731"
SR-102318,In Progress,Phone,Illegal Dumping,Illegal Dumping Request,5/22/2021,5/22/2021,5/22/2021,5/22/2021,Clifton Park,SOUTHERN,5,SOUTHERN,593,39.417941,-76.514922,"39.417941, -76.514922"
SR-102319,In Progress,Phone,Abandoned Vehicle,Abandoned Vehicle Request,8/23/2023,8/23/2023,8/23/2023,8/23/2023,Cherry Hill,EASTERN,14,EASTERN,793,39.28705,-76.360881,"39.28705, -76.360881"
SR-102320,Open,Phone,Pothole,Pothole Request,2/15/2022,2/15/2022,2/15/2022,2/15/2022,Guilford,CENTRAL,7,CENTRAL,560,39.322411,-76.482419,"39.322411, -76.482419"
SR-102321,Closed,Phone,Pothole,Pothole Request,12/9/2023,12/9/2023,12/9/2023,12/9/2023,Morrell Park,NORTHERN,4,NORTHERN,583,39.404311,-76.487224,"39.404311, -76.487224"
SR-102322,Open,Phone,Parking Complaint,Parking Complaint Request,3/7/2023,3/7/2023,3/7/2023,3/7/2023,Greenmount West,WESTERN,6,WESTERN,837,39.22562,-76.43176,"39.22562, -76.43176"
SR-102323,Open,Phone,Rat Rubout,Rat Rubout Request,1/18/2020,1/18/2020,1/18/2020,1/18/2020,Irvington,NORTHERN,1,NORTHERN,714,39.457866,-76.451875,"39.457866, -76.451875"
SR-102324,Closed,Phone,Abandoned Vehicle,Abandoned Vehicle Request,2/6/2023,2/6/2023,2/6/2023,2/6/2023,Upton,NORTHWESTERN,13,NORTHWESTERN,831,39.469485,-76.534822,"39.469485, -76.534822"
SR-102325,Open,Phone,Graffiti,Graffiti Request,6/14/2019,6/14/2019,6/14/2019,6/14/2019,Waverly,WESTERN,7,WESTERN,275,39.210081,-76.311981,"39.210081, -76.311981"
SR-102326,In Progress,Phone,Dead Animal,Dead Animal Request,12/4/2021,12/4/2021,12/4/2021,12/4/2021,Cherry Hill,CENTRAL,13,CENTRAL,891,39.257599,-76.474213,"39.257599, -76.474213"
SR-102327,Open,Phone,Abandoned Vehicle,Abandoned Vehicle Request,5/8/2021,5/8/2021,5/8/2021,5/8/2021,Middle East,NORTHERN,9,NORTHERN,360,39.439263,-76.544921,"39.439263, -76.544921"
SR-102328,In Progress,Phone,Abandoned Vehicle,Abandoned Vehicle Request,3/12/2019,3/12/2019,3/12/2019,3/12/2019,Sandtown-Winchester,CENTRAL,3,CENTRAL,147,39.217511,-76.520387,"39.217511, -76.520387"
SR-102329,In Progress,Phone,Graffiti,Graffiti Request,3/17/2023,3/17/2023,3/17/2023,3/17/2023,Morrell Park,NORTHEASTERN,10,NORTHEASTERN,506,39.246045,-76.455558,"39.246045, -76.455558"
SR-102330,In Progress,Phone,Dead Animal,Dead Animal Request,11/15/2022,11/15/2022,11/15/2022,11/15/2022,Eastwood,EASTERN,8,EASTERN,273,39.207802,-76.308543,"39.207802, -76.308543"
SR-102331,In Progress,Phone,Dead Animal,Dead Animal Request,1/20/2021,1/20/2021,1/20/2021,1/20/2021,Irvington,CENTRAL,2,CENTRAL,318,39.462666,-76.457328,"39.462666, -76.457328"
SR-102332,Closed,Phone,Vacant Building,Vacant Building Request,5/17/2023,5/17/2023,5/17/2023,5/17/2023,Oliver,EASTERN,10,EASTERN,853,39.421033,-76.569487,"39.421033, -76.569487"
SR-102333,Closed,Phone,Rat Rubout,Rat Rubout Request,10/28/2023,10/28/2023,10/28/2023,10/28/2023,Govans,EASTERN,10,EASTERN,257,39.287171,-76.502098,"39.287171, -76.502098"
SR-102334,Open,Phone,Illegal Dumping,Illegal Dumping Request,10/24/2021,10/24/2021,10/24/2021,10/24/2021,Sandtown-Winchester,WESTERN,2,WESTERN,683,39.274921,-76.446148,"39.274921, -76.446148"
SR-102335,Open,Phone,Illegal Dumping,Illegal Dumping Request,7/18/2021,7/18/2021,7/18/2021,7/18/2021,Pigtown,NORTHEASTERN,14,NORTHEASTERN,319,39.390148,-76.325991,"39.390148, -76.325991"
SR-102336,Open,Phone,Illegal Dumping,Illegal Dumping Request,2/2/2019,2/2/2019,2/2/2019,2/2/2019,Pen Lucy,SOUTHERN,12,SOUTHERN,722,39.459368,-76.43536,"39.459368, -76.43536"
SR-102337,Open,Phone,Street Light Out,Street Light Out Request,3/28/2020,3/28/2020,3/28/2020,3/28/2020,Irvington,EASTERN,6,EASTERN,148,39.435619,-76.402447,"39.435619, -76.402447"
SR-102338,In Progress,Phone,Graffiti,Graffiti Request,10/8/2021,10/8/2021,10/8/2021,10/8/2021,Belair-Edison,NORTHWESTERN,3,NORTHWESTERN,586,39.398627,-76.334158,"39.398627, -76.334158"
SR-102339,In Progress,Phone,Illegal Dumping,Illegal Dumping Request,5/22/2021,5/22/2021,5/22/2021,5/22/2021,Cherry Hill,SOUTHERN,4,SOUTHERN,797,39.47878,-76.412441,"39.47878, -76.412441"
SR-102340,Closed,Phone,Illegal Dumping,Illegal Dumping Request,6/18/2023,6/18/2023,6/18/2023,6/18/2023,Sandtown-Winchester,EASTERN,8,EASTERN,252,39.27541,-76.471616,"39.27541, -76.471616"
SR-102341,Open,Phone,Rat Rubout,Rat Rubout Request,8/22/2022,8/22/2022,8/22/2022,8/22/2022,Curtis Bay,WESTERN,8,WESTERN,427,39.257378,-76.596719,"39.257378, -76.596719"
SR-102342,Closed,Phone,Parking Complaint,Parking Complaint Request,4/18/2022,4/18/2022,4/18/2022,4/18/2022,Roland Park,NORTHEASTERN,8,NORTHEASTERN,736,39.327864,-76.478698,"39.327864, -76.478698"
SR-102343,In Progress,Phone,Pothole,Pothole Request,10/23/2019,10/23/2019,10/23/2019,10/23/2019,Hampden,SOUTHERN,3,SOUTHERN,273,39.337696,-76.459976,"39.337696, -76.459976"
SR-102344,Open,Phone,Rat Rubout,Rat Rubout Request,8/13/2019,8/13/2019,8/13/2019,8/13/2019,Irvington,CENTRAL,5,CENTRAL,749,39.204505,-76.480011,"39.204505, -76.480011"
SR-102345,Closed,Phone,Abandoned Vehicle,Abandoned Vehicle Request,5/9/2021,5/9/2021,5/9/2021,5/9/2021,Eastwood,NORTHERN,10,NORTHERN,470,39.378528,-76.326141,"39.378528, -76.326141"
SR-102346,Open,Phone,Rat Rubout,Rat Rubout Request,11/27/2019,11/27/2019,11/27/2019,11/27/2019,Govans,SOUTHERN,11,SOUTHERN,377,39.284233,-76.509774,"39.284233, -76.509774"
SR-102347,Open,Phone,Parking Complaint,Parking Complaint Request,9/8/2020,9/8/2020,9/8/2020,9/8/2020,Morrell Park,NORTHWESTERN,14,NORTHWESTERN,707,39.210184,-76.55987,"39.210184, -76.55987"
SR-102348,Open,Phone,Vacant Building,Vacant Building Request,2/22/2019,2/22/2019,2/22/2019,2/22/2019,Curtis Bay,SOUTHERN,11,SOUTHERN,515,39.463444,-76.302419,"39.463444, -76.302419"
SR-102349,In Progress,Phone,Pothole,Pothole Request,4/18/2023,4/18/2023,4/18/2023,4/18/2023,Brooklyn,EASTERN,1,EASTERN,585,39.305036,-76.524044,"39.305036, -76.524044"
SR-102350,In Progress,Phone,Graffiti,Graffiti Request,4/11/2021,4/11/2021,4/11/2021,4/11/2021,Sandtown-Winchester,CENTRAL,2,CENTRAL,548,39.346079,-76.41813,"39.346079, -76.41813"
SR-102351,In Progress,Phone,Vacant Building,Vacant Building Request,1/18/2019,1/18/2019,1/18/2019,1/18/2019,Cherry Hill,EASTERN,11,EASTERN,178,39.297981,-76.539705,"39.297981, -76.539705"
SR-102352,Open,Phone,Graffiti,Graffiti Request,11/19/2022,11/19/2022,11/19/2022,11/19/2022,Charles Village,SOUTHERN,1,SOUTHERN,640,39.429936,-76.473449,"39.429936, -76.473449"
SR-102353,Open,Phone,Illegal Dumping,Illegal Dumping Request,10/16/2023,10/16/2023,10/16/2023,10/16/2023,Berea,CENTRAL,8,CENTRAL,704,39.351691,-76.503991,"39.351691, -76.503991"
SR-102354,Closed,Phone,Parking Complaint,Parking Complaint Request,9/17/2022,9/17/2022,9/17/2022,9/17/2022,Irvington,CENTRAL,1,CENTRAL,738,39.413399,-76.44551,"39.413399, -76.44551"
SR-102355,In Progress,Phone,Rat Rubout,Rat Rubout Request,2/19/2019,2/19/2019,2/19/2019,2/19/2019,Govans,SOUTHERN,5,SOUTHERN,822,39.366106,-76.514251,"39.366106, -76.514251"
SR-102356,In Progress,Phone,Street Light Out,Street Light Out Request,2/16/2020,2/16/2020,2/16/2020,2/16/2020,Oliver,NORTHWESTERN,5,NORTHWESTERN,425,39.498235,-76.370587,"39.498235, -76.370587"
SR-102357,Closed,Phone,Parking Complaint,Parking Complaint Request,11/15/2022,11/15/2022,11/15/2022,11/15/2022,Johnston Square,SOUTHERN,13,SOUTHERN,450,39.211897,-76.369031,"39.211897, -76.369031"
SR-102358,In Progress,Phone,Dead Animal,Dead Animal Request,12/17/2023,12/17/2023,12/17/2023,12/17/2023,Guilford,SOUTHERN,14,SOUTHERN,524,39.293619,-76.362596,"39.293619, -76.362596"
SR-102359,Open,Phone,Illegal Dumping,Illegal Dumping Request,3/28/2020,3/28/2020,3/28/2020,3/28/2020,Westport,NORTHERN,2,NORTHERN,843,39.292453,-76.307766,"39.292453, -76.307766"
SR-102360,Open,Phone,Street Light Out,Street Light Out Request,6/5/2022,6/5/2022,6/5/2022,6/5/2022,Homeland,SOUTHERN,11,SOUTHERN,452,39.21538,-76.574667,"39.21538, -76.574667"
SR-102361,In Progress,Phone,Dirty Street,Dirty Street Request,7/13/2020,7/13/2020,7/13/2020,7/13/2020,Homeland,EASTERN,14,EASTERN,476,39.36133,-76.43805,"39.36133, -76.43805"
SR-102362,Closed,Phone,Rat Rubout,Rat Rubout Request,3/1/2023,3/1/2023,3/1/2023,3/1/2023,Belair-Edison,EASTERN,14,EASTERN,204,39.29772,-76.480586,"39.29772, -76.480586"
SR-102363,Closed,Phone,Parking Complaint,Parking Complaint Request,12/14/2021,12/14/2021,12/14/2021,12/14/2021,Greenmount West,CENTRAL,5,CENTRAL,677,39.492635,-76.47945,"39.492635, -76.47945"
SR-102364,Open,Phone,Illegal Dumping,Illegal Dumping Request,4/16/2020,4/16/2020,4/16/2020,4/16/2020,Charles Village,NORTHWESTERN,9,NORTHWESTERN,633,39.408357,-76.438382,"39.408357, -76.438382"
SR-102365,Closed,Phone,Vacant Building,Vacant Building Request,4/21/2020,4/21/2020,4/21/2020,4/21/2020,Brooklyn,CENTRAL,6,CENTRAL,392,39.374433,-76.404742,"39.374433, -76.404742"
SR-102366,In Progress,Phone,Abandoned Vehicle,Abandoned Vehicle Request,11/6/2023,11/6/2023,11/6/2023,11/6/2023,Middle East,SOUTHERN,13,SOUTHERN,503,39.423603,-76.317753,"39.423603, -76.317753"
SR-102367,Open,Phone,Dirty Street,Dirty Street Request,4/9/2021,4/9/2021,4/9/2021,4/9/2021,Greenmount West,EASTERN,2,EASTERN,135,39.334538,-76.390643,"39.334538, -76.390643"
SR-102368,In Progress,Phone,Graffiti,Graffiti Request,3/28/2019,3/28/2019,3/28/2019,3/28/2019,Morrell Park,NORTHEASTERN,3,NORTHEASTERN,865,39.200036,-76.594125,"39.200036, -76.594125"
SR-102369,In Progress,Phone,Pothole,Pothole Request,2/15/2022,2/15/2022,2/15/2022,2/15/2022,Greenmount West,EASTERN,7,EASTERN,362,39.352439,-76.446569,"39.352439, -76.446569"
SR-102370,Closed,Phone,Parking Complaint,Parking Complaint Request,12/19/2023,12/19/2023,12/19/2023,12/19/2023,Westport,CENTRAL,8,CENTRAL,811,39.491864,-76.556907,"39.491864, -76.556907"
SR-102371,Closed,Phone,Dirty Street,Dirty Street Request,6/1/2022,6/1/2022,6/1/2022,6/1/2022,Oliver,NORTHERN,3,NORTHERN,462,39.428947,-76.319852,"39.428947, -76.319852"
SR-102372,In Progress,Phone,Graffiti,Graffiti Request,3/5/2019,3/5/2019,3/5/2019,3/5/2019,Harlem Park,NORTHERN,4,NORTHERN,567,39.308466,-76.539602,"39.308466, -76.539602"
SR-102373,In Progress,Phone,Street Light Out,Street Light Out Request,8/3/2020,8/3/2020,8/3/2020,8/3/2020,Park Heights,WESTERN,2,WESTERN,484,39.459292,-76.376407,"39.459292, -76.376407"
SR-102374,Closed,Phone,Dead Animal,Dead Animal Request,10/25/2020,10/25/2020,10/25/2020,10/25/2020,Cherry Hill,SOUTHERN,11,SOUTHERN,149,39.359156,-76.567179,"39.359156, -76.567179"
SR-102375,Closed,Phone,Street Light Out,Street Light Out Request,11/2/2022,11/2/2022,11/2/2022,11/2/2022,Charles Village,NORTHERN,5,NORTHERN,415,39.33829,-76.324635,"39.33829, -76.324635"
SR-102376,In Progress,Phone,Parking Complaint,Parking Complaint Request,4/10/2023,4/10/2023,4/10/2023,4/10/2023,Govans,NORTHEASTERN,12,NORTHEASTERN,431,39.279599,-76.564875,"39.279599, -76.564875"
SR-102377,Closed,Phone,Dead Animal,Dead Animal Request,4/4/2023,4/4/2023,4/4/2023,4/4/2023,Sandtown-Winchester,EASTERN,14,EASTERN,798,39.266789,-76.342962,"39.266789, -76.342962"
SR-102378,Closed,Phone,Graffiti,Graffiti Request,8/13/2023,8/13/2023,8/13/2023,8/13/2023,Curtis Bay,SOUTHERN,11,SOUTHERN,130,39.451108,-76.513984,"39.451108, -76.513984"
SR-102379,Closed,Phone,Vacant Building,Vacant Building Request,8/12/2020,8/12/2020,8/12/2020,8/12/2020,Homeland,NORTHERN,12,NORTHERN,854,39.231934,-76.515941,"39.231934, -76.515941"
SR-102380,In Progress,Phone,Rat Rubout,Rat Rubout Request,9/22/2022,9/22/2022,9/22/2022,9/22/2022,Greenmount West,CENTRAL,10,CENTRAL,835,39.256103,-76.314558,"39.256103, -76.314558"
SR-102381,Open,Phone,Rat Rubout,Rat Rubout Request,11/5/2020,11/5/2020,11/5/2020,11/5/2020,Johnston Square,CENTRAL,9,CENTRAL,396,39.317938,-76.552191,"39.317938, -76.552191"
SR-102382,Open,Phone,Illegal Dumping,Illegal Dumping Request,4/12/2022,4/12/2022,4/12/2022,4/12/2022,Pen Lucy,WESTERN,2,WESTERN,244,39.396657,-76.305007,"39.396657, -76.305007"
SR-102383,In Progress,Phone,Graffiti,Graffiti Request,11/26/2023,11/26/2023,11/26/2023,11/26/2023,Upton,CENTRAL,12,CENTRAL,703,39.278764,-76.396976,"39.278764, -76.396976"
SR-102384,In Progress,Phone,Illegal Dumping,Illegal Dumping Request,4/11/2021,4/11/2021,4/11/2021,4/11/2021,Pimlico,NORTHWESTERN,13,NORTHWESTERN,686,39.270988,-76.597735,"39.270988, -76.597735"
SR-102385,Open,Phone,Pothole,Pothole Request,10/24/2021,10/24/2021,10/24/2021,10/24/2021,Govans,SOUTHERN,14,SOUTHERN,396,39.301021,-76.311072,"39.301021, -76.311072"
SR-102386,Open,Phone,Illegal Dumping,Illegal Dumping Request,10/4/2023,10/4/2023,10/4/2023,10/4/2023,Pigtown,SOUTHERN,1,SOUTHERN,240,39.244344,-76.321067,"39.244344, -76.321067"
SR-102387,In Progress,Phone,Street Light Out,Street Light Out Request,9/18/2020,9/18/2020,9/18/2020,9/18/2020,Harlem Park,CENTRAL,4,CENTRAL,863,39.200493,-76.464388,"39.200493, -76.464388"
SR-102388,Closed,Phone,Abandoned Vehicle,Abandoned Vehicle Request,5/5/2019,5/5/2019,5/5/2019,5/5/2019,Clifton Park,EASTERN,1,EASTERN,134,39.486863,-76.570203,"39.486863, -76.570203"
SR-102389,Open,Phone,Illegal Dumping,Illegal Dumping Request,8/20/2023,8/20/2023,8/20/2023,8/20/2023,Westport,EASTERN,1,EASTERN,638,39.243281,-76.587867,"39.243281, -76.587867"
SR-102390,Closed,Phone,Illegal Dumping,Illegal Dumping Request,6/10/2022,6/10/2022,6/10/2022,6/10/2022,Westport,WESTERN,7,WESTERN,821,39.403313,-76.500655,"39.403313, -76.500655"
SR-102391,In Progress,Phone,Pothole,Pothole Request,3/6/2020,3/6/2020,3/6/2020,3/6/2020,Middle East,EASTERN,13,EASTERN,372,39.48582,-76.406993,"39.48582, -76.406993"
SR-102392,Closed,Phone,Illegal Dumping,Illegal Dumping Request,8/3/2019,8/3/2019,8/3/2019,8/3/2019,Westport,NORTHERN,4,NORTHERN,714,39.489027,-76.485174,"39.489027, -76.485174"
SR-102393,In Progress,Phone,Parking Complaint,Parking Complaint Request,4/23/2023,4/23/2023,4/23/2023,4/23/2023,Guilford,NORTHWESTERN,8,NORTHWESTERN,109,39.426218,-76.349367,"39.426218, -76.349367"
SR-102394,In Progress,Phone,Street Light Out,Street Light Out Request,11/17/2021,11/17/2021,11/17/2021,11/17/2021,Homeland,EASTERN,13,EASTERN,637,39.242516,-76.527899,"39.242516, -76.527899"
SR-102395,In Progress,Phone,Illegal Dumping,Illegal Dumping Request,9/21/2020,9/21/2020,9/21/2020,9/21/2020,Charles Village,NORTHERN,11,NORTHERN,242,39.224786,-76.337046,"39.224786, -76.337046"
SR-102396,Closed,Phone,Vacant Building,Vacant Building Request,8/1/2022,8/1/2022,8/1/2022,8/1/2022,Harlem Park,SOUTHERN,11,SOUTHERN,557,39.356317,-76.390695,"39.356317, -76.390695"
SR-102397,Open,Phone,Illegal Dumping,Illegal Dumping Request,4/6/2022,4/6/2022,4/6/2022,4/6/2022,Govans,NORTHWESTERN,14,NORTHWESTERN,847,39.263983,-76.552714,"39.263983, -76.552714"
SR-102398,In Progress,Phone,Parking Complaint,Parking Complaint Request,4/5/2023,4/5/2023,4/5/2023,4/5/2023,Westport,NORTHWESTERN,3,NORTHWESTERN,445,39.428779,-76.551613,"39.428779, -76.551613"
SR-102399,Closed,Phone,Street Light Out,Street Light Out Request,5/17/2020,5/17/2020,5/17/2020,5/17/2020,Harlem Park,EASTERN,12,EASTERN,240,39.27069,-76.376037,"39.27069, -76.376037"
SR-102400,Open,Phone,Vacant Building,Vacant Building Request,2/9/2019,2/9/2019,2/9/2019,2/9/2019,Roland Park,NORTHWESTERN,13,NORTHWESTERN,130,39.327212,-76.490959,"39.327212, -76.490959"
SR-102401,In Progress,Phone,Vacant Building,Vacant Building Request,10/11/2019,10/11/2019,10/11/2019,10/11/2019,Curtis Bay,WESTERN,6,WESTERN,811,39.469754,-76.574473,"39.469754, -76.574473"
SR-102402,Closed,Phone,Pothole,Pothole Request,10/16/2020,10/16/2020,10/16/2020,10/16/2020,Cherry Hill,NORTHEASTERN,1,NORTHEASTERN,382,39.444222,-76.563723,"39.444222, -76.563723"
SR-102403,Open,Phone,Pothole,Pothole Request,4/2/2020,4/2/2020,4/2/2020,4/2/2020,Charles Village,SOUTHERN,10,SOUTHERN,701,39.375174,-76.583978,"39.375174, -76.583978"
SR-102404,In Progress,Phone,Dirty Street,Dirty Street Request,5/2/2020,5/2/2020,5/2/2020,5/2/2020,Roland Park,NORTHERN,1,NORTHERN,846,39.451642,-76.390937,"39.451642, -76.390937"
SR-102405,In Progress,Phone,Rat Rubout,Rat Rubout Request,9/10/2022,9/10/2022,9/10/2022,9/10/2022,Middle East,EASTERN,11,EASTERN,410,39.317688,-76.501793,"39.317688, -76.501793"
SR-102406,Open,Phone,Street Light Out,Street Light Out Request,3/28/2021,3/28/2021,3/28/2021,3/28/2021,Belair-Edison,NORTHWESTERN,6,NORTHWESTERN,475,39.317045,-76.4945,"39.317045, -76.4945"
SR-102407,In Progress,Phone,Abandoned Vehicle,Abandoned Vehicle Request,5/5/2021,5/5/2021,5/5/2021,5/5/2021,Pen Lucy,EASTERN,2,EASTERN,717,39.348278,-76.497617,"39.348278, -76.497617"
SR-102408,Open,Phone,Street Light Out,Street Light Out Request,3/23/2021,3/23/2021,3/23/2021,3/23/2021,Brooklyn,NORTHWESTERN,14,NORTHWESTERN,291,39.293641,-76.516204,"39.293641, -76.516204"
SR-102409,Open,Phone,Pothole,Pothole Request,2/14/2020,2/14/2020,2/14/2020,2/14/2020,Charles Village,NORTHERN,3,NORTHERN,295,39.383934,-76.332611,"39.383934, -76.332611"
SR-102410,In Progress,Phone,Street Light Out,Street Light Out Request,5/20/2019,5/20/2019,5/20/2019,5/20/2019,Middle East,NORTHERN,12,NORTHERN,122,39.222714,-76.513676,"39.222714, -76.513676"
SR-102411,Open,Phone,Street Light Out,Street Light Out Request,11/11/2020,11/11/2020,11/11/2020,11/11/2020,Guilford,CENTRAL,3,CENTRAL,359,39.334821,-76.533877,"39.334821, -76.533877"
SR-102412,Open,Phone,Dead Animal,Dead Animal Request,4/17/2023,4/17/2023,4/17/2023,4/17/2023,Harlem Park,SOUTHERN,2,SOUTHERN,602,39.312505,-76.373678,"39.312505, -76.373678"
SR-102413,In Progress,Phone,Street Light Out,Street Light Out Request,4/7/2021,4/7/2021,4/7/2021,4/7/2021,Park Heights,CENTRAL,8,CENTRAL,579,39.260031,-76.510735,"39.260031, -76.510735"
SR-102414,In Progress,Phone,Parking Complaint,Parking Complaint Request,1/28/2020,1/28/2020,1/28/2020,1/28/2020,Clifton Park,EASTERN,9,EASTERN,246,39.296084,-76.439107,"39.296084, -76.439107"
SR-102415,In Progress,Phone,Parking Complaint,Parking Complaint Request,6/10/2022,6/10/2022,6/10/2022,6/10/2022,Johnston Square,NORTHERN,10,NORTHERN,169,39.456932,-76.327446,"39.456932, -76.327446"
SR-102416,Closed,Phone,Pothole,Pothole Request,10/16/2023,10/16/2023,10/16/2023,10/16/2023,Pimlico,CENTRAL,13,CENTRAL,622,39.392075,-76.386264,"39.392075, -76.386264"
SR-102417,In Progress,Phone,Vacant Building,Vacant Building Request,2/9/2023,2/9/2023,2/9/2023,2/9/2023,Hampden,SOUTHERN,10,SOUTHERN,636,39.391264,-76.561935,"39.391264, -76.561935"
SR-102418,Open,Phone,Parking Complaint,Parking Complaint Request,7/18/2020,7/18/2020,7/18/2020,7/18/2020,Mount Washington,CENTRAL,6,CENTRAL,124,39.234338,-76.593672,"39.234338, -76.593672"
SR-102419,Open,Phone,Illegal Dumping,Illegal Dumping Request,2/23/2019,2/23/2019,2/23/2019,2/23/2019,Park Heights,EASTERN,8,EASTERN,406,39.309144,-76.570937,"39.309144, -76.570937"
SR-102420,In Progress,Phone,Parking Complaint,Parking Complaint Request,2/18/2023,2/18/2023,2/18/2023,2/18/2023,Waverly,WESTERN,7,WESTERN,206,39.438569,-76.418265,"39.438569, -76.418265"
SR-102421,Closed,Phone,Graffiti,Graffiti Request,9/20/2023,9/20/2023,9/20/2023,9/20/2023,Upton,SOUTHERN,8,SOUTHERN,229,39.346399,-76.379804,"39.346399, -76.379804"
SR-102422,Closed,Phone,Parking Complaint,Parking Complaint Request,2/24/2019,2/24/2019,2/24/2019,2/24/2019,Morrell Park,EASTERN,6,EASTERN,876,39.352104,-76.407479,"39.352104, -76.407479"
SR-102423,Open,Phone,Pothole,Pothole Request,3/2/2021,3/2/2021,3/2/2021,3/2/2021,Govans,NORTHWESTERN,2,NORTHWESTERN,896,39.312285,-76.33709,"39.312285, -76.33709"
SR-102424,In Progress,Phone,Pothole,Pothole Request,8/14/2023,8/14/2023,8/14/2023,8/14/2023,Druid Heights,EASTERN,13,EASTERN,255,39.302989,-76.525969,"39.302989, -76.525969"
SR-102425,Closed,Phone,Dirty Street,Dirty Street Request,3/24/2023,3/24/2023,3/24/2023,3/24/2023,Mount Washington,EASTERN,8,EASTERN,185,39.445906,-76.51079,"39.445906, -76.51079"
SR-102426,In Progress,Phone,Dead Animal,Dead Animal Request,12/5/2019,12/5/2019,12/5/2019,12/5/2019,Morrell Park,CENTRAL,1,CENTRAL,813,39.251934,-76.388118,"39.251934, -76.388118"
SR-102427,Open,Phone,Illegal Dumping,Illegal Dumping Request,3/11/2020,3/11/2020,3/11/2020,3/11/2020,Oliver,NORTHERN,3,NORTHERN,345,39.387036,-76.557973,"39.387036, -76.557973"
SR-102428,In Progress,Phone,Dirty Street,Dirty Street Request,5/17/2020,5/17/2020,5/17/2020,5/17/2020,Waverly,NORTHEASTERN,6,NORTHEASTERN,519,39.42887,-76.409048,"39.42887, -76.409048"
SR-102429,Closed,Phone,Graffiti,Graffiti Request,2/15/2020,2/15/2020,2/15/2020,2/15/2020,Pen Lucy,SOUTHERN,5,SOUTHERN,504,39.42114,-76.406191,"39.42114, -76.406191"
SR-102430,In Progress,Phone,Parking Complaint,Parking Complaint Request,2/17/2019,2/17/2019,2/17/2019,2/17/2019,Brooklyn,NORTHERN,14,NORTHERN,116,39.428577,-76.380908,"39.428577, -76.380908"
SR-102431,In Progress,Phone,Dead Animal,Dead Animal Request,9/16/2023,9/16/2023,9/16/2023,9/16/2023,Clifton Park,NORTHEASTERN,5,NORTHEASTERN,402,39.304944,-76.395226,"39.304944, -76.395226"
SR-102432,Closed,Phone,Dead Animal,Dead Animal Request,2/18/2020,2/18/2020,2/18/2020,2/18/2020,Pimlico,WESTERN,5,WESTERN,553,39.491734,-76.555412,"39.491734, -76.555412"
SR-102433,Open,Phone,Graffiti,Graffiti Request,8/7/2023,8/7/2023,8/7/2023,8/7/2023,Sandtown-Winchester,WESTERN,13,WESTERN,121,39.270789,-76.404613,"39.270789, -76.404613"
SR-102434,Open,Phone,Parking Complaint,Parking Complaint Request,12/1/2021,12/1/2021,12/1/2021,12/1/2021,Hampden,SOUTHERN,2,SOUTHERN,765,39.276246,-76.334483,"39.276246, -76.334483"
SR-102435,In Progress,Phone,Dirty Street,Dirty Street Request,12/5/2022,12/5/2022,12/5/2022,12/5/2022,Berea,NORTHERN,12,NORTHERN,213,39.281006,-76.477289,"39.281006, -76.477289"
SR-102436,In Progress,Phone,Vacant Building,Vacant Building Request,6/8/2021,6/8/2021,6/8/2021,6/8/2021,Brooklyn,NORTHEASTERN,8,NORTHEASTERN,236,39.365843,-76.5975,"39.365843, -76.5975"
SR-102437,Open,Phone,Illegal Dumping,Illegal Dumping Request,9/28/2022,9/28/2022,9/28/2022,9/28/2022,Charles Village,NORTHEASTERN,6,NORTHEASTERN,648,39.399931,-76.44459,"39.399931, -76.44459"
SR-102438,Open,Phone,Street Light Out,Street Light Out Request,3/6/2020,3/6/2020,3/6/2020,3/6/2020,Westport,NORTHEASTERN,3,NORTHEASTERN,198,39.493831,-76.394222,"39.493831, -76.394222"
SR-102439,Open,Phone,Abandoned Vehicle,Abandoned Vehicle Request,7/28/2022,7/28/2022,7/28/2022,7/28/2022,Berea,NORTHEASTERN,4,NORTHEASTERN,869,39.300725,-76.465383,"39.300725, -76.465383"
SR-102440,Open,Phone,Graffiti,Graffiti Request,5/9/2021,5/9/2021,5/9/2021,5/9/2021,Guilford,CENTRAL,7,CENTRAL,550,39.413649,-76.423375,"39.413649, -76.423375"
SR-102441,Closed,Phone,Rat Rubout,Rat Rubout Request,2/24/2020,2/24/2020,2/24/2020,2/24/2020,Oliver,SOUTHERN,12,SOUTHERN,383,39.25768,-76.475235,"39.25768, -76.475235"
SR-102442,In Progress,Phone,Rat Rubout,Rat Rubout Request,2/1/2022,2/1/2022,2/1/2022,2/1/2022,Westport,NORTHWESTERN,12,NORTHWESTERN,454,39.276859,-76.500495,"39.276859, -76.500495"
SR-102443,Open,Phone,Dead Animal,Dead Animal Request,8/8/2020,8/8/2020,8/8/2020,8/8/2020,Pigtown,NORTHWESTERN,8,NORTHWESTERN,228,39.406503,-76.430346,"39.406503, -76.430346"
SR-102444,In Progress,Phone,Dead Animal,Dead Animal Request,9/20/2022,9/20/2022,9/20/2022,9/20/2022,Westport,WESTERN,14,WESTERN,899,39.24976,-76.330652,"39.24976, -76.330652"
SR-102445,Open,Phone,Street Light Out,Street Light Out Request,3/6/2019,3/6/2019,3/6/2019,3/6/2019,Curtis Bay,SOUTHERN,10,SOUTHERN,107,39.278467,-76.481337,"39.278467, -76.481337"
SR-102446,Closed,Phone,Dead Animal,Dead Animal Request,5/16/2023,5/16/2023,5/16/2023,5/16/2023,Brooklyn,NORTHWESTERN,6,NORTHWESTERN,640,39.478342,-76.333942,"39.478342, -76.333942"
SR-102447,Closed,Phone,Abandoned Vehicle,Abandoned Vehicle Request,12/11/2022,12/11/2022,12/11/2022,12/11/2022,Roland Park,EASTERN,11,EASTERN,741,39.254728,-76.575248,"39.254728, -76.575248"
SR-102448,Open,Phone,Pothole,Pothole Request,1/24/2019,1/24/2019,1/24/2019,1/24/2019,Eastwood,NORTHWESTERN,5,NORTHWESTERN,236,39.390169,-76.535561,"39.390169, -76.535561"
SR-102449,In Progress,Phone,Street Light Out,Street Light Out Request,4/22/2020,4/22/2020,4/22/2020,4/22/2020,Hampden,NORTHEASTERN,6,NORTHEASTERN,886,39.392177,-76.434094,"39.392177, -76.434094"
SR-102450,Closed,Phone,Abandoned Vehicle,Abandoned Vehicle Request,1/26/2021,1/26/2021,1/26/2021,1/26/2021,Homeland,NORTHWESTERN,7,NORTHWESTERN,345,39.229093,-76.401006,"39.229093, -76.401006"
SR-102451,In Progress,Phone,Vacant Building,Vacant Building Request,7/14/2022,7/14/2022,7/14/2022,7/14/2022,Berea,NORTHWESTERN,14,NORTHWESTERN,446,39.391978,-76.543383,"39.391978, -76.543383"
SR-102452,Closed,Phone,Dirty Street,Dirty Street Request,5/20/2023,5/20/2023,5/20/2023,5/20/2023,Middle East,EASTERN,6,EASTERN,810,39.373101,-76.437398,"39.373101, -76.437398"
SR-102453,Open,Phone,Vacant Building,Vacant Building Request,12/21/2020,12/21/2020,12/21/2020,12/21/2020,Druid Heights,NORTHERN,4,NORTHERN,812,39.440394,-76.382275,"39.440394, -76.382275"
SR-102454,Closed,Phone,Street Light Out,Street Light Out Request,8/16/2022,8/16/2022,8/16/2022,8/16/2022,Cherry Hill,WESTERN,14,WESTERN,259,39.456038,-76.425538,"39.456038, -76.425538"
SR-102455,In Progress,Phone,Rat Rubout,Rat Rubout Request,9/21/2019,9/21/2019,9/21/2019,9/21/2019,Berea,NORTHWESTERN,7,NORTHWESTERN,509,39.397203,-76.567364,"39.397203, -76.567364"
SR-102456,In Progress,Phone,Pothole,Pothole Request,3/26/2021,3/26/2021,3/26/2021,3/26/2021,Curtis Bay,NORTHWESTERN,5,NORTHWESTERN,849,39.380966,-76.570779,"39.380966, -76.570779"
SR-102457,In Progress,Phone,Street Light Out,Street Light Out Request,3/10/2023,3/10/2023,3/10/2023,3/10/2023,Druid Heights,EASTERN,11,EASTERN,365,39.336892,-76.373148,"39.336892, -76.373148"
SR-102458,In Progress,Phone,Vacant Building,Vacant Building Request,2/22/2019,2/22/2019,2/22/2019,2/22/2019,Eastwood,WESTERN,7,WESTERN,480,39.465153,-76.316921,"39.465153, -76.316921"
SR-102459,Closed,Phone,Abandoned Vehicle,Abandoned Vehicle Request,7/12/2022,7/12/2022,7/12/2022,7/12/2022,Clifton Park,SOUTHERN,11,SOUTHERN,755,39.478468,-76.472778,"39.478468, -76.472778"
SR-102460,Open,Phone,Illegal Dumping,Illegal Dumping Request,10/1/2021,10/1/2021,10/1/2021,10/1/2021,Waverly,CENTRAL,4,CENTRAL,625,39.441022,-76.495472,"39.441022, -76.495472"
SR-102461,In Progress,Phone,Dead Animal,Dead Animal Request,7/6/2021,7/6/2021,7/6/2021,7/6/2021,Curtis Bay,SOUTHERN,6,SOUTHERN,532,39.266309,-76.399987,"39.266309, -76.399987"
SR-102462,In Progress,Phone,Abandoned Vehicle,Abandoned Vehicle Request,6/23/2019,6/23/2019,6/23/2019,6/23/2019,Mount Washington,SOUTHERN,4,SOUTHERN,153,39.246459,-76.314209,"39.246459, -76.314209"
SR-102463,Closed,Phone,Illegal Dumping,Illegal Dumping Request,8/13/2021,8/13/2021,8/13/2021,8/13/2021,Irvington,NORTHERN,12,NORTHERN,472,39.370271,-76.465759,"39.370271, -76.465759"
SR-102464,Open,Phone,Dirty Street,Dirty Street Request,2/6/2022,2/6/2022,2/6/2022,2/6/2022,Eastwood,NORTHERN,4,NORTHERN,892,39.474605,-76.39498,"39.474605, -76.39498"
SR-102465,Open,Phone,Street Light Out,Street Light Out Request,2/10/2021,2/10/2021,2/10/2021,2/10/2021,Hampden,SOUTHERN,10,SOUTHERN,849,39.439639,-76.347003,"39.439639, -76.347003"
SR-102466,Closed,Phone,Illegal Dumping,Illegal Dumping Request,9/19/2020,9/19/2020,9/19/2020,9/19/2020,Guilford,NORTHERN,2,NORTHERN,393,39.401674,-76.345687,"39.401674, -76.345687"
SR-102467,Open,Phone,Abandoned Vehicle,Abandoned Vehicle Request,8/7/2020,8/7/2020,8/7/2020,8/7/2020,Clifton Park,WESTERN,4,WESTERN,186,39.383937,-76.444226,"39.383937, -76.444226"
SR-102468,In Progress,Phone,Rat Rubout,Rat Rubout Request,12/13/2019,12/13/2019,12/13/2019,12/13/2019,Charles Village,CENTRAL,14,CENTRAL,369,39.326543,-76.393052,"39.326543, -76.393052"
SR-102469,In Progress,Phone,Street Light Out,Street Light Out Request,9/14/2022,9/14/2022,9/14/2022,9/14/2022,Charles Village,NORTHERN,2,NORTHERN,644,39.259822,-76.599026,"39.259822, -76.599026"
SR-102470,Open,Phone,Graffiti,Graffiti Request,10/9/2022,10/9/2022,10/9/2022,10/9/2022,Upton,NORTHEASTERN,7,NORTHEASTERN,870,39.398949,-76.30445,"39.398949, -76.30445"
SR-102471,Open,Phone,Pothole,Pothole Request,9/23/2019,9/23/2019,9/23/2019,9/23/2019,Irvington,EASTERN,12,EASTERN,685,39.414052,-76.49715,"39.414052, -76.49715"
SR-102472,Closed,Phone,Illegal Dumping,Illegal Dumping Request,5/27/2022,5/27/2022,5/27/2022,5/27/2022,Berea,CENTRAL,2,CENTRAL,696,39.425459,-76.576827,"39.425459, -76.576827"
SR-102473,In Progress,Phone,Dirty Street,Dirty Street Request,10/10/2023,10/10/2023,10/10/2023,10/10/2023,Waverly,NORTHERN,13,NORTHERN,224,39.360262,-76.504486,"39.360262, -76.504486"
SR-102474,Open,Phone,Graffiti,Graffiti Request,5/6/2022,5/6/2022,5/6/2022,5/6/2022,Mount Washington,NORTHEASTERN,8,NORTHEASTERN,417,39.293451,-76.557442,"39.293451, -76.557442"
SR-102475,Closed,Phone,Rat Rubout,Rat Rubout Request,2/6/2021,2/6/2021,2/6/2021,2/6/2021,Sandtown-Winchester,SOUTHERN,14,SOUTHERN,613,39.40391,-76.344346,"39.40391, -76.344346"
SR-102476,Closed,Phone,Rat Rubout,Rat Rubout Request,11/15/2020,11/15/2020,11/15/2020,11/15/2020,Morrell Park,CENTRAL,6,CENTRAL,563,39.234581,-76.377013,"39.234581, -76.377013"
SR-102477,In Progress,Phone,Graffiti,Graffiti Request,2/18/2020,2/18/2020,2/18/2020,2/18/2020,Eastwood,SOUTHERN,14,SOUTHERN,696,39.211111,-76.506583,"39.211111, -76.506583"
SR-102478,Closed,Phone,Abandoned Vehicle,Abandoned Vehicle Request,7/2/2021,7/2/2021,7/2/2021,7/2/2021,Hampden,NORTHWESTERN,11,NORTHWESTERN,770,39.362622,-76.492369,"39.362622, -76.492369"
SR-102479,Closed,Phone,Graffiti,Graffiti Request,3/13/2022,3/13/2022,3/13/2022,3/13/2022,Morrell Park,WESTERN,2,WESTERN,108,39.395702,-76.584224,"39.395702, -76.584224"
SR-102480,Closed,Phone,Vacant Building,Vacant Building Request,8/27/2022,8/27/2022,8/27/2022,8/27/2022,Berea,EASTERN,12,EASTERN,692,39.478528,-76.36779,"39.478528, -76.36779"
SR-102481,Closed,Phone,Illegal Dumping,Illegal Dumping Request,10/1/2022,10/1/2022,10/1/2022,10/1/2022,Pimlico,NORTHERN,14,NORTHERN,496,39.28361,-76.586179,"39.28361, -76.586179"
SR-102482,Open,Phone,Dirty Street,Dirty Street Request,3/8/2023,3/8/2023,3/8/2023,3/8/2023,Pigtown,NORTHWESTERN,9,NORTHWESTERN,614,39.454559,-76.516029,"39.454559, -76.516029"
SR-102483,Closed,Phone,Rat Rubout,Rat Rubout Request,10/22/2022,10/22/2022,10/22/2022,10/22/2022,Hampden,EASTERN,13,EASTERN,630,39.415418,-76.474398,"39.415418, -76.474398"
SR-102484,Closed,Phone,Dead Animal,Dead Animal Request,3/3/2019,3/3/2019,3/3/2019,3/3/2019,Pen Lucy,SOUTHERN,6,SOUTHERN,716,39.284515,-76.486126,"39.284515, -76.486126"
SR-102485,In Progress,Phone,Parking Complaint,Parking Complaint Request,8/2/2020,8/2/2020,8/2/2020,8/2/2020,Roland Park,CENTRAL,6,CENTRAL,242,39.243865,-76.557041,"39.243865, -76.557041"
SR-102486,Closed,Phone,Dead Animal,Dead Animal Request,7/3/2020,7/3/2020,7/3/2020,7/3/2020,Govans,SOUTHERN,13,SOUTHERN,646,39.453832,-76.30408,"39.453832, -76.30408"
SR-102487,Open,Phone,Abandoned Vehicle,Abandoned Vehicle Request,8/4/2021,8/4/2021,8/4/2021,8/4/2021,Oliver,NORTHEASTERN,8,NORTHEASTERN,850,39.451226,-76.447928,"39.451226, -76.447928"
SR-102488,In Progress,Phone,Pothole,Pothole Request,8/2/2023,8/2/2023,8/2/2023,8/2/2023,Pimlico,SOUTHERN,2,SOUTHERN,373,39.370615,-76.523508,"39.370615, -76.523508"
SR-102489,Closed,Phone,Rat Rubout,Rat Rubout Request,5/17/2023,5/17/2023,5/17/2023,5/17/2023,Govans,WESTERN,7,WESTERN,839,39.461055,-76.410962,"39.461055, -76.410962"
SR-102490,Open,Phone,Rat Rubout,Rat Rubout Request,7/17/2022,7/17/2022,7/17/2022,7/17/2022,Harlem Park,NORTHEASTERN,13,NORTHEASTERN,550,39.475399,-76.475902,"39.475399, -76.475902"
SR-102491,Closed,Phone,Vacant Building,Vacant Building Request,4/24/2021,4/24/2021,4/24/2021,4/24/2021,Middle East,WESTERN,13,WESTERN,320,39.385433,-76.370135,"39.385433, -76.370135"
SR-102492,Open,Phone,Graffiti,Graffiti Request,4/21/2019,4/21/2019,4/21/2019,4/21/2019,Irvington,NORTHWESTERN,4,NORTHWESTERN,228,39.46235,-76.428802,"39.46235, -76.428802"
SR-102493,In Progress,Phone,Parking Complaint,Parking Complaint Request,4/26/2019,4/26/2019,4/26/2019,4/26/2019,Govans,CENTRAL,12,CENTRAL,548,39.495301,-76.410286,"39.495301, -76.410286"
SR-102494,In Progress,Phone,Dead Animal,Dead Animal Request,3/28/2021,3/28/2021,3/28/2021,3/28/2021,Roland Park,CENTRAL,8,CENTRAL,854,39.459506,-76.439482,"39.459506, -76.439482"
SR-102495,Open,Phone,Graffiti,Graffiti Request,8/3/2020,8/3/2020,8/3/2020,8/3/2020,Middle East,NORTHEASTERN,9,NORTHEASTERN,121,39.364954,-76.503417,"39.364954, -76.503417"
SR-102496,Closed,Phone,Pothole,Pothole Request,2/23/2022,2/23/2022,2/23/2022,2/23/2022,Johnston Square,SOUTHERN,5,SOUTHERN,434,39.275401,-76.475865,"39.275401, -76.475865"
SR-102497,In Progress,Phone,Parking Complaint,Parking Complaint Request,7/8/2022,7/8/2022,7/8/2022,7/8/2022,Govans,SOUTHERN,4,SOUTHERN,822,39.424762,-76.537072,"39.424762, -76.537072"
SR-102498,Closed,Phone,Abandoned Vehicle,Abandoned Vehicle Request,4/20/2019,4/20/2019,4/20/2019,4/20/2019,Berea,CENTRAL,1,CENTRAL,390,39.465363,-76.536759,"39.465363, -76.536759"
SR-102499,Open,Phone,Dirty Street,Dirty Street Request,1/8/2019,1/8/2019,1/8/2019,1/8/2019,Charles Village,NORTHWESTERN,9,NORTHWESTERN,290,39.424869,-76.309762,"39.424869, -76.309762"
SR-102500,Open,Phone,Dirty Street,Dirty Street Request,11/18/2021,11/18/2021,11/18/2021,11/18/2021,Roland Park,NORTHEASTERN,8,NORTHEASTERN,840,39.481443,-76.378848,"39.481443, -76.378848"
SR-102501,Closed,Phone,Illegal Dumping,Illegal Dumping Request,3/8/2019,3/8/2019,3/8/2019,3/8/2019,Harlem Park,NORTHERN,10,NORTHERN,862,39.431625,-76.349946,"39.431625, -76.349946"
SR-102502,In Progress,Phone,Illegal Dumping,Illegal Dumping Request,11/16/2022,11/16/2022,11/16/2022,11/16/2022,Brooklyn,CENTRAL,10,CENTRAL,232,39.379117,-76.575758,"39.379117, -76.575758"
SR-102503,Closed,Phone,Pothole,Pothole Request,3/20/2023,3/20/2023,3/20/2023,3/20/2023,Morrell Park,NORTHERN,1,NORTHERN,862,39.220378,-76.537261,"39.220378, -76.537261"
SR-102504,Closed,Phone,Rat Rubout,Rat Rubout Request,5/23/2022,5/23/2022,5/23/2022,5/23/2022,Westport,SOUTHERN,12,SOUTHERN,583,39.466674,-76.585192,"39.466674, -76.585192"
SR-102505,Closed,Phone,Dead Animal,Dead Animal Request,11/3/2023,11/3/2023,11/3/2023,11/3/2023,Pen Lucy,SOUTHERN,4,SOUTHERN,521,39.381195,-76.438433,"39.381195, -76.438433"
SR-102506,In Progress,Phone,Abandoned Vehicle,Abandoned Vehicle Request,10/8/2021,10/8/2021,10/8/2021,10/8/2021,Morrell Park,EASTERN,2,EASTERN,344,39.431944,-76.43171,"39.431944, -76.43171"
SR-102507,Closed,Phone,Dead Animal,Dead Animal Request,12/22/2019,12/22/2019,12/22/2019,12/22/2019,Berea,NORTHEASTERN,7,NORTHEASTERN,867,39.368625,-76.350821,"39.368625, -76.350821"
SR-102508,Closed,Phone,Vacant Building,Vacant Building Request,12/13/2020,12/13/2020,12/13/2020,12/13/2020,Johnston Square,CENTRAL,8,CENTRAL,789,39.415825,-76.581261,"39.415825, -76.581261"
SR-102509,Open,Phone,Graffiti,Graffiti Request,5/12/2023,5/12/2023,5/12/2023,5/12/2023,Greenmount West,NORTHEASTERN,9,NORTHEASTERN,210,39.471862,-76.383989,"39.471862, -76.383989"
SR-102510,In Progress,Phone,Dirty Street,Dirty Street Request,1/13/2019,1/13/2019,1/13/2019,1/13/2019,Middle East,NORTHEASTERN,3,NORTHEASTERN,692,39.380712,-76.401561,"39.380712, -76.401561"
SR-102511,In Progress,Phone,Street Light Out,Street Light Out Request,2/24/2020,2/24/2020,2/24/2020,2/24/2020,Cherry Hill,NORTHWESTERN,14,NORTHWESTERN,451,39.42298,-76.426173,"39.42298, -76.426173"
SR-102512,In Progress,Phone,Abandoned Vehicle,Abandoned Vehicle Request,10/7/2023,10/7/2023,10/7/2023,10/7/2023,Pen Lucy,CENTRAL,1,CENTRAL,796,39.212571,-76.327995,"39.212571, -76.327995"
SR-102513,Closed,Phone,Street Light Out,Street Light Out Request,12/3/2023,12/3/2023,12/3/2023,12/3/2023,Berea,WESTERN,13,WESTERN,245,39.247493,-76.555624,"39.247493, -76.555624"
SR-102514,Open,Phone,Rat Rubout,Rat Rubout Request,5/24/2022,5/24/2022,5/24/2022,5/24/2022,Clifton Park,NORTHERN,10,NORTHERN,879,39.271102,-76.589615,"39.271102, -76.589615"
SR-102515,In Progress,Phone,Dead Animal,Dead Animal Request,1/17/2019,1/17/2019,1/17/2019,1/17/2019,Westport,SOUTHERN,5,SOUTHERN,255,39.292112,-76.317921,"39.292112, -76.317921"
SR-102516,Open,Phone,Dirty Street,Dirty Street Request,5/5/2022,5/5/2022,5/5/2022,5/5/2022,Park Heights,NORTHWESTERN,8,NORTHWESTERN,613,39.427422,-76.572367,"39.427422, -76.572367"
SR-102517,Open,Phone,Pothole,Pothole Request,8/24/2021,8/24/2021,8/24/2021,8/24/2021,Park Heights,WESTERN,9,WESTERN,786,39.246589,-76.424873,"39.246589, -76.424873"
SR-102518,Closed,Phone,Illegal Dumping,Illegal Dumping Request,1/20/2019,1/20/2019,1/20/2019,1/20/2019,Clifton Park,NORTHWESTERN,14,NORTHWESTERN,195,39.331752,-76.579445,"39.331752, -76.579445"
SR-102519,Open,Phone,Dirty Street,Dirty Street Request,12/19/2020,12/19/2020,12/19/2020,12/19/2020,Sandtown-Winchester,SOUTHERN,4,SOUTHERN,417,39.4112,-76.547512,"39.4112, -76.547512"
SR-102520,Closed,Phone,Vacant Building,Vacant Building Request,11/24/2019,11/24/2019,11/24/2019,11/24/2019,Roland Park,NORTHEASTERN,10,NORTHEASTERN,803,39.243302,-76.58618,"39.243302, -76.58618"
SR-102521,Closed,Phone,Parking Complaint,Parking Complaint Request,1/13/2019,1/13/2019,1/13/2019,1/13/2019,Govans,NORTHWESTERN,2,NORTHWESTERN,661,39.451865,-76.511971,"39.451865, -76.511971"
SR-102522,In Progress,Phone,Rat Rubout,Rat Rubout Request,7/27/2022,7/27/2022,7/27/2022,7/27/2022,Johnston Square,NORTHERN,8,NORTHERN,537,39.383294,-76.573777,"39.383294, -76.573777"
SR-102523,In Progress,Phone,Parking Complaint,Parking Complaint Request,12/6/2022,12/6/2022,12/6/2022,12/6/2022,Clifton Park,WESTERN,5,WESTERN,274,39.237601,-76.339368,"39.237601, -76.339368"
SR-102524,In Progress,Phone,Rat Rubout,Rat Rubout Request,6/26/2022,6/26/2022,6/26/2022,6/26/2022,Charles Village,WESTERN,2,WESTERN,805,39.388518,-76.582586,"39.388518, -76.582586"
SR-102525,Closed,Phone,Rat Rubout,Rat Rubout Request,1/24/2019,1/24/2019,1/24/2019,1/24/2019,Roland Park,SOUTHERN,10,SOUTHERN,750,39.41824,-76.554986,"39.41824, -76.554986"
SR-102526,Closed,Phone,Graffiti,Graffiti Request,7/12/2019,7/12/2019,7/12/2019,7/12/2019,Cherry Hill,NORTHWESTERN,14,NORTHWESTERN,432,39.343625,-76.432738,"39.343625, -76.432738"
SR-102527,In Progress,Phone,Rat Rubout,Rat Rubout Request,3/26/2021,3/26/2021,3/26/2021,3/26/2021,Roland Park,NORTHEASTERN,10,NORTHEASTERN,526,39.207844,-76.587383,"39.207844, -76.587383"
SR-102528,In Progress,Phone,Pothole,Pothole Request,5/14/2021,5/14/2021,5/14/2021,5/14/2021,Sandtown-Winchester,NORTHERN,5,NORTHERN,758,39.312018,-76.587076,"39.312018, -76.587076"
SR-102529,Open,Phone,Pothole,Pothole Request,11/3/2021,11/3/2021,11/3/2021,11/3/2021,Clifton Park,WESTERN,1,WESTERN,877,39.47431,-76.562271,"39.47431, -76.562271"
SR-102530,Open,Phone,Rat Rubout,Rat Rubout Request,1/17/2020,1/17/2020,1/17/2020,1/17/2020,Westport,EASTERN,3,EASTERN,495,39.36291,-76.46763,"39.36291, -76.46763"
SR-102531,Open,Phone,Vacant Building,Vacant Building Request,12/17/2020,12/17/2020,12/17/2020,12/17/2020,Curtis Bay,NORTHWESTERN,4,NORTHWESTERN,429,39.234698,-76.530782,"39.234698, -76.530782"
SR-102532,Closed,Phone,Pothole,Pothole Request,3/22/2019,3/22/2019,3/22/2019,3/22/2019,Berea,CENTRAL,1,CENTRAL,128,39.264741,-76.375539,"39.264741, -76.375539"
SR-102533,Closed,Phone,Dead Animal,Dead Animal Request,6/18/2020,6/18/2020,6/18/2020,6/18/2020,Belair-Edison,NORTHWESTERN,1,NORTHWESTERN,547,39.299192,-76.342393,"39.299192, -76.342393"
SR-102534,In Progress,Phone,Illegal Dumping,Illegal Dumping Request,11/3/2021,11/3/2021,11/3/2021,11/3/2021,Cherry Hill,EASTERN,9,EASTERN,643,39.342008,-76.584012,"39.342008, -76.584012"
SR-102535,Closed,Phone,Vacant Building,Vacant Building Request,7/28/2023,7/28/2023,7/28/2023,7/28/2023,Brooklyn,NORTHWESTERN,4,NORTHWESTERN,449,39.22872,-76.570024,"39.22872, -76.570024"
SR-102536,In Progress,Phone,Graffiti,Graffiti Request,12/10/2020,12/10/2020,12/10/2020,12/10/2020,Homeland,SOUTHERN,9,SOUTHERN,686,39.414553,-76.405645,"39.414553, -76.405645"
SR-102537,Open,Phone,Street Light Out,Street Light Out Request,6/22/2021,6/22/2021,6/22/2021,6/22/2021,Belair-Edison,NORTHERN,11,NORTHERN,402,39.418755,-76.404709,"39.418755, -76.404709"
SR-102538,Open,Phone,Pothole,Pothole Request,4/2/2020,4/2/2020,4/2/2020,4/2/2020,Guilford,NORTHWESTERN,11,NORTHWESTERN,781,39.265097,-76.33604,"39.265097, -76.33604"
SR-102539,Closed,Phone,Rat Rubout,Rat Rubout Request,9/25/2021,9/25/2021,9/25/2021,9/25/2021,Homeland,CENTRAL,6,CENTRAL,341,39.235488,-76.401208,"39.235488, -76.401208"
SR-102540,Closed,Phone,Illegal Dumping,Illegal Dumping Request,3/20/2022,3/20/2022,3/20/2022,3/20/2022,Park Heights,NORTHEASTERN,1,NORTHEASTERN,851,39.48531,-76.439387,"39.48531, -76.439387"
SR-102541,Closed,Phone,Dirty Street,Dirty Street Request,5/20/2023,5/20/2023,5/20/2023,5/20/2023,Guilford,WESTERN,13,WESTERN,345,39.396416,-76.370146,"39.396416, -76.370146"
SR-102542,Closed,Phone,Dirty Street,Dirty Street Request,4/3/2020,4/3/2020,4/3/2020,4/3/2020,Johnston Square,NORTHWESTERN,7,NORTHWESTERN,858,39.461523,-76.390845,"39.461523, -76.390845"
SR-102543,In Progress,Phone,Illegal Dumping,Illegal Dumping Request,6/13/2021,6/13/2021,6/13/2021,6/13/2021,Mount Washington,NORTHERN,3,NORTHERN,240,39.460273,-76.582212,"39.460273, -76.582212"
SR-102544,Closed,Phone,Rat Rubout,Rat Rubout Request,1/12/2023,1/12/2023,1/12/2023,1/12/2023,Sandtown-Winchester,CENTRAL,14,CENTRAL,790,39.412006,-76.373362,"39.412006, -76.373362"
SR-102545,Open,Phone,Graffiti,Graffiti Request,8/20/2020,8/20/2020,8/20/2020,8/20/2020,Eastwood,WESTERN,13,WESTERN,860,39.263706,-76.54475,"39.263706, -76.54475"
SR-102546,Closed,Phone,Illegal Dumping,Illegal Dumping Request,2/18/2021,2/18/2021,2/18/2021,2/18/2021,Pigtown,EASTERN,5,EASTERN,545,39.463535,-76.421748,"39.463535, -76.421748"
SR-102547,In Progress,Phone,Vacant Building,Vacant Building Request,1/4/2020,1/4/2020,1/4/2020,1/4/2020,Druid Heights,CENTRAL,9,CENTRAL,331,39.212189,-76.463971,"39.212189, -76.463971"
SR-102548,Open,Phone,Graffiti,Graffiti Request,8/27/2019,8/27/2019,8/27/2019,8/27/2019,Pigtown,NORTHEASTERN,11,NORTHEASTERN,161,39.440472,-76.404392,"39.440472, -76.404392"
SR-102549,In Progress,Phone,Dead Animal,Dead Animal Request,9/24/2019,9/24/2019,9/24/2019,9/24/2019,Druid Heights,CENTRAL,8,CENTRAL,347,39.432629,-76.343665,"39.432629, -76.343665"
SR-102550,Open,Phone,Dead Animal,Dead Animal Request,12/19/2023,12/19/2023,12/19/2023,12/19/2023,Westport,NORTHERN,4,NORTHERN,766,39.252531,-76.489576,"39.252531, -76.489576"
SR-102551,Open,Phone,Dead Animal,Dead Animal Request,8/28/2023,8/28/2023,8/28/2023,8/28/2023,Charles Village,NORTHWESTERN,3,NORTHWESTERN,659,39.230519,-76.305382,"39.230519, -76.305382"
SR-102552,Open,Phone,Pothole,Pothole Request,11/6/2020,11/6/2020,11/6/2020,11/6/2020,Govans,NORTHEASTERN,1,NORTHEASTERN,133,39.469288,-76.407687,"39.469288, -76.407687"
SR-102553,In Progress,Phone,Illegal Dumping,Illegal Dumping Request,4/16/2023,4/16/2023,4/16/2023,4/16/2023,Belair-Edison,SOUTHERN,4,SOUTHERN,451,39.456972,-76.574911,"39.456972, -76.574911"
SR-102554,In Progress,Phone,Street Light Out,Street Light Out Request,3/5/2019,3/5/2019,3/5/2019,3/5/2019,Harlem Park,CENTRAL,11,CENTRAL,643,39.485939,-76.51979,"39.485939, -76.51979"
SR-102555,In Progress,Phone,Rat Rubout,Rat Rubout Request,11/16/2021,11/16/2021,11/16/2021,11/16/2021,Morrell Park,EASTERN,4,EASTERN,454,39.416752,-76.339071,"39.416752, -76.339071"
SR-102556,In Progress,Phone,Abandoned Vehicle,Abandoned Vehicle Request,11/2/2023,11/2/2023,11/2/2023,11/2/2023,Upton,CENTRAL,2,CENTRAL,751,39.441373,-76.506762,"39.441373, -76.506762"
SR-102557,In Progress,Phone,Vacant Building,Vacant Building Request,9/23/2020,9/23/2020,9/23/2020,9/23/2020,Westport,WESTERN,12,WESTERN,385,39.221794,-76.383415,"39.221794, -76.383415"
SR-102558,In Progress,Phone,Abandoned Vehicle,Abandoned Vehicle Request,8/21/2022,8/21/2022,8/21/2022,8/21/2022,Roland Park,SOUTHERN,10,SOUTHERN,861,39.345476,-76.413533,"39.345476, -76.413533"
SR-102559,Closed,Phone,Pothole,Pothole Request,11/28/2023,11/28/2023,11/28/2023,11/28/2023,Mount Washington,NORTHWESTERN,14,NORTHWESTERN,475,39.303782,-76.351392,"39.303782, -76.351392"
SR-102560,Open,Phone,Illegal Dumping,Illegal Dumping Request,1/26/2022,1/26/2022,1/26/2022,1/26/2022,Guilford,CENTRAL,12,CENTRAL,336,39.460239,-76.543378,"39.460239, -76.543378"
SR-102561,Open,Phone,Rat Rubout,Rat Rubout Request,5/20/2020,5/20/2020,5/20/2020,5/20/2020,Sandtown-Winchester,SOUTHERN,9,SOUTHERN,623,39.233486,-76.328743,"39.233486, -76.328743"
SR-102562,Open,Phone,Vacant Building,Vacant Building Request,9/16/2022,9/16/2022,9/16/2022,9/16/2022,Homeland,NORTHWESTERN,4,NORTHWESTERN,214,39.266147,-76.398091,"39.266147, -76.398091"
SR-102563,Closed,Phone,Dead Animal,Dead Animal Request,3/20/2019,3/20/2019,3/20/2019,3/20/2019,Pigtown,CENTRAL,2,CENTRAL,803,39.494094,-76.584804,"39.494094, -76.584804"
SR-102564,Closed,Phone,Graffiti,Graffiti Request,10/3/2020,10/3/2020,10/3/2020,10/3/2020,Waverly,NORTHEASTERN,6,NORTHEASTERN,482,39.392868,-76.596261,"39.392868, -76.596261"
SR-102565,Closed,Phone,Parking Complaint,Parking Complaint Request,7/6/2023,7/6/2023,7/6/2023,7/6/2023,Morrell Park,EASTERN,5,EASTERN,857,39.471884,-76.524295,"39.471884, -76.524295"
SR-102566,Closed,Phone,Vacant Building,Vacant Building Request,1/11/2020,1/11/2020,1/11/2020,1/11/2020,Guilford,SOUTHERN,11,SOUTHERN,590,39.477971,-76.32062,"39.477971, -76.32062"
SR-102567,Closed,Phone,Rat Rubout,Rat Rubout Request,9/5/2019,9/5/2019,9/5/2019,9/5/2019,Park Heights,SOUTHERN,9,SOUTHERN,199,39.243646,-76.409437,"39.243646, -76.409437"
SR-102568,In Progress,Phone,Graffiti,Graffiti Request,4/15/2019,4/15/2019,4/15/2019,4/15/2019,Hampden,EASTERN,9,EASTERN,648,39.374365,-76.501873,"39.374365, -76.501873"
SR-102569,Closed,Phone,Street Light Out,Street Light Out Request,8/8/2019,8/8/2019,8/8/2019,8/8/2019,Mount Washington,NORTHERN,6,NORTHERN,451,39.236612,-76.485747,"39.236612, -76.485747"
SR-102570,In Progress,Phone,Parking Complaint,Parking Complaint Request,5/14/2023,5/14/2023,5/14/2023,5/14/2023,Westport,NORTHWESTERN,12,NORTHWESTERN,894,39.264412,-76.326421,"39.264412, -76.326421"
SR-102571,Closed,Phone,Abandoned Vehicle,Abandoned Vehicle Request,3/2/2022,3/2/2022,3/2/2022,3/2/2022,Homeland,WESTERN,3,WESTERN,870,39.259822,-76.533124,"39.259822, -76.533124"
SR-102572,Open,Phone,Dead Animal,Dead Animal Request,5/20/2019,5/20/2019,5/20/2019,5/20/2019,Belair-Edison,EASTERN,12,EASTERN,399,39.462988,-76.557818,"39.462988, -76.557818"
SR-102573,In Progress,Phone,Illegal Dumping,Illegal Dumping Request,6/11/2022,6/11/2022,6/11/2022,6/11/2022,Sandtown-Winchester,NORTHWESTERN,9,NORTHWESTERN,151,39.385126,-76.521308,"39.385126, -76.521308"
SR-102574,In Progress,Phone,Graffiti,Graffiti Request,2/1/2020,2/1/2020,2/1/2020,2/1/2020,Cherry Hill,NORTHWESTERN,12,NORTHWESTERN,649,39.351312,-76.405688,"39.351312, -76.405688"
SR-102575,Closed,Phone,Vacant Building,Vacant Building Request,12/22/2021,12/22/2021,12/22/2021,12/22/2021,Guilford,NORTHEASTERN,12,NORTHEASTERN,280,39.270694,-76.445139,"39.270694, -76.445139"
SR-102576,Open,Phone,Dirty Street,Dirty Street Request,11/25/2022,11/25/2022,11/25/2022,11/25/2022,Oliver,NORTHWESTERN,11,NORTHWESTERN,386,39.21384,-76.428037,"39.21384, -76.428037"
SR-102577,Closed,Phone,Dead Animal,Dead Animal Request,11/25/2023,11/25/2023,11/25/2023,11/25/2023,Oliver,NORTHEASTERN,13,NORTHEASTERN,139,39.448033,-76.556726,"39.448033, -76.556726"
SR-102578,Open,Phone,Graffiti,Graffiti Request,12/10/2019,12/10/2019,12/10/2019,12/10/2019,Greenmount West,NORTHWESTERN,8,NORTHWESTERN,293,39.269709,-76.494671,"39.269709, -76.494671"
SR-102579,Closed,Phone,Illegal Dumping,Illegal Dumping Request,8/2/2020,8/2/2020,8/2/2020,8/2/2020,Waverly,CENTRAL,13,CENTRAL,806,39.296623,-76.373521,"39.296623, -76.373521"
SR-102580,Closed,Phone,Vacant Building,Vacant Building Request,11/18/2021,11/18/2021,11/18/2021,11/18/2021,Govans,NORTHWESTERN,6,NORTHWESTERN,574,39.234373,-76.336443,"39.234373, -76.336443"
SR-102581,In Progress,Phone,Street Light Out,Street Light Out Request,9/2/2019,9/2/2019,9/2/2019,9/2/2019,Johnston Square,CENTRAL,3,CENTRAL,869,39.474572,-76.430633,"39.474572, -76.430633"
SR-102582,Open,Phone,Parking Complaint,Parking Complaint Request,10/27/2020,10/27/2020,10/27/2020,10/27/2020,Eastwood,CENTRAL,6,CENTRAL,819,39.308191,-76.440265,"39.308191, -76.440265"
SR-102583,Closed,Phone,Rat Rubout,Rat Rubout Request,2/19/2021,2/19/2021,2/19/2021,2/19/2021,Druid Heights,CENTRAL,13,CENTRAL,558,39.427225,-76.323897,"39.427225, -76.323897"
SR-102584,Open,Phone,Illegal Dumping,Illegal Dumping Request,5/12/2022,5/12/2022,5/12/2022,5/12/2022,Pigtown,SOUTHERN,13,SOUTHERN,718,39.456966,-76.425549,"39.456966, -76.425549"
SR-102585,Closed,Phone,Dead Animal,Dead Animal Request,8/14/2019,8/14/2019,8/14/2019,8/14/2019,Belair-Edison,SOUTHERN,4,SOUTHERN,525,39.342515,-76.393112,"39.342515, -76.393112"
SR-102586,Closed,Phone,Street Light Out,Street Light Out Request,6/25/2020,6/25/2020,6/25/2020,6/25/2020,Westport,NORTHERN,7,NORTHERN,349,39.233673,-76.570572,"39.233673, -76.570572"
SR-102587,Closed,Phone,Dirty Street,Dirty Street Request,11/28/2019,11/28/2019,11/28/2019,11/28/2019,Harlem Park,EASTERN,13,EASTERN,121,39.496253,-76.440866,"39.496253, -76.440866"
SR-102588,Closed,Phone,Dead Animal,Dead Animal Request,7/7/2023,7/7/2023,7/7/2023,7/7/2023,Pigtown,NORTHWESTERN,6,NORTHWESTERN,804,39.219872,-76.546864,"39.219872, -76.546864"
SR-102589,In Progress,Phone,Vacant Building,Vacant Building Request,8/9/2021,8/9/2021,8/9/2021,8/9/2021,Park Heights,EASTERN,8,EASTERN,333,39.380958,-76.481257,"39.380958, -76.481257"
SR-102590,In Progress,Phone,Dead Animal,Dead Animal Request,7/1/2019,7/1/2019,7/1/2019,7/1/2019,Park Heights,NORTHWESTERN,14,NORTHWESTERN,619,39.289366,-76.549904,"39.289366, -76.549904"
SR-102591,Closed,Phone,Dirty Street,Dirty Street Request,1/20/2021,1/20/2021,1/20/2021,1/20/2021,Morrell Park,EASTERN,10,EASTERN,807,39.261059,-76.327065,"39.261059, -76.327065"
SR-102592,In Progress,Phone,Dead Animal,Dead Animal Request,5/16/2022,5/16/2022,5/16/2022,5/16/2022,Roland Park,CENTRAL,13,CENTRAL,444,39.309153,-76.413732,"39.309153, -76.413732"
SR-102593,Open,Phone,Vacant Building,Vacant Building Request,2/24/2020,2/24/2020,2/24/2020,2/24/2020,Mount Washington,EASTERN,3,EASTERN,523,39.244866,-76.359178,"39.244866, -76.359178"
SR-102594,In Progress,Phone,Abandoned Vehicle,Abandoned Vehicle Request,9/18/2019,9/18/2019,9/18/2019,9/18/2019,Johnston Square,NORTHERN,1,NORTHERN,191,39.47894,-76.379616,"39.47894, -76.379616"
SR-102595,Open,Phone,Parking Complaint,Parking Complaint Request,10/3/2019,10/3/2019,10/3/2019,10/3/2019,Brooklyn,EASTERN,3,EASTERN,223,39.331782,-76.544087,"39.331782, -76.544087"
SR-102596,Open,Phone,Illegal Dumping,Illegal Dumping Request,11/25/2022,11/25/2022,11/25/2022,11/25/2022,Pen Lucy,CENTRAL,5,CENTRAL,371,39.376913,-76.356598,"39.376913, -76.356598"
SR-102597,Open,Phone,Illegal Dumping,Illegal Dumping Request,1/25/2020,1/25/2020,1/25/2020,1/25/2020,Oliver,EASTERN,8,EASTERN,848,39.267672,-76.532846,"39.267672, -76.532846"
SR-102598,Closed,Phone,Parking Complaint,Parking Complaint Request,8/20/2023,8/20/2023,8/20/2023,8/20/2023,Waverly,EASTERN,13,EASTERN,379,39.241291,-76.480365,"39.241291, -76.480365"
SR-102599,Open,Phone,Dead Animal,Dead Animal Request,11/2/2022,11/2/2022,11/2/2022,11/2/2022,Curtis Bay,WESTERN,10,WESTERN,643,39.211578,-76.303759,"39.211578, -76.303759"
SR-102600,In Progress,Phone,Rat Rubout,Rat Rubout Request,11/25/2020,11/25/2020,11/25/2020,11/25/2020,Cherry Hill,NORTHWESTERN,9,NORTHWESTERN,602,39.374538,-76.577132,"39.374538, -76.577132"
SR-102601,In Progress,Phone,Abandoned Vehicle,Abandoned Vehicle Request,7/8/2021,7/8/2021,7/8/2021,7/8/2021,Charles Village,NORTHWESTERN,8,NORTHWESTERN,667,39.222276,-76.448916,"39.222276, -76.448916"
SR-102602,Closed,Phone,Parking Complaint,Parking Complaint Request,12/13/2019,12/13/2019,12/13/2019,12/13/2019,Roland Park,NORTHERN,9,NORTHERN,588,39.392813,-76.341772,"39.392813, -76.341772"
SR-102603,Closed,Phone,Pothole,Pothole Request,12/22/2021,12/22/2021,12/22/2021,12/22/2021,Johnston Square,NORTHWESTERN,13,NORTHWESTERN,752,39.30598,-76.394328,"39.30598, -76.394328"
SR-102604,Open,Phone,Rat Rubout,Rat Rubout Request,5/10/2020,5/10/2020,5/10/2020,5/10/2020,Irvington,EASTERN,1,EASTERN,735,39.302954,-76.302245,"39.302954, -76.302245"
SR-102605,Open,Phone,Dirty Street,Dirty Street Request,11/9/2023,11/9/2023,11/9/2023,11/9/2023,Westport,EASTERN,11,EASTERN,508,39.249108,-76.529773,"39.249108, -76.529773"
SR-102606,Open,Phone,Abandoned Vehicle,Abandoned Vehicle Request,7/28/2019,7/28/2019,7/28/2019,7/28/2019,Charles Village,NORTHERN,10,NORTHERN,141,39.472316,-76.389312,"39.472316, -76.389312"
SR-102607,Open,Phone,Rat Rubout,Rat Rubout Request,3/19/2023,3/19/2023,3/19/2023,3/19/2023,Berea,EASTERN,11,EASTERN,537,39.497191,-76.485015,"39.497191, -76.485015"
SR-102608,Open,Phone,Dead Animal,Dead Animal Request,8/27/2022,8/27/2022,8/27/2022,8/27/2022,Guilford,CENTRAL,14,CENTRAL,481,39.387053,-76.484295,"39.387053, -76.484295"
SR-102609,Closed,Phone,Street Light Out,Street Light Out Request,7/1/2020,7/1/2020,7/1/2020,7/1/2020,Belair-Edison,EASTERN,1,EASTERN,766,39.308374,-76.596647,"39.308374, -76.596647"
SR-102610,In Progress,Phone,Dead Animal,Dead Animal Request,12/7/2019,12/7/2019,12/7/2019,12/7/2019,Berea,SOUTHERN,2,SOUTHERN,167,39.434248,-76.427888,"39.434248, -76.427888"
SR-102611,Closed,Phone,Pothole,Pothole Request,9/21/2020,9/21/2020,9/21/2020,9/21/2020,Johnston Square,SOUTHERN,8,SOUTHERN,711,39.443165,-76.332054,"39.443165, -76.332054"
SR-102612,In Progress,Phone,Rat Rubout,Rat Rubout Request,11/19/2022,11/19/2022,11/19/2022,11/19/2022,Sandtown-Winchester,EASTERN,7,EASTERN,226,39.417899,-76.438889,"39.417899, -76.438889"
SR-102613,In Progress,Phone,Graffiti,Graffiti Request,6/14/2020,6/14/2020,6/14/2020,6/14/2020,Hampden,WESTERN,3,WESTERN,665,39.324262,-76.521709,"39.324262, -76.521709"
SR-102614,Closed,Phone,Abandoned Vehicle,Abandoned Vehicle Request,9/1/2020,9/1/2020,9/1/2020,9/1/2020,Clifton Park,NORTHEASTERN,5,NORTHEASTERN,401,39.47174,-76.546139,"39.47174, -76.546139"
SR-102615,Open,Phone,Illegal Dumping,Illegal Dumping Request,2/23/2022,2/23/2022,2/23/2022,2/23/2022,Homeland,EASTERN,6,EASTERN,675,39.227746,-76.390325,"39.227746, -76.390325"
SR-102616,Open,Phone,Illegal Dumping,Illegal Dumping Request,3/28/2022,3/28/2022,3/28/2022,3/28/2022,Greenmount West,EASTERN,5,EASTERN,323,39.492055,-76.355693,"39.492055, -76.355693"
SR-102617,In Progress,Phone,Abandoned Vehicle,Abandoned Vehicle Request,4/7/2023,4/7/2023,4/7/2023,4/7/2023,Berea,NORTHERN,12,NORTHERN,634,39.259315,-76.309298,"39.259315, -76.309298"
SR-102618,Closed,Phone,Abandoned Vehicle,Abandoned Vehicle Request,10/23/2023,10/23/2023,10/23/2023,10/23/2023,Pigtown,NORTHEASTERN,2,NORTHEASTERN,566,39.432322,-76.33297,"39.432322, -76.33297"
SR-102619,Open,Phone,Street Light Out,Street Light Out Request,10/18/2021,10/18/2021,10/18/2021,10/18/2021,Govans,NORTHERN,3,NORTHERN,554,39.333321,-76.335477,"39.333321, -76.335477"
SR-102620,Open,Phone,Pothole,Pothole Request,10/18/2021,10/18/2021,10/18/2021,10/18/2021,Brooklyn,NORTHERN,8,NORTHERN,126,39.403726,-76.395935,"39.403726, -76.395935"
SR-102621,Closed,Phone,Pothole,Pothole Request,5/15/2021,5/15/2021,5/15/2021,5/15/2021,Guilford,NORTHERN,5,NORTHERN,497,39.425815,-76.559977,"39.425815, -76.559977"
SR-102622,Open,Phone,Dirty Street,Dirty Street Request,10/14/2020,10/14/2020,10/14/2020,10/14/2020,Pen Lucy,SOUTHERN,2,SOUTHERN,613,39.446737,-76.329351,"39.446737, -76.329351"
SR-102623,Open,Phone,Rat Rubout,Rat Rubout Request,12/14/2019,12/14/2019,12/14/2019,12/14/2019,Irvington,NORTHERN,12,NORTHERN,217,39.213057,-76.530309,"39.213057, -76.530309"
SR-102624,In Progress,Phone,Street Light Out,Street Light Out Request,2/15/2019,2/15/2019,2/15/2019,2/15/2019,Guilford,NORTHEASTERN,11,NORTHEASTERN,147,39.340961,-76.48507,"39.340961, -76.48507"
SR-102625,In Progress,Phone,Dead Animal,Dead Animal Request,1/1/2020,1/1/2020,1/1/2020,1/1/2020,Harlem Park,NORTHWESTERN,13,NORTHWESTERN,233,39.406679,-76.470973,"39.406679, -76.470973"
SR-102626,Open,Phone,Illegal Dumping,Illegal Dumping Request,3/8/2020,3/8/2020,3/8/2020,3/8/2020,Brooklyn,WESTERN,5,WESTERN,203,39.254203,-76.591119,"39.254203, -76.591119"
SR-102627,Open,Phone,Abandoned Vehicle,Abandoned Vehicle Request,11/23/2021,11/23/2021,11/23/2021,11/23/2021,Cherry Hill,SOUTHERN,12,SOUTHERN,123,39.390012,-76.567417,"39.390012, -76.567417"
SR-102628,Closed,Phone,Dirty Street,Dirty Street Request,11/27/2021,11/27/2021,11/27/2021,11/27/2021,Cherry Hill,SOUTHERN,4,SOUTHERN,682,39.27577,-76.576084,"39.27577, -76.576084"
SR-102629,Closed,Phone,Illegal Dumping,Illegal Dumping Request,5/12/2021,5/12/2021,5/12/2021,5/12/2021,Waverly,EASTERN,13,EASTERN,498,39.408362,-76.570738,"39.408362, -76.570738"
SR-102630,Open,Phone,Vacant Building,Vacant Building Request,9/8/2023,9/8/2023,9/8/2023,9/8/2023,Park Heights,EASTERN,1,EASTERN,713,39.454428,-76.318004,"39.454428, -76.318004"
SR-102631,In Progress,Phone,Street Light Out,Street Light Out Request,3/17/2022,3/17/2022,3/17/2022,3/17/2022,Clifton Park,NORTHWESTERN,3,NORTHWESTERN,160,39.311222,-76.30818,"39.311222, -76.30818"
SR-102632,Open,Phone,Dead Animal,Dead Animal Request,12/4/2020,12/4/2020,12/4/2020,12/4/2020,Guilford,CENTRAL,5,CENTRAL,342,39.456553,-76.478399,"39.456553, -76.478399"
SR-102633,In Progress,Phone,Dirty Street,Dirty Street Request,9/12/2023,9/12/2023,9/12/2023,9/12/2023,Waverly,NORTHWESTERN,10,NORTHWESTERN,774,39.386572,-76.46416,"39.386572, -76.46416"
SR-102634,In Progress,Phone,Rat Rubout,Rat Rubout Request,7/20/2019,7/20/2019,7/20/2019,7/20/2019,Morrell Park,NORTHERN,4,NORTHERN,583,39.234097,-76.430156,"39.234097, -76.430156"
SR-102635,Closed,Phone,Street Light Out,Street Light Out Request,5/19/2021,5/19/2021,5/19/2021,5/19/2021,Upton,NORTHEASTERN,11,NORTHEASTERN,532,39.22885,-76.568638,"39.22885, -76.568638"
SR-102636,Open,Phone,Rat Rubout,Rat Rubout Request,10/2/2023,10/2/2023,10/2/2023,10/2/2023,Pigtown,EASTERN,6,EASTERN,651,39.469815,-76.459891,"39.469815, -76.459891"
SR-102637,Closed,Phone,Street Light Out,Street Light Out Request,10/4/2020,10/4/2020,10/4/2020,10/4/2020,Hampden,NORTHEASTERN,13,NORTHEASTERN,138,39.438803,-76.454816,"39.438803, -76.454816"
SR-102638,Open,Phone,Graffiti,Graffiti Request,12/16/2023,12/16/2023,12/16/2023,12/16/2023,Park Heights,NORTHWESTERN,14,NORTHWESTERN,738,39.415677,-76.447881,"39.415677, -76.447881"
SR-102639,In Progress,Phone,Street Light Out,Street Light Out Request,3/27/2021,3/27/2021,3/27/2021,3/27/2021,Park Heights,NORTHWESTERN,10,NORTHWESTERN,861,39.392416,-76.58385,"39.392416, -76.58385"
SR-102640,In Progress,Phone,Pothole,Pothole Request,4/8/2022,4/8/2022,4/8/2022,4/8/2022,Roland Park,EASTERN,2,EASTERN,362,39.46015,-76.524164,"39.46015, -76.524164"
SR-102641,In Progress,Phone,Parking Complaint,Parking Complaint Request,3/21/2020,3/21/2020,3/21/2020,3/21/2020,Eastwood,NORTHERN,10,NORTHERN,419,39.418649,-76.406491,"39.418649, -76.406491"
SR-102642,Open,Phone,Abandoned Vehicle,Abandoned Vehicle Request,1/27/2019,1/27/2019,1/27/2019,1/27/2019,Clifton Park,SOUTHERN,1,SOUTHERN,134,39.482931,-76.355782,"39.482931, -76.355782"
SR-102643,In Progress,Phone,Parking Complaint,Parking Complaint Request,7/12/2023,7/12/2023,7/12/2023,7/12/2023,Roland Park,CENTRAL,4,CENTRAL,328,39.25222,-76.32759,"39.25222, -76.32759"
SR-102644,In Progress,Phone,Dead Animal,Dead Animal Request,9/3/2022,9/3/2022,9/3/2022,9/3/2022,Pigtown,WESTERN,2,WESTERN,165,39.28951,-76.549834,"39.28951, -76.549834"
SR-102645,Open,Phone,Street Light Out,Street Light Out Request,11/10/2022,11/10/2022,11/10/2022,11/10/2022,Roland Park,SOUTHERN,4,SOUTHERN,273,39.294454,-76.330692,"39.294454, -76.330692"
SR-102646,Open,Phone,Graffiti,Graffiti Request,12/21/2019,12/21/2019,12/21/2019,12/21/2019,Pen Lucy,SOUTHERN,8,SOUTHERN,294,39.300011,-76.474073,"39.300011, -76.474073"
SR-102647,Closed,Phone,Graffiti,Graffiti Request,5/8/2020,5/8/2020,5/8/2020,5/8/2020,Mount Washington,NORTHEASTERN,3,NORTHEASTERN,358,39.418786,-76.462544,"39.418786, -76.462544"
SR-102648,Open,Phone,Pothole,Pothole Request,2/15/2022,2/15/2022,2/15/2022,2/15/2022,Oliver,NORTHERN,4,NORTHERN,824,39.268527,-76.409004,"39.268527, -76.409004"
SR-102649,Open,Phone,Graffiti,Graffiti Request,7/17/2021,7/17/2021,7/17/2021,7/17/2021,Harlem Park,NORTHEASTERN,4,NORTHEASTERN,377,39.456753,-76.553185,"39.456753, -76.553185"
SR-102650,Open,Phone,Vacant Building,Vacant Building Request,8/26/2023,8/26/2023,8/26/2023,8/26/2023,Harlem Park,EASTERN,3,EASTERN,493,39.23508,-76.303256,"39.23508, -76.303256"
SR-102651,Open,Phone,Pothole,Pothole Request,11/4/2019,11/4/2019,11/4/2019,11/4/2019,Brooklyn,CENTRAL,11,CENTRAL,871,39.473257,-76.434558,"39.473257, -76.434558"
SR-102652,Closed,Phone,Pothole,Pothole Request,10/17/2020,10/17/2020,10/17/2020,10/17/2020,Morrell Park,NORTHWESTERN,13,NORTHWESTERN,329,39.377139,-76.556624,"39.377139, -76.556624"
SR-102653,Open,Phone,Pothole,Pothole Request,5/22/2019,5/22/2019,5/22/2019,5/22/2019,Brooklyn,EASTERN,7,EASTERN,116,39.264974,-76.300614,"39.264974, -76.300614"
SR-102654,Closed,Phone,Parking Complaint,Parking Complaint Request,5/7/2023,5/7/2023,5/7/2023,5/7/2023,Oliver,NORTHWESTERN,13,NORTHWESTERN,380,39.241855,-76.462759,"39.241855, -76.462759"
SR-102655,Closed,Phone,Dirty Street,Dirty Street Request,10/12/2020,10/12/2020,10/12/2020,10/12/2020,Park Heights,NORTHEASTERN,3,NORTHEASTERN,649,39.332487,-76.394762,"39.332487, -76.394762"
SR-102656,Open,Phone,Dirty Street,Dirty Street Request,9/13/2021,9/13/2021,9/13/2021,9/13/2021,Guilford,SOUTHERN,14,SOUTHERN,140,39.416203,-76.564161,"39.416203, -76.564161"
SR-102657,Closed,Phone,Vacant Building,Vacant Building Request,9/14/2022,9/14/2022,9/14/2022,9/14/2022,Clifton Park,NORTHWESTERN,7,NORTHWESTERN,896,39.360438,-76.467655,"39.360438, -76.467655"
SR-102658,Closed,Phone,Rat Rubout,Rat Rubout Request,12/4/2022,12/4/2022,12/4/2022,12/4/2022,Roland Park,SOUTHERN,7,SOUTHERN,720,39.452083,-76.302335,"39.452083, -76.302335"
SR-102659,Closed,Phone,Pothole,Pothole Request,3/4/2021,3/4/2021,3/4/2021,3/4/2021,Homeland,SOUTHERN,6,SOUTHERN,317,39.40898,-76.420992,"39.40898, -76.420992"
SR-102660,Open,Phone,Street Light Out,Street Light Out Request,6/13/2019,6/13/2019,6/13/2019,6/13/2019,Upton,EASTERN,10,EASTERN,554,39.415132,-76.394535,"39.415132, -76.394535"
SR-102661,Closed,Phone,Abandoned Vehicle,Abandoned Vehicle Request,5/3/2020,5/3/2020,5/3/2020,5/3/2020,Charles Village,NORTHEASTERN,11,NORTHEASTERN,632,39.382274,-76.410433,"39.382274, -76.410433"
SR-102662,Closed,Phone,Rat Rubout,Rat Rubout Request,3/28/2021,3/28/2021,3/28/2021,3/28/2021,Upton,NORTHEASTERN,3,NORTHEASTERN,359,39.38895,-76.502649,"39.38895, -76.502649"
SR-102663,Open,Phone,Vacant Building,Vacant Building Request,6/23/2022,6/23/2022,6/23/2022,6/23/2022,Johnston Square,WESTERN,9,WESTERN,431,39.489497,-76.587077,"39.489497, -76.587077"
SR-102664,In Progress,Phone,Rat Rubout,Rat Rubout Request,9/11/2023,9/11/2023,9/11/2023,9/11/2023,Park Heights,SOUTHERN,11,SOUTHERN,892,39.456741,-76.31485,"39.456741, -76.31485"
SR-102665,Closed,Phone,Vacant Building,Vacant Building Request,7/19/2019,7/19/2019,7/19/2019,7/19/2019,Pen Lucy,NORTHERN,8,NORTHERN,627,39.272092,-76.364726,"39.272092, -76.364726"
SR-102666,Open,Phone,Dirty Street,Dirty Street Request,10/19/2023,10/19/2023,10/19/2023,10/19/2023,Middle East,WESTERN,5,WESTERN,885,39.392147,-76.436584,"39.392147, -76.436584"
SR-102667,Closed,Phone,Parking Complaint,Parking Complaint Request,7/2/2019,7/2/2019,7/2/2019,7/2/2019,Pigtown,NORTHERN,10,NORTHERN,750,39.373935,-76.320678,"39.373935, -76.320678"
SR-102668,In Progress,Phone,Abandoned Vehicle,Abandoned Vehicle Request,1/12/2021,1/12/2021,1/12/2021,1/12/2021,Pimlico,WESTERN,10,WESTERN,732,39.231586,-76.430296,"39.231586, -76.430296"
SR-102669,Open,Phone,Dead Animal,Dead Animal Request,8/15/2019,8/15/2019,8/15/2019,8/15/2019,Sandtown-Winchester,NORTHWESTERN,9,NORTHWESTERN,192,39.215324,-76.313319,"39.215324, -76.313319"
SR-102670,Closed,Phone,Dead Animal,Dead Animal Request,3/19/2019,3/19/2019,3/19/2019,3/19/2019,Park Heights,NORTHWESTERN,8,NORTHWESTERN,559,39.260852,-76.483786,"39.260852, -76.483786"
SR-102671,In Progress,Phone,Abandoned Vehicle,Abandoned Vehicle Request,10/16/2020,10/16/2020,10/16/2020,10/16/2020,Harlem Park,SOUTHERN,2,SOUTHERN,822,39.306026,-76.437776,"39.306026, -76.437776"
SR-102672,Closed,Phone,Dead Animal,Dead Animal Request,10/21/2022,10/21/2022,10/21/2022,10/21/2022,Charles Village,NORTHWESTERN,4,NORTHWESTERN,243,39.243033,-76.533894,"39.243033, -76.533894"
SR-102673,Open,Phone,Pothole,Pothole Request,9/17/2023,9/17/2023,9/17/2023,9/17/2023,Pen Lucy,SOUTHERN,3,SOUTHERN,597,39.291149,-76.576306,"39.291149, -76.576306"
SR-102674,In Progress,Phone,Graffiti,Graffiti Request,2/5/2020,2/5/2020,2/5/2020,2/5/2020,Pigtown,NORTHWESTERN,14,NORTHWESTERN,433,39.226494,-76.347957,"39.226494, -76.347957"
SR-102675,In Progress,Phone,Illegal Dumping,Illegal Dumping Request,5/21/2021,5/21/2021,5/21/2021,5/21/2021,Westport,CENTRAL,13,CENTRAL,517,39.204614,-76.396819,"39.204614, -76.396819"
SR-102676,Closed,Phone,Parking Complaint,Parking Complaint Request,11/23/2019,11/23/2019,11/23/2019,11/23/2019,Pen Lucy,NORTHEASTERN,1,NORTHEASTERN,606,39.449591,-76.571917,"39.449591, -76.571917"
SR-102677,In Progress,Phone,Street Light Out,Street Light Out Request,8/22/2022,8/22/2022,8/22/2022,8/22/2022,Druid Heights,NORTHWESTERN,11,NORTHWESTERN,745,39.269442,-76.317883,"39.269442, -76.317883"
SR-102678,Open,Phone,Pothole,Pothole Request,11/26/2021,11/26/2021,11/26/2021,11/26/2021,Park Heights,NORTHEASTERN,3,NORTHEASTERN,158,39.334057,-76.340429,"39.334057, -76.340429"
SR-102679,In Progress,Phone,Vacant Building,Vacant Building Request,11/6/2020,11/6/2020,11/6/2020,11/6/2020,Westport,NORTHEASTERN,1,NORTHEASTERN,205,39.202712,-76.508981,"39.202712, -76.508981"
SR-102680,Open,Phone,Dead Animal,Dead Animal Request,9/11/2022,9/11/2022,9/11/2022,9/11/2022,Cherry Hill,NORTHEASTERN,4,NORTHEASTERN,509,39.470008,-76.373068,"39.470008, -76.373068"
SR-102681,Closed,Phone,Graffiti,Graffiti Request,6/27/2021,6/27/2021,6/27/2021,6/27/2021,Upton,SOUTHERN,4,SOUTHERN,184,39.246912,-76.595248,"39.246912, -76.595248"
SR-102682,Open,Phone,Parking Complaint,Parking Complaint Request,7/18/2023,7/18/2023,7/18/2023,7/18/2023,Hampden,NORTHWESTERN,5,NORTHWESTERN,508,39.337167,-76.496429,"39.337167, -76.496429"
SR-102683,Open,Phone,Dead Animal,Dead Animal Request,11/7/2023,11/7/2023,11/7/2023,11/7/2023,Roland Park,WESTERN,1,WESTERN,682,39.261888,-76.300412,"39.261888, -76.300412"
SR-102684,Open,Phone,Dead Animal,Dead Animal Request,7/17/2019,7/17/2019,7/17/2019,7/17/2019,Westport,WESTERN,10,WESTERN,775,39.225618,-76.425299,"39.225618, -76.425299"
SR-102685,Closed,Phone,Graffiti,Graffiti Request,8/27/2023,8/27/2023,8/27/2023,8/27/2023,Irvington,NORTHEASTERN,9,NORTHEASTERN,580,39.426853,-76.485878,"39.426853, -76.485878"
SR-102686,Closed,Phone,Dirty Street,Dirty Street Request,8/23/2020,8/23/2020,8/23/2020,8/23/2020,Roland Park,NORTHEASTERN,8,NORTHEASTERN,651,39.23882,-76.36024,"39.23882, -76.36024"
SR-102687,Open,Phone,Vacant Building,Vacant Building Request,5/23/2019,5/23/2019,5/23/2019,5/23/2019,Charles Village,NORTHWESTERN,9,NORTHWESTERN,629,39.247307,-76.368508,"39.247307, -76.368508"
SR-102688,Open,Phone,Dead Animal,Dead Animal Request,3/25/2020,3/25/2020,3/25/2020,3/25/2020,Guilford,NORTHWESTERN,7,NORTHWESTERN,741,39.387269,-76.349723,"39.387269, -76.349723"
SR-102689,Open,Phone,Dead Animal,Dead Animal Request,11/27/2022,11/27/2022,11/27/2022,11/27/2022,Guilford,SOUTHERN,3,SOUTHERN,361,39.484747,-76.525263,"39.484747, -76.525263"
SR-102690,In Progress,Phone,Graffiti,Graffiti Request,10/6/2020,10/6/2020,10/6/2020,10/6/2020,Mount Washington,WESTERN,1,WESTERN,502,39.274086,-76.558529,"39.274086, -76.558529"
SR-102691,In Progress,Phone,Vacant Building,Vacant Building Request,11/20/2022,11/20/2022,11/20/2022,11/20/2022,Upton,WESTERN,10,WESTERN,253,39.32126,-76.492726,"39.32126, -76.492726"
SR-102692,Open,Phone,Parking Complaint,Parking Complaint Request,6/1/2021,6/1/2021,6/1/2021,6/1/2021,Hampden,EASTERN,3,EASTERN,491,39.385291,-76.400117,"39.385291, -76.400117"
SR-102693,Closed,Phone,Dead Animal,Dead Animal Request,12/19/2022,12/19/2022,12/19/2022,12/19/2022,Upton,NORTHERN,13,NORTHERN,634,39.282957,-76.533265,"39.282957, -76.533265"
SR-102694,Open,Phone,Rat Rubout,Rat Rubout Request,3/25/2019,3/25/2019,3/25/2019,3/25/2019,Eastwood,NORTHERN,14,NORTHERN,501,39.479231,-76.544379,"39.479231, -76.544379"
SR-102695,Open,Phone,Parking Complaint,Parking Complaint Request,8/9/2023,8/9/2023,8/9/2023,8/9/2023,Cherry Hill,NORTHEASTERN,1,NORTHEASTERN,404,39.214258,-76.380207,"39.214258, -76.380207"
SR-102696,In Progress,Phone,Parking Complaint,Parking Complaint Request,5/5/2019,5/5/2019,5/5/2019,5/5/2019,Belair-Edison,SOUTHERN,2,SOUTHERN,504,39.29453,-76.553508,"39.29453, -76.553508"
SR-102697,Closed,Phone,Pothole,Pothole Request,5/8/2022,5/8/2022,5/8/2022,5/8/2022,Harlem Park,SOUTHERN,7,SOUTHERN,496,39.331605,-76.508327,"39.331605, -76.508327"
SR-102698,Closed,Phone,Dead Animal,Dead Animal Request,12/7/2021,12/7/2021,12/7/2021,12/7/2021,Pen Lucy,NORTHEASTERN,9,NORTHEASTERN,314,39.385018,-76.455801,"39.385018, -76.455801"
SR-102699,In Progress,Phone,Dirty Street,Dirty Street Request,7/13/2022,7/13/2022,7/13/2022,7/13/2022,Johnston Square,SOUTHERN,12,SOUTHERN,593,39.434653,-76.45211,"39.434653, -76.45211"
SR-102700,In Progress,Phone,Abandoned Vehicle,Abandoned Vehicle Request,5/25/2020,5/25/2020,5/25/2020,5/25/2020,Hampden,NORTHERN,9,NORTHERN,419,39.46837,-76.549338,"39.46837, -76.549338"
SR-102701,In Progress,Phone,Street Light Out,Street Light Out Request,3/28/2019,3/28/2019,3/28/2019,3/28/2019,Waverly,CENTRAL,13,CENTRAL,208,39.39213,-76.368885,"39.39213, -76.368885"
SR-102702,Closed,Phone,Abandoned Vehicle,Abandoned Vehicle Request,3/14/2023,3/14/2023,3/14/2023,3/14/2023,Belair-Edison,NORTHERN,10,NORTHERN,666,39.283876,-76.385799,"39.283876, -76.385799"
SR-102703,Open,Phone,Rat Rubout,Rat Rubout Request,10/20/2023,10/20/2023,10/20/2023,10/20/2023,Johnston Square,EASTERN,14,EASTERN,138,39.221978,-76.506511,"39.221978, -76.506511"
SR-102704,Open,Phone,Illegal Dumping,Illegal Dumping Request,2/6/2023,2/6/2023,2/6/2023,2/6/2023,Greenmount West,CENTRAL,1,CENTRAL,401,39.320507,-76.572922,"39.320507, -76.572922"
SR-102705,Closed,Phone,Abandoned Vehicle,Abandoned Vehicle Request,7/16/2023,7/16/2023,7/16/2023,7/16/2023,Hampden,NORTHEASTERN,7,NORTHEASTERN,615,39.297087,-76.443637,"39.297087, -76.443637"
SR-102706,Closed,Phone,Vacant Building,Vacant Building Request,1/13/2019,1/13/2019,1/13/2019,1/13/2019,Pigtown,WESTERN,7,WESTERN,455,39.338044,-76.317341,"39.338044, -76.317341"
SR-102707,In Progress,Phone,Rat Rubout,Rat Rubout Request,4/21/2023,4/21/2023,4/21/2023,4/21/2023,Hampden,EASTERN,2,EASTERN,286,39.421749,-76.332229,"39.421749, -76.332229"
SR-102708,Closed,Phone,Rat Rubout,Rat Rubout Request,2/12/2021,2/12/2021,2/12/2021,2/12/2021,Sandtown-Winchester,SOUTHERN,7,SOUTHERN,868,39.207901,-76.45495,"39.207901, -76.45495"
SR-102709,Open,Phone,Dirty Street,Dirty Street Request,1/4/2022,1/4/2022,1/4/2022,1/4/2022,Westport,EASTERN,1,EASTERN,862,39.312598,-76.558447,"39.312598, -76.558447"
SR-102710,Closed,Phone,Street Light Out,Street Light Out Request,4/13/2020,4/13/2020,4/13/2020,4/13/2020,Belair-Edison,CENTRAL,13,CENTRAL,349,39.497688,-76.479992,"39.497688, -76.479992"
SR-102711,Open,Phone,Rat Rubout,Rat Rubout Request,4/26/2019,4/26/2019,4/26/2019,4/26/2019,Eastwood,WESTERN,12,WESTERN,240,39.37787,-76.316427,"39.37787, -76.316427"
SR-102712,Closed,Phone,Illegal Dumping,Illegal Dumping Request,5/28/2021,5/28/2021,5/28/2021,5/28/2021,Hampden,NORTHWESTERN,10,NORTHWESTERN,119,39.394931,-76.57964,"39.394931, -76.57964"
SR-102713,Open,Phone,Dead Animal,Dead Animal Request,10/26/2023,10/26/2023,10/26/2023,10/26/2023,Westport,SOUTHERN,10,SOUTHERN,472,39.41237,-76.493794,"39.41237, -76.493794"
SR-102714,Closed,Phone,Pothole,Pothole Request,6/28/2019,6/28/2019,6/28/2019,6/28/2019,Belair-Edison,SOUTHERN,2,SOUTHERN,864,39.283266,-76.505195,"39.283266, -76.505195"
SR-102715,Open,Phone,Pothole,Pothole Request,11/13/2022,11/13/2022,11/13/2022,11/13/2022,Waverly,NORTHEASTERN,10,NORTHEASTERN,423,39.31202,-76.445947,"39.31202, -76.445947"
SR-102716,In Progress,Phone,Rat Rubout,Rat Rubout Request,4/19/2021,4/19/2021,4/19/2021,4/19/2021,Morrell Park,NORTHWESTERN,11,NORTHWESTERN,623,39.225567,-76.301662,"39.225567, -76.301662"
SR-102717,Open,Phone,Pothole,Pothole Request,6/27/2020,6/27/2020,6/27/2020,6/27/2020,Curtis Bay,NORTHWESTERN,9,NORTHWESTERN,866,39.250568,-76.567807,"39.250568, -76.567807"
SR-102718,In Progress,Phone,Dirty Street,Dirty Street Request,3/27/2019,3/27/2019,3/27/2019,3/27/2019,Govans,EASTERN,9,EASTERN,195,39.40015,-76.389836,"39.40015, -76.389836"
SR-102719,Open,Phone,Parking Complaint,Parking Complaint Request,10/13/2023,10/13/2023,10/13/2023,10/13/2023,Pigtown,WESTERN,14,WESTERN,196,39.458082,-76.423157,"39.458082, -76.423157"
SR-102720,Open,Phone,Vacant Building,Vacant Building Request,9/4/2022,9/4/2022,9/4/2022,9/4/2022,Homeland,CENTRAL,4,CENTRAL,493,39.402725,-76.434289,"39.402725, -76.434289"
SR-102721,In Progress,Phone,Dead Animal,Dead Animal Request,6/8/2019,6/8/2019,6/8/2019,6/8/2019,Waverly,NORTHEASTERN,13,NORTHEASTERN,754,39.266768,-76.486644,"39.266768, -76.486644"
SR-102722,Closed,Phone,Vacant Building,Vacant Building Request,5/19/2021,5/19/2021,5/19/2021,5/19/2021,Mount Washington,NORTHERN,1,NORTHERN,338,39.339898,-76.515407,"39.339898, -76.515407"
SR-102723,In Progress,Phone,Vacant Building,Vacant Building Request,7/15/2020,7/15/2020,7/15/2020,7/15/2020,Westport,CENTRAL,7,CENTRAL,849,39.443682,-76.359606,"39.443682, -76.359606"
SR-102724,Open,Phone,Rat Rubout,Rat Rubout Request,6/12/2019,6/12/2019,6/12/2019,6/12/2019,Mount Washington,NORTHEASTERN,1,NORTHEASTERN,710,39.393547,-76.331802,"39.393547, -76.331802"
SR-102725,In Progress,Phone,Street Light Out,Street Light Out Request,6/15/2019,6/15/2019,6/15/2019,6/15/2019,Govans,SOUTHERN,13,SOUTHERN,891,39.454797,-76.474746,"39.454797, -76.474746"
SR-102726,In Progress,Phone,Dirty Street,Dirty Street Request,9/6/2022,9/6/2022,9/6/2022,9/6/2022,Guilford,NORTHEASTERN,14,NORTHEASTERN,391,39.314258,-76.571221,"39.314258, -76.571221"
SR-102727,Open,Phone,Vacant Building,Vacant Building Request,4/1/2022,4/1/2022,4/1/2022,4/1/2022,Guilford,CENTRAL,3,CENTRAL,567,39.476284,-76.384176,"39.476284, -76.384176"
SR-102728,Closed,Phone,Graffiti,Graffiti Request,8/7/2020,8/7/2020,8/7/2020,8/7/2020,Irvington,EASTERN,7,EASTERN,739,39.447135,-76.330698,"39.447135, -76.330698"
SR-102729,Open,Phone,Abandoned Vehicle,Abandoned Vehicle Request,5/13/2023,5/13/2023,5/13/2023,5/13/2023,Waverly,NORTHERN,6,NORTHERN,768,39.231709,-76.512353,"39.231709, -76.512353"
SR-102730,In Progress,Phone,Rat Rubout,Rat Rubout Request,10/23/2023,10/23/2023,10/23/2023,10/23/2023,Govans,SOUTHERN,7,SOUTHERN,675,39.279921,-76.359087,"39.279921, -76.359087"
SR-102731,In Progress,Phone,Pothole,Pothole Request,4/23/2021,4/23/2021,4/23/2021,4/23/2021,Westport,NORTHERN,5,NORTHERN,208,39.400352,-76.335175,"39.400352, -76.335175"
SR-102732,Open,Phone,Illegal Dumping,Illegal Dumping Request,8/19/2021,8/19/2021,8/19/2021,8/19/2021,Homeland,SOUTHERN,12,SOUTHERN,565,39.484195,-76.356348,"39.484195, -76.356348"
SR-102733,Open,Phone,Street Light Out,Street Light Out Request,6/21/2019,6/21/2019,6/21/2019,6/21/2019,Brooklyn,WESTERN,8,WESTERN,758,39.373435,-76.421313,"39.373435, -76.421313"
SR-102734,Closed,Phone,Dead Animal,Dead Animal Request,6/14/2019,6/14/2019,6/14/2019,6/14/2019,Belair-Edison,WESTERN,13,WESTERN,742,39.394674,-76.562465,"39.394674, -76.562465"
SR-102735,Open,Phone,Dead Animal,Dead Animal Request,8/28/2020,8/28/2020,8/28/2020,8/28/2020,Curtis Bay,NORTHERN,12,NORTHERN,746,39.378449,-76.572914,"39.378449, -76.572914"
SR-102736,Closed,Phone,Dirty Street,Dirty Street Request,10/16/2021,10/16/2021,10/16/2021,10/16/2021,Charles Village,WESTERN,11,WESTERN,811,39.335251,-76.442972,"39.335251, -76.442972"
SR-102737,Open,Phone,Graffiti,Graffiti Request,7/10/2023,7/10/2023,7/10/2023,7/10/2023,Govans,SOUTHERN,11,SOUTHERN,593,39.359965,-76.347654,"39.359965, -76.347654"
SR-102738,Open,Phone,Graffiti,Graffiti Request,1/19/2021,1/19/2021,1/19/2021,1/19/2021,Pimlico,NORTHWESTERN,11,NORTHWESTERN,732,39.495653,-76.42772,"39.495653, -76.42772"
SR-102739,Open,Phone,Illegal Dumping,Illegal Dumping Request,2/3/2021,2/3/2021,2/3/2021,2/3/2021,Johnston Square,NORTHERN,13,NORTHERN,389,39.325752,-76.534554,"39.325752, -76.534554"
SR-102740,Closed,Phone,Graffiti,Graffiti Request,7/2/2019,7/2/2019,7/2/2019,7/2/2019,Homeland,SOUTHERN,7,SOUTHERN,286,39.210452,-76.569609,"39.210452, -76.569609"
SR-102741,Open,Phone,Abandoned Vehicle,Abandoned Vehicle Request,10/14/2022,10/14/2022,10/14/2022,10/14/2022,Greenmount West,WESTERN,9,WESTERN,813,39.431555,-76.463519,"39.431555, -76.463519"
SR-102742,Closed,Phone,Parking Complaint,Parking Complaint Request,4/6/2020,4/6/2020,4/6/2020,4/6/2020,Homeland,NORTHERN,4,NORTHERN,166,39.476732,-76.307464,"39.476732, -76.307464"
SR-102743,Closed,Phone,Parking Complaint,Parking Complaint Request,3/10/2023,3/10/2023,3/10/2023,3/10/2023,Morrell Park,EASTERN,13,EASTERN,229,39.374475,-76.316286,"39.374475, -76.316286"
SR-102744,In Progress,Phone,Dirty Street,Dirty Street Request,7/16/2019,7/16/2019,7/16/2019,7/16/2019,Roland Park,NORTHEASTERN,2,NORTHEASTERN,479,39.334624,-76.473369,"39.334624, -76.473369"
SR-102745,In Progress,Phone,Street Light Out,Street Light Out Request,11/10/2019,11/10/2019,11/10/2019,11/10/2019,Greenmount West,WESTERN,3,WESTERN,733,39.441729,-76.59554,"39.441729, -76.59554"
SR-102746,In Progress,Phone,Vacant Building,Vacant Building Request,11/25/2020,11/25/2020,11/25/2020,11/25/2020,Homeland,WESTERN,13,WESTERN,491,39.405726,-76.512198,"39.405726, -76.512198"
SR-102747,Closed,Phone,Illegal Dumping,Illegal Dumping Request,8/22/2019,8/22/2019,8/22/2019,8/22/2019,Pigtown,EASTERN,12,EASTERN,794,39.212652,-76.470542,"39.212652, -76.470542"
SR-102748,Closed,Phone,Pothole,Pothole Request,9/11/2020,9/11/2020,9/11/2020,9/11/2020,Govans,SOUTHERN,8,SOUTHERN,811,39.209467,-76.501665,"39.209467, -76.501665"
SR-102749,Open,Phone,Dirty Street,Dirty Street Request,9/28/2022,9/28/2022,9/28/2022,9/28/2022,Clifton Park,WESTERN,3,WESTERN,856,39.254703,-76.554546,"39.254703, -76.554546"
SR-102750,In Progress,Phone,Dirty Street,Dirty Street Request,6/24/2022,6/24/2022,6/24/2022,6/24/2022,Harlem Park,NORTHEASTERN,5,NORTHEASTERN,757,39.470705,-76.405987,"39.470705, -76.405987"
SR-102751,Closed,Phone,Graffiti,Graffiti Request,3/21/2021,3/21/2021,3/21/2021,3/21/2021,Druid Heights,SOUTHERN,4,SOUTHERN,392,39.35228,-76.317854,"39.35228, -76.317854"
SR-102752,Open,Phone,Abandoned Vehicle,Abandoned Vehicle Request,12/18/2022,12/18/2022,12/18/2022,12/18/2022,Belair-Edison,NORTHEASTERN,5,NORTHEASTERN,841,39.220303,-76.450128,"39.220303, -76.450128"
SR-102753,Closed,Phone,Rat Rubout,Rat Rubout Request,8/21/2023,8/21/2023,8/21/2023,8/21/2023,Greenmount West,EASTERN,7,EASTERN,245,39.236256,-76.453317,"39.236256, -76.453317"
SR-102754,Closed,Phone,Dead Animal,Dead Animal Request,8/4/2022,8/4/2022,8/4/2022,8/4/2022,Druid Heights,NORTHEASTERN,6,NORTHEASTERN,619,39.212216,-76.483127,"39.212216, -76.483127"
SR-102755,In Progress,Phone,Pothole,Pothole Request,10/20/2021,10/20/2021,10/20/2021,10/20/2021,Curtis Bay,EASTERN,12,EASTERN,198,39.424325,-76.397695,"39.424325, -76.397695"
SR-102756,In Progress,Phone,Graffiti,Graffiti Request,6/18/2022,6/18/2022,6/18/2022,6/18/2022,Greenmount West,CENTRAL,7,CENTRAL,819,39.44951,-76.473423,"39.44951, -76.473423"
SR-102757,Open,Phone,Graffiti,Graffiti Request,1/18/2020,1/18/2020,1/18/2020,1/18/2020,Cherry Hill,NORTHWESTERN,4,NORTHWESTERN,121,39.405457,-76.558188,"39.405457, -76.558188"
SR-102758,In Progress,Phone,Parking Complaint,Parking Complaint Request,1/28/2021,1/28/2021,1/28/2021,1/28/2021,Pen Lucy,CENTRAL,5,CENTRAL,596,39.449104,-76.419316,"39.449104, -76.419316"
SR-102759,Closed,Phone,Vacant Building,Vacant Building Request,9/18/2021,9/18/2021,9/18/2021,9/18/2021,Berea,NORTHWESTERN,13,NORTHWESTERN,671,39.318958,-76.372839,"39.318958, -76.372839"
SR-102760,In Progress,Phone,Street Light Out,Street Light Out Request,5/1/2022,5/1/2022,5/1/2022,5/1/2022,Belair-Edison,SOUTHERN,4,SOUTHERN,418,39.369925,-76.343025,"39.369925, -76.343025"
SR-102761,Open,Phone,Parking Complaint,Parking Complaint Request,11/15/2019,11/15/2019,11/15/2019,11/15/2019,Westport,SOUTHERN,14,SOUTHERN,714,39.328773,-76.484346,"39.328773, -76.484346"
SR-102762,Closed,Phone,Dirty Street,Dirty Street Request,4/6/2019,4/6/2019,4/6/2019,4/6/2019,Govans,NORTHWESTERN,1,NORTHWESTERN,217,39.480796,-76.413834,"39.480796, -76.413834"
SR-102763,Open,Phone,Graffiti,Graffiti Request,8/26/2023,8/26/2023,8/26/2023,8/26/2023,Hampden,CENTRAL,13,CENTRAL,204,39.211957,-76.541705,"39.211957, -76.541705"
SR-102764,In Progress,Phone,Street Light Out,Street Light Out Request,12/1/2023,12/1/2023,12/1/2023,12/1/2023,Govans,SOUTHERN,11,SOUTHERN,134,39.245012,-76.399325,"39.245012, -76.399325"
SR-102765,In Progress,Phone,Graffiti,Graffiti Request,11/3/2021,11/3/2021,11/3/2021,11/3/2021,Mount Washington,CENTRAL,9,CENTRAL,319,39.385998,-76.346499,"39.385998, -76.346499"
SR-102766,Open,Phone,Illegal Dumping,Illegal Dumping Request,10/1/2019,10/1/2019,10/1/2019,10/1/2019,Hampden,CENTRAL,11,CENTRAL,581,39.388007,-76.573745,"39.388007, -76.573745"
SR-102767,Closed,Phone,Pothole,Pothole Request,2/20/2023,2/20/2023,2/20/2023,2/20/2023,Homeland,NORTHWESTERN,1,NORTHWESTERN,189,39.281321,-76.366121,"39.281321, -76.366121"
SR-102768,Open,Phone,Abandoned Vehicle,Abandoned Vehicle Request,1/25/2023,1/25/2023,1/25/2023,1/25/2023,Berea,SOUTHERN,13,SOUTHERN,663,39.343439,-76.566683,"39.343439, -76.566683"
SR-102769,Closed,Phone,Abandoned Vehicle,Abandoned Vehicle Request,7/16/2021,7/16/2021,7/16/2021,7/16/2021,Johnston Square,EASTERN,7,EASTERN,443,39.282384,-76.553017,"39.282384, -76.553017"
SR-102770,Closed,Phone,Pothole,Pothole Request,9/10/2020,9/10/2020,9/10/2020,9/10/2020,Guilford,NORTHEASTERN,6,NORTHEASTERN,694,39.228781,-76.396982,"39.228781, -76.396982"
SR-102771,Open,Phone,Dirty Street,Dirty Street Request,3/6/2020,3/6/2020,3/6/2020,3/6/2020,Irvington,CENTRAL,5,CENTRAL,369,39.253448,-76.337376,"39.253448, -76.337376"
SR-102772,Open,Phone,Dirty Street,Dirty Street Request,7/3/2022,7/3/2022,7/3/2022,7/3/2022,Sandtown-Winchester,CENTRAL,3,CENTRAL,153,39.388865,-76.391973,"39.388865, -76.391973"
SR-102773,In Progress,Phone,Vacant Building,Vacant Building Request,7/23/2022,7/23/2022,7/23/2022,7/23/2022,Roland Park,WESTERN,9,WESTERN,292,39.445753,-76.484003,"39.445753, -76.484003"
SR-102774,Open,Phone,Dirty Street,Dirty Street Request,6/26/2020,6/26/2020,6/26/2020,6/26/2020,Guilford,WESTERN,13,WESTERN,176,39.235647,-76.534187,"39.235647, -76.534187"
SR-102775,Open,Phone,Parking Complaint,Parking Complaint Request,3/9/2022,3/9/2022,3/9/2022,3/9/2022,Waverly,NORTHEASTERN,2,NORTHEASTERN,624,39.420794,-76.366029,"39.420794, -76.366029"
SR-102776,In Progress,Phone,Parking Complaint,Parking Complaint Request,11/2/2023,11/2/2023,11/2/2023,11/2/2023,Cherry Hill,NORTHEASTERN,9,NORTHEASTERN,102,39.234159,-76.313397,"39.234159, -76.313397"
SR-102777,Closed,Phone,Rat Rubout,Rat Rubout Request,4/11/2019,4/11/2019,4/11/2019,4/11/2019,Middle East,EASTERN,4,EASTERN,253,39.415543,-76.467298,"39.415543, -76.467298"
SR-102778,Open,Phone,Pothole,Pothole Request,12/12/2019,12/12/2019,12/12/2019,12/12/2019,Pigtown,NORTHWESTERN,10,NORTHWESTERN,884,39.42404,-76.470758,"39.42404, -76.470758"
SR-102779,Closed,Phone,Street Light Out,Street Light Out Request,6/16/2020,6/16/2020,6/16/2020,6/16/2020,Pimlico,WESTERN,8,WESTERN,769,39.418323,-76.363155,"39.418323, -76.363155"
SR-102780,In Progress,Phone,Vacant Building,Vacant Building Request,10/1/2020,10/1/2020,10/1/2020,10/1/2020,Guilford,WESTERN,12,WESTERN,730,39.41252,-76.376232,"39.41252, -76.376232"
SR-102781,Open,Phone,Abandoned Vehicle,Abandoned Vehicle Request,2/24/2019,2/24/2019,2/24/2019,2/24/2019,Berea,NORTHERN,4,NORTHERN,591,39.474252,-76.405172,"39.474252, -76.405172"
SR-102782,Open,Phone,Street Light Out,Street Light Out Request,12/3/2022,12/3/2022,12/3/2022,12/3/2022,Harlem Park,NORTHWESTERN,8,NORTHWESTERN,285,39.227705,-76.326627,"39.227705, -76.326627"
SR-102783,In Progress,Phone,Vacant Building,Vacant Building Request,3/5/2019,3/5/2019,3/5/2019,3/5/2019,Homeland,EASTERN,7,EASTERN,265,39.223778,-76.36427,"39.223778, -76.36427"
SR-102784,In Progress,Phone,Dead Animal,Dead Animal Request,4/1/2023,4/1/2023,4/1/2023,4/1/2023,Druid Heights,NORTHEASTERN,13,NORTHEASTERN,692,39.450318,-76.594392,"39.450318, -76.594392"
SR-102785,In Progress,Phone,Dead Animal,Dead Animal Request,11/4/2020,11/4/2020,11/4/2020,11/4/2020,Upton,SOUTHERN,5,SOUTHERN,168,39.360774,-76.350438,"39.360774, -76.350438"
SR-102786,Closed,Phone,Rat Rubout,Rat Rubout Request,2/22/2020,2/22/2020,2/22/2020,2/22/2020,Waverly,SOUTHERN,8,SOUTHERN,336,39.378229,-76.531065,"39.378229, -76.531065"
SR-102787,In Progress,Phone,Rat Rubout,Rat Rubout Request,8/5/2023,8/5/2023,8/5/2023,8/5/2023,Upton,NORTHWESTERN,9,NORTHWESTERN,561,39.355845,-76.355069,"39.355845, -76.355069"
SR-102788,Closed,Phone,Vacant Building,Vacant Building Request,4/24/2019,4/24/2019,4/24/2019,4/24/2019,Hampden,EASTERN,8,EASTERN,786,39.242211,-76.530277,"39.242211, -76.530277"
SR-102789,Closed,Phone,Pothole,Pothole Request,12/19/2019,12/19/2019,12/19/2019,12/19/2019,Govans,WESTERN,11,WESTERN,856,39.422371,-76.454758,"39.422371, -76.454758"
SR-102790,In Progress,Phone,Street Light Out,Street Light Out Request,5/6/2022,5/6/2022,5/6/2022,5/6/2022,Johnston Square,WESTERN,10,WESTERN,573,39.462866,-76.37886,"39.462866, -76.37886"
SR-102791,Closed,Phone,Dirty Street,Dirty Street Request,3/12/2021,3/12/2021,3/12/2021,3/12/2021,Middle East,NORTHERN,9,NORTHERN,430,39.385321,-76.580308,"39.385321, -76.580308"
SR-102792,In Progress,Phone,Street Light Out,Street Light Out Request,4/4/2019,4/4/2019,4/4/2019,4/4/2019,Mount Washington,SOUTHERN,9,SOUTHERN,788,39.388129,-76.521654,"39.388129, -76.521654"
SR-102793,Open,Phone,Vacant Building,Vacant Building Request,10/12/2019,10/12/2019,10/12/2019,10/12/2019,Clifton Park,SOUTHERN,4,SOUTHERN,366,39.483636,-76.398671,"39.483636, -76.398671"
SR-102794,In Progress,Phone,Rat Rubout,Rat Rubout Request,6/23/2020,6/23/2020,6/23/2020,6/23/2020,Pigtown,NORTHEASTERN,2,NORTHEASTERN,109,39.486171,-76.362141,"39.486171, -76.362141"
SR-102795,Closed,Phone,Street Light Out,Street Light Out Request,3/21/2023,3/21/2023,3/21/2023,3/21/2023,Middle East,WESTERN,9,WESTERN,780,39.228801,-76.599582,"39.228801, -76.599582"
SR-102796,Closed,Phone,Illegal Dumping,Illegal Dumping Request,6/8/2023,6/8/2023,6/8/2023,6/8/2023,Johnston Square,SOUTHERN,13,SOUTHERN,866,39.380546,-76.410701,"39.380546, -76.410701"
SR-102797,Open,Phone,Pothole,Pothole Request,11/27/2021,11/27/2021,11/27/2021,11/27/2021,Irvington,EASTERN,3,EASTERN,446,39.367734,-76.46543,"39.367734, -76.46543"
SR-102798,Closed,Phone,Rat Rubout,Rat Rubout Request,8/11/2022,8/11/2022,8/11/2022,8/11/2022,Pigtown,EASTERN,12,EASTERN,560,39.427567,-76.435899,"39.427567, -76.435899"
SR-102799,Closed,Phone,Abandoned Vehicle,Abandoned Vehicle Request,4/12/2023,4/12/2023,4/12/2023,4/12/2023,Waverly,EASTERN,13,EASTERN,833,39.28261,-76.442786,"39.28261, -76.442786"
SR-102800,Closed,Phone,Dirty Street,Dirty Street Request,7/5/2019,7/5/2019,7/5/2019,7/5/2019,Druid Heights,NORTHEASTERN,8,NORTHEASTERN,361,39.356064,-76.338906,"39.356064, -76.338906"
SR-102801,Closed,Phone,Graffiti,Graffiti Request,10/25/2022,10/25/2022,10/25/2022,10/25/2022,Charles Village,SOUTHERN,13,SOUTHERN,812,39.325708,-76.392275,"39.325708, -76.392275"
SR-102802,In Progress,Phone,Graffiti,Graffiti Request,7/10/2019,7/10/2019,7/10/2019,7/10/2019,Pimlico,CENTRAL,1,CENTRAL,747,39.413989,-76.594332,"39.413989, -76.594332"
SR-102803,In Progress,Phone,Parking Complaint,Parking Complaint Request,2/20/2021,2/20/2021,2/20/2021,2/20/2021,Pigtown,SOUTHERN,3,SOUTHERN,344,39.286579,-76.427223,"39.286579, -76.427223"
SR-102804,Closed,Phone,Dirty Street,Dirty Street Request,12/14/2022,12/14/2022,12/14/2022,12/14/2022,Guilford,NORTHEASTERN,5,NORTHEASTERN,900,39.204103,-76.456362,"39.204103, -76.456362"
SR-102805,Closed,Phone,Vacant Building,Vacant Building Request,3/11/2021,3/11/2021,3/11/2021,3/11/2021,Middle East,NORTHERN,8,NORTHERN,222,39.457502,-76.34701,"39.457502, -76.34701"
SR-102806,In Progress,Phone,Vacant Building,Vacant Building Request,7/23/2019,7/23/2019,7/23/2019,7/23/2019,Irvington,NORTHWESTERN,4,NORTHWESTERN,804,39.447506,-76.453717,"39.447506, -76.453717"
SR-102807,Closed,Phone,Illegal Dumping,Illegal Dumping Request,8/12/2023,8/12/2023,8/12/2023,8/12/2023,Morrell Park,NORTHEASTERN,4,NORTHEASTERN,265,39.360041,-76.430771,"39.360041, -76.430771"
SR-102808,In Progress,Phone,Illegal Dumping,Illegal Dumping Request,6/22/2020,6/22/2020,6/22/2020,6/22/2020,Guilford,SOUTHERN,2,SOUTHERN,341,39.474713,-76.307364,"39.474713, -76.307364"
SR-102809,In Progress,Phone,Dirty Street,Dirty Street Request,12/14/2019,12/14/2019,12/14/2019,12/14/2019,Brooklyn,NORTHWESTERN,3,NORTHWESTERN,350,39.311813,-76.519479,"39.311813, -76.519479"
SR-102810,Open,Phone,Illegal Dumping,Illegal Dumping Request,10/8/2022,10/8/2022,10/8/2022,10/8/2022,Cherry Hill,SOUTHERN,9,SOUTHERN,628,39.236992,-76.41486,"39.236992, -76.41486"
SR-102811,Closed,Phone,Pothole,Pothole Request,8/16/2022,8/16/2022,8/16/2022,8/16/2022,Waverly,NORTHWESTERN,8,NORTHWESTERN,223,39.292406,-76.322805,"39.292406, -76.322805"
SR-102812,Closed,Phone,Street Light Out,Street Light Out Request,11/9/2023,11/9/2023,11/9/2023,11/9/2023,Middle East,WESTERN,12,WESTERN,739,39.453731,-76.378805,"39.453731, -76.378805"
SR-102813,Open,Phone,Dead Animal,Dead Animal Request,5/12/2022,5/12/2022,5/12/2022,5/12/2022,Greenmount West,SOUTHERN,3,SOUTHERN,633,39.43692,-76.342341,"39.43692, -76.342341"
SR-102814,Open,Phone,Dirty Street,Dirty Street Request,5/16/2020,5/16/2020,5/16/2020,5/16/2020,Pigtown,NORTHEASTERN,12,NORTHEASTERN,372,39.320432,-76.377647,"39.320432, -76.377647"
SR-102815,Open,Phone,Rat Rubout,Rat Rubout Request,1/14/2021,1/14/2021,1/14/2021,1/14/2021,Hampden,NORTHERN,5,NORTHERN,253,39.486597,-76.422518,"39.486597, -76.422518"
SR-102816,Open,Phone,Dirty Street,Dirty Street Request,9/7/2020,9/7/2020,9/7/2020,9/7/2020,Park Heights,NORTHWESTERN,9,NORTHWESTERN,130,39.269664,-76.339496,"39.269664, -76.339496"
SR-102817,Closed,Phone,Dead Animal,Dead Animal Request,8/6/2023,8/6/2023,8/6/2023,8/6/2023,Upton,NORTHEASTERN,12,NORTHEASTERN,117,39.370316,-76.381922,"39.370316, -76.381922"
SR-102818,Open,Phone,Parking Complaint,Parking Complaint Request,12/1/2019,12/1/2019,12/1/2019,12/1/2019,Hampden,NORTHWESTERN,14,NORTHWESTERN,268,39.388137,-76.497567,"39.388137, -76.497567"
SR-102819,Closed,Phone,Parking Complaint,Parking Complaint Request,7/22/2023,7/22/2023,7/22/2023,7/22/2023,Eastwood,NORTHWESTERN,14,NORTHWESTERN,539,39.420098,-76.577134,"39.420098, -76.577134"
SR-102820,In Progress,Phone,Parking Complaint,Parking Complaint Request,4/27/2019,4/27/2019,4/27/2019,4/27/2019,Upton,WESTERN,12,WESTERN,523,39.403164,-76.307184,"39.403164, -76.307184"
SR-102821,Open,Phone,Graffiti,Graffiti Request,1/26/2023,1/26/2023,1/26/2023,1/26/2023,Morrell Park,SOUTHERN,5,SOUTHERN,759,39.353619,-76.506875,"39.353619, -76.506875"
SR-102822,Closed,Phone,Graffiti,Graffiti Request,6/2/2020,6/2/2020,6/2/2020,6/2/2020,Oliver,EASTERN,10,EASTERN,571,39.353778,-76.441326,"39.353778, -76.441326"
SR-102823,Closed,Phone,Abandoned Vehicle,Abandoned Vehicle Request,7/8/2019,7/8/2019,7/8/2019,7/8/2019,Homeland,SOUTHERN,7,SOUTHERN,328,39.494937,-76.506173,"39.494937, -76.506173"
SR-102824,In Progress,Phone,Pothole,Pothole Request,7/27/2022,7/27/2022,7/27/2022,7/27/2022,Homeland,NORTHWESTERN,4,NORTHWESTERN,443,39.48625,-76.337005,"39.48625, -76.337005"
SR-102825,In Progress,Phone,Abandoned Vehicle,Abandoned Vehicle Request,8/21/2019,8/21/2019,8/21/2019,8/21/2019,Belair-Edison,NORTHERN,14,NORTHERN,671,39.49992,-76.568315,"39.49992, -76.568315"
SR-102826,Closed,Phone,Illegal Dumping,Illegal Dumping Request,2/8/2023,2/8/2023,2/8/2023,2/8/2023,Cherry Hill,WESTERN,2,WESTERN,725,39.222259,-76.553491,"39.222259, -76.553491"
SR-102827,Open,Phone,Dirty Street,Dirty Street Request,2/9/2023,2/9/2023,2/9/2023,2/9/2023,Sandtown-Winchester,SOUTHERN,6,SOUTHERN,486,39.325895,-76.584616,"39.325895, -76.584616"
SR-102828,Open,Phone,Street Light Out,Street Light Out Request,1/19/2020,1/19/2020,1/19/2020,1/19/2020,Belair-Edison,NORTHWESTERN,8,NORTHWESTERN,513,39.373009,-76.326105,"39.373009, -76.326105"
SR-102829,Closed,Phone,Vacant Building,Vacant Building Request,12/9/2021,12/9/2021,12/9/2021,12/9/2021,Middle East,WESTERN,14,WESTERN,380,39.437331,-76.484351,"39.437331, -76.484351"
SR-102830,Open,Phone,Parking Complaint,Parking Complaint Request,10/11/2020,10/11/2020,10/11/2020,10/11/2020,Park Heights,WESTERN,14,WESTERN,588,39.451852,-76.310168,"39.451852, -76.310168"
SR-102831,Closed,Phone,Pothole,Pothole Request,1/2/2020,1/2/2020,1/2/2020,1/2/2020,Brooklyn,NORTHWESTERN,11,NORTHWESTERN,514,39.281725,-76.570272,"39.281725, -76.570272"
SR-102832,Closed,Phone,Illegal Dumping,Illegal Dumping Request,5/21/2020,5/21/2020,5/21/2020,5/21/2020,Waverly,NORTHWESTERN,1,NORTHWESTERN,223,39.274235,-76.406355,"39.274235, -76.406355"
SR-102833,Closed,Phone,Dirty Street,Dirty Street Request,11/26/2023,11/26/2023,11/26/2023,11/26/2023,Hampden,NORTHWESTERN,2,NORTHWESTERN,191,39.286438,-76.374394,"39.286438, -76.374394"
SR-102834,Open,Phone,Rat Rubout,Rat Rubout Request,3/2/2021,3/2/2021,3/2/2021,3/2/2021,Belair-Edison,WESTERN,11,WESTERN,399,39.230633,-76.451487,"39.230633, -76.451487"
SR-102835,Open,Phone,Dead Animal,Dead Animal Request,6/14/2022,6/14/2022,6/14/2022,6/14/2022,Druid Heights,SOUTHERN,11,SOUTHERN,366,39.335175,-76.451922,"39.335175, -76.451922"
SR-102836,Open,Phone,Dead Animal,Dead Animal Request,11/22/2020,11/22/2020,11/22/2020,11/22/2020,Charles Village,CENTRAL,6,CENTRAL,183,39.42964,-76.463218,"39.42964, -76.463218"
SR-102837,Open,Phone,Illegal Dumping,Illegal Dumping Request,4/28/2021,4/28/2021,4/28/2021,4/28/2021,Pigtown,NORTHWESTERN,3,NORTHWESTERN,229,39.422631,-76.471596,"39.422631, -76.471596"
SR-102838,Open,Phone,Parking Complaint,Parking Complaint Request,12/10/2023,12/10/2023,12/10/2023,12/10/2023,Belair-Edison,CENTRAL,8,CENTRAL,414,39.316102,-76.583082,"39.316102, -76.583082"
SR-102839,Closed,Phone,Abandoned Vehicle,Abandoned Vehicle Request,1/19/2023,1/19/2023,1/19/2023,1/19/2023,Waverly,NORTHERN,6,NORTHERN,668,39.31418,-76.418057,"39.31418, -76.418057"
SR-102840,In Progress,Phone,Illegal Dumping,Illegal Dumping Request,5/4/2019,5/4/2019,5/4/2019,5/4/2019,Druid Heights,SOUTHERN,1,SOUTHERN,159,39.386653,-76.324436,"39.386653, -76.324436"
SR-102841,Open,Phone,Pothole,Pothole Request,7/11/2023,7/11/2023,7/11/2023,7/11/2023,Westport,WESTERN,6,WESTERN,377,39.365623,-76.48401,"39.365623, -76.48401"
SR-102842,In Progress,Phone,Dirty Street,Dirty Street Request,6/13/2023,6/13/2023,6/13/2023,6/13/2023,Eastwood,SOUTHERN,6,SOUTHERN,477,39.447352,-76.312736,"39.447352, -76.312736"
SR-102843,Open,Phone,Pothole,Pothole Request,3/8/2019,3/8/2019,3/8/2019,3/8/2019,Greenmount West,NORTHERN,12,NORTHERN,435,39.21362,-76.57543,"39.21362, -76.57543"
SR-102844,Closed,Phone,Graffiti,Graffiti Request,1/10/2023,1/10/2023,1/10/2023,1/10/2023,Belair-Edison,NORTHWESTERN,3,NORTHWESTERN,707,39.307194,-76.455182,"39.307194, -76.455182"
SR-102845,Closed,Phone,Abandoned Vehicle,Abandoned Vehicle Request,3/1/2021,3/1/2021,3/1/2021,3/1/2021,Pen Lucy,NORTHERN,13,NORTHERN,289,39.423636,-76.462296,"39.423636, -76.462296"
SR-102846,Closed,Phone,Abandoned Vehicle,Abandoned Vehicle Request,4/9/2021,4/9/2021,4/9/2021,4/9/2021,Harlem Park,WESTERN,5,WESTERN,186,39.207334,-76.322748,"39.207334, -76.322748"
SR-102847,Open,Phone,Street Light Out,Street Light Out Request,11/12/2023,11/12/2023,11/12/2023,11/12/2023,Eastwood,WESTERN,5,WESTERN,213,39.418238,-76.45761,"39.418238, -76.45761"
SR-102848,Closed,Phone,Pothole,Pothole Request,8/5/2020,8/5/2020,8/5/2020,8/5/2020,Eastwood,CENTRAL,6,CENTRAL,604,39.415253,-76.462912,"39.415253, -76.462912"
SR-102849,Closed,Phone,Rat Rubout,Rat Rubout Request,7/24/2020,7/24/2020,7/24/2020,7/24/2020,Druid Heights,CENTRAL,8,CENTRAL,626,39.333391,-76.523783,"39.333391, -76.523783"
SR-102850,In Progress,Phone,Illegal Dumping,Illegal Dumping Request,6/7/2023,6/7/2023,6/7/2023,6/7/2023,Hampden,NORTHERN,9,NORTHERN,426,39.472315,-76.551083,"39.472315, -76.551083"
SR-102851,In Progress,Phone,Dirty Street,Dirty Street Request,6/21/2021,6/21/2021,6/21/2021,6/21/2021,Mount Washington,NORTHWESTERN,5,NORTHWESTERN,207,39.371162,-76.564023,"39.371162, -76.564023"
SR-102852,Closed,Phone,Rat Rubout,Rat Rubout Request,1/10/2022,1/10/2022,1/10/2022,1/10/2022,Westport,NORTHWESTERN,4,NORTHWESTERN,102,39.347923,-76.33303,"39.347923, -76.33303"
SR-102853,Open,Phone,Pothole,Pothole Request,9/25/2021,9/25/2021,9/25/2021,9/25/2021,Berea,WESTERN,2,WESTERN,405,39.327856,-76.521057,"39.327856, -76.521057"
SR-102854,In Progress,Phone,Pothole,Pothole Request,6/24/2020,6/24/2020,6/24/2020,6/24/2020,Westport,CENTRAL,10,CENTRAL,296,39.370333,-76.396798,"39.370333, -76.396798"
SR-102855,Open,Phone,Dirty Street,Dirty Street Request,6/23/2022,6/23/2022,6/23/2022,6/23/2022,Curtis Bay,NORTHERN,6,NORTHERN,117,39.404871,-76.569726,"39.404871, -76.569726"
SR-102856,In Progress,Phone,Illegal Dumping,Illegal Dumping Request,7/7/2019,7/7/2019,7/7/2019,7/7/2019,Middle East,WESTERN,6,WESTERN,106,39.356175,-76.500304,"39.356175, -76.500304"
SR-102857,Open,Phone,Dead Animal,Dead Animal Request,10/13/2020,10/13/2020,10/13/2020,10/13/2020,Clifton Park,SOUTHERN,5,SOUTHERN,585,39.344793,-76.346103,"39.344793, -76.346103"
SR-102858,In Progress,Phone,Illegal Dumping,Illegal Dumping Request,1/20/2023,1/20/2023,1/20/2023,1/20/2023,Greenmount West,CENTRAL,4,CENTRAL,420,39.484153,-76.481085,"39.484153, -76.481085"
SR-102859,Open,Phone,Vacant Building,Vacant Building Request,9/8/2019,9/8/2019,9/8/2019,9/8/2019,Harlem Park,SOUTHERN,6,SOUTHERN,471,39.49971,-76.545323,"39.49971, -76.545323"
SR-102860,Closed,Phone,Vacant Building,Vacant Building Request,11/2/2022,11/2/2022,11/2/2022,11/2/2022,Pigtown,CENTRAL,6,CENTRAL,121,39.253223,-76.324352,"39.253223, -76.324352"
SR-102861,Closed,Phone,Parking Complaint,Parking Complaint Request,7/19/2020,7/19/2020,7/19/2020,7/19/2020,Curtis Bay,CENTRAL,3,CENTRAL,205,39.36318,-76.510256,"39.36318, -76.510256"
SR-102862,In Progress,Phone,Rat Rubout,Rat Rubout Request,6/10/2021,6/10/2021,6/10/2021,6/10/2021,Druid Heights,NORTHEASTERN,13,NORTHEASTERN,746,39.212356,-76.411967,"39.212356, -76.411967"
SR-102863,Closed,Phone,Vacant Building,Vacant Building Request,7/12/2019,7/12/2019,7/12/2019,7/12/2019,Westport,EASTERN,10,EASTERN,533,39.390408,-76.536113,"39.390408, -76.536113"
SR-102864,In Progress,Phone,Graffiti,Graffiti Request,4/10/2022,4/10/2022,4/10/2022,4/10/2022,Greenmount West,NORTHERN,6,NORTHERN,860,39.324577,-76.340205,"39.324577, -76.340205"
SR-102865,In Progress,Phone,Dirty Street,Dirty Street Request,4/28/2022,4/28/2022,4/28/2022,4/28/2022,Park Heights,EASTERN,11,EASTERN,402,39.211977,-76.492363,"39.211977, -76.492363"
SR-102866,Closed,Phone,Dirty Street,Dirty Street Request,4/7/2020,4/7/2020,4/7/2020,4/7/2020,Brooklyn,EASTERN,4,EASTERN,175,39.496251,-76.303332,"39.496251, -76.303332"
SR-102867,In Progress,Phone,Graffiti,Graffiti Request,12/2/2019,12/2/2019,12/2/2019,12/2/2019,Pen Lucy,NORTHWESTERN,1,NORTHWESTERN,322,39.235263,-76.310733,"39.235263, -76.310733"
SR-102868,In Progress,Phone,Pothole,Pothole Request,4/24/2022,4/24/2022,4/24/2022,4/24/2022,Berea,EASTERN,12,EASTERN,611,39.466457,-76.315855,"39.466457, -76.315855"
SR-102869,In Progress,Phone,Parking Complaint,Parking Complaint Request,9/4/2023,9/4/2023,9/4/2023,9/4/2023,Waverly,WESTERN,1,WESTERN,810,39.365594,-76.322889,"39.365594, -76.322889"
SR-102870,In Progress,Phone,Rat Rubout,Rat Rubout Request,7/17/2022,7/17/2022,7/17/2022,7/17/2022,Hampden,EASTERN,4,EASTERN,190,39.289505,-76.540021,"39.289505, -76.540021"
SR-102871,Closed,Phone,Dead Animal,Dead Animal Request,10/18/2019,10/18/2019,10/18/2019,10/18/2019,Greenmount West,SOUTHERN,3,SOUTHERN,602,39.469646,-76.580192,"39.469646, -76.580192"
SR-102872,Closed,Phone,Graffiti,Graffiti Request,10/24/2021,10/24/2021,10/24/2021,10/24/2021,Belair-Edison,NORTHERN,6,NORTHERN,412,39.453419,-76.519167,"39.453419, -76.519167"
SR-102873,In Progress,Phone,Rat Rubout,Rat Rubout Request,5/13/2020,5/13/2020,5/13/2020,5/13/2020,Brooklyn,WESTERN,11,WESTERN,351,39.380398,-76.520439,"39.380398, -76.520439"
SR-102874,Closed,Phone,Street Light Out,Street Light Out Request,10/11/2020,10/11/2020,10/11/2020,10/11/2020,Middle East,SOUTHERN,9,SOUTHERN,112,39.253381,-76.489744,"39.253381, -76.489744"
SR-102875,Open,Phone,Rat Rubout,Rat Rubout Request,4/22/2021,4/22/2021,4/22/2021,4/22/2021,Upton,NORTHERN,14,NORTHERN,118,39.284396,-76.476037,"39.284396, -76.476037"
SR-102876,Closed,Phone,Pothole,Pothole Request,4/2/2020,4/2/2020,4/2/2020,4/2/2020,Harlem Park,NORTHWESTERN,3,NORTHWESTERN,488,39.233495,-76.383847,"39.233495, -76.383847"
SR-102877,Closed,Phone,Street Light Out,Street Light Out Request,1/28/2022,1/28/2022,1/28/2022,1/28/2022,Eastwood,WESTERN,12,WESTERN,472,39.268735,-76.493545,"39.268735, -76.493545"
SR-102878,In Progress,Phone,Rat Rubout,Rat Rubout Request,6/4/2019,6/4/2019,6/4/2019,6/4/2019,Pimlico,SOUTHERN,8,SOUTHERN,792,39.227593,-76.388782,"39.227593, -76.388782"
SR-102879,Open,Phone,Parking Complaint,Parking Complaint Request,5/6/2019,5/6/2019,5/6/2019,5/6/2019,Hampden,EASTERN,7,EASTERN,606,39.241565,-76.508296,"39.241565, -76.508296"
SR-102880,In Progress,Phone,Graffiti,Graffiti Request,5/21/2019,5/21/2019,5/21/2019,5/21/2019,Oliver,NORTHERN,1,NORTHERN,746,39.226047,-76.449618,"39.226047, -76.449618"
SR-102881,Closed,Phone,Dead Animal,Dead Animal Request,5/20/2022,5/20/2022,5/20/2022,5/20/2022,Roland Park,NORTHWESTERN,8,NORTHWESTERN,364,39.478116,-76.403087,"39.478116, -76.403087"
SR-102882,Open,Phone,Abandoned Vehicle,Abandoned Vehicle Request,6/13/2023,6/13/2023,6/13/2023,6/13/2023,Mount Washington,WESTERN,12,WESTERN,319,39.311564,-76.452503,"39.311564, -76.452503"
SR-102883,Closed,Phone,Illegal Dumping,Illegal Dumping Request,10/3/2022,10/3/2022,10/3/2022,10/3/2022,Upton,EASTERN,6,EASTERN,519,39.432828,-76.467463,"39.432828, -76.467463"
SR-102884,Closed,Phone,Vacant Building,Vacant Building Request,4/16/2020,4/16/2020,4/16/2020,4/16/2020,Pimlico,EASTERN,9,EASTERN,722,39.257447,-76.507783,"39.257447, -76.507783"
SR-102885,Closed,Phone,Pothole,Pothole Request,1/25/2019,1/25/2019,1/25/2019,1/25/2019,Upton,WESTERN,13,WESTERN,173,39.250549,-76.546909,"39.250549, -76.546909"
SR-102886,Closed,Phone,Parking Complaint,Parking Complaint Request,8/13/2022,8/13/2022,8/13/2022,8/13/2022,Waverly,NORTHWESTERN,3,NORTHWESTERN,482,39.488454,-76.302782,"39.488454, -76.302782"
SR-102887,Open,Phone,Vacant Building,Vacant Building Request,8/18/2021,8/18/2021,8/18/2021,8/18/2021,Eastwood,WESTERN,12,WESTERN,615,39.289499,-76.570858,"39.289499, -76.570858"
SR-102888,Open,Phone,Abandoned Vehicle,Abandoned Vehicle Request,3/3/2021,3/3/2021,3/3/2021,3/3/2021,Westport,WESTERN,13,WESTERN,746,39.498745,-76.454108,"39.498745, -76.454108"
SR-102889,In Progress,Phone,Vacant Building,Vacant Building Request,5/2/2023,5/2/2023,5/2/2023,5/2/2023,Belair-Edison,NORTHEASTERN,12,NORTHEASTERN,676,39.494782,-76.458145,"39.494782, -76.458145"
SR-102890,Open,Phone,Graffiti,Graffiti Request,4/14/2019,4/14/2019,4/14/2019,4/14/2019,Mount Washington,CENTRAL,9,CENTRAL,401,39.331,-76.410825,"39.331, -76.410825"
SR-102891,In Progress,Phone,Dirty Street,Dirty Street Request,11/24/2023,11/24/2023,11/24/2023,11/24/2023,Charles Village,WESTERN,7,WESTERN,341,39.393008,-76.41015,"39.393008, -76.41015"
SR-102892,Open,Phone,Graffiti,Graffiti Request,8/20/2020,8/20/2020,8/20/2020,8/20/2020,Pen Lucy,WESTERN,13,WESTERN,452,39.291943,-76.406401,"39.291943, -76.406401"
SR-102893,Closed,Phone,Dead Animal,Dead Animal Request,4/28/2022,4/28/2022,4/28/2022,4/28/2022,Sandtown-Winchester,WESTERN,9,WESTERN,588,39.467603,-76.418971,"39.467603, -76.418971"
SR-102894,Open,Phone,Abandoned Vehicle,Abandoned Vehicle Request,3/23/2023,3/23/2023,3/23/2023,3/23/2023,Harlem Park,NORTHWESTERN,12,NORTHWESTERN,259,39.473125,-76.43601,"39.473125, -76.43601"
SR-102895,In Progress,Phone,Dead Animal,Dead Animal Request,10/15/2021,10/15/2021,10/15/2021,10/15/2021,Oliver,NORTHEASTERN,14,NORTHEASTERN,499,39.283308,-76.327126,"39.283308, -76.327126"
SR-102896,Open,Phone,Vacant Building,Vacant Building Request,7/9/2021,7/9/2021,7/9/2021,7/9/2021,Roland Park,NORTHWESTERN,10,NORTHWESTERN,224,39.370782,-76.344601,"39.370782, -76.344601"
SR-102897,Open,Phone,Abandoned Vehicle,Abandoned Vehicle Request,1/3/2019,1/3/2019,1/3/2019,1/3/2019,Curtis Bay,NORTHEASTERN,14,NORTHEASTERN,740,39.451236,-76.384216,"39.451236, -76.384216"
SR-102898,In Progress,Phone,Rat Rubout,Rat Rubout Request,10/12/2021,10/12/2021,10/12/2021,10/12/2021,Middle East,NORTHEASTERN,13,NORTHEASTERN,845,39.221679,-76.541377,"39.221679, -76.541377"
SR-102899,In Progress,Phone,Rat Rubout,Rat Rubout Request,7/2/2022,7/2/2022,7/2/2022,7/2/2022,Berea,WESTERN,4,WESTERN,480,39.4937,-76.530341,"39.4937, -76.530341"
SR-102900,Open,Phone,Abandoned Vehicle,Abandoned Vehicle Request,11/19/2020,11/19/2020,11/19/2020,11/19/2020,Druid Heights,NORTHEASTERN,10,NORTHEASTERN,798,39.251797,-76.383974,"39.251797, -76.383974"
SR-102901,Closed,Phone,Graffiti,Graffiti Request,8/1/2021,8/1/2021,8/1/2021,8/1/2021,Waverly,SOUTHERN,2,SOUTHERN,157,39.340894,-76.436244,"39.340894, -76.436244"
SR-102902,Closed,Phone,Vacant Building,Vacant Building Request,11/7/2019,11/7/2019,11/7/2019,11/7/2019,Homeland,NORTHERN,4,NORTHERN,158,39.340947,-76.345146,"39.340947, -76.345146"
SR-102903,Closed,Phone,Dead Animal,Dead Animal Request,2/9/2021,2/9/2021,2/9/2021,2/9/2021,Middle East,NORTHEASTERN,5,NORTHEASTERN,825,39.331681,-76.468531,"39.331681, -76.468531"
SR-102904,In Progress,Phone,Graffiti,Graffiti Request,6/28/2021,6/28/2021,6/28/2021,6/28/2021,Park Heights,CENTRAL,4,CENTRAL,875,39.499643,-76.467523,"39.499643, -76.467523"
SR-102905,Open,Phone,Vacant Building,Vacant Building Request,2/14/2019,2/14/2019,2/14/2019,2/14/2019,Clifton Park,NORTHWESTERN,6,NORTHWESTERN,559,39.452307,-76.463333,"39.452307, -76.463333"
SR-102906,Closed,Phone,Parking Complaint,Parking Complaint Request,12/19/2021,12/19/2021,12/19/2021,12/19/2021,Middle East,NORTHEASTERN,13,NORTHEASTERN,461,39.317297,-76.308252,"39.317297, -76.308252"
SR-102907,In Progress,Phone,Parking Complaint,Parking Complaint Request,8/5/2019,8/5/2019,8/5/2019,8/5/2019,Park Heights,CENTRAL,4,CENTRAL,544,39.275166,-76.577038,"39.275166, -76.577038"
SR-102908,Open,Phone,Abandoned Vehicle,Abandoned Vehicle Request,2/10/2022,2/10/2022,2/10/2022,2/10/2022,Harlem Park,NORTHEASTERN,11,NORTHEASTERN,228,39.463982,-76.547935,"39.463982, -76.547935"
SR-102909,Closed,Phone,Dirty Street,Dirty Street Request,6/7/2021,6/7/2021,6/7/2021,6/7/2021,Irvington,NORTHERN,2,NORTHERN,493,39.321635,-76.358246,"39.321635, -76.358246"
SR-102910,In Progress,Phone,Pothole,Pothole Request,2/18/2021,2/18/2021,2/18/2021,2/18/2021,Westport,NORTHERN,1,NORTHERN,128,39.43455,-76.519575,"39.43455, -76.519575"
SR-102911,Closed,Phone,Dirty Street,Dirty Street Request,9/24/2020,9/24/2020,9/24/2020,9/24/2020,Middle East,SOUTHERN,13,SOUTHERN,577,39.281963,-76.552149,"39.281963, -76.552149"
SR-102912,In Progress,Phone,Dirty Street,Dirty Street Request,12/4/2022,12/4/2022,12/4/2022,12/4/2022,Charles Village,WESTERN,10,WESTERN,574,39.37736,-76.341844,"39.37736, -76.341844"
SR-102913,In Progress,Phone,Dirty Street,Dirty Street Request,7/11/2023,7/11/2023,7/11/2023,7/11/2023,Morrell Park,WESTERN,2,WESTERN,669,39.408628,-76.532152,"39.408628, -76.532152"
SR-102914,Open,Phone,Rat Rubout,Rat Rubout Request,11/17/2019,11/17/2019,11/17/2019,11/17/2019,Roland Park,EASTERN,5,EASTERN,810,39.42233,-76.499952,"39.42233, -76.499952"
SR-102915,Open,Phone,Graffiti,Graffiti Request,7/28/2019,7/28/2019,7/28/2019,7/28/2019,Morrell Park,CENTRAL,8,CENTRAL,150,39.327082,-76.503835,"39.327082, -76.503835"
SR-102916,Open,Phone,Rat Rubout,Rat Rubout Request,7/14/2023,7/14/2023,7/14/2023,7/14/2023,Eastwood,WESTERN,7,WESTERN,663,39.360489,-76.564526,"39.360489, -76.564526"
SR-102917,Open,Phone,Abandoned Vehicle,Abandoned Vehicle Request,9/27/2020,9/27/2020,9/27/2020,9/27/2020,Cherry Hill,NORTHEASTERN,10,NORTHEASTERN,406,39.396423,-76.490227,"39.396423, -76.490227"
SR-102918,In Progress,Phone,Graffiti,Graffiti Request,6/10/2019,6/10/2019,6/10/2019,6/10/2019,Waverly,NORTHEASTERN,7,NORTHEASTERN,626,39.399943,-76.317948,"39.399943, -76.317948"
SR-102919,Closed,Phone,Rat Rubout,Rat Rubout Request,6/3/2023,6/3/2023,6/3/2023,6/3/2023,Waverly,WESTERN,7,WESTERN,794,39.365933,-76.572661,"39.365933, -76.572661"
SR-102920,Closed,Phone,Vacant Building,Vacant Building Request,9/16/2022,9/16/2022,9/16/2022,9/16/2022,Waverly,NORTHERN,13,NORTHERN,428,39.353397,-76.583314,"39.353397, -76.583314"
SR-102921,Open,Phone,Street Light Out,Street Light Out Request,10/13/2021,10/13/2021,10/13/2021,10/13/2021,Druid Heights,CENTRAL,12,CENTRAL,489,39.312352,-76.402344,"39.312352, -76.402344"
SR-102922,Closed,Phone,Graffiti,Graffiti Request,1/5/2021,1/5/2021,1/5/2021,1/5/2021,Morrell Park,SOUTHERN,13,SOUTHERN,849,39.496321,-76.307927,"39.496321, -76.307927"
SR-102923,In Progress,Phone,Parking Complaint,Parking Complaint Request,9/7/2022,9/7/2022,9/7/2022,9/7/2022,Westport,NORTHWESTERN,2,NORTHWESTERN,325,39.376343,-76.496773,"39.376343, -76.496773"
SR-102924,Closed,Phone,Pothole,Pothole Request,6/15/2023,6/15/2023,6/15/2023,6/15/2023,Homeland,CENTRAL,5,CENTRAL,455,39.231897,-76.435896,"39.231897, -76.435896"
SR-102925,Open,Phone,Pothole,Pothole Request,3/24/2020,3/24/2020,3/24/2020,3/24/2020,Upton,CENTRAL,8,CENTRAL,648,39.252244,-76.444248,"39.252244, -76.444248"
SR-102926,In Progress,Phone,Graffiti,Graffiti Request,1/7/2020,1/7/2020,1/7/2020,1/7/2020,Irvington,CENTRAL,7,CENTRAL,152,39.470661,-76.380857,"39.470661, -76.380857"
SR-102927,In Progress,Phone,Abandoned Vehicle,Abandoned Vehicle Request,7/28/2023,7/28/2023,7/28/2023,7/28/2023,Pigtown,NORTHEASTERN,10,NORTHEASTERN,264,39.421245,-76.473251,"39.421245, -76.473251"
SR-102928,Closed,Phone,Street Light Out,Street Light Out Request,12/12/2023,12/12/2023,12/12/2023,12/12/2023,Belair-Edison,SOUTHERN,1,SOUTHERN,841,39.32775,-76.564367,"39.32775, -76.564367"
SR-102929,In Progress,Phone,Street Light Out,Street Light Out Request,4/6/2021,4/6/2021,4/6/2021,4/6/2021,Morrell Park,WESTERN,13,WESTERN,141,39.238825,-76.35942,"39.238825, -76.35942"
SR-102930,In Progress,Phone,Pothole,Pothole Request,6/9/2022,6/9/2022,6/9/2022,6/9/2022,Greenmount West,EASTERN,4,EASTERN,116,39.309145,-76.426789,"39.309145, -76.426789"
SR-102931,Open,Phone,Vacant Building,Vacant Building Request,11/8/2021,11/8/2021,11/8/2021,11/8/2021,Curtis Bay,EASTERN,12,EASTERN,162,39.312347,-76.363487,"39.312347, -76.363487"
SR-102932,In Progress,Phone,Parking Complaint,Parking Complaint Request,4/1/2023,4/1/2023,4/1/2023,4/1/2023,Middle East,NORTHERN,5,NORTHERN,628,39.368217,-76.558376,"39.368217, -76.558376"
SR-102933,In Progress,Phone,Parking Complaint,Parking Complaint Request,1/9/2022,1/9/2022,1/9/2022,1/9/2022,Druid Heights,NORTHERN,3,NORTHERN,556,39.346434,-76.42485,"39.346434, -76.42485"
SR-102934,Open,Phone,Dead Animal,Dead Animal Request,10/3/2019,10/3/2019,10/3/2019,10/3/2019,Guilford,WESTERN,13,WESTERN,129,39.335594,-76.415264,"39.335594, -76.415264"
SR-102935,Closed,Phone,Rat Rubout,Rat Rubout Request,3/1/2022,3/1/2022,3/1/2022,3/1/2022,Harlem Park,SOUTHERN,3,SOUTHERN,318,39.481168,-76.432995,"39.481168, -76.432995"
SR-102936,In Progress,Phone,Street Light Out,Street Light Out Request,8/1/2023,8/1/2023,8/1/2023,8/1/2023,Morrell Park,EASTERN,6,EASTERN,783,39.342827,-76.34151,"39.342827, -76.34151"
SR-102937,Open,Phone,Vacant Building,Vacant Building Request,11/6/2021,11/6/2021,11/6/2021,11/6/2021,Cherry Hill,CENTRAL,3,CENTRAL,735,39.274615,-76.586671,"39.274615, -76.586671"
SR-102938,Closed,Phone,Parking Complaint,Parking Complaint Request,2/1/2020,2/1/2020,2/1/2020,2/1/2020,Morrell Park,NORTHWESTERN,14,NORTHWESTERN,136,39.341525,-76.343982,"39.341525, -76.343982"
SR-102939,In Progress,Phone,Vacant Building,Vacant Building Request,12/11/2020,12/11/2020,12/11/2020,12/11/2020,Harlem Park,WESTERN,10,WESTERN,627,39.244103,-76.592813,"39.244103, -76.592813"
SR-102940,Closed,Phone,Dead Animal,Dead Animal Request,2/18/2023,2/18/2023,2/18/2023,2/18/2023,Brooklyn,NORTHEASTERN,8,NORTHEASTERN,207,39.432914,-76.543578,"39.432914, -76.543578"
SR-102941,Closed,Phone,Pothole,Pothole Request,9/21/2023,9/21/2023,9/21/2023,9/21/2023,Westport,NORTHERN,5,NORTHERN,453,39.47973,-76.375981,"39.47973, -76.375981"
SR-102942,In Progress,Phone,Illegal Dumping,Illegal Dumping Request,3/16/2023,3/16/2023,3/16/2023,3/16/2023,Sandtown-Winchester,NORTHERN,13,NORTHERN,826,39.405664,-76.420283,"39.405664, -76.420283"
SR-102943,In Progress,Phone,Street Light Out,Street Light Out Request,9/4/2021,9/4/2021,9/4/2021,9/4/2021,Govans,WESTERN,12,WESTERN,406,39.284043,-76.43451,"39.284043, -76.43451"
SR-102944,Closed,Phone,Abandoned Vehicle,Abandoned Vehicle Request,5/18/2022,5/18/2022,5/18/2022,5/18/2022,Greenmount West,CENTRAL,7,CENTRAL,360,39.256987,-76.36273,"39.256987, -76.36273"
SR-102945,Open,Phone,Vacant Building,Vacant Building Request,1/10/2021,1/10/2021,1/10/2021,1/10/2021,Cherry Hill,NORTHERN,12,NORTHERN,855,39.487944,-76.571923,"39.487944, -76.571923"
SR-102946,Open,Phone,Illegal Dumping,Illegal Dumping Request,5/5/2022,5/5/2022,5/5/2022,5/5/2022,Pen Lucy,NORTHERN,13,NORTHERN,405,39.444486,-76.436732,"39.444486, -76.436732"
SR-102947,Closed,Phone,Abandoned Vehicle,Abandoned Vehicle Request,7/26/2022,7/26/2022,7/26/2022,7/26/2022,Hampden,NORTHEASTERN,2,NORTHEASTERN,543,39.280967,-76.592351,"39.280967, -76.592351"
SR-102948,In Progress,Phone,Vacant Building,Vacant Building Request,3/26/2019,3/26/2019,3/26/2019,3/26/2019,Eastwood,NORTHEASTERN,14,NORTHEASTERN,667,39.411157,-76.302577,"39.411157, -76.302577"
SR-102949,Open,Phone,Abandoned Vehicle,Abandoned Vehicle Request,1/15/2022,1/15/2022,1/15/2022,1/15/2022,Druid Heights,NORTHEASTERN,14,NORTHEASTERN,509,39.422045,-76.593107,"39.422045, -76.593107"
SR-102950,Closed,Phone,Graffiti,Graffiti Request,7/24/2020,7/24/2020,7/24/2020,7/24/2020,Irvington,CENTRAL,3,CENTRAL,848,39.312995,-76.518626,"39.312995, -76.518626"
SR-102951,Closed,Phone,Vacant Building,Vacant Building Request,7/7/2019,7/7/2019,7/7/2019,7/7/2019,Sandtown-Winchester,NORTHWESTERN,10,NORTHWESTERN,233,39.220329,-76.589568,"39.220329, -76.589568"
SR-102952,Open,Phone,Vacant Building,Vacant Building Request,3/19/2020,3/19/2020,3/19/2020,3/19/2020,Pigtown,SOUTHERN,7,SOUTHERN,643,39.201268,-76.496789,"39.201268, -76.496789"
SR-102953,Open,Phone,Graffiti,Graffiti Request,3/19/2021,3/19/2021,3/19/2021,3/19/2021,Pen Lucy,EASTERN,13,EASTERN,383,39.412395,-76.452532,"39.412395, -76.452532"
SR-102954,Open,Phone,Dead Animal,Dead Animal Request,3/26/2022,3/26/2022,3/26/2022,3/26/2022,Waverly,NORTHERN,10,NORTHERN,602,39.220487,-76.341565,"39.220487, -76.341565"
SR-102955,Open,Phone,Abandoned Vehicle,Abandoned Vehicle Request,5/9/2019,5/9/2019,5/9/2019,5/9/2019,Harlem Park,EASTERN,5,EASTERN,849,39.2052,-76.467126,"39.2052, -76.467126"
SR-102956,Closed,Phone,Parking Complaint,Parking Complaint Request,10/20/2019,10/20/2019,10/20/2019,10/20/2019,Pimlico,EASTERN,12,EASTERN,251,39.403925,-76.540011,"39.403925, -76.540011"
SR-102957,Closed,Phone,Graffiti,Graffiti Request,5/5/2019,5/5/2019,5/5/2019,5/5/2019,Mount Washington,CENTRAL,9,CENTRAL,891,39.28353,-76.460934,"39.28353, -76.460934"
SR-102958,Open,Phone,Vacant Building,Vacant Building Request,7/22/2020,7/22/2020,7/22/2020,7/22/2020,Upton,NORTHERN,1,NORTHERN,606,39.37926,-76.352234,"39.37926, -76.352234"
SR-102959,In Progress,Phone,Vacant Building,Vacant Building Request,4/28/2023,4/28/2023,4/28/2023,4/28/2023,Harlem Park,NORTHWESTERN,12,NORTHWESTERN,325,39.251884,-76.565641,"39.251884, -76.565641"
SR-102960,Closed,Phone,Parking Complaint,Parking Complaint Request,5/16/2020,5/16/2020,5/16/2020,5/16/2020,Guilford,SOUTHERN,11,SOUTHERN,682,39.400232,-76.510804,"39.400232, -76.510804"
SR-102961,Open,Phone,Graffiti,Graffiti Request,6/23/2020,6/23/2020,6/23/2020,6/23/2020,Belair-Edison,NORTHWESTERN,1,NORTHWESTERN,128,39.326349,-76.334926,"39.326349, -76.334926"
SR-102962,Open,Phone,Abandoned Vehicle,Abandoned Vehicle Request,12/19/2023,12/19/2023,12/19/2023,12/19/2023,Pigtown,NORTHERN,11,NORTHERN,387,39.279082,-76.520172,"39.279082, -76.520172"
SR-102963,Open,Phone,Parking Complaint,Parking Complaint Request,7/10/2021,7/10/2021,7/10/2021,7/10/2021,Waverly,NORTHERN,14,NORTHERN,612,39.265462,-76.455673,"39.265462, -76.455673"
SR-102964,Closed,Phone,Parking Complaint,Parking Complaint Request,3/24/2019,3/24/2019,3/24/2019,3/24/2019,Harlem Park,NORTHERN,8,NORTHERN,465,39.262205,-76.49384,"39.262205, -76.49384"
SR-102965,In Progress,Phone,Vacant Building,Vacant Building Request,12/16/2023,12/16/2023,12/16/2023,12/16/2023,Clifton Park,WESTERN,7,WESTERN,571,39.379285,-76.505366,"39.379285, -76.505366"
SR-102966,Open,Phone,Street Light Out,Street Light Out Request,7/22/2021,7/22/2021,7/22/2021,7/22/2021,Pimlico,EASTERN,13,EASTERN,361,39.313139,-76.319348,"39.313139, -76.319348"
SR-102967,In Progress,Phone,Rat Rubout,Rat Rubout Request,4/10/2019,4/10/2019,4/10/2019,4/10/2019,Morrell Park,CENTRAL,13,CENTRAL,843,39.230957,-76.324933,"39.230957, -76.324933"
SR-102968,Closed,Phone,Abandoned Vehicle,Abandoned Vehicle Request,3/10/2020,3/10/2020,3/10/2020,3/10/2020,Pigtown,NORTHEASTERN,5,NORTHEASTERN,860,39.233182,-76.30189,"39.233182, -76.30189"
SR-102969,In Progress,Phone,Vacant Building,Vacant Building Request,11/10/2020,11/10/2020,11/10/2020,11/10/2020,Pimlico,NORTHWESTERN,5,NORTHWESTERN,508,39.407355,-76.560038,"39.407355, -76.560038"
SR-102970,In Progress,Phone,Dead Animal,Dead Animal Request,5/19/2019,5/19/2019,5/19/2019,5/19/2019,Druid Heights,NORTHEASTERN,14,NORTHEASTERN,154,39.294617,-76.413731,"39.294617, -76.413731"
SR-102971,In Progress,Phone,Rat Rubout,Rat Rubout Request,2/25/2023,2/25/2023,2/25/2023,2/25/2023,Park Heights,NORTHERN,13,NORTHERN,399,39.257571,-76.490283,"39.257571, -76.490283"
SR-102972,In Progress,Phone,Graffiti,Graffiti Request,6/20/2019,6/20/2019,6/20/2019,6/20/2019,Govans,WESTERN,7,WESTERN,461,39.361079,-76.53193,"39.361079, -76.53193"
SR-102973,Closed,Phone,Pothole,Pothole Request,10/25/2022,10/25/2022,10/25/2022,10/25/2022,Brooklyn,WESTERN,4,WESTERN,883,39.296242,-76.302851,"39.296242, -76.302851"
SR-102974,Open,Phone,Illegal Dumping,Illegal Dumping Request,9/2/2019,9/2/2019,9/2/2019,9/2/2019,Pigtown,NORTHEASTERN,6,NORTHEASTERN,160,39.210765,-76.329465,"39.210765, -76.329465"
SR-102975,Closed,Phone,Dead Animal,Dead Animal Request,5/12/2021,5/12/2021,5/12/2021,5/12/2021,Eastwood,NORTHWESTERN,1,NORTHWESTERN,228,39.473226,-76.306865,"39.473226, -76.306865"
SR-102976,In Progress,Phone,Abandoned Vehicle,Abandoned Vehicle Request,5/6/2023,5/6/2023,5/6/2023,5/6/2023,Guilford,CENTRAL,11,CENTRAL,674,39.406528,-76.586924,"39.406528, -76.586924"
SR-102977,Closed,Phone,Abandoned Vehicle,Abandoned Vehicle Request,1/7/2021,1/7/2021,1/7/2021,1/7/2021,Park Heights,WESTERN,2,WESTERN,468,39.437625,-76.390562,"39.437625, -76.390562"
SR-102978,In Progress,Phone,Illegal Dumping,Illegal Dumping Request,10/20/2021,10/20/2021,10/20/2021,10/20/2021,Park Heights,WESTERN,5,WESTERN,171,39.371154,-76.548143,"39.371154, -76.548143"
SR-102979,Open,Phone,Illegal Dumping,Illegal Dumping Request,2/14/2022,2/14/2022,2/14/2022,2/14/2022,Irvington,CENTRAL,7,CENTRAL,147,39.296796,-76.359509,"39.296796, -76.359509"
SR-102980,Open,Phone,Pothole,Pothole Request,2/21/2019,2/21/2019,2/21/2019,2/21/2019,Druid Heights,WESTERN,11,WESTERN,354,39.261388,-76.435619,"39.261388, -76.435619"
SR-102981,Closed,Phone,Parking Complaint,Parking Complaint Request,4/18/2021,4/18/2021,4/18/2021,4/18/2021,Belair-Edison,CENTRAL,14,CENTRAL,812,39.22124,-76.513917,"39.22124, -76.513917"
SR-102982,Closed,Phone,Graffiti,Graffiti Request,8/19/2019,8/19/2019,8/19/2019,8/19/2019,Pen Lucy,WESTERN,5,WESTERN,658,39.396298,-76.498621,"39.396298, -76.498621"
SR-102983,Open,Phone,Parking Complaint,Parking Complaint Request,2/28/2019,2/28/2019,2/28/2019,2/28/2019,Druid Heights,NORTHERN,7,NORTHERN,218,39.365911,-76.314898,"39.365911, -76.314898"
SR-102984,Closed,Phone,Graffiti,Graffiti Request,8/1/2020,8/1/2020,8/1/2020,8/1/2020,Druid Heights,EASTERN,13,EASTERN,363,39.312467,-76.436482,"39.312467, -76.436482"
SR-102985,In Progress,Phone,Dirty Street,Dirty Street Request,6/11/2020,6/11/2020,6/11/2020,6/11/2020,Pimlico,NORTHEASTERN,4,NORTHEASTERN,190,39.379654,-76.321919,"39.379654, -76.321919"
SR-102986,Closed,Phone,Graffiti,Graffiti Request,3/4/2019,3/4/2019,3/4/2019,3/4/2019,Brooklyn,CENTRAL,3,CENTRAL,417,39.491077,-76.330736,"39.491077, -76.330736"
SR-102987,Open,Phone,Abandoned Vehicle,Abandoned Vehicle Request,7/23/2022,7/23/2022,7/23/2022,7/23/2022,Brooklyn,SOUTHERN,4,SOUTHERN,811,39.448449,-76.566622,"39.448449, -76.566622"
SR-102988,Closed,Phone,Dirty Street,Dirty Street Request,2/11/2020,2/11/2020,2/11/2020,2/11/2020,Waverly,EASTERN,1,EASTERN,881,39.282795,-76.341984,"39.282795, -76.341984"
SR-102989,In Progress,Phone,Graffiti,Graffiti Request,5/14/2019,5/14/2019,5/14/2019,5/14/2019,Govans,NORTHEASTERN,12,NORTHEASTERN,666,39.408665,-76.597194,"39.408665, -76.597194"
SR-102990,Open,Phone,Illegal Dumping,Illegal Dumping Request,5/9/2023,5/9/2023,5/9/2023,5/9/2023,Pigtown,WESTERN,1,WESTERN,128,39.265959,-76.539973,"39.265959, -76.539973"
SR-102991,In Progress,Phone,Dead Animal,Dead Animal Request,2/7/2023,2/7/2023,2/7/2023,2/7/2023,Oliver,SOUTHERN,12,SOUTHERN,350,39.310841,-76.536666,"39.310841, -76.536666"
SR-102992,Open,Phone,Illegal Dumping,Illegal Dumping Request,2/28/2021,2/28/2021,2/28/2021,2/28/2021,Greenmount West,WESTERN,1,WESTERN,559,39.233317,-76.591182,"39.233317, -76.591182"
SR-102993,Closed,Phone,Illegal Dumping,Illegal Dumping Request,6/18/2022,6/18/2022,6/18/2022,6/18/2022,Eastwood,SOUTHERN,12,SOUTHERN,344,39.48758,-76.521727,"39.48758, -76.521727"
SR-102994,Open,Phone,Graffiti,Graffiti Request,12/28/2023,12/28/2023,12/28/2023,12/28/2023,Middle East,EASTERN,11,EASTERN,448,39.242268,-76.332453,"39.242268, -76.332453"
SR-102995,Open,Phone,Pothole,Pothole Request,10/1/2022,10/1/2022,10/1/2022,10/1/2022,Charles Village,WESTERN,12,WESTERN,855,39.343788,-76.538281,"39.343788, -76.538281"
SR-102996,Open,Phone,Rat Rubout,Rat Rubout Request,3/19/2022,3/19/2022,3/19/2022,3/19/2022,Irvington,NORTHEASTERN,4,NORTHEASTERN,496,39.294128,-76.306515,"39.294128, -76.306515"
SR-102997,Closed,Phone,Dirty Street,Dirty Street Request,4/4/2022,4/4/2022,4/4/2022,4/4/2022,Greenmount West,EASTERN,12,EASTERN,631,39.42212,-76.375415,"39.42212, -76.375415"
SR-102998,Open,Phone,Illegal Dumping,Illegal Dumping Request,9/19/2020,9/19/2020,9/19/2020,9/19/2020,Govans,NORTHWESTERN,11,NORTHWESTERN,181,39.292323,-76.593068,"39.292323, -76.593068"
SR-102999,In Progress,Phone,Illegal Dumping,Illegal Dumping Request,4/28/2021,4/28/2021,4/28/2021,4/28/2021,Cherry Hill,NORTHEASTERN,4,NORTHEASTERN,732,39.382369,-76.36043,"39.382369, -76.36043"
SR-103000,Closed,Phone,Rat Rubout,Rat Rubout Request,3/15/2021,3/15/2021,3/15/2021,3/15/2021,Curtis Bay,WESTERN,13,WESTERN,645,39.447992,-76.36833,"39.447992, -76.36833"
SR-103001,Open,Phone,Dirty Street,Dirty Street Request,6/14/2019,6/14/2019,6/14/2019,6/14/2019,Roland Park,WESTERN,5,WESTERN,155,39.427873,-76.485419,"39.427873, -76.485419"
SR-103002,Open,Phone,Street Light Out,Street Light Out Request,5/10/2022,5/10/2022,5/10/2022,5/10/2022,Cherry Hill,WESTERN,9,WESTERN,180,39.47431,-76.48462,"39.47431, -76.48462"
SR-103003,Closed,Phone,Dirty Street,Dirty Street Request,8/17/2021,8/17/2021,8/17/2021,8/17/2021,Brooklyn,NORTHWESTERN,5,NORTHWESTERN,863,39.453996,-76.361816,"39.453996, -76.361816"
SR-103004,Closed,Phone,Parking Complaint,Parking Complaint Request,6/25/2020,6/25/2020,6/25/2020,6/25/2020,Westport,NORTHWESTERN,13,NORTHWESTERN,706,39.36389,-76.506318,"39.36389, -76.506318"
SR-103005,In Progress,Phone,Parking Complaint,Parking Complaint Request,11/27/2020,11/27/2020,11/27/2020,11/27/2020,Curtis Bay,WESTERN,14,WESTERN,532,39.207953,-76.390035,"39.207953, -76.390035"
SR-103006,Closed,Phone,Dirty Street,Dirty Street Request,4/20/2020,4/20/2020,4/20/2020,4/20/2020,Brooklyn,WESTERN,12,WESTERN,862,39.241195,-76.511299,"39.241195, -76.511299"
SR-103007,Open,Phone,Illegal Dumping,Illegal Dumping Request,5/12/2022,5/12/2022,5/12/2022,5/12/2022,Middle East,CENTRAL,13,CENTRAL,115,39.325889,-76.396038,"39.325889, -76.396038"
SR-103008,In Progress,Phone,Parking Complaint,Parking Complaint Request,11/21/2019,11/21/2019,11/21/2019,11/21/2019,Mount Washington,NORTHWESTERN,6,NORTHWESTERN,696,39.351317,-76.352359,"39.351317, -76.352359"
SR-103009,In Progress,Phone,Graffiti,Graffiti Request,10/10/2023,10/10/2023,10/10/2023,10/10/2023,Cherry Hill,EASTERN,11,EASTERN,522,39.44592,-76.547025,"39.44592, -76.547025"
SR-103010,Closed,Phone,Street Light Out,Street Light Out Request,9/27/2021,9/27/2021,9/27/2021,9/27/2021,Westport,SOUTHERN,12,SOUTHERN,455,39.348641,-76.430211,"39.348641, -76.430211"
SR-103011,In Progress,Phone,Vacant Building,Vacant Building Request,10/24/2019,10/24/2019,10/24/2019,10/24/2019,Irvington,NORTHEASTERN,7,NORTHEASTERN,404,39.233196,-76.382927,"39.233196, -76.382927"
SR-103012,In Progress,Phone,Graffiti,Graffiti Request,8/6/2022,8/6/2022,8/6/2022,8/6/2022,Westport,CENTRAL,5,CENTRAL,417,39.235809,-76.449258,"39.235809, -76.449258"
SR-103013,In Progress,Phone,Pothole,Pothole Request,5/15/2019,5/15/2019,5/15/2019,5/15/2019,Harlem Park,CENTRAL,2,CENTRAL,800,39.366977,-76.309622,"39.366977, -76.309622"
SR-103014,In Progress,Phone,Abandoned Vehicle,Abandoned Vehicle Request,2/16/2022,2/16/2022,2/16/2022,2/16/2022,Morrell Park,NORTHERN,3,NORTHERN,799,39.305864,-76.343224,"39.305864, -76.343224"
SR-103015,In Progress,Phone,Abandoned Vehicle,Abandoned Vehicle Request,12/9/2021,12/9/2021,12/9/2021,12/9/2021,Eastwood,WESTERN,11,WESTERN,619,39.485833,-76.308135,"39.485833, -76.308135"
SR-103016,In Progress,Phone,Graffiti,Graffiti Request,6/11/2021,6/11/2021,6/11/2021,6/11/2021,Mount Washington,NORTHEASTERN,14,NORTHEASTERN,722,39.492908,-76.322119,"39.492908, -76.322119"
SR-103017,In Progress,Phone,Street Light Out,Street Light Out Request,3/4/2019,3/4/2019,3/4/2019,3/4/2019,Morrell Park,SOUTHERN,11,SOUTHERN,415,39.470791,-76.374465,"39.470791, -76.374465"
SR-103018,In Progress,Phone,Dead Animal,Dead Animal Request,7/25/2021,7/25/2021,7/25/2021,7/25/2021,Waverly,EASTERN,9,EASTERN,322,39.317461,-76.562759,"39.317461, -76.562759"
SR-103019,Open,Phone,Pothole,Pothole Request,1/10/2022,1/10/2022,1/10/2022,1/10/2022,Waverly,NORTHERN,8,NORTHERN,881,39.412736,-76.542146,"39.412736, -76.542146"
SR-103020,Open,Phone,Rat Rubout,Rat Rubout Request,6/1/2020,6/1/2020,6/1/2020,6/1/2020,Druid Heights,CENTRAL,3,CENTRAL,107,39.255563,-76.380183,"39.255563, -76.380183"
SR-103021,Closed,Phone,Dirty Street,Dirty Street Request,9/4/2021,9/4/2021,9/4/2021,9/4/2021,Hampden,NORTHWESTERN,10,NORTHWESTERN,776,39.38889,-76.466643,"39.38889, -76.466643"
SR-103022,In Progress,Phone,Abandoned Vehicle,Abandoned Vehicle Request,11/14/2023,11/14/2023,11/14/2023,11/14/2023,Park Heights,NORTHEASTERN,5,NORTHEASTERN,132,39.410645,-76.487702,"39.410645, -76.487702"
SR-103023,Closed,Phone,Dead Animal,Dead Animal Request,10/15/2023,10/15/2023,10/15/2023,10/15/2023,Pimlico,SOUTHERN,2,SOUTHERN,681,39.446171,-76.491022,"39.446171, -76.491022"
SR-103024,Open,Phone,Abandoned Vehicle,Abandoned Vehicle Request,9/11/2023,9/11/2023,9/11/2023,9/11/2023,Eastwood,WESTERN,10,WESTERN,549,39.454713,-76.419919,"39.454713, -76.419919"
SR-103025,In Progress,Phone,Dirty Street,Dirty Street Request,3/12/2019,3/12/2019,3/12/2019,3/12/2019,Oliver,NORTHERN,9,NORTHERN,427,39.437968,-76.514958,"39.437968, -76.514958"
SR-103026,Closed,Phone,Illegal Dumping,Illegal Dumping Request,3/6/2021,3/6/2021,3/6/2021,3/6/2021,Hampden,SOUTHERN,12,SOUTHERN,563,39.288329,-76.30682,"39.288329, -76.30682"
SR-103027,In Progress,Phone,Rat Rubout,Rat Rubout Request,2/6/2023,2/6/2023,2/6/2023,2/6/2023,Hampden,NORTHWESTERN,10,NORTHWESTERN,511,39.397055,-76.335888,"39.397055, -76.335888"
SR-103028,In Progress,Phone,Dead Animal,Dead Animal Request,11/12/2020,11/12/2020,11/12/2020,11/12/2020,Johnston Square,NORTHWESTERN,7,NORTHWESTERN,864,39.336785,-76.34685,"39.336785, -76.34685"
SR-103029,In Progress,Phone,Graffiti,Graffiti Request,1/1/2020,1/1/2020,1/1/2020,1/1/2020,Brooklyn,NORTHWESTERN,14,NORTHWESTERN,852,39.33213,-76.417475,"39.33213, -76.417475"
SR-103030,Closed,Phone,Dirty Street,Dirty Street Request,7/7/2022,7/7/2022,7/7/2022,7/7/2022,Pimlico,SOUTHERN,2,SOUTHERN,502,39.465164,-76.405261,"39.465164, -76.405261"
SR-103031,In Progress,Phone,Parking Complaint,Parking Complaint Request,2/12/2020,2/12/2020,2/12/2020,2/12/2020,Mount Washington,EASTERN,5,EASTERN,670,39.390592,-76.348662,"39.390592, -76.348662"
SR-103032,Open,Phone,Pothole,Pothole Request,8/10/2020,8/10/2020,8/10/2020,8/10/2020,Guilford,EASTERN,7,EASTERN,502,39.27103,-76.595108,"39.27103, -76.595108"
SR-103033,In Progress,Phone,Pothole,Pothole Request,7/22/2023,7/22/2023,7/22/2023,7/22/2023,Curtis Bay,NORTHERN,8,NORTHERN,219,39.238242,-76.412062,"39.238242, -76.412062"
SR-103034,Closed,Phone,Illegal Dumping,Illegal Dumping Request,9/9/2021,9/9/2021,9/9/2021,9/9/2021,Eastwood,EASTERN,9,EASTERN,741,39.267914,-76.370526,"39.267914, -76.370526"
SR-103035,Closed,Phone,Abandoned Vehicle,Abandoned Vehicle Request,9/11/2021,9/11/2021,9/11/2021,9/11/2021,Berea,EASTERN,7,EASTERN,851,39.352051,-76.408388,"39.352051, -76.408388"
SR-103036,Open,Phone,Pothole,Pothole Request,8/9/2020,8/9/2020,8/9/2020,8/9/2020,Druid Heights,EASTERN,2,EASTERN,100,39.203134,-76.336721,"39.203134, -76.336721"
SR-103037,In Progress,Phone,Street Light Out,Street Light Out Request,9/6/2023,9/6/2023,9/6/2023,9/6/2023,Charles Village,SOUTHERN,2,SOUTHERN,588,39.208416,-76.529319,"39.208416, -76.529319"
SR-103038,In Progress,Phone,Dirty Street,Dirty Street Request,5/22/2023,5/22/2023,5/22/2023,5/22/2023,Upton,WESTERN,14,WESTERN,120,39.33347,-76.498391,"39.33347, -76.498391"
SR-103039,In Progress,Phone,Vacant Building,Vacant Building Request,7/9/2019,7/9/2019,7/9/2019,7/9/2019,Irvington,EASTERN,8,EASTERN,775,39.215107,-76.310421,"39.215107, -76.310421"
SR-103040,Closed,Phone,Vacant Building,Vacant Building Request,11/11/2020,11/11/2020,11/11/2020,11/11/2020,Upton,CENTRAL,6,CENTRAL,436,39.490443,-76.568087,"39.490443, -76.568087"
SR-103041,Closed,Phone,Abandoned Vehicle,Abandoned Vehicle Request,5/21/2020,5/21/2020,5/21/2020,5/21/2020,Clifton Park,SOUTHERN,11,SOUTHERN,844,39.484286,-76.431958,"39.484286, -76.431958"
SR-103042,Closed,Phone,Graffiti,Graffiti Request,6/18/2019,6/18/2019,6/18/2019,6/18/2019,Cherry Hill,NORTHEASTERN,9,NORTHEASTERN,767,39.268731,-76.590977,"39.268731, -76.590977"
SR-103043,Closed,Phone,Graffiti,Graffiti Request,6/7/2023,6/7/2023,6/7/2023,6/7/2023,Roland Park,NORTHWESTERN,6,NORTHWESTERN,750,39.430525,-76.40871,"39.430525, -76.40871"
SR-103044,Closed,Phone,Abandoned Vehicle,Abandoned Vehicle Request,6/26/2019,6/26/2019,6/26/2019,6/26/2019,Eastwood,NORTHERN,4,NORTHERN,369,39.465485,-76.306004,"39.465485, -76.306004"
SR-103045,Open,Phone,Pothole,Pothole Request,9/19/2019,9/19/2019,9/19/2019,9/19/2019,Park Heights,NORTHERN,13,NORTHERN,176,39.406197,-76.319986,"39.406197, -76.319986"
SR-103046,Open,Phone,Parking Complaint,Parking Complaint Request,8/28/2020,8/28/2020,8/28/2020,8/28/2020,Roland Park,CENTRAL,14,CENTRAL,674,39.442336,-76.596369,"39.442336, -76.596369"
SR-103047,Closed,Phone,Illegal Dumping,Illegal Dumping Request,1/14/2022,1/14/2022,1/14/2022,1/14/2022,Roland Park,NORTHEASTERN,7,NORTHEASTERN,396,39.415071,-76.582026,"39.415071, -76.582026"
SR-103048,Closed,Phone,Abandoned Vehicle,Abandoned Vehicle Request,2/18/2019,2/18/2019,2/18/2019,2/18/2019,Sandtown-Winchester,SOUTHERN,14,SOUTHERN,814,39.365501,-76.517351,"39.365501, -76.517351"
SR-103049,Closed,Phone,Street Light Out,Street Light Out Request,12/9/2021,12/9/2021,12/9/2021,12/9/2021,Guilford,NORTHEASTERN,9,NORTHEASTERN,678,39.38609,-76.517975,"39.38609, -76.517975"
SR-103050,Closed,Phone,Street Light Out,Street Light Out Request,6/8/2020,6/8/2020,6/8/2020,6/8/2020,Roland Park,NORTHERN,5,NORTHERN,543,39.257045,-76.556069,"39.257045, -76.556069"
SR-103051,Open,Phone,Graffiti,Graffiti Request,3/5/2021,3/5/2021,3/5/2021,3/5/2021,Druid Heights,SOUTHERN,2,SOUTHERN,400,39.220016,-76.320536,"39.220016, -76.320536"
SR-103052,In Progress,Phone,Rat Rubout,Rat Rubout Request,3/14/2019,3/14/2019,3/14/2019,3/14/2019,Roland Park,WESTERN,7,WESTERN,478,39.369897,-76.338075,"39.369897, -76.338075"
SR-103053,Closed,Phone,Street Light Out,Street Light Out Request,6/21/2020,6/21/2020,6/21/2020,6/21/2020,Berea,CENTRAL,12,CENTRAL,765,39.271959,-76.538605,"39.271959, -76.538605"
SR-103054,Open,Phone,Pothole,Pothole Request,9/11/2023,9/11/2023,9/11/2023,9/11/2023,Irvington,EASTERN,10,EASTERN,374,39.414761,-76.47722,"39.414761, -76.47722"
SR-103055,Open,Phone,Street Light Out,Street Light Out Request,9/21/2022,9/21/2022,9/21/2022,9/21/2022,Park Heights,NORTHERN,4,NORTHERN,182,39.215492,-76.417867,"39.215492, -76.417867"
SR-103056,In Progress,Phone,Parking Complaint,Parking Complaint Request,10/22/2022,10/22/2022,10/22/2022,10/22/2022,Irvington,SOUTHERN,11,SOUTHERN,349,39.29912,-76.568876,"39.29912, -76.568876"
SR-103057,In Progress,Phone,Dirty Street,Dirty Street Request,5/27/2021,5/27/2021,5/27/2021,5/27/2021,Irvington,CENTRAL,8,CENTRAL,767,39.2765,-76.5347,"39.2765, -76.5347"
SR-103058,In Progress,Phone,Vacant Building,Vacant Building Request,6/15/2021,6/15/2021,6/15/2021,6/15/2021,Pen Lucy,WESTERN,1,WESTERN,852,39.275134,-76.404694,"39.275134, -76.404694"
SR-103059,Open,Phone,Graffiti,Graffiti Request,1/16/2020,1/16/2020,1/16/2020,1/16/2020,Waverly,NORTHWESTERN,11,NORTHWESTERN,495,39.463535,-76.364698,"39.463535, -76.364698"
SR-103060,Closed,Phone,Rat Rubout,Rat Rubout Request,11/22/2019,11/22/2019,11/22/2019,11/22/2019,Homeland,SOUTHERN,2,SOUTHERN,619,39.326576,-76.34814,"39.326576, -76.34814"
SR-103061,Closed,Phone,Rat Rubout,Rat Rubout Request,10/3/2022,10/3/2022,10/3/2022,10/3/2022,Curtis Bay,EASTERN,9,EASTERN,828,39.221812,-76.329979,"39.221812, -76.329979"
SR-103062,Closed,Phone,Street Light Out,Street Light Out Request,12/21/2019,12/21/2019,12/21/2019,12/21/2019,Irvington,WESTERN,1,WESTERN,391,39.358411,-76.566238,"39.358411, -76.566238"
SR-103063,Open,Phone,Vacant Building,Vacant Building Request,11/21/2023,11/21/2023,11/21/2023,11/21/2023,Johnston Square,NORTHEASTERN,6,NORTHEASTERN,335,39.409393,-76.524094,"39.409393, -76.524094"
SR-103064,Open,Phone,Abandoned Vehicle,Abandoned Vehicle Request,6/13/2020,6/13/2020,6/13/2020,6/13/2020,Charles Village,NORTHERN,12,NORTHERN,165,39.226816,-76.351781,"39.226816, -76.351781"
SR-103065,Closed,Phone,Dirty Street,Dirty Street Request,2/3/2021,2/3/2021,2/3/2021,2/3/2021,Morrell Park,CENTRAL,11,CENTRAL,235,39.28176,-76.382067,"39.28176, -76.382067"
SR-103066,Closed,Phone,Parking Complaint,Parking Complaint Request,11/5/2023,11/5/2023,11/5/2023,11/5/2023,Govans,SOUTHERN,13,SOUTHERN,544,39.30243,-76.573448,"39.30243, -76.573448"
SR-103067,In Progress,Phone,Rat Rubout,Rat Rubout Request,1/1/2019,1/1/2019,1/1/2019,1/1/2019,Cherry Hill,CENTRAL,8,CENTRAL,757,39.362648,-76.443678,"39.362648, -76.443678"
SR-103068,Open,Phone,Street Light Out,Street Light Out Request,5/8/2019,5/8/2019,5/8/2019,5/8/2019,Greenmount West,SOUTHERN,6,SOUTHERN,433,39.249669,-76.546374,"39.249669, -76.546374"
SR-103069,Closed,Phone,Graffiti,Graffiti Request,12/22/2023,12/22/2023,12/22/2023,12/22/2023,Greenmount West,NORTHERN,4,NORTHERN,463,39.452166,-76.516318,"39.452166, -76.516318"
SR-103070,Closed,Phone,Street Light Out,Street Light Out Request,2/24/2023,2/24/2023,2/24/2023,2/24/2023,Westport,WESTERN,14,WESTERN,828,39.260246,-76.460968,"39.260246, -76.460968"
SR-103071,In Progress,Phone,Pothole,Pothole Request,11/20/2023,11/20/2023,11/20/2023,11/20/2023,Mount Washington,NORTHEASTERN,8,NORTHEASTERN,352,39.271053,-76.312771,"39.271053, -76.312771"
SR-103072,Open,Phone,Dead Animal,Dead Animal Request,3/27/2019,3/27/2019,3/27/2019,3/27/2019,Upton,NORTHEASTERN,6,NORTHEASTERN,694,39.434765,-76.304873,"39.434765, -76.304873"
SR-103073,Closed,Phone,Illegal Dumping,Illegal Dumping Request,9/11/2021,9/11/2021,9/11/2021,9/11/2021,Curtis Bay,NORTHWESTERN,10,NORTHWESTERN,380,39.400157,-76.41227,"39.400157, -76.41227"
SR-103074,Open,Phone,Street Light Out,Street Light Out Request,8/9/2019,8/9/2019,8/9/2019,8/9/2019,Harlem Park,CENTRAL,13,CENTRAL,737,39.240305,-76.423707,"39.240305, -76.423707"
SR-103075,Closed,Phone,Rat Rubout,Rat Rubout Request,9/3/2023,9/3/2023,9/3/2023,9/3/2023,Homeland,NORTHERN,13,NORTHERN,866,39.490519,-76.556665,"39.490519, -76.556665"
SR-103076,In Progress,Phone,Pothole,Pothole Request,7/28/2022,7/28/2022,7/28/2022,7/28/2022,Charles Village,NORTHEASTERN,10,NORTHEASTERN,472,39.297248,-76.306143,"39.297248, -76.306143"
SR-103077,In Progress,Phone,Street Light Out,Street Light Out Request,11/21/2023,11/21/2023,11/21/2023,11/21/2023,Roland Park,SOUTHERN,3,SOUTHERN,477,39.498232,-76.586477,"39.498232, -76.586477"
SR-103078,In Progress,Phone,Parking Complaint,Parking Complaint Request,8/14/2022,8/14/2022,8/14/2022,8/14/2022,Curtis Bay,CENTRAL,14,CENTRAL,482,39.343554,-76.525127,"39.343554, -76.525127"
SR-103079,Closed,Phone,Street Light Out,Street Light Out Request,7/13/2023,7/13/2023,7/13/2023,7/13/2023,Roland Park,SOUTHERN,11,SOUTHERN,580,39.435439,-76.547195,"39.435439, -76.547195"
SR-103080,In Progress,Phone,Pothole,Pothole Request,3/7/2022,3/7/2022,3/7/2022,3/7/2022,Brooklyn,NORTHERN,3,NORTHERN,218,39.308231,-76.564968,"39.308231, -76.564968"
SR-103081,Open,Phone,Parking Complaint,Parking Complaint Request,3/20/2022,3/20/2022,3/20/2022,3/20/2022,Govans,NORTHERN,3,NORTHERN,589,39.356738,-76.369506,"39.356738, -76.369506"
SR-103082,Closed,Phone,Vacant Building,Vacant Building Request,9/19/2020,9/19/2020,9/19/2020,9/19/2020,Curtis Bay,SOUTHERN,12,SOUTHERN,802,39.25104,-76.43735,"39.25104, -76.43735"
SR-103083,In Progress,Phone,Parking Complaint,Parking Complaint Request,1/21/2022,1/21/2022,1/21/2022,1/21/2022,Westport,SOUTHERN,6,SOUTHERN,618,39.499209,-76.441871,"39.499209, -76.441871"
SR-103084,In Progress,Phone,Graffiti,Graffiti Request,3/3/2020,3/3/2020,3/3/2020,3/3/2020,Irvington,WESTERN,4,WESTERN,293,39.401373,-76.356188,"39.401373, -76.356188"
SR-103085,Closed,Phone,Street Light Out,Street Light Out Request,5/5/2021,5/5/2021,5/5/2021,5/5/2021,Guilford,NORTHEASTERN,5,NORTHEASTERN,807,39.381499,-76.301316,"39.381499, -76.301316"
SR-103086,Open,Phone,Pothole,Pothole Request,7/9/2021,7/9/2021,7/9/2021,7/9/2021,Berea,NORTHERN,5,NORTHERN,125,39.284964,-76.475592,"39.284964, -76.475592"
SR-103087,In Progress,Phone,Vacant Building,Vacant Building Request,11/25/2021,11/25/2021,11/25/2021,11/25/2021,Mount Washington,NORTHERN,4,NORTHERN,193,39.499082,-76.571038,"39.499082, -76.571038"
SR-103088,Closed,Phone,Street Light Out,Street Light Out Request,5/27/2022,5/27/2022,5/27/2022,5/27/2022,Greenmount West,CENTRAL,4,CENTRAL,551,39.216491,-76.581279,"39.216491, -76.581279"
SR-103089,Closed,Phone,Graffiti,Graffiti Request,8/9/2021,8/9/2021,8/9/2021,8/9/2021,Morrell Park,NORTHEASTERN,7,NORTHEASTERN,789,39.239805,-76.327077,"39.239805, -76.327077"
SR-103090,In Progress,Phone,Pothole,Pothole Request,11/25/2021,11/25/2021,11/25/2021,11/25/2021,Govans,NORTHEASTERN,6,NORTHEASTERN,528,39.408104,-76.439393,"39.408104, -76.439393"
SR-103091,In Progress,Phone,Dirty Street,Dirty Street Request,12/18/2020,12/18/2020,12/18/2020,12/18/2020,Morrell Park,NORTHEASTERN,9,NORTHEASTERN,619,39.229039,-76.450631,"39.229039, -76.450631"
SR-103092,Closed,Phone,Pothole,Pothole Request,3/9/2022,3/9/2022,3/9/2022,3/9/2022,Middle East,NORTHEASTERN,13,NORTHEASTERN,674,39.343211,-76.529506,"39.343211, -76.529506"
SR-103093,Open,Phone,Dirty Street,Dirty Street Request,3/5/2022,3/5/2022,3/5/2022,3/5/2022,Pen Lucy,EASTERN,7,EASTERN,555,39.32711,-76.302033,"39.32711, -76.302033"
SR-103094,In Progress,Phone,Parking Complaint,Parking Complaint Request,6/28/2023,6/28/2023,6/28/2023,6/28/2023,Curtis Bay,SOUTHERN,6,SOUTHERN,831,39.492137,-76.573202,"39.492137, -76.573202"
SR-103095,In Progress,Phone,Illegal Dumping,Illegal Dumping Request,6/26/2023,6/26/2023,6/26/2023,6/26/2023,Harlem Park,NORTHEASTERN,12,NORTHEASTERN,398,39.427659,-76.427403,"39.427659, -76.427403"
SR-103096,Open,Phone,Dirty Street,Dirty Street Request,2/14/2021,2/14/2021,2/14/2021,2/14/2021,Pen Lucy,EASTERN,8,EASTERN,166,39.250559,-76.566855,"39.250559, -76.566855"
SR-103097,Closed,Phone,Street Light Out,Street Light Out Request,3/13/2021,3/13/2021,3/13/2021,3/13/2021,Guilford,WESTERN,1,WESTERN,781,39.236777,-76.474315,"39.236777, -76.474315"
SR-103098,In Progress,Phone,Street Light Out,Street Light Out Request,4/28/2023,4/28/2023,4/28/2023,4/28/2023,Morrell Park,EASTERN,2,EASTERN,890,39.242095,-76.591871,"39.242095, -76.591871"
SR-103099,Open,Phone,Street Light Out,Street Light Out Request,11/11/2023,11/11/2023,11/11/2023,11/11/2023,Greenmount West,SOUTHERN,11,SOUTHERN,433,39.223469,-76.53437,"39.223469, -76.53437"
SR-103100,Closed,Phone,Vacant Building,Vacant Building Request,12/14/2023,12/14/2023,12/14/2023,12/14/2023,Berea,NORTHEASTERN,1,NORTHEASTERN,136,39.366314,-76.572982,"39.366314, -76.572982"
SR-103101,Open,Phone,Parking Complaint,Parking Complaint Request,7/5/2020,7/5/2020,7/5/2020,7/5/2020,Westport,CENTRAL,4,CENTRAL,865,39.370133,-76.399539,"39.370133, -76.399539"
SR-103102,Closed,Phone,Illegal Dumping,Illegal Dumping Request,11/8/2023,11/8/2023,11/8/2023,11/8/2023,Clifton Park,CENTRAL,9,CENTRAL,611,39.366982,-76.314089,"39.366982, -76.314089"
SR-103103,Open,Phone,Parking Complaint,Parking Complaint Request,5/1/2020,5/1/2020,5/1/2020,5/1/2020,Pen Lucy,EASTERN,2,EASTERN,135,39.313388,-76.591684,"39.313388, -76.591684"
SR-103104,In Progress,Phone,Rat Rubout,Rat Rubout Request,10/12/2019,10/12/2019,10/12/2019,10/12/2019,Greenmount West,CENTRAL,2,CENTRAL,641,39.457136,-76.362111,"39.457136, -76.362111"
SR-103105,In Progress,Phone,Parking Complaint,Parking Complaint Request,10/23/2020,10/23/2020,10/23/2020,10/23/2020,Irvington,NORTHWESTERN,7,NORTHWESTERN,892,39.297269,-76.300764,"39.297269, -76.300764"
SR-103106,Closed,Phone,Rat Rubout,Rat Rubout Request,1/22/2021,1/22/2021,1/22/2021,1/22/2021,Druid Heights,SOUTHERN,6,SOUTHERN,158,39.221517,-76.456126,"39.221517, -76.456126"
SR-103107,In Progress,Phone,Dead Animal,Dead Animal Request,5/25/2022,5/25/2022,5/25/2022,5/25/2022,Curtis Bay,NORTHERN,6,NORTHERN,167,39.315434,-76.577559,"39.315434, -76.577559"
SR-103108,In Progress,Phone,Graffiti,Graffiti Request,2/17/2022,2/17/2022,2/17/2022,2/17/2022,Westport,NORTHWESTERN,14,NORTHWESTERN,831,39.23913,-76.580987,"39.23913, -76.580987"
SR-103109,In Progress,Phone,Dirty Street,Dirty Street Request,2/26/2020,2/26/2020,2/26/2020,2/26/2020,Cherry Hill,NORTHEASTERN,9,NORTHEASTERN,565,39.27204,-76.358511,"39.27204, -76.358511"
SR-103110,Closed,Phone,Dead Animal,Dead Animal Request,11/13/2019,11/13/2019,11/13/2019,11/13/2019,Brooklyn,NORTHEASTERN,13,NORTHEASTERN,617,39.394965,-76.354972,"39.394965, -76.354972"
SR-103111,Open,Phone,Dead Animal,Dead Animal Request,12/12/2023,12/12/2023,12/12/2023,12/12/2023,Morrell Park,EASTERN,6,EASTERN,546,39.340411,-76.309195,"39.340411, -76.309195"
SR-103112,Closed,Phone,Rat Rubout,Rat Rubout Request,11/4/2021,11/4/2021,11/4/2021,11/4/2021,Guilford,CENTRAL,3,CENTRAL,132,39.377089,-76.507593,"39.377089, -76.507593"
SR-103113,In Progress,Phone,Pothole,Pothole Request,10/9/2021,10/9/2021,10/9/2021,10/9/2021,Oliver,NORTHWESTERN,10,NORTHWESTERN,406,39.257911,-76.484422,"39.257911, -76.484422"
SR-103114,In Progress,Phone,Rat Rubout,Rat Rubout Request,4/1/2020,4/1/2020,4/1/2020,4/1/2020,Pen Lucy,NORTHEASTERN,12,NORTHEASTERN,427,39.459347,-76.307554,"39.459347, -76.307554"
SR-103115,Open,Phone,Dirty Street,Dirty Street Request,6/11/2020,6/11/2020,6/11/2020,6/11/2020,Pimlico,NORTHWESTERN,3,NORTHWESTERN,621,39.411935,-76.357228,"39.411935, -76.357228"
SR-103116,Closed,Phone,Parking Complaint,Parking Complaint Request,5/3/2019,5/3/2019,5/3/2019,5/3/2019,Park Heights,NORTHERN,6,NORTHERN,640,39.420924,-76.555629,"39.420924, -76.555629"
SR-103117,In Progress,Phone,Dead Animal,Dead Animal Request,4/7/2019,4/7/2019,4/7/2019,4/7/2019,Charles Village,EASTERN,6,EASTERN,537,39.478319,-76.535932,"39.478319, -76.535932"
SR-103118,Closed,Phone,Dead Animal,Dead Animal Request,2/3/2020,2/3/2020,2/3/2020,2/3/2020,Druid Heights,NORTHERN,12,NORTHERN,530,39.347794,-76.31742,"39.347794, -76.31742"
SR-103119,Closed,Phone,Graffiti,Graffiti Request,1/17/2023,1/17/2023,1/17/2023,1/17/2023,Oliver,CENTRAL,6,CENTRAL,843,39.483576,-76.377618,"39.483576, -76.377618"
SR-103120,Closed,Phone,Graffiti,Graffiti Request,2/27/2020,2/27/2020,2/27/2020,2/27/2020,Clifton Park,NORTHWESTERN,10,NORTHWESTERN,662,39.231153,-76.424257,"39.231153, -76.424257"
SR-103121,In Progress,Phone,Dirty Street,Dirty Street Request,9/16/2019,9/16/2019,9/16/2019,9/16/2019,Brooklyn,CENTRAL,1,CENTRAL,715,39.263977,-76.534317,"39.263977, -76.534317"
SR-103122,In Progress,Phone,Dirty Street,Dirty Street Request,4/17/2019,4/17/2019,4/17/2019,4/17/2019,Clifton Park,NORTHERN,9,NORTHERN,532,39.224737,-76.40655,"39.224737, -76.40655"
SR-103123,In Progress,Phone,Abandoned Vehicle,Abandoned Vehicle Request,1/28/2020,1/28/2020,1/28/2020,1/28/2020,Homeland,NORTHEASTERN,11,NORTHEASTERN,849,39.368567,-76.477896,"39.368567, -76.477896"
SR-103124,Open,Phone,Dead Animal,Dead Animal Request,9/4/2019,9/4/2019,9/4/2019,9/4/2019,Middle East,CENTRAL,11,CENTRAL,631,39.261178,-76.504661,"39.261178, -76.504661"
SR-103125,In Progress,Phone,Rat Rubout,Rat Rubout Request,4/12/2023,4/12/2023,4/12/2023,4/12/2023,Greenmount West,NORTHWESTERN,9,NORTHWESTERN,892,39.202511,-76.306397,"39.202511, -76.306397"
SR-103126,Closed,Phone,Street Light Out,Street Light Out Request,7/17/2023,7/17/2023,7/17/2023,7/17/2023,Johnston Square,EASTERN,1,EASTERN,282,39.322357,-76.451519,"39.322357, -76.451519"
SR-103127,Closed,Phone,Dead Animal,Dead Animal Request,5/9/2022,5/9/2022,5/9/2022,5/9/2022,Pigtown,SOUTHERN,9,SOUTHERN,839,39.396825,-76.319494,"39.396825, -76.319494"
SR-103128,Open,Phone,Pothole,Pothole Request,5/17/2022,5/17/2022,5/17/2022,5/17/2022,Clifton Park,CENTRAL,10,CENTRAL,290,39.407169,-76.316033,"39.407169, -76.316033"
SR-103129,In Progress,Phone,Pothole,Pothole Request,1/5/2022,1/5/2022,1/5/2022,1/5/2022,Eastwood,NORTHERN,5,NORTHERN,248,39.442255,-76.327831,"39.442255, -76.327831"
SR-103130,In Progress,Phone,Dirty Street,Dirty Street Request,11/9/2020,11/9/2020,11/9/2020,11/9/2020,Waverly,NORTHERN,8,NORTHERN,496,39.365736,-76.572808,"39.365736, -76.572808"
SR-103131,Open,Phone,Dead Animal,Dead Animal Request,4/27/2023,4/27/2023,4/27/2023,4/27/2023,Berea,WESTERN,2,WESTERN,443,39.394234,-76.41796,"39.394234, -76.41796"
SR-103132,In Progress,Phone,Parking Complaint,Parking Complaint Request,6/25/2022,6/25/2022,6/25/2022,6/25/2022,Roland Park,WESTERN,2,WESTERN,379,39.324974,-76.442556,"39.324974, -76.442556"
SR-103133,Open,Phone,Illegal Dumping,Illegal Dumping Request,5/18/2020,5/18/2020,5/18/2020,5/18/2020,Harlem Park,NORTHERN,7,NORTHERN,565,39.488957,-76.502691,"39.488957, -76.502691"
SR-103134,Closed,Phone,Parking Complaint,Parking Complaint Request,11/25/2020,11/25/2020,11/25/2020,11/25/2020,Morrell Park,NORTHERN,11,NORTHERN,555,39.257018,-76.521827,"39.257018, -76.521827"
SR-103135,Open,Phone,Dirty Street,Dirty Street Request,2/16/2019,2/16/2019,2/16/2019,2/16/2019,Harlem Park,WESTERN,12,WESTERN,398,39.313341,-76.35844,"39.313341, -76.35844"
SR-103136,In Progress,Phone,Vacant Building,Vacant Building Request,7/12/2022,7/12/2022,7/12/2022,7/12/2022,Westport,CENTRAL,12,CENTRAL,721,39.480304,-76.582405,"39.480304, -76.582405"
SR-103137,Closed,Phone,Street Light Out,Street Light Out Request,8/4/2021,8/4/2021,8/4/2021,8/4/2021,Waverly,CENTRAL,5,CENTRAL,114,39.212976,-76.565092,"39.212976, -76.565092"
SR-103138,In Progress,Phone,Parking Complaint,Parking Complaint Request,11/11/2020,11/11/2020,11/11/2020,11/11/2020,Cherry Hill,NORTHWESTERN,9,NORTHWESTERN,442,39.203451,-76.323493,"39.203451, -76.323493"
SR-103139,In Progress,Phone,Illegal Dumping,Illegal Dumping Request,3/25/2020,3/25/2020,3/25/2020,3/25/2020,Mount Washington,SOUTHERN,5,SOUTHERN,319,39.206867,-76.39849,"39.206867, -76.39849"
SR-103140,Open,Phone,Rat Rubout,Rat Rubout Request,9/17/2021,9/17/2021,9/17/2021,9/17/2021,Greenmount West,NORTHEASTERN,7,NORTHEASTERN,837,39.397328,-76.38605,"39.397328, -76.38605"
SR-103141,Open,Phone,Illegal Dumping,Illegal Dumping Request,2/16/2023,2/16/2023,2/16/2023,2/16/2023,Charles Village,NORTHEASTERN,7,NORTHEASTERN,635,39.331889,-76.505134,"39.331889, -76.505134"
SR-103142,In Progress,Phone,Pothole,Pothole Request,7/20/2020,7/20/2020,7/20/2020,7/20/2020,Belair-Edison,EASTERN,10,EASTERN,774,39.390597,-76.326604,"39.390597, -76.326604"
SR-103143,Open,Phone,Dirty Street,Dirty Street Request,4/14/2019,4/14/2019,4/14/2019,4/14/2019,Oliver,NORTHWESTERN,8,NORTHWESTERN,579,39.409961,-76.370988,"39.409961, -76.370988"
SR-103144,Closed,Phone,Vacant Building,Vacant Building Request,5/7/2022,5/7/2022,5/7/2022,5/7/2022,Pigtown,EASTERN,11,EASTERN,567,39.479925,-76.430011,"39.479925, -76.430011"
SR-103145,Closed,Phone,Graffiti,Graffiti Request,6/26/2021,6/26/2021,6/26/2021,6/26/2021,Harlem Park,SOUTHERN,4,SOUTHERN,311,39.408485,-76.398364,"39.408485, -76.398364"
SR-103146,Closed,Phone,Street Light Out,Street Light Out Request,4/24/2021,4/24/2021,4/24/2021,4/24/2021,Brooklyn,NORTHERN,8,NORTHERN,816,39.417548,-76.307465,"39.417548, -76.307465"
SR-103147,Closed,Phone,Rat Rubout,Rat Rubout Request,12/8/2022,12/8/2022,12/8/2022,12/8/2022,Westport,WESTERN,12,WESTERN,363,39.493846,-76.493146,"39.493846, -76.493146"
SR-103148,In Progress,Phone,Pothole,Pothole Request,7/4/2020,7/4/2020,7/4/2020,7/4/2020,Sandtown-Winchester,NORTHERN,14,NORTHERN,427,39.236704,-76.376405,"39.236704, -76.376405"
SR-103149,Closed,Phone,Graffiti,Graffiti Request,4/6/2022,4/6/2022,4/6/2022,4/6/2022,Mount Washington,NORTHWESTERN,13,NORTHWESTERN,632,39.213795,-76.38919,"39.213795, -76.38919"
SR-103150,In Progress,Phone,Rat Rubout,Rat Rubout Request,8/16/2021,8/16/2021,8/16/2021,8/16/2021,Mount Washington,CENTRAL,1,CENTRAL,480,39.284396,-76.55769,"39.284396, -76.55769"
SR-103151,In Progress,Phone,Graffiti,Graffiti Request,1/24/2020,1/24/2020,1/24/2020,1/24/2020,Homeland,SOUTHERN,14,SOUTHERN,622,39.227088,-76.474146,"39.227088, -76.474146"
SR-103152,In Progress,Phone,Vacant Building,Vacant Building Request,7/8/2020,7/8/2020,7/8/2020,7/8/2020,Cherry Hill,EASTERN,9,EASTERN,194,39.213861,-76.365861,"39.213861, -76.365861"
SR-103153,In Progress,Phone,Vacant Building,Vacant Building Request,12/15/2022,12/15/2022,12/15/2022,12/15/2022,Westport,WESTERN,14,WESTERN,615,39.232422,-76.326718,"39.232422, -76.326718"
SR-103154,In Progress,Phone,Illegal Dumping,Illegal Dumping Request,8/3/2020,8/3/2020,8/3/2020,8/3/2020,Pen Lucy,NORTHERN,2,NORTHERN,893,39.486333,-76.362605,"39.486333, -76.362605"
SR-103155,In Progress,Phone,Abandoned Vehicle,Abandoned Vehicle Request,10/9/2019,10/9/2019,10/9/2019,10/9/2019,Brooklyn,NORTHERN,3,NORTHERN,578,39.422025,-76.431893,"39.422025, -76.431893"
SR-103156,In Progress,Phone,Vacant Building,Vacant Building Request,5/7/2020,5/7/2020,5/7/2020,5/7/2020,Greenmount West,CENTRAL,12,CENTRAL,206,39.329649,-76.488662,"39.329649, -76.488662"
SR-103157,In Progress,Phone,Dead Animal,Dead Animal Request,7/21/2023,7/21/2023,7/21/2023,7/21/2023,Berea,NORTHERN,4,NORTHERN,577,39.295203,-76.515976,"39.295203, -76.515976"
SR-103158,In Progress,Phone,Street Light Out,Street Light Out Request,2/10/2022,2/10/2022,2/10/2022,2/10/2022,Westport,SOUTHERN,11,SOUTHERN,861,39.255516,-76.520762,"39.255516, -76.520762"
SR-103159,In Progress,Phone,Dirty Street,Dirty Street Request,2/23/2020,2/23/2020,2/23/2020,2/23/2020,Johnston Square,WESTERN,3,WESTERN,353,39.361979,-76.467341,"39.361979, -76.467341"
SR-103160,In Progress,Phone,Abandoned Vehicle,Abandoned Vehicle Request,9/4/2022,9/4/2022,9/4/2022,9/4/2022,Brooklyn,EASTERN,5,EASTERN,881,39.417207,-76.500534,"39.417207, -76.500534"
SR-103161,In Progress,Phone,Dirty Street,Dirty Street Request,8/8/2020,8/8/2020,8/8/2020,8/8/2020,Cherry Hill,NORTHERN,1,NORTHERN,377,39.335535,-76.400834,"39.335535, -76.400834"
SR-103162,In Progress,Phone,Rat Rubout,Rat Rubout Request,12/11/2021,12/11/2021,12/11/2021,12/11/2021,Eastwood,NORTHEASTERN,7,NORTHEASTERN,376,39.471075,-76.574862,"39.471075, -76.574862"
SR-103163,Closed,Phone,Parking Complaint,Parking Complaint Request,6/19/2020,6/19/2020,6/19/2020,6/19/2020,Brooklyn,NORTHWESTERN,8,NORTHWESTERN,562,39.272694,-76.333064,"39.272694, -76.333064"
SR-103164,In Progress,Phone,Vacant Building,Vacant Building Request,5/24/2021,5/24/2021,5/24/2021,5/24/2021,Park Heights,NORTHERN,3,NORTHERN,169,39.211244,-76.59533,"39.211244, -76.59533"
SR-103165,In Progress,Phone,Rat Rubout,Rat Rubout Request,10/16/2023,10/16/2023,10/16/2023,10/16/2023,Waverly,NORTHEASTERN,12,NORTHEASTERN,104,39.355419,-76.462267,"39.355419, -76.462267"
SR-103166,Open,Phone,Parking Complaint,Parking Complaint Request,7/23/2023,7/23/2023,7/23/2023,7/23/2023,Upton,CENTRAL,14,CENTRAL,695,39.406144,-76.428309,"39.406144, -76.428309"
SR-103167,In Progress,Phone,Dead Animal,Dead Animal Request,8/18/2020,8/18/2020,8/18/2020,8/18/2020,Morrell Park,CENTRAL,14,CENTRAL,896,39.316583,-76.38559,"39.316583, -76.38559"
SR-103168,In Progress,Phone,Pothole,Pothole Request,10/17/2022,10/17/2022,10/17/2022,10/17/2022,Pen Lucy,NORTHERN,12,NORTHERN,796,39.414373,-76.429897,"39.414373, -76.429897"
SR-103169,Closed,Phone,Street Light Out,Street Light Out Request,11/6/2023,11/6/2023,11/6/2023,11/6/2023,Hampden,WESTERN,9,WESTERN,340,39.397672,-76.381322,"39.397672, -76.381322"
SR-103170,Closed,Phone,Dead Animal,Dead Animal Request,2/1/2023,2/1/2023,2/1/2023,2/1/2023,Pen Lucy,NORTHWESTERN,1,NORTHWESTERN,619,39.321144,-76.560908,"39.321144, -76.560908"
SR-103171,In Progress,Phone,Abandoned Vehicle,Abandoned Vehicle Request,10/11/2019,10/11/2019,10/11/2019,10/11/2019,Guilford,NORTHWESTERN,5,NORTHWESTERN,893,39.414638,-76.387945,"39.414638, -76.387945"
SR-103172,Open,Phone,Dead Animal,Dead Animal Request,5/11/2021,5/11/2021,5/11/2021,5/11/2021,Govans,EASTERN,3,EASTERN,759,39.418211,-76.348102,"39.418211, -76.348102"
SR-103173,Open,Phone,Parking Complaint,Parking Complaint Request,1/12/2021,1/12/2021,1/12/2021,1/12/2021,Hampden,CENTRAL,9,CENTRAL,776,39.339819,-76.443287,"39.339819, -76.443287"
SR-103174,Open,Phone,Dirty Street,Dirty Street Request,1/25/2023,1/25/2023,1/25/2023,1/25/2023,Westport,WESTERN,3,WESTERN,107,39.299371,-76.456255,"39.299371, -76.456255"
SR-103175,Closed,Phone,Dead Animal,Dead Animal Request,10/24/2023,10/24/2023,10/24/2023,10/24/2023,Sandtown-Winchester,NORTHWESTERN,11,NORTHWESTERN,563,39.291134,-76.301319,"39.291134, -76.301319"
SR-103176,In Progress,Phone,Vacant Building,Vacant Building Request,3/28/2021,3/28/2021,3/28/2021,3/28/2021,Mount Washington,NORTHEASTERN,9,NORTHEASTERN,161,39.257757,-76.449008,"39.257757, -76.449008"
SR-103177,Closed,Phone,Vacant Building,Vacant Building Request,12/15/2020,12/15/2020,12/15/2020,12/15/2020,Waverly,NORTHEASTERN,14,NORTHEASTERN,403,39.382263,-76.439368,"39.382263, -76.439368"
SR-103178,Open,Phone,Illegal Dumping,Illegal Dumping Request,7/20/2023,7/20/2023,7/20/2023,7/20/2023,Homeland,NORTHEASTERN,6,NORTHEASTERN,339,39.347509,-76.441329,"39.347509, -76.441329"
SR-103179,Closed,Phone,Pothole,Pothole Request,2/6/2021,2/6/2021,2/6/2021,2/6/2021,Clifton Park,EASTERN,14,EASTERN,425,39.345433,-76.574238,"39.345433, -76.574238"
SR-103180,Open,Phone,Parking Complaint,Parking Complaint Request,11/2/2023,11/2/2023,11/2/2023,11/2/2023,Waverly,WESTERN,3,WESTERN,375,39.20165,-76.325644,"39.20165, -76.325644"
SR-103181,In Progress,Phone,Graffiti,Graffiti Request,4/6/2019,4/6/2019,4/6/2019,4/6/2019,Oliver,CENTRAL,14,CENTRAL,295,39.271043,-76.346426,"39.271043, -76.346426"
SR-103182,In Progress,Phone,Vacant Building,Vacant Building Request,1/13/2019,1/13/2019,1/13/2019,1/13/2019,Johnston Square,WESTERN,5,WESTERN,251,39.203083,-76.393785,"39.203083, -76.393785"
SR-103183,Open,Phone,Illegal Dumping,Illegal Dumping Request,9/28/2020,9/28/2020,9/28/2020,9/28/2020,Morrell Park,NORTHERN,10,NORTHERN,293,39.309866,-76.468356,"39.309866, -76.468356"
SR-103184,In Progress,Phone,Rat Rubout,Rat Rubout Request,1/23/2019,1/23/2019,1/23/2019,1/23/2019,Cherry Hill,NORTHERN,5,NORTHERN,373,39.240016,-76.561619,"39.240016, -76.561619"
SR-103185,Closed,Phone,Parking Complaint,Parking Complaint Request,2/8/2023,2/8/2023,2/8/2023,2/8/2023,Eastwood,NORTHERN,6,NORTHERN,425,39.453051,-76.599956,"39.453051, -76.599956"
SR-103186,Closed,Phone,Dirty Street,Dirty Street Request,1/9/2022,1/9/2022,1/9/2022,1/9/2022,Eastwood,NORTHERN,13,NORTHERN,871,39.256519,-76.523607,"39.256519, -76.523607"
SR-103187,Closed,Phone,Graffiti,Graffiti Request,2/12/2021,2/12/2021,2/12/2021,2/12/2021,Roland Park,EASTERN,5,EASTERN,215,39.352779,-76.545502,"39.352779, -76.545502"
SR-103188,In Progress,Phone,Illegal Dumping,Illegal Dumping Request,12/24/2020,12/24/2020,12/24/2020,12/24/2020,Curtis Bay,CENTRAL,4,CENTRAL,283,39.21852,-76.592347,"39.21852, -76.592347"
SR-103189,Closed,Phone,Dead Animal,Dead Animal Request,12/25/2020,12/25/2020,12/25/2020,12/25/2020,Brooklyn,CENTRAL,3,CENTRAL,833,39.370727,-76.408736,"39.370727, -76.408736"
SR-103190,Closed,Phone,Street Light Out,Street Light Out Request,2/10/2023,2/10/2023,2/10/2023,2/10/2023,Berea,SOUTHERN,3,SOUTHERN,202,39.270036,-76.589133,"39.270036, -76.589133"
SR-103191,Closed,Phone,Pothole,Pothole Request,2/13/2023,2/13/2023,2/13/2023,2/13/2023,Pen Lucy,SOUTHERN,14,SOUTHERN,694,39.407128,-76.574683,"39.407128, -76.574683"
SR-103192,Open,Phone,Dirty Street,Dirty Street Request,2/1/2020,2/1/2020,2/1/2020,2/1/2020,Park Heights,NORTHWESTERN,11,NORTHWESTERN,283,39.343826,-76.407542,"39.343826, -76.407542"
SR-103193,Open,Phone,Dead Animal,Dead Animal Request,2/26/2023,2/26/2023,2/26/2023,2/26/2023,Homeland,NORTHERN,12,NORTHERN,768,39.390781,-76.347801,"39.390781, -76.347801"
SR-103194,Closed,Phone,Dirty Street,Dirty Street Request,12/23/2021,12/23/2021,12/23/2021,12/23/2021,Irvington,CENTRAL,10,CENTRAL,650,39.457483,-76.459503,"39.457483, -76.459503"
SR-103195,Closed,Phone,Graffiti,Graffiti Request,7/8/2022,7/8/2022,7/8/2022,7/8/2022,Mount Washington,NORTHEASTERN,14,NORTHEASTERN,869,39.378376,-76.40336,"39.378376, -76.40336"
SR-103196,Closed,Phone,Graffiti,Graffiti Request,5/26/2021,5/26/2021,5/26/2021,5/26/2021,Druid Heights,NORTHEASTERN,1,NORTHEASTERN,180,39.444159,-76.392742,"39.444159, -76.392742"
SR-103197,In Progress,Phone,Rat Rubout,Rat Rubout Request,1/10/2019,1/10/2019,1/10/2019,1/10/2019,Eastwood,SOUTHERN,7,SOUTHERN,368,39.356545,-76.355459,"39.356545, -76.355459"
SR-103198,In Progress,Phone,Pothole,Pothole Request,3/21/2022,3/21/2022,3/21/2022,3/21/2022,Eastwood,SOUTHERN,4,SOUTHERN,747,39.388931,-76.415153,"39.388931, -76.415153"
SR-103199,Open,Phone,Abandoned Vehicle,Abandoned Vehicle Request,4/14/2022,4/14/2022,4/14/2022,4/14/2022,Cherry Hill,CENTRAL,4,CENTRAL,724,39.394436,-76.399504,"39.394436, -76.399504"
SR-103200,In Progress,Phone,Abandoned Vehicle,Abandoned Vehicle Request,11/24/2021,11/24/2021,11/24/2021,11/24/2021,Johnston Square,NORTHWESTERN,6,NORTHWESTERN,487,39.215412,-76.300375,"39.215412, -76.300375"
SR-103201,Closed,Phone,Parking Complaint,Parking Complaint Request,10/23/2022,10/23/2022,10/23/2022,10/23/2022,Pimlico,EASTERN,3,EASTERN,575,39.333403,-76.347819,"39.333403, -76.347819"
SR-103202,Open,Phone,Pothole,Pothole Request,5/26/2023,5/26/2023,5/26/2023,5/26/2023,Homeland,NORTHERN,10,NORTHERN,561,39.229076,-76.593479,"39.229076, -76.593479"
SR-103203,In Progress,Phone,Abandoned Vehicle,Abandoned Vehicle Request,4/21/2020,4/21/2020,4/21/2020,4/21/2020,Belair-Edison,SOUTHERN,8,SOUTHERN,144,39.292849,-76.410962,"39.292849, -76.410962"
SR-103204,In Progress,Phone,Parking Complaint,Parking Complaint Request,1/13/2020,1/13/2020,1/13/2020,1/13/2020,Johnston Square,CENTRAL,9,CENTRAL,547,39.459989,-76.447129,"39.459989, -76.447129"
SR-103205,Closed,Phone,Abandoned Vehicle,Abandoned Vehicle Request,3/27/2023,3/27/2023,3/27/2023,3/27/2023,Homeland,NORTHEASTERN,12,NORTHEASTERN,452,39.44577,-76.557706,"39.44577, -76.557706"
SR-103206,Open,Phone,Graffiti,Graffiti Request,1/5/2021,1/5/2021,1/5/2021,1/5/2021,Westport,NORTHEASTERN,9,NORTHEASTERN,772,39.32857,-76.482948,"39.32857, -76.482948"
SR-103207,Open,Phone,Abandoned Vehicle,Abandoned Vehicle Request,2/11/2019,2/11/2019,2/11/2019,2/11/2019,Pigtown,SOUTHERN,5,SOUTHERN,630,39.249789,-76.360809,"39.249789, -76.360809"
SR-103208,Open,Phone,Illegal Dumping,Illegal Dumping Request,7/1/2019,7/1/2019,7/1/2019,7/1/2019,Druid Heights,WESTERN,9,WESTERN,290,39.448593,-76.375469,"39.448593, -76.375469"
SR-103209,Open,Phone,Pothole,Pothole Request,2/10/2023,2/10/2023,2/10/2023,2/10/2023,Pen Lucy,EASTERN,5,EASTERN,727,39.302451,-76.377295,"39.302451, -76.377295"
SR-103210,In Progress,Phone,Graffiti,Graffiti Request,8/5/2019,8/5/2019,8/5/2019,8/5/2019,Charles Village,EASTERN,2,EASTERN,421,39.251076,-76.430982,"39.251076, -76.430982"
SR-103211,Closed,Phone,Dead Animal,Dead Animal Request,5/12/2020,5/12/2020,5/12/2020,5/12/2020,Homeland,NORTHWESTERN,1,NORTHWESTERN,726,39.363329,-76.354555,"39.363329, -76.354555"
SR-103212,In Progress,Phone,Rat Rubout,Rat Rubout Request,10/15/2022,10/15/2022,10/15/2022,10/15/2022,Clifton Park,NORTHWESTERN,1,NORTHWESTERN,829,39.395538,-76.537192,"39.395538, -76.537192"
SR-103213,In Progress,Phone,Abandoned Vehicle,Abandoned Vehicle Request,9/11/2019,9/11/2019,9/11/2019,9/11/2019,Cherry Hill,NORTHERN,5,NORTHERN,446,39.212986,-76.491032,"39.212986, -76.491032"
SR-103214,Open,Phone,Pothole,Pothole Request,4/9/2019,4/9/2019,4/9/2019,4/9/2019,Irvington,WESTERN,7,WESTERN,465,39.302209,-76.357701,"39.302209, -76.357701"
SR-103215,Open,Phone,Vacant Building,Vacant Building Request,2/19/2021,2/19/2021,2/19/2021,2/19/2021,Guilford,WESTERN,13,WESTERN,453,39.409667,-76.367122,"39.409667, -76.367122"
SR-103216,In Progress,Phone,Vacant Building,Vacant Building Request,12/22/2021,12/22/2021,12/22/2021,12/22/2021,Harlem Park,SOUTHERN,12,SOUTHERN,676,39.460056,-76.388626,"39.460056, -76.388626"
SR-103217,In Progress,Phone,Illegal Dumping,Illegal Dumping Request,11/1/2020,11/1/2020,11/1/2020,11/1/2020,Guilford,NORTHERN,10,NORTHERN,188,39.284006,-76.490422,"39.284006, -76.490422"
SR-103218,Closed,Phone,Street Light Out,Street Light Out Request,4/3/2023,4/3/2023,4/3/2023,4/3/2023,Cherry Hill,NORTHERN,5,NORTHERN,697,39.466634,-76.428902,"39.466634, -76.428902"
SR-103219,In Progress,Phone,Dead Animal,Dead Animal Request,3/27/2020,3/27/2020,3/27/2020,3/27/2020,Westport,SOUTHERN,6,SOUTHERN,783,39.242195,-76.409312,"39.242195, -76.409312"
SR-103220,In Progress,Phone,Parking Complaint,Parking Complaint Request,3/15/2021,3/15/2021,3/15/2021,3/15/2021,Middle East,EASTERN,5,EASTERN,729,39.422427,-76.598946,"39.422427, -76.598946"
SR-103221,Open,Phone,Street Light Out,Street Light Out Request,1/19/2021,1/19/2021,1/19/2021,1/19/2021,Mount Washington,SOUTHERN,12,SOUTHERN,391,39.359438,-76.397807,"39.359438, -76.397807"
SR-103222,Closed,Phone,Rat Rubout,Rat Rubout Request,9/18/2020,9/18/2020,9/18/2020,9/18/2020,Upton,EASTERN,12,EASTERN,444,39.401098,-76.580952,"39.401098, -76.580952"
SR-103223,Closed,Phone,Abandoned Vehicle,Abandoned Vehicle Request,3/12/2023,3/12/2023,3/12/2023,3/12/2023,Guilford,NORTHERN,9,NORTHERN,705,39.231411,-76.338687,"39.231411, -76.338687"
SR-103224,Closed,Phone,Graffiti,Graffiti Request,3/8/2022,3/8/2022,3/8/2022,3/8/2022,Guilford,SOUTHERN,6,SOUTHERN,477,39.33022,-76.332121,"39.33022, -76.332121"
SR-103225,Closed,Phone,Vacant Building,Vacant Building Request,4/1/2022,4/1/2022,4/1/2022,4/1/2022,Govans,NORTHWESTERN,4,NORTHWESTERN,427,39.446138,-76.356241,"39.446138, -76.356241"
SR-103226,Open,Phone,Vacant Building,Vacant Building Request,2/12/2019,2/12/2019,2/12/2019,2/12/2019,Morrell Park,NORTHERN,11,NORTHERN,473,39.20381,-76.400109,"39.20381, -76.400109"
SR-103227,In Progress,Phone,Vacant Building,Vacant Building Request,12/13/2021,12/13/2021,12/13/2021,12/13/2021,Homeland,NORTHERN,7,NORTHERN,845,39.454798,-76.520609,"39.454798, -76.520609"
SR-103228,Closed,Phone,Rat Rubout,Rat Rubout Request,6/20/2020,6/20/2020,6/20/2020,6/20/2020,Hampden,EASTERN,10,EASTERN,492,39.258552,-76.396165,"39.258552, -76.396165"
SR-103229,Open,Phone,Vacant Building,Vacant Building Request,8/28/2021,8/28/2021,8/28/2021,8/28/2021,Waverly,NORTHWESTERN,2,NORTHWESTERN,533,39.410032,-76.402983,"39.410032, -76.402983"
SR-103230,Open,Phone,Illegal Dumping,Illegal Dumping Request,7/22/2021,7/22/2021,7/22/2021,7/22/2021,Hampden,NORTHERN,1,NORTHERN,506,39.470595,-76.479401,"39.470595, -76.479401"
SR-103231,In Progress,Phone,Parking Complaint,Parking Complaint Request,6/11/2022,6/11/2022,6/11/2022,6/11/2022,Brooklyn,NORTHWESTERN,1,NORTHWESTERN,532,39.234368,-76.56526,"39.234368, -76.56526"
SR-103232,Open,Phone,Dirty Street,Dirty Street Request,8/19/2022,8/19/2022,8/19/2022,8/19/2022,Morrell Park,NORTHERN,3,NORTHERN,387,39.267642,-76.334389,"39.267642, -76.334389"
SR-103233,Open,Phone,Vacant Building,Vacant Building Request,3/8/2022,3/8/2022,3/8/2022,3/8/2022,Roland Park,WESTERN,3,WESTERN,615,39.260256,-76.419819,"39.260256, -76.419819"
SR-103234,Closed,Phone,Rat Rubout,Rat Rubout Request,6/14/2019,6/14/2019,6/14/2019,6/14/2019,Hampden,SOUTHERN,13,SOUTHERN,391,39.261861,-76.451009,"39.261861, -76.451009"
SR-103235,In Progress,Phone,Dead Animal,Dead Animal Request,2/16/2021,2/16/2021,2/16/2021,2/16/2021,Johnston Square,EASTERN,12,EASTERN,157,39.267016,-76.525812,"39.267016, -76.525812"
SR-103236,Open,Phone,Parking Complaint,Parking Complaint Request,9/14/2022,9/14/2022,9/14/2022,9/14/2022,Druid Heights,NORTHEASTERN,4,NORTHEASTERN,389,39.431751,-76.586464,"39.431751, -76.586464"
SR-103237,In Progress,Phone,Graffiti,Graffiti Request,4/11/2019,4/11/2019,4/11/2019,4/11/2019,Guilford,SOUTHERN,11,SOUTHERN,779,39.328461,-76.378128,"39.328461, -76.378128"
SR-103238,In Progress,Phone,Pothole,Pothole Request,12/18/2023,12/18/2023,12/18/2023,12/18/2023,Pimlico,SOUTHERN,9,SOUTHERN,419,39.388299,-76.482171,"39.388299, -76.482171"
SR-103239,Closed,Phone,Rat Rubout,Rat Rubout Request,8/13/2023,8/13/2023,8/13/2023,8/13/2023,Govans,SOUTHERN,8,SOUTHERN,500,39.400549,-76.488716,"39.400549, -76.488716"
SR-103240,Open,Phone,Dead Animal,Dead Animal Request,4/28/2019,4/28/2019,4/28/2019,4/28/2019,Westport,EASTERN,3,EASTERN,650,39.398369,-76.335578,"39.398369, -76.335578"
SR-103241,Open,Phone,Graffiti,Graffiti Request,3/5/2022,3/5/2022,3/5/2022,3/5/2022,Charles Village,EASTERN,3,EASTERN,189,39.474694,-76.309614,"39.474694, -76.309614"
SR-103242,Open,Phone,Parking Complaint,Parking Complaint Request,7/24/2022,7/24/2022,7/24/2022,7/24/2022,Johnston Square,NORTHWESTERN,10,NORTHWESTERN,157,39.325633,-76.530501,"39.325633, -76.530501"
SR-103243,Open,Phone,Street Light Out,Street Light Out Request,8/6/2019,8/6/2019,8/6/2019,8/6/2019,Govans,CENTRAL,11,CENTRAL,299,39.427329,-76.321879,"39.427329, -76.321879"
SR-103244,Open,Phone,Street Light Out,Street Light Out Request,7/3/2022,7/3/2022,7/3/2022,7/3/2022,Greenmount West,SOUTHERN,12,SOUTHERN,861,39.409493,-76.476628,"39.409493, -76.476628"
SR-103245,Closed,Phone,Abandoned Vehicle,Abandoned Vehicle Request,7/9/2019,7/9/2019,7/9/2019,7/9/2019,Oliver,CENTRAL,12,CENTRAL,775,39.247339,-76.566993,"39.247339, -76.566993"
SR-103246,In Progress,Phone,Vacant Building,Vacant Building Request,5/28/2020,5/28/2020,5/28/2020,5/28/2020,Guilford,NORTHWESTERN,8,NORTHWESTERN,278,39.44434,-76.498194,"39.44434, -76.498194"
SR-103247,Open,Phone,Parking Complaint,Parking Complaint Request,10/3/2021,10/3/2021,10/3/2021,10/3/2021,Pigtown,CENTRAL,3,CENTRAL,532,39.281265,-76.384662,"39.281265, -76.384662"
SR-103248,Closed,Phone,Dirty Street,Dirty Street Request,11/3/2023,11/3/2023,11/3/2023,11/3/2023,Druid Heights,SOUTHERN,11,SOUTHERN,589,39.378635,-76.323904,"39.378635, -76.323904"
SR-103249,Closed,Phone,Rat Rubout,Rat Rubout Request,9/8/2019,9/8/2019,9/8/2019,9/8/2019,Middle East,NORTHERN,1,NORTHERN,326,39.391342,-76.594926,"39.391342, -76.594926"
SR-103250,Open,Phone,Street Light Out,Street Light Out Request,6/13/2019,6/13/2019,6/13/2019,6/13/2019,Clifton Park,NORTHWESTERN,4,NORTHWESTERN,762,39.202838,-76.542019,"39.202838, -76.542019"
SR-103251,Open,Phone,Graffiti,Graffiti Request,9/25/2019,9/25/2019,9/25/2019,9/25/2019,Homeland,CENTRAL,11,CENTRAL,494,39.379815,-76.540225,"39.379815, -76.540225"
SR-103252,Closed,Phone,Vacant Building,Vacant Building Request,7/23/2023,7/23/2023,7/23/2023,7/23/2023,Harlem Park,EASTERN,10,EASTERN,472,39.4983,-76.435746,"39.4983, -76.435746"
SR-103253,Closed,Phone,Dead Animal,Dead Animal Request,2/3/2023,2/3/2023,2/3/2023,2/3/2023,Greenmount West,CENTRAL,10,CENTRAL,551,39.204036,-76.43724,"39.204036, -76.43724"
SR-103254,In Progress,Phone,Pothole,Pothole Request,7/7/2023,7/7/2023,7/7/2023,7/7/2023,Mount Washington,SOUTHERN,5,SOUTHERN,888,39.479971,-76.583502,"39.479971, -76.583502"
SR-103255,Open,Phone,Graffiti,Graffiti Request,2/13/2022,2/13/2022,2/13/2022,2/13/2022,Pigtown,NORTHEASTERN,4,NORTHEASTERN,435,39.260363,-76.598928,"39.260363, -76.598928"
SR-103256,Open,Phone,Graffiti,Graffiti Request,4/19/2021,4/19/2021,4/19/2021,4/19/2021,Westport,WESTERN,14,WESTERN,113,39.388828,-76.374356,"39.388828, -76.374356"
SR-103257,In Progress,Phone,Pothole,Pothole Request,1/17/2023,1/17/2023,1/17/2023,1/17/2023,Westport,NORTHERN,5,NORTHERN,796,39.294345,-76.404253,"39.294345, -76.404253"
SR-103258,In Progress,Phone,Vacant Building,Vacant Building Request,6/17/2022,6/17/2022,6/17/2022,6/17/2022,Morrell Park,WESTERN,3,WESTERN,407,39.434607,-76.345122,"39.434607, -76.345122"
SR-103259,Closed,Phone,Dead Animal,Dead Animal Request,9/15/2020,9/15/2020,9/15/2020,9/15/2020,Charles Village,WESTERN,3,WESTERN,569,39.361539,-76.420488,"39.361539, -76.420488"
SR-103260,Open,Phone,Vacant Building,Vacant Building Request,6/22/2020,6/22/2020,6/22/2020,6/22/2020,Morrell Park,CENTRAL,9,CENTRAL,866,39.405882,-76.499004,"39.405882, -76.499004"
SR-103261,In Progress,Phone,Street Light Out,Street Light Out Request,1/11/2023,1/11/2023,1/11/2023,1/11/2023,Roland Park,NORTHERN,1,NORTHERN,227,39.472047,-76.539326,"39.472047, -76.539326"
SR-103262,Open,Phone,Graffiti,Graffiti Request,6/5/2023,6/5/2023,6/5/2023,6/5/2023,Morrell Park,CENTRAL,13,CENTRAL,795,39.429915,-76.389958,"39.429915, -76.389958"
SR-103263,Open,Phone,Illegal Dumping,Illegal Dumping Request,3/27/2023,3/27/2023,3/27/2023,3/27/2023,Johnston Square,CENTRAL,4,CENTRAL,544,39.420019,-76.479444,"39.420019, -76.479444"
SR-103264,In Progress,Phone,Graffiti,Graffiti Request,2/5/2021,2/5/2021,2/5/2021,2/5/2021,Brooklyn,NORTHEASTERN,10,NORTHEASTERN,699,39.323364,-76.350773,"39.323364, -76.350773"
SR-103265,Closed,Phone,Dead Animal,Dead Animal Request,8/8/2019,8/8/2019,8/8/2019,8/8/2019,Greenmount West,NORTHWESTERN,6,NORTHWESTERN,505,39.498161,-76.432035,"39.498161, -76.432035"
SR-103266,In Progress,Phone,Illegal Dumping,Illegal Dumping Request,7/19/2020,7/19/2020,7/19/2020,7/19/2020,Berea,CENTRAL,11,CENTRAL,161,39.33422,-76.380508,"39.33422, -76.380508"
SR-103267,In Progress,Phone,Dead Animal,Dead Animal Request,11/2/2021,11/2/2021,11/2/2021,11/2/2021,Waverly,NORTHEASTERN,14,NORTHEASTERN,538,39.281141,-76.564159,"39.281141, -76.564159"
SR-103268,Open,Phone,Parking Complaint,Parking Complaint Request,4/24/2020,4/24/2020,4/24/2020,4/24/2020,Belair-Edison,WESTERN,5,WESTERN,299,39.255256,-76.344102,"39.255256, -76.344102"
SR-103269,Closed,Phone,Pothole,Pothole Request,2/25/2022,2/25/2022,2/25/2022,2/25/2022,Curtis Bay,SOUTHERN,5,SOUTHERN,731,39.466858,-76.503191,"39.466858, -76.503191"
SR-103270,In Progress,Phone,Parking Complaint,Parking Complaint Request,4/21/2019,4/21/2019,4/21/2019,4/21/2019,Belair-Edison,NORTHERN,9,NORTHERN,726,39.200782,-76.448734,"39.200782, -76.448734"
SR-103271,In Progress,Phone,Street Light Out,Street Light Out Request,11/22/2020,11/22/2020,11/22/2020,11/22/2020,Johnston Square,NORTHERN,6,NORTHERN,511,39.209969,-76.305098,"39.209969, -76.305098"
SR-103272,In Progress,Phone,Pothole,Pothole Request,4/4/2021,4/4/2021,4/4/2021,4/4/2021,Westport,NORTHERN,12,NORTHERN,156,39.341125,-76.408232,"39.341125, -76.408232"
SR-103273,Open,Phone,Pothole,Pothole Request,11/19/2019,11/19/2019,11/19/2019,11/19/2019,Oliver,NORTHEASTERN,5,NORTHEASTERN,370,39.364745,-76.469152,"39.364745, -76.469152"
SR-103274,Closed,Phone,Vacant Building,Vacant Building Request,10/25/2021,10/25/2021,10/25/2021,10/25/2021,Curtis Bay,CENTRAL,8,CENTRAL,172,39.309192,-76.403431,"39.309192, -76.403431"
SR-103275,In Progress,Phone,Parking Complaint,Parking Complaint Request,6/21/2019,6/21/2019,6/21/2019,6/21/2019,Greenmount West,CENTRAL,7,CENTRAL,795,39.262006,-76.483204,"39.262006, -76.483204"
SR-103276,Closed,Phone,Dead Animal,Dead Animal Request,4/22/2019,4/22/2019,4/22/2019,4/22/2019,Upton,NORTHEASTERN,4,NORTHEASTERN,508,39.220862,-76.543019,"39.220862, -76.543019"
SR-103277,Open,Phone,Dead Animal,Dead Animal Request,9/10/2022,9/10/2022,9/10/2022,9/10/2022,Oliver,NORTHWESTERN,2,NORTHWESTERN,520,39.499499,-76.588218,"39.499499, -76.588218"
SR-103278,Closed,Phone,Vacant Building,Vacant Building Request,6/1/2020,6/1/2020,6/1/2020,6/1/2020,Irvington,NORTHEASTERN,3,NORTHEASTERN,619,39.490879,-76.586837,"39.490879, -76.586837"
SR-103279,In Progress,Phone,Pothole,Pothole Request,12/17/2021,12/17/2021,12/17/2021,12/17/2021,Guilford,WESTERN,9,WESTERN,438,39.282366,-76.512444,"39.282366, -76.512444"
SR-103280,In Progress,Phone,Rat Rubout,Rat Rubout Request,11/14/2019,11/14/2019,11/14/2019,11/14/2019,Homeland,NORTHEASTERN,2,NORTHEASTERN,166,39.420386,-76.424583,"39.420386, -76.424583"
SR-103281,Open,Phone,Rat Rubout,Rat Rubout Request,11/13/2020,11/13/2020,11/13/2020,11/13/2020,Roland Park,SOUTHERN,4,SOUTHERN,861,39.30385,-76.464523,"39.30385, -76.464523"
SR-103282,Open,Phone,Parking Complaint,Parking Complaint Request,7/16/2022,7/16/2022,7/16/2022,7/16/2022,Eastwood,SOUTHERN,1,SOUTHERN,126,39.35929,-76.415277,"39.35929, -76.415277"
SR-103283,Closed,Phone,Rat Rubout,Rat Rubout Request,8/1/2020,8/1/2020,8/1/2020,8/1/2020,Guilford,EASTERN,5,EASTERN,542,39.487203,-76.361496,"39.487203, -76.361496"
SR-103284,Open,Phone,Pothole,Pothole Request,9/22/2020,9/22/2020,9/22/2020,9/22/2020,Mount Washington,SOUTHERN,6,SOUTHERN,788,39.357444,-76.344296,"39.357444, -76.344296"
SR-103285,Open,Phone,Illegal Dumping,Illegal Dumping Request,5/24/2021,5/24/2021,5/24/2021,5/24/2021,Johnston Square,NORTHEASTERN,6,NORTHEASTERN,748,39.276116,-76.432598,"39.276116, -76.432598"
SR-103286,Closed,Phone,Graffiti,Graffiti Request,11/9/2022,11/9/2022,11/9/2022,11/9/2022,Middle East,WESTERN,14,WESTERN,656,39.214097,-76.520049,"39.214097, -76.520049"
SR-103287,Open,Phone,Dirty Street,Dirty Street Request,11/26/2021,11/26/2021,11/26/2021,11/26/2021,Harlem Park,SOUTHERN,9,SOUTHERN,704,39.394591,-76.520803,"39.394591, -76.520803"
SR-103288,Open,Phone,Pothole,Pothole Request,2/17/2019,2/17/2019,2/17/2019,2/17/2019,Middle East,NORTHWESTERN,12,NORTHWESTERN,579,39.473101,-76.591403,"39.473101, -76.591403"
SR-103289,In Progress,Phone,Dirty Street,Dirty Street Request,10/8/2020,10/8/2020,10/8/2020,10/8/2020,Pimlico,NORTHERN,7,NORTHERN,562,39.365738,-76.491794,"39.365738, -76.491794"
SR-103290,In Progress,Phone,Vacant Building,Vacant Building Request,1/1/2022,1/1/2022,1/1/2022,1/1/2022,Charles Village,NORTHERN,9,NORTHERN,345,39.254413,-76.588053,"39.254413, -76.588053"
SR-103291,In Progress,Phone,Dirty Street,Dirty Street Request,5/24/2021,5/24/2021,5/24/2021,5/24/2021,Irvington,EASTERN,4,EASTERN,798,39.467073,-76.510057,"39.467073, -76.510057"
SR-103292,In Progress,Phone,Illegal Dumping,Illegal Dumping Request,11/1/2023,11/1/2023,11/1/2023,11/1/2023,Charles Village,NORTHWESTERN,4,NORTHWESTERN,357,39.265129,-76.330628,"39.265129, -76.330628"
SR-103293,Open,Phone,Rat Rubout,Rat Rubout Request,12/13/2019,12/13/2019,12/13/2019,12/13/2019,Johnston Square,NORTHERN,13,NORTHERN,554,39.212218,-76.365792,"39.212218, -76.365792"
SR-103294,In Progress,Phone,Vacant Building,Vacant Building Request,1/12/2023,1/12/2023,1/12/2023,1/12/2023,Clifton Park,CENTRAL,10,CENTRAL,275,39.275112,-76.363841,"39.275112, -76.363841"
SR-103295,Closed,Phone,Vacant Building,Vacant Building Request,5/19/2020,5/19/2020,5/19/2020,5/19/2020,Pimlico,WESTERN,5,WESTERN,434,39.363913,-76.43247,"39.363913, -76.43247"
SR-103296,In Progress,Phone,Dead Animal,Dead Animal Request,11/17/2019,11/17/2019,11/17/2019,11/17/2019,Morrell Park,NORTHWESTERN,6,NORTHWESTERN,633,39.22933,-76.386341,"39.22933, -76.386341"
SR-103297,In Progress,Phone,Vacant Building,Vacant Building Request,9/13/2022,9/13/2022,9/13/2022,9/13/2022,Roland Park,EASTERN,5,EASTERN,184,39.440861,-76.580344,"39.440861, -76.580344"
SR-103298,Closed,Phone,Street Light Out,Street Light Out Request,2/9/2022,2/9/2022,2/9/2022,2/9/2022,Govans,SOUTHERN,13,SOUTHERN,419,39.47011,-76.39731,"39.47011, -76.39731"
SR-103299,Open,Phone,Parking Complaint,Parking Complaint Request,1/11/2019,1/11/2019,1/11/2019,1/11/2019,Charles Village,CENTRAL,3,CENTRAL,383,39.258207,-76.56109,"39.258207, -76.56109"
SR-103300,Open,Phone,Street Light Out,Street Light Out Request,3/25/2019,3/25/2019,3/25/2019,3/25/2019,Greenmount West,NORTHWESTERN,14,NORTHWESTERN,338,39.36285,-76.475637,"39.36285, -76.475637"
SR-103301,Open,Phone,Street Light Out,Street Light Out Request,7/14/2023,7/14/2023,7/14/2023,7/14/2023,Park Heights,EASTERN,13,EASTERN,128,39.470455,-76.472043,"39.470455, -76.472043"
SR-103302,In Progress,Phone,Abandoned Vehicle,Abandoned Vehicle Request,2/21/2019,2/21/2019,2/21/2019,2/21/2019,Curtis Bay,NORTHWESTERN,2,NORTHWESTERN,466,39.283184,-76.431484,"39.283184, -76.431484"
SR-103303,In Progress,Phone,Vacant Building,Vacant Building Request,10/19/2022,10/19/2022,10/19/2022,10/19/2022,Roland Park,SOUTHERN,2,SOUTHERN,657,39.469685,-76.393196,"39.469685, -76.393196"
SR-103304,Open,Phone,Rat Rubout,Rat Rubout Request,10/20/2019,10/20/2019,10/20/2019,10/20/2019,Eastwood,SOUTHERN,12,SOUTHERN,529,39.261034,-76.552397,"39.261034, -76.552397"
SR-103305,Closed,Phone,Rat Rubout,Rat Rubout Request,10/21/2023,10/21/2023,10/21/2023,10/21/2023,Belair-Edison,NORTHERN,2,NORTHERN,128,39.24314,-76.53416,"39.24314, -76.53416"
SR-103306,Closed,Phone,Dead Animal,Dead Animal Request,1/6/2022,1/6/2022,1/6/2022,1/6/2022,Pimlico,WESTERN,5,WESTERN,556,39.407061,-76.447122,"39.407061, -76.447122"
SR-103307,Closed,Phone,Abandoned Vehicle,Abandoned Vehicle Request,8/26/2020,8/26/2020,8/26/2020,8/26/2020,Pen Lucy,NORTHWESTERN,13,NORTHWESTERN,601,39.281799,-76.390366,"39.281799, -76.390366"
SR-103308,In Progress,Phone,Graffiti,Graffiti Request,12/23/2023,12/23/2023,12/23/2023,12/23/2023,Hampden,SOUTHERN,10,SOUTHERN,499,39.230786,-76.559807,"39.230786, -76.559807"
SR-103309,Open,Phone,Graffiti,Graffiti Request,12/28/2023,12/28/2023,12/28/2023,12/28/2023,Hampden,CENTRAL,5,CENTRAL,785,39.351059,-76.578847,"39.351059, -76.578847"
SR-103310,Closed,Phone,Parking Complaint,Parking Complaint Request,8/27/2022,8/27/2022,8/27/2022,8/27/2022,Hampden,EASTERN,10,EASTERN,303,39.260768,-76.393635,"39.260768, -76.393635"
SR-103311,In Progress,Phone,Street Light Out,Street Light Out Request,7/5/2023,7/5/2023,7/5/2023,7/5/2023,Middle East,NORTHEASTERN,13,NORTHEASTERN,213,39.353433,-76.481671,"39.353433, -76.481671"
SR-103312,Closed,Phone,Rat Rubout,Rat Rubout Request,2/19/2023,2/19/2023,2/19/2023,2/19/2023,Upton,WESTERN,13,WESTERN,888,39.269153,-76.385523,"39.269153, -76.385523"
SR-103313,Closed,Phone,Parking Complaint,Parking Complaint Request,1/27/2021,1/27/2021,1/27/2021,1/27/2021,Pen Lucy,CENTRAL,11,CENTRAL,625,39.392337,-76.353686,"39.392337, -76.353686"
SR-103314,In Progress,Phone,Rat Rubout,Rat Rubout Request,11/18/2021,11/18/2021,11/18/2021,11/18/2021,Roland Park,NORTHWESTERN,11,NORTHWESTERN,755,39.423951,-76.460632,"39.423951, -76.460632"
SR-103315,In Progress,Phone,Illegal Dumping,Illegal Dumping Request,1/28/2021,1/28/2021,1/28/2021,1/28/2021,Brooklyn,SOUTHERN,3,SOUTHERN,101,39.432489,-76.435423,"39.432489, -76.435423"
SR-103316,In Progress,Phone,Abandoned Vehicle,Abandoned Vehicle Request,11/9/2021,11/9/2021,11/9/2021,11/9/2021,Westport,WESTERN,8,WESTERN,785,39.351112,-76.48341,"39.351112, -76.48341"
SR-103317,In Progress,Phone,Parking Complaint,Parking Complaint Request,6/8/2022,6/8/2022,6/8/2022,6/8/2022,Park Heights,EASTERN,5,EASTERN,450,39.322699,-76.444906,"39.322699, -76.444906"
SR-103318,Open,Phone,Graffiti,Graffiti Request,3/22/2023,3/22/2023,3/22/2023,3/22/2023,Clifton Park,NORTHWESTERN,4,NORTHWESTERN,860,39.495509,-76.301157,"39.495509, -76.301157"
SR-103319,Closed,Phone,Parking Complaint,Parking Complaint Request,4/7/2022,4/7/2022,4/7/2022,4/7/2022,Roland Park,NORTHWESTERN,9,NORTHWESTERN,198,39.397635,-76.348177,"39.397635, -76.348177"
SR-103320,In Progress,Phone,Dirty Street,Dirty Street Request,5/10/2021,5/10/2021,5/10/2021,5/10/2021,Irvington,CENTRAL,3,CENTRAL,124,39.488566,-76.36962,"39.488566, -76.36962"
SR-103321,Open,Phone,Dirty Street,Dirty Street Request,8/8/2020,8/8/2020,8/8/2020,8/8/2020,Middle East,SOUTHERN,3,SOUTHERN,195,39.374467,-76.428485,"39.374467, -76.428485"
SR-103322,Open,Phone,Vacant Building,Vacant Building Request,7/27/2023,7/27/2023,7/27/2023,7/27/2023,Park Heights,EASTERN,3,EASTERN,677,39.413457,-76.351903,"39.413457, -76.351903"
SR-103323,Open,Phone,Abandoned Vehicle,Abandoned Vehicle Request,1/26/2020,1/26/2020,1/26/2020,1/26/2020,Greenmount West,NORTHEASTERN,1,NORTHEASTERN,136,39.402497,-76.446842,"39.402497, -76.446842"
SR-103324,Open,Phone,Parking Complaint,Parking Complaint Request,7/6/2019,7/6/2019,7/6/2019,7/6/2019,Druid Heights,WESTERN,2,WESTERN,743,39.499309,-76.488215,"39.499309, -76.488215"
SR-103325,Open,Phone,Abandoned Vehicle,Abandoned Vehicle Request,3/12/2020,3/12/2020,3/12/2020,3/12/2020,Eastwood,NORTHERN,7,NORTHERN,256,39.275728,-76.534331,"39.275728, -76.534331"
SR-103326,Open,Phone,Parking Complaint,Parking Complaint Request,12/2/2020,12/2/2020,12/2/2020,12/2/2020,Homeland,WESTERN,7,WESTERN,758,39.477048,-76.521881,"39.477048, -76.521881"
SR-103327,Closed,Phone,Street Light Out,Street Light Out Request,8/2/2022,8/2/2022,8/2/2022,8/2/2022,Hampden,CENTRAL,2,CENTRAL,152,39.491373,-76.468046,"39.491373, -76.468046"
SR-103328,Open,Phone,Dead Animal,Dead Animal Request,8/25/2021,8/25/2021,8/25/2021,8/25/2021,Morrell Park,SOUTHERN,12,SOUTHERN,232,39.472549,-76.335881,"39.472549, -76.335881"
SR-103329,In Progress,Phone,Dead Animal,Dead Animal Request,9/9/2022,9/9/2022,9/9/2022,9/9/2022,Park Heights,NORTHERN,8,NORTHERN,762,39.33768,-76.307387,"39.33768, -76.307387"
SR-103330,In Progress,Phone,Parking Complaint,Parking Complaint Request,6/28/2023,6/28/2023,6/28/2023,6/28/2023,Charles Village,NORTHEASTERN,12,NORTHEASTERN,836,39.385327,-76.393563,"39.385327, -76.393563"
SR-103331,In Progress,Phone,Street Light Out,Street Light Out Request,2/17/2023,2/17/2023,2/17/2023,2/17/2023,Oliver,NORTHERN,9,NORTHERN,879,39.440516,-76.325189,"39.440516, -76.325189"
SR-103332,Closed,Phone,Rat Rubout,Rat Rubout Request,10/26/2023,10/26/2023,10/26/2023,10/26/2023,Upton,SOUTHERN,4,SOUTHERN,716,39.38917,-76.471199,"39.38917, -76.471199"
SR-103333,In Progress,Phone,Street Light Out,Street Light Out Request,5/2/2023,5/2/2023,5/2/2023,5/2/2023,Brooklyn,EASTERN,2,EASTERN,452,39.2203,-76.490784,"39.2203, -76.490784"
SR-103334,Closed,Phone,Pothole,Pothole Request,2/1/2020,2/1/2020,2/1/2020,2/1/2020,Mount Washington,EASTERN,13,EASTERN,171,39.277508,-76.453847,"39.277508, -76.453847"
SR-103335,In Progress,Phone,Illegal Dumping,Illegal Dumping Request,1/14/2021,1/14/2021,1/14/2021,1/14/2021,Waverly,WESTERN,13,WESTERN,705,39.468724,-76.445227,"39.468724, -76.445227"
SR-103336,Closed,Phone,Rat Rubout,Rat Rubout Request,4/15/2019,4/15/2019,4/15/2019,4/15/2019,Harlem Park,NORTHERN,2,NORTHERN,409,39.480063,-76.301752,"39.480063, -76.301752"
SR-103337,Closed,Phone,Abandoned Vehicle,Abandoned Vehicle Request,10/3/2020,10/3/2020,10/3/2020,10/3/2020,Greenmount West,NORTHERN,5,NORTHERN,277,39.437085,-76.462034,"39.437085, -76.462034"
SR-103338,In Progress,Phone,Parking Complaint,Parking Complaint Request,4/15/2023,4/15/2023,4/15/2023,4/15/2023,Brooklyn,EASTERN,12,EASTERN,381,39.241361,-76.528899,"39.241361, -76.528899"
SR-103339,In Progress,Phone,Pothole,Pothole Request,3/13/2019,3/13/2019,3/13/2019,3/13/2019,Oliver,NORTHEASTERN,12,NORTHEASTERN,818,39.424276,-76.335045,"39.424276, -76.335045"
SR-103340,Open,Phone,Dirty Street,Dirty Street Request,3/13/2023,3/13/2023,3/13/2023,3/13/2023,Hampden,NORTHWESTERN,3,NORTHWESTERN,153,39.248711,-76.529855,"39.248711, -76.529855"
SR-103341,Closed,Phone,Vacant Building,Vacant Building Request,3/28/2021,3/28/2021,3/28/2021,3/28/2021,Druid Heights,NORTHWESTERN,7,NORTHWESTERN,334,39.414607,-76.354241,"39.414607, -76.354241"
SR-103342,Closed,Phone,Rat Rubout,Rat Rubout Request,9/13/2023,9/13/2023,9/13/2023,9/13/2023,Sandtown-Winchester,NORTHWESTERN,4,NORTHWESTERN,222,39.232871,-76.434706,"39.232871, -76.434706"
SR-103343,Closed,Phone,Illegal Dumping,Illegal Dumping Request,9/11/2023,9/11/2023,9/11/2023,9/11/2023,Morrell Park,EASTERN,6,EASTERN,616,39.376965,-76.542442,"39.376965, -76.542442"
SR-103344,In Progress,Phone,Vacant Building,Vacant Building Request,4/16/2022,4/16/2022,4/16/2022,4/16/2022,Cherry Hill,CENTRAL,14,CENTRAL,816,39.333986,-76.324447,"39.333986, -76.324447"
SR-103345,In Progress,Phone,Graffiti,Graffiti Request,6/22/2021,6/22/2021,6/22/2021,6/22/2021,Middle East,NORTHWESTERN,2,NORTHWESTERN,841,39.382351,-76.450491,"39.382351, -76.450491"
SR-103346,Open,Phone,Abandoned Vehicle,Abandoned Vehicle Request,2/26/2023,2/26/2023,2/26/2023,2/26/2023,Brooklyn,NORTHWESTERN,9,NORTHWESTERN,261,39.259306,-76.560962,"39.259306, -76.560962"
SR-103347,In Progress,Phone,Street Light Out,Street Light Out Request,10/6/2020,10/6/2020,10/6/2020,10/6/2020,Clifton Park,NORTHERN,4,NORTHERN,642,39.295891,-76.572197,"39.295891, -76.572197"
SR-103348,Open,Phone,Pothole,Pothole Request,6/10/2021,6/10/2021,6/10/2021,6/10/2021,Oliver,NORTHEASTERN,5,NORTHEASTERN,597,39.439136,-76.499362,"39.439136, -76.499362"
SR-103349,Closed,Phone,Dead Animal,Dead Animal Request,3/10/2020,3/10/2020,3/10/2020,3/10/2020,Park Heights,SOUTHERN,1,SOUTHERN,588,39.326305,-76.349777,"39.326305, -76.349777"
SR-103350,Open,Phone,Dirty Street,Dirty Street Request,12/21/2020,12/21/2020,12/21/2020,12/21/2020,Harlem Park,NORTHERN,11,NORTHERN,207,39.384218,-76.564813,"39.384218, -76.564813"
SR-103351,In Progress,Phone,Street Light Out,Street Light Out Request,2/16/2022,2/16/2022,2/16/2022,2/16/2022,Sandtown-Winchester,CENTRAL,13,CENTRAL,464,39.354263,-76.473788,"39.354263, -76.473788"
SR-103352,Open,Phone,Illegal Dumping,Illegal Dumping Request,1/1/2022,1/1/2022,1/1/2022,1/1/2022,Guilford,NORTHWESTERN,8,NORTHWESTERN,721,39.425259,-76.508855,"39.425259, -76.508855"
SR-103353,Open,Phone,Dead Animal,Dead Animal Request,6/8/2022,6/8/2022,6/8/2022,6/8/2022,Westport,NORTHWESTERN,7,NORTHWESTERN,804,39.336424,-76.550146,"39.336424, -76.550146"
SR-103354,Closed,Phone,Vacant Building,Vacant Building Request,4/15/2021,4/15/2021,4/15/2021,4/15/2021,Morrell Park,NORTHERN,8,NORTHERN,840,39.293696,-76.429177,"39.293696, -76.429177"
SR-103355,Open,Phone,Graffiti,Graffiti Request,7/19/2020,7/19/2020,7/19/2020,7/19/2020,Druid Heights,NORTHWESTERN,4,NORTHWESTERN,526,39.287031,-76.333712,"39.287031, -76.333712"
SR-103356,Closed,Phone,Abandoned Vehicle,Abandoned Vehicle Request,1/19/2019,1/19/2019,1/19/2019,1/19/2019,Irvington,NORTHWESTERN,9,NORTHWESTERN,482,39.497376,-76.384454,"39.497376, -76.384454"
SR-103357,Closed,Phone,Dirty Street,Dirty Street Request,12/2/2021,12/2/2021,12/2/2021,12/2/2021,Curtis Bay,NORTHERN,10,NORTHERN,463,39.34534,-76.594938,"39.34534, -76.594938"
SR-103358,Open,Phone,Vacant Building,Vacant Building Request,8/1/2023,8/1/2023,8/1/2023,8/1/2023,Curtis Bay,WESTERN,14,WESTERN,605,39.210537,-76.538403,"39.210537, -76.538403"
SR-103359,Open,Phone,Rat Rubout,Rat Rubout Request,7/27/2023,7/27/2023,7/27/2023,7/27/2023,Pigtown,WESTERN,4,WESTERN,602,39.443104,-76.471461,"39.443104, -76.471461"
SR-103360,Closed,Phone,Pothole,Pothole Request,5/13/2020,5/13/2020,5/13/2020,5/13/2020,Govans,WESTERN,11,WESTERN,714,39.299279,-76.325121,"39.299279, -76.325121"
SR-103361,Open,Phone,Vacant Building,Vacant Building Request,9/1/2019,9/1/2019,9/1/2019,9/1/2019,Clifton Park,NORTHWESTERN,1,NORTHWESTERN,435,39.433039,-76.417264,"39.433039, -76.417264"
SR-103362,In Progress,Phone,Vacant Building,Vacant Building Request,2/11/2021,2/11/2021,2/11/2021,2/11/2021,Harlem Park,NORTHERN,1,NORTHERN,348,39.381519,-76.477257,"39.381519, -76.477257"
SR-103363,Closed,Phone,Street Light Out,Street Light Out Request,11/26/2022,11/26/2022,11/26/2022,11/26/2022,Hampden,SOUTHERN,2,SOUTHERN,118,39.493337,-76.332697,"39.493337, -76.332697"
SR-103364,In Progress,Phone,Graffiti,Graffiti Request,1/25/2019,1/25/2019,1/25/2019,1/25/2019,Eastwood,SOUTHERN,10,SOUTHERN,743,39.345638,-76.568531,"39.345638, -76.568531"
SR-103365,Closed,Phone,Street Light Out,Street Light Out Request,3/18/2022,3/18/2022,3/18/2022,3/18/2022,Pimlico,NORTHWESTERN,1,NORTHWESTERN,671,39.344878,-76.376169,"39.344878, -76.376169"
SR-103366,In Progress,Phone,Street Light Out,Street Light Out Request,5/16/2023,5/16/2023,5/16/2023,5/16/2023,Irvington,WESTERN,13,WESTERN,796,39.309053,-76.536336,"39.309053, -76.536336"
SR-103367,Open,Phone,Illegal Dumping,Illegal Dumping Request,12/28/2021,12/28/2021,12/28/2021,12/28/2021,Guilford,NORTHEASTERN,7,NORTHEASTERN,406,39.483342,-76.375624,"39.483342, -76.375624"
SR-103368,In Progress,Phone,Rat Rubout,Rat Rubout Request,12/21/2020,12/21/2020,12/21/2020,12/21/2020,Brooklyn,CENTRAL,7,CENTRAL,572,39.239122,-76.439634,"39.239122, -76.439634"
SR-103369,Closed,Phone,Rat Rubout,Rat Rubout Request,8/9/2023,8/9/2023,8/9/2023,8/9/2023,Sandtown-Winchester,NORTHEASTERN,3,NORTHEASTERN,887,39.364458,-76.434568,"39.364458, -76.434568"
SR-103370,Open,Phone,Graffiti,Graffiti Request,12/12/2022,12/12/2022,12/12/2022,12/12/2022,Berea,CENTRAL,9,CENTRAL,570,39.376279,-76.300397,"39.376279, -76.300397"
SR-103371,Open,Phone,Illegal Dumping,Illegal Dumping Request,1/22/2020,1/22/2020,1/22/2020,1/22/2020,Homeland,NORTHWESTERN,8,NORTHWESTERN,662,39.408093,-76.495891,"39.408093, -76.495891"
SR-103372,In Progress,Phone,Vacant Building,Vacant Building Request,7/11/2019,7/11/2019,7/11/2019,7/11/2019,Greenmount West,NORTHERN,14,NORTHERN,106,39.230085,-76.360044,"39.230085, -76.360044"
SR-103373,Closed,Phone,Pothole,Pothole Request,4/6/2023,4/6/2023,4/6/2023,4/6/2023,Harlem Park,CENTRAL,1,CENTRAL,530,39.32234,-76.47945,"39.32234, -76.47945"
SR-103374,In Progress,Phone,Dead Animal,Dead Animal Request,3/20/2022,3/20/2022,3/20/2022,3/20/2022,Clifton Park,EASTERN,11,EASTERN,412,39.325022,-76.57453,"39.325022, -76.57453"
SR-103375,In Progress,Phone,Abandoned Vehicle,Abandoned Vehicle Request,3/28/2019,3/28/2019,3/28/2019,3/28/2019,Pen Lucy,NORTHEASTERN,13,NORTHEASTERN,623,39.379014,-76.539626,"39.379014, -76.539626"
SR-103376,In Progress,Phone,Abandoned Vehicle,Abandoned Vehicle Request,7/10/2020,7/10/2020,7/10/2020,7/10/2020,Eastwood,NORTHEASTERN,1,NORTHEASTERN,336,39.449992,-76.370214,"39.449992, -76.370214"
SR-103377,Closed,Phone,Parking Complaint,Parking Complaint Request,11/6/2019,11/6/2019,11/6/2019,11/6/2019,Upton,SOUTHERN,2,SOUTHERN,816,39.294625,-76.36505,"39.294625, -76.36505"
SR-103378,In Progress,Phone,Abandoned Vehicle,Abandoned Vehicle Request,3/19/2022,3/19/2022,3/19/2022,3/19/2022,Waverly,EASTERN,7,EASTERN,339,39.303485,-76.440626,"39.303485, -76.440626"
SR-103379,Closed,Phone,Illegal Dumping,Illegal Dumping Request,3/8/2019,3/8/2019,3/8/2019,3/8/2019,Greenmount West,WESTERN,6,WESTERN,241,39.407184,-76.555449,"39.407184, -76.555449"
SR-103380,Closed,Phone,Rat Rubout,Rat Rubout Request,2/21/2019,2/21/2019,2/21/2019,2/21/2019,Greenmount West,NORTHEASTERN,4,NORTHEASTERN,116,39.391606,-76.333429,"39.391606, -76.333429"
SR-103381,In Progress,Phone,Pothole,Pothole Request,9/27/2023,9/27/2023,9/27/2023,9/27/2023,Oliver,NORTHWESTERN,3,NORTHWESTERN,270,39.480308,-76.577062,"39.480308, -76.577062"
SR-103382,In Progress,Phone,Parking Complaint,Parking Complaint Request,11/7/2021,11/7/2021,11/7/2021,11/7/2021,Upton,NORTHWESTERN,14,NORTHWESTERN,197,39.305051,-76.561708,"39.305051, -76.561708"
SR-103383,In Progress,Phone,Vacant Building,Vacant Building Request,8/26/2019,8/26/2019,8/26/2019,8/26/2019,Harlem Park,NORTHEASTERN,1,NORTHEASTERN,842,39.299775,-76.327626,"39.299775, -76.327626"
SR-103384,In Progress,Phone,Graffiti,Graffiti Request,1/19/2019,1/19/2019,1/19/2019,1/19/2019,Pimlico,CENTRAL,8,CENTRAL,219,39.220051,-76.411409,"39.220051, -76.411409"
SR-103385,Open,Phone,Graffiti,Graffiti Request,9/26/2019,9/26/2019,9/26/2019,9/26/2019,Park Heights,WESTERN,14,WESTERN,430,39.224994,-76.391879,"39.224994, -76.391879"
SR-103386,Closed,Phone,Illegal Dumping,Illegal Dumping Request,2/6/2021,2/6/2021,2/6/2021,2/6/2021,Sandtown-Winchester,CENTRAL,3,CENTRAL,615,39.217879,-76.577257,"39.217879, -76.577257"
SR-103387,Closed,Phone,Parking Complaint,Parking Complaint Request,1/17/2021,1/17/2021,1/17/2021,1/17/2021,Johnston Square,NORTHERN,10,NORTHERN,156,39.340258,-76.587536,"39.340258, -76.587536"
SR-103388,Open,Phone,Dirty Street,Dirty Street Request,9/1/2020,9/1/2020,9/1/2020,9/1/2020,Morrell Park,EASTERN,4,EASTERN,604,39.376817,-76.514725,"39.376817, -76.514725"
SR-103389,Open,Phone,Illegal Dumping,Illegal Dumping Request,2/2/2023,2/2/2023,2/2/2023,2/2/2023,Hampden,NORTHEASTERN,7,NORTHEASTERN,821,39.233249,-76.56332,"39.233249, -76.56332"
SR-103390,Open,Phone,Graffiti,Graffiti Request,8/11/2019,8/11/2019,8/11/2019,8/11/2019,Berea,WESTERN,4,WESTERN,402,39.212639,-76.495198,"39.212639, -76.495198"
SR-103391,Closed,Phone,Abandoned Vehicle,Abandoned Vehicle Request,6/20/2020,6/20/2020,6/20/2020,6/20/2020,Berea,CENTRAL,7,CENTRAL,862,39.340271,-76.337233,"39.340271, -76.337233"
SR-103392,In Progress,Phone,Pothole,Pothole Request,10/20/2022,10/20/2022,10/20/2022,10/20/2022,Cherry Hill,SOUTHERN,11,SOUTHERN,297,39.306189,-76.370491,"39.306189, -76.370491"
SR-103393,Closed,Phone,Dirty Street,Dirty Street Request,8/11/2021,8/11/2021,8/11/2021,8/11/2021,Guilford,CENTRAL,9,CENTRAL,297,39.455181,-76.331883,"39.455181, -76.331883"
SR-103394,Open,Phone,Vacant Building,Vacant Building Request,4/21/2022,4/21/2022,4/21/2022,4/21/2022,Pimlico,CENTRAL,11,CENTRAL,785,39.453066,-76.304334,"39.453066, -76.304334"
SR-103395,Closed,Phone,Graffiti,Graffiti Request,9/18/2021,9/18/2021,9/18/2021,9/18/2021,Pimlico,WESTERN,8,WESTERN,186,39.363602,-76.49493,"39.363602, -76.49493"
SR-103396,Open,Phone,Parking Complaint,Parking Complaint Request,8/12/2022,8/12/2022,8/12/2022,8/12/2022,Oliver,NORTHEASTERN,3,NORTHEASTERN,572,39.499098,-76.469977,"39.499098, -76.469977"
SR-103397,Open,Phone,Abandoned Vehicle,Abandoned Vehicle Request,2/2/2022,2/2/2022,2/2/2022,2/2/2022,Upton,NORTHEASTERN,1,NORTHEASTERN,584,39.433436,-76.590101,"39.433436, -76.590101"
SR-103398,Open,Phone,Rat Rubout,Rat Rubout Request,4/18/2021,4/18/2021,4/18/2021,4/18/2021,Brooklyn,CENTRAL,6,CENTRAL,737,39.243184,-76.449817,"39.243184, -76.449817"
SR-103399,In Progress,Phone,Street Light Out,Street Light Out Request,1/1/2023,1/1/2023,1/1/2023,1/1/2023,Homeland,EASTERN,9,EASTERN,493,39.479318,-76.404453,"39.479318, -76.404453"
SR-103400,Closed,Phone,Rat Rubout,Rat Rubout Request,10/1/2022,10/1/2022,10/1/2022,10/1/2022,Roland Park,NORTHEASTERN,8,NORTHEASTERN,435,39.295285,-76.521816,"39.295285, -76.521816"
SR-103401,Closed,Phone,Vacant Building,Vacant Building Request,5/17/2022,5/17/2022,5/17/2022,5/17/2022,Park Heights,NORTHEASTERN,13,NORTHEASTERN,704,39.289744,-76.5083,"39.289744, -76.5083"
SR-103402,Closed,Phone,Parking Complaint,Parking Complaint Request,12/20/2022,12/20/2022,12/20/2022,12/20/2022,Pigtown,SOUTHERN,4,SOUTHERN,711,39.319657,-76.475781,"39.319657, -76.475781"
SR-103403,In Progress,Phone,Graffiti,Graffiti Request,10/23/2019,10/23/2019,10/23/2019,10/23/2019,Roland Park,SOUTHERN,4,SOUTHERN,293,39.414373,-76.531527,"39.414373, -76.531527"
SR-103404,Closed,Phone,Illegal Dumping,Illegal Dumping Request,11/10/2023,11/10/2023,11/10/2023,11/10/2023,Pigtown,CENTRAL,10,CENTRAL,858,39.474797,-76.329469,"39.474797, -76.329469"
SR-103405,Open,Phone,Street Light Out,Street Light Out Request,3/15/2023,3/15/2023,3/15/2023,3/15/2023,Mount Washington,NORTHERN,4,NORTHERN,478,39.498084,-76.463841,"39.498084, -76.463841"
SR-103406,Closed,Phone,Parking Complaint,Parking Complaint Request,11/14/2023,11/14/2023,11/14/2023,11/14/2023,Berea,WESTERN,2,WESTERN,219,39.206998,-76.575732,"39.206998, -76.575732"
SR-103407,Closed,Phone,Rat Rubout,Rat Rubout Request,9/15/2022,9/15/2022,9/15/2022,9/15/2022,Curtis Bay,NORTHERN,8,NORTHERN,781,39.341464,-76.418303,"39.341464, -76.418303"
SR-103408,Closed,Phone,Pothole,Pothole Request,3/19/2023,3/19/2023,3/19/2023,3/19/2023,Pen Lucy,WESTERN,8,WESTERN,583,39.372278,-76.323206,"39.372278, -76.323206"
SR-103409,Closed,Phone,Pothole,Pothole Request,9/10/2021,9/10/2021,9/10/2021,9/10/2021,Belair-Edison,NORTHERN,7,NORTHERN,291,39.381831,-76.598396,"39.381831, -76.598396"
SR-103410,Open,Phone,Parking Complaint,Parking Complaint Request,10/25/2019,10/25/2019,10/25/2019,10/25/2019,Clifton Park,SOUTHERN,1,SOUTHERN,442,39.411437,-76.400004,"39.411437, -76.400004"
SR-103411,In Progress,Phone,Pothole,Pothole Request,7/17/2019,7/17/2019,7/17/2019,7/17/2019,Roland Park,NORTHERN,14,NORTHERN,472,39.480865,-76.330555,"39.480865, -76.330555"
SR-103412,In Progress,Phone,Street Light Out,Street Light Out Request,9/17/2020,9/17/2020,9/17/2020,9/17/2020,Guilford,SOUTHERN,5,SOUTHERN,126,39.259283,-76.408538,"39.259283, -76.408538"
SR-103413,In Progress,Phone,Pothole,Pothole Request,5/4/2019,5/4/2019,5/4/2019,5/4/2019,Johnston Square,CENTRAL,2,CENTRAL,520,39.252007,-76.519529,"39.252007, -76.519529"
SR-103414,Closed,Phone,Dead Animal,Dead Animal Request,8/15/2019,8/15/2019,8/15/2019,8/15/2019,Eastwood,NORTHERN,8,NORTHERN,879,39.483553,-76.428975,"39.483553, -76.428975"
SR-103415,Closed,Phone,Dead Animal,Dead Animal Request,1/11/2023,1/11/2023,1/11/2023,1/11/2023,Curtis Bay,NORTHEASTERN,10,NORTHEASTERN,264,39.428041,-76.565232,"39.428041, -76.565232"
SR-103416,Open,Phone,Pothole,Pothole Request,7/10/2023,7/10/2023,7/10/2023,7/10/2023,Park Heights,NORTHEASTERN,13,NORTHEASTERN,425,39.277512,-76.488186,"39.277512, -76.488186"
SR-103417,Open,Phone,Vacant Building,Vacant Building Request,2/8/2020,2/8/2020,2/8/2020,2/8/2020,Harlem Park,NORTHWESTERN,2,NORTHWESTERN,452,39.412822,-76.348355,"39.412822, -76.348355"
SR-103418,Open,Phone,Graffiti,Graffiti Request,1/7/2021,1/7/2021,1/7/2021,1/7/2021,Hampden,EASTERN,1,EASTERN,110,39.297041,-76.378982,"39.297041, -76.378982"
SR-103419,In Progress,Phone,Abandoned Vehicle,Abandoned Vehicle Request,9/8/2023,9/8/2023,9/8/2023,9/8/2023,Oliver,SOUTHERN,1,SOUTHERN,183,39.330857,-76.55658,"39.330857, -76.55658"
SR-103420,Closed,Phone,Illegal Dumping,Illegal Dumping Request,12/26/2020,12/26/2020,12/26/2020,12/26/2020,Belair-Edison,NORTHEASTERN,14,NORTHEASTERN,277,39.442133,-76.478642,"39.442133, -76.478642"
SR-103421,In Progress,Phone,Illegal Dumping,Illegal Dumping Request,11/16/2022,11/16/2022,11/16/2022,11/16/2022,Harlem Park,EASTERN,11,EASTERN,573,39.413677,-76.452283,"39.413677, -76.452283"
SR-103422,Open,Phone,Abandoned Vehicle,Abandoned Vehicle Request,7/20/2023,7/20/2023,7/20/2023,7/20/2023,Druid Heights,CENTRAL,7,CENTRAL,709,39.310215,-76.357903,"39.310215, -76.357903"
SR-103423,In Progress,Phone,Street Light Out,Street Light Out Request,6/26/2022,6/26/2022,6/26/2022,6/26/2022,Johnston Square,NORTHWESTERN,10,NORTHWESTERN,367,39.440813,-76.406996,"39.440813, -76.406996"
SR-103424,Closed,Phone,Illegal Dumping,Illegal Dumping Request,11/7/2020,11/7/2020,11/7/2020,11/7/2020,Morrell Park,CENTRAL,11,CENTRAL,671,39.232517,-76.597603,"39.232517, -76.597603"
SR-103425,Closed,Phone,Dead Animal,Dead Animal Request,9/7/2022,9/7/2022,9/7/2022,9/7/2022,Upton,NORTHERN,10,NORTHERN,160,39.298991,-76.462434,"39.298991, -76.462434"
SR-103426,Open,Phone,Parking Complaint,Parking Complaint Request,12/25/2020,12/25/2020,12/25/2020,12/25/2020,Morrell Park,CENTRAL,7,CENTRAL,469,39.415759,-76.454816,"39.415759, -76.454816"
SR-103427,In Progress,Phone,Dead Animal,Dead Animal Request,9/26/2019,9/26/2019,9/26/2019,9/26/2019,Middle East,WESTERN,1,WESTERN,531,39.441039,-76.349784,"39.441039, -76.349784"
SR-103428,Open,Phone,Illegal Dumping,Illegal Dumping Request,2/5/2022,2/5/2022,2/5/2022,2/5/2022,Upton,CENTRAL,6,CENTRAL,653,39.406673,-76.332384,"39.406673, -76.332384"
SR-103429,In Progress,Phone,Street Light Out,Street Light Out Request,10/4/2020,10/4/2020,10/4/2020,10/4/2020,Pigtown,WESTERN,14,WESTERN,529,39.486999,-76.55213,"39.486999, -76.55213"
SR-103430,In Progress,Phone,Vacant Building,Vacant Building Request,4/9/2023,4/9/2023,4/9/2023,4/9/2023,Pigtown,NORTHEASTERN,3,NORTHEASTERN,629,39.292064,-76.517625,"39.292064, -76.517625"
SR-103431,Closed,Phone,Pothole,Pothole Request,10/20/2021,10/20/2021,10/20/2021,10/20/2021,Middle East,SOUTHERN,8,SOUTHERN,421,39.353366,-76.464238,"39.353366, -76.464238"
SR-103432,Closed,Phone,Illegal Dumping,Illegal Dumping Request,12/22/2022,12/22/2022,12/22/2022,12/22/2022,Homeland,EASTERN,4,EASTERN,858,39.346954,-76.5997,"39.346954, -76.5997"
SR-103433,In Progress,Phone,Dead Animal,Dead Animal Request,7/25/2023,7/25/2023,7/25/2023,7/25/2023,Middle East,NORTHEASTERN,12,NORTHEASTERN,308,39.248456,-76.597138,"39.248456, -76.597138"
SR-103434,Closed,Phone,Street Light Out,Street Light Out Request,6/10/2022,6/10/2022,6/10/2022,6/10/2022,Berea,CENTRAL,7,CENTRAL,709,39.201002,-76.563242,"39.201002, -76.563242"
SR-103435,In Progress,Phone,Abandoned Vehicle,Abandoned Vehicle Request,10/15/2023,10/15/2023,10/15/2023,10/15/2023,Morrell Park,NORTHWESTERN,8,NORTHWESTERN,517,39.240025,-76.428372,"39.240025, -76.428372"
SR-103436,In Progress,Phone,Street Light Out,Street Light Out Request,5/27/2020,5/27/2020,5/27/2020,5/27/2020,Upton,WESTERN,1,WESTERN,198,39.342277,-76.395713,"39.342277, -76.395713"
SR-103437,In Progress,Phone,Parking Complaint,Parking Complaint Request,12/20/2019,12/20/2019,12/20/2019,12/20/2019,Curtis Bay,NORTHEASTERN,2,NORTHEASTERN,226,39.23949,-76.490927,"39.23949, -76.490927"
SR-103438,Closed,Phone,Parking Complaint,Parking Complaint Request,2/18/2022,2/18/2022,2/18/2022,2/18/2022,Hampden,SOUTHERN,8,SOUTHERN,219,39.300681,-76.545895,"39.300681, -76.545895"
SR-103439,Open,Phone,Parking Complaint,Parking Complaint Request,9/9/2022,9/9/2022,9/9/2022,9/9/2022,Pen Lucy,NORTHEASTERN,6,NORTHEASTERN,527,39.452507,-76.334685,"39.452507, -76.334685"
SR-103440,Closed,Phone,Dirty Street,Dirty Street Request,1/10/2021,1/10/2021,1/10/2021,1/10/2021,Pimlico,WESTERN,14,WESTERN,553,39.225163,-76.58135,"39.225163, -76.58135"
SR-103441,Open,Phone,Illegal Dumping,Illegal Dumping Request,4/14/2022,4/14/2022,4/14/2022,4/14/2022,Pigtown,WESTERN,3,WESTERN,180,39.324503,-76.307185,"39.324503, -76.307185"
SR-103442,In Progress,Phone,Street Light Out,Street Light Out Request,10/18/2021,10/18/2021,10/18/2021,10/18/2021,Pen Lucy,NORTHWESTERN,2,NORTHWESTERN,429,39.329776,-76.332482,"39.329776, -76.332482"
SR-103443,Closed,Phone,Graffiti,Graffiti Request,2/22/2020,2/22/2020,2/22/2020,2/22/2020,Pimlico,EASTERN,4,EASTERN,696,39.408643,-76.413662,"39.408643, -76.413662"
SR-103444,In Progress,Phone,Pothole,Pothole Request,10/28/2020,10/28/2020,10/28/2020,10/28/2020,Govans,WESTERN,3,WESTERN,690,39.250646,-76.360205,"39.250646, -76.360205"
SR-103445,Closed,Phone,Pothole,Pothole Request,12/6/2022,12/6/2022,12/6/2022,12/6/2022,Johnston Square,EASTERN,13,EASTERN,758,39.348599,-76.31403,"39.348599, -76.31403"
SR-103446,In Progress,Phone,Dead Animal,Dead Animal Request,1/27/2021,1/27/2021,1/27/2021,1/27/2021,Upton,NORTHWESTERN,13,NORTHWESTERN,704,39.256673,-76.476188,"39.256673, -76.476188"
SR-103447,Closed,Phone,Street Light Out,Street Light Out Request,5/20/2023,5/20/2023,5/20/2023,5/20/2023,Westport,NORTHERN,8,NORTHERN,385,39.36816,-76.472083,"39.36816, -76.472083"
SR-103448,Open,Phone,Street Light Out,Street Light Out Request,3/10/2020,3/10/2020,3/10/2020,3/10/2020,Westport,EASTERN,6,EASTERN,474,39.234298,-76.321567,"39.234298, -76.321567"
SR-103449,Open,Phone,Abandoned Vehicle,Abandoned Vehicle Request,9/9/2022,9/9/2022,9/9/2022,9/9/2022,Pigtown,WESTERN,1,WESTERN,366,39.497378,-76.393922,"39.497378, -76.393922"
SR-103450,Open,Phone,Street Light Out,Street Light Out Request,9/3/2020,9/3/2020,9/3/2020,9/3/2020,Upton,CENTRAL,10,CENTRAL,704,39.233111,-76.572955,"39.233111, -76.572955"
SR-103451,Closed,Phone,Rat Rubout,Rat Rubout Request,5/10/2021,5/10/2021,5/10/2021,5/10/2021,Homeland,NORTHERN,14,NORTHERN,277,39.256447,-76.486444,"39.256447, -76.486444"
SR-103452,Closed,Phone,Dirty Street,Dirty Street Request,1/10/2019,1/10/2019,1/10/2019,1/10/2019,Pigtown,EASTERN,6,EASTERN,840,39.404491,-76.314499,"39.404491, -76.314499"
SR-103453,Closed,Phone,Pothole,Pothole Request,2/6/2022,2/6/2022,2/6/2022,2/6/2022,Pen Lucy,SOUTHERN,2,SOUTHERN,492,39.332298,-76.306179,"39.332298, -76.306179"
SR-103454,In Progress,Phone,Abandoned Vehicle,Abandoned Vehicle Request,1/13/2023,1/13/2023,1/13/2023,1/13/2023,Berea,NORTHEASTERN,11,NORTHEASTERN,714,39.280988,-76.526428,"39.280988, -76.526428"
SR-103455,Open,Phone,Illegal Dumping,Illegal Dumping Request,7/23/2022,7/23/2022,7/23/2022,7/23/2022,Oliver,CENTRAL,10,CENTRAL,680,39.259411,-76.317928,"39.259411, -76.317928"
SR-103456,Open,Phone,Illegal Dumping,Illegal Dumping Request,2/18/2023,2/18/2023,2/18/2023,2/18/2023,Berea,NORTHWESTERN,9,NORTHWESTERN,642,39.38217,-76.584627,"39.38217, -76.584627"
SR-103457,In Progress,Phone,Vacant Building,Vacant Building Request,11/25/2023,11/25/2023,11/25/2023,11/25/2023,Westport,NORTHEASTERN,14,NORTHEASTERN,402,39.35382,-76.517302,"39.35382, -76.517302"
SR-103458,In Progress,Phone,Rat Rubout,Rat Rubout Request,2/28/2019,2/28/2019,2/28/2019,2/28/2019,Eastwood,NORTHERN,5,NORTHERN,510,39.201205,-76.530302,"39.201205, -76.530302"
SR-103459,Open,Phone,Dirty Street,Dirty Street Request,7/4/2019,7/4/2019,7/4/2019,7/4/2019,Johnston Square,NORTHEASTERN,8,NORTHEASTERN,344,39.264422,-76.36195,"39.264422, -76.36195"
SR-103460,Closed,Phone,Street Light Out,Street Light Out Request,12/13/2019,12/13/2019,12/13/2019,12/13/2019,Middle East,NORTHEASTERN,8,NORTHEASTERN,272,39.45488,-76.320913,"39.45488, -76.320913"
SR-103461,Closed,Phone,Abandoned Vehicle,Abandoned Vehicle Request,1/18/2021,1/18/2021,1/18/2021,1/18/2021,Upton,WESTERN,5,WESTERN,147,39.317991,-76.480103,"39.317991, -76.480103"
SR-103462,In Progress,Phone,Illegal Dumping,Illegal Dumping Request,5/20/2022,5/20/2022,5/20/2022,5/20/2022,Park Heights,SOUTHERN,13,SOUTHERN,214,39.497054,-76.415556,"39.497054, -76.415556"
SR-103463,In Progress,Phone,Pothole,Pothole Request,5/2/2020,5/2/2020,5/2/2020,5/2/2020,Oliver,SOUTHERN,1,SOUTHERN,399,39.221651,-76.49017,"39.221651, -76.49017"
SR-103464,In Progress,Phone,Graffiti,Graffiti Request,6/15/2020,6/15/2020,6/15/2020,6/15/2020,Morrell Park,CENTRAL,8,CENTRAL,597,39.286556,-76.554608,"39.286556, -76.554608"
SR-103465,In Progress,Phone,Street Light Out,Street Light Out Request,4/7/2021,4/7/2021,4/7/2021,4/7/2021,Sandtown-Winchester,NORTHEASTERN,9,NORTHEASTERN,344,39.379243,-76.559452,"39.379243, -76.559452"
SR-103466,Closed,Phone,Dead Animal,Dead Animal Request,10/4/2020,10/4/2020,10/4/2020,10/4/2020,Homeland,WESTERN,2,WESTERN,771,39.350665,-76.562866,"39.350665, -76.562866"
SR-103467,Closed,Phone,Pothole,Pothole Request,11/26/2021,11/26/2021,11/26/2021,11/26/2021,Berea,EASTERN,13,EASTERN,246,39.434827,-76.524392,"39.434827, -76.524392"
SR-103468,Open,Phone,Dead Animal,Dead Animal Request,12/21/2023,12/21/2023,12/21/2023,12/21/2023,Govans,NORTHWESTERN,8,NORTHWESTERN,493,39.250153,-76.532894,"39.250153, -76.532894"
SR-103469,Open,Phone,Abandoned Vehicle,Abandoned Vehicle Request,6/13/2020,6/13/2020,6/13/2020,6/13/2020,Harlem Park,CENTRAL,3,CENTRAL,392,39.377848,-76.517968,"39.377848, -76.517968"
SR-103470,Open,Phone,Vacant Building,Vacant Building Request,3/6/2020,3/6/2020,3/6/2020,3/6/2020,Homeland,EASTERN,14,EASTERN,353,39.479664,-76.555229,"39.479664, -76.555229"
SR-103471,Closed,Phone,Abandoned Vehicle,Abandoned Vehicle Request,5/24/2020,5/24/2020,5/24/2020,5/24/2020,Clifton Park,NORTHWESTERN,11,NORTHWESTERN,788,39.389827,-76.586801,"39.389827, -76.586801"
SR-103472,Open,Phone,Illegal Dumping,Illegal Dumping Request,3/22/2020,3/22/2020,3/22/2020,3/22/2020,Brooklyn,NORTHWESTERN,6,NORTHWESTERN,640,39.312641,-76.45033,"39.312641, -76.45033"
SR-103473,Open,Phone,Dead Animal,Dead Animal Request,11/3/2021,11/3/2021,11/3/2021,11/3/2021,Brooklyn,SOUTHERN,9,SOUTHERN,812,39.207599,-76.356177,"39.207599, -76.356177"
SR-103474,In Progress,Phone,Dirty Street,Dirty Street Request,2/23/2023,2/23/2023,2/23/2023,2/23/2023,Upton,CENTRAL,5,CENTRAL,849,39.412901,-76.31882,"39.412901, -76.31882"
SR-103475,Closed,Phone,Dirty Street,Dirty Street Request,5/4/2020,5/4/2020,5/4/2020,5/4/2020,Hampden,NORTHERN,13,NORTHERN,716,39.331197,-76.532074,"39.331197, -76.532074"
SR-103476,In Progress,Phone,Rat Rubout,Rat Rubout Request,3/17/2020,3/17/2020,3/17/2020,3/17/2020,Oliver,SOUTHERN,10,SOUTHERN,325,39.268356,-76.590655,"39.268356, -76.590655"
SR-103477,Closed,Phone,Pothole,Pothole Request,10/18/2021,10/18/2021,10/18/2021,10/18/2021,Morrell Park,EASTERN,10,EASTERN,336,39.446392,-76.418159,"39.446392, -76.418159"
SR-103478,Closed,Phone,Vacant Building,Vacant Building Request,9/12/2022,9/12/2022,9/12/2022,9/12/2022,Greenmount West,EASTERN,13,EASTERN,852,39.481828,-76.496912,"39.481828, -76.496912"
SR-103479,Open,Phone,Abandoned Vehicle,Abandoned Vehicle Request,5/24/2021,5/24/2021,5/24/2021,5/24/2021,Irvington,SOUTHERN,11,SOUTHERN,574,39.435521,-76.419863,"39.435521, -76.419863"
SR-103480,In Progress,Phone,Dead Animal,Dead Animal Request,3/14/2022,3/14/2022,3/14/2022,3/14/2022,Hampden,NORTHWESTERN,13,NORTHWESTERN,359,39.249074,-76.53066,"39.249074, -76.53066"
SR-103481,Open,Phone,Illegal Dumping,Illegal Dumping Request,8/22/2020,8/22/2020,8/22/2020,8/22/2020,Berea,NORTHWESTERN,11,NORTHWESTERN,324,39.496715,-76.465783,"39.496715, -76.465783"
SR-103482,In Progress,Phone,Dead Animal,Dead Animal Request,2/8/2021,2/8/2021,2/8/2021,2/8/2021,Oliver,WESTERN,14,WESTERN,498,39.493495,-76.577097,"39.493495, -76.577097"
SR-103483,Open,Phone,Vacant Building,Vacant Building Request,3/28/2019,3/28/2019,3/28/2019,3/28/2019,Park Heights,NORTHWESTERN,12,NORTHWESTERN,730,39.303904,-76.485631,"39.303904, -76.485631"
SR-103484,Open,Phone,Street Light Out,Street Light Out Request,8/2/2021,8/2/2021,8/2/2021,8/2/2021,Govans,EASTERN,2,EASTERN,470,39.232122,-76.339731,"39.232122, -76.339731"
SR-103485,Closed,Phone,Dead Animal,Dead Animal Request,11/18/2019,11/18/2019,11/18/2019,11/18/2019,Irvington,CENTRAL,6,CENTRAL,504,39.436779,-76.532048,"39.436779, -76.532048"
SR-103486,Closed,Phone,Dead Animal,Dead Animal Request,6/1/2021,6/1/2021,6/1/2021,6/1/2021,Cherry Hill,NORTHERN,2,NORTHERN,879,39.300569,-76.434687,"39.300569, -76.434687"
SR-103487,Closed,Phone,Graffiti,Graffiti Request,12/9/2020,12/9/2020,12/9/2020,12/9/2020,Charles Village,NORTHEASTERN,14,NORTHEASTERN,777,39.468607,-76.467666,"39.468607, -76.467666"
SR-103488,Closed,Phone,Street Light Out,Street Light Out Request,3/2/2020,3/2/2020,3/2/2020,3/2/2020,Belair-Edison,NORTHEASTERN,3,NORTHEASTERN,229,39.268554,-76.354288,"39.268554, -76.354288"
SR-103489,Open,Phone,Rat Rubout,Rat Rubout Request,7/18/2019,7/18/2019,7/18/2019,7/18/2019,Clifton Park,EASTERN,7,EASTERN,335,39.408715,-76.407209,"39.408715, -76.407209"
SR-103490,In Progress,Phone,Parking Complaint,Parking Complaint Request,1/20/2022,1/20/2022,1/20/2022,1/20/2022,Sandtown-Winchester,NORTHERN,9,NORTHERN,517,39.442003,-76.436819,"39.442003, -76.436819"
SR-103491,In Progress,Phone,Street Light Out,Street Light Out Request,12/20/2023,12/20/2023,12/20/2023,12/20/2023,Waverly,NORTHWESTERN,2,NORTHWESTERN,689,39.293823,-76.471239,"39.293823, -76.471239"
SR-103492,Closed,Phone,Graffiti,Graffiti Request,6/19/2023,6/19/2023,6/19/2023,6/19/2023,Cherry Hill,WESTERN,9,WESTERN,412,39.491049,-76.561388,"39.491049, -76.561388"
SR-103493,Closed,Phone,Illegal Dumping,Illegal Dumping Request,9/28/2020,9/28/2020,9/28/2020,9/28/2020,Morrell Park,CENTRAL,3,CENTRAL,553,39.204266,-76.429425,"39.204266, -76.429425"
SR-103494,Open,Phone,Dirty Street,Dirty Street Request,10/24/2020,10/24/2020,10/24/2020,10/24/2020,Pimlico,NORTHWESTERN,7,NORTHWESTERN,295,39.286964,-76.449809,"39.286964, -76.449809"
SR-103495,Closed,Phone,Dead Animal,Dead Animal Request,1/23/2020,1/23/2020,1/23/2020,1/23/2020,Mount Washington,CENTRAL,14,CENTRAL,505,39.41772,-76.373241,"39.41772, -76.373241"
SR-103496,Closed,Phone,Dirty Street,Dirty Street Request,4/6/2020,4/6/2020,4/6/2020,4/6/2020,Homeland,SOUTHERN,14,SOUTHERN,723,39.407333,-76.482394,"39.407333, -76.482394"
SR-103497,Open,Phone,Parking Complaint,Parking Complaint Request,11/18/2019,11/18/2019,11/18/2019,11/18/2019,Upton,NORTHERN,2,NORTHERN,175,39.292732,-76.395222,"39.292732, -76.395222"
SR-103498,In Progress,Phone,Vacant Building,Vacant Building Request,5/27/2022,5/27/2022,5/27/2022,5/27/2022,Park Heights,NORTHEASTERN,10,NORTHEASTERN,250,39.477311,-76.360904,"39.477311, -76.360904"
SR-103499,Open,Phone,Rat Rubout,Rat Rubout Request,6/20/2022,6/20/2022,6/20/2022,6/20/2022,Brooklyn,WESTERN,1,WESTERN,639,39.245402,-76.424591,"39.245402, -76.424591"
SR-103500,Closed,Phone,Abandoned Vehicle,Abandoned Vehicle Request,8/1/2021,8/1/2021,8/1/2021,8/1/2021,Sandtown-Winchester,NORTHEASTERN,1,NORTHEASTERN,640,39.248079,-76.58798,"39.248079, -76.58798"
SR-103501,In Progress,Phone,Dead Animal,Dead Animal Request,5/28/2023,5/28/2023,5/28/2023,5/28/2023,Middle East,NORTHERN,12,NORTHERN,373,39.473802,-76.57574,"39.473802, -76.57574"
SR-103502,Closed,Phone,Illegal Dumping,Illegal Dumping Request,2/27/2020,2/27/2020,2/27/2020,2/27/2020,Irvington,EASTERN,11,EASTERN,775,39.2638,-76.444674,"39.2638, -76.444674"
SR-103503,In Progress,Phone,Pothole,Pothole Request,3/20/2019,3/20/2019,3/20/2019,3/20/2019,Irvington,NORTHWESTERN,5,NORTHWESTERN,265,39.293309,-76.336423,"39.293309, -76.336423"
SR-103504,Open,Phone,Graffiti,Graffiti Request,4/24/2020,4/24/2020,4/24/2020,4/24/2020,Middle East,NORTHERN,1,NORTHERN,779,39.329408,-76.370779,"39.329408, -76.370779"
SR-103505,In Progress,Phone,Dirty Street,Dirty Street Request,12/27/2020,12/27/2020,12/27/2020,12/27/2020,Irvington,EASTERN,9,EASTERN,275,39.389348,-76.537954,"39.389348, -76.537954"
SR-103506,Open,Phone,Graffiti,Graffiti Request,1/4/2019,1/4/2019,1/4/2019,1/4/2019,Upton,NORTHWESTERN,1,NORTHWESTERN,863,39.201706,-76.475507,"39.201706, -76.475507"
SR-103507,Open,Phone,Pothole,Pothole Request,5/19/2023,5/19/2023,5/19/2023,5/19/2023,Irvington,EASTERN,3,EASTERN,816,39.284452,-76.397771,"39.284452, -76.397771"
SR-103508,Open,Phone,Parking Complaint,Parking Complaint Request,11/28/2022,11/28/2022,11/28/2022,11/28/2022,Harlem Park,WESTERN,14,WESTERN,346,39.453157,-76.471981,"39.453157, -76.471981"
SR-103509,Open,Phone,Dead Animal,Dead Animal Request,10/10/2019,10/10/2019,10/10/2019,10/10/2019,Druid Heights,NORTHEASTERN,13,NORTHEASTERN,825,39.223017,-76.381813,"39.223017, -76.381813"
SR-103510,Open,Phone,Illegal Dumping,Illegal Dumping Request,3/7/2020,3/7/2020,3/7/2020,3/7/2020,Clifton Park,SOUTHERN,8,SOUTHERN,181,39.423055,-76.528484,"39.423055, -76.528484"
SR-103511,In Progress,Phone,Illegal Dumping,Illegal Dumping Request,12/6/2022,12/6/2022,12/6/2022,12/6/2022,Pigtown,NORTHERN,13,NORTHERN,256,39.203888,-76.31688,"39.203888, -76.31688"
SR-103512,Closed,Phone,Dirty Street,Dirty Street Request,8/12/2020,8/12/2020,8/12/2020,8/12/2020,Brooklyn,NORTHWESTERN,14,NORTHWESTERN,365,39.398638,-76.327802,"39.398638, -76.327802"
SR-103513,In Progress,Phone,Vacant Building,Vacant Building Request,8/25/2019,8/25/2019,8/25/2019,8/25/2019,Middle East,NORTHWESTERN,4,NORTHWESTERN,525,39.424104,-76.33691,"39.424104, -76.33691"
SR-103514,Open,Phone,Rat Rubout,Rat Rubout Request,7/3/2019,7/3/2019,7/3/2019,7/3/2019,Sandtown-Winchester,NORTHERN,14,NORTHERN,828,39.342326,-76.376336,"39.342326, -76.376336"
SR-103515,Open,Phone,Abandoned Vehicle,Abandoned Vehicle Request,8/7/2019,8/7/2019,8/7/2019,8/7/2019,Govans,NORTHWESTERN,6,NORTHWESTERN,592,39.245599,-76.33393,"39.245599, -76.33393"
SR-103516,Open,Phone,Dead Animal,Dead Animal Request,9/8/2021,9/8/2021,9/8/2021,9/8/2021,Pimlico,WESTERN,1,WESTERN,204,39.379916,-76.466825,"39.379916, -76.466825"
SR-103517,In Progress,Phone,Graffiti,Graffiti Request,10/18/2023,10/18/2023,10/18/2023,10/18/2023,Homeland,NORTHWESTERN,14,NORTHWESTERN,552,39.201771,-76.429304,"39.201771, -76.429304"
SR-103518,Closed,Phone,Dead Animal,Dead Animal Request,3/22/2020,3/22/2020,3/22/2020,3/22/2020,Berea,WESTERN,14,WESTERN,444,39.403273,-76.343706,"39.403273, -76.343706"
SR-103519,Closed,Phone,Abandoned Vehicle,Abandoned Vehicle Request,4/9/2020,4/9/2020,4/9/2020,4/9/2020,Middle East,EASTERN,13,EASTERN,234,39.268308,-76.512485,"39.268308, -76.512485"
SR-103520,Closed,Phone,Vacant Building,Vacant Building Request,2/1/2021,2/1/2021,2/1/2021,2/1/2021,Belair-Edison,EASTERN,3,EASTERN,296,39.390771,-76.314091,"39.390771, -76.314091"
SR-103521,Open,Phone,Illegal Dumping,Illegal Dumping Request,7/27/2021,7/27/2021,7/27/2021,7/27/2021,Roland Park,NORTHEASTERN,1,NORTHEASTERN,845,39.426477,-76.464402,"39.426477, -76.464402"
SR-103522,Closed,Phone,Illegal Dumping,Illegal Dumping Request,11/21/2019,11/21/2019,11/21/2019,11/21/2019,Charles Village,EASTERN,4,EASTERN,409,39.495051,-76.454209,"39.495051, -76.454209"
SR-103523,Closed,Phone,Dirty Street,Dirty Street Request,9/10/2019,9/10/2019,9/10/2019,9/10/2019,Cherry Hill,NORTHEASTERN,10,NORTHEASTERN,304,39.360961,-76.446412,"39.360961, -76.446412"
SR-103524,Closed,Phone,Parking Complaint,Parking Complaint Request,4/23/2019,4/23/2019,4/23/2019,4/23/2019,Pen Lucy,WESTERN,7,WESTERN,629,39.381402,-76.521614,"39.381402, -76.521614"
SR-103525,In Progress,Phone,Rat Rubout,Rat Rubout Request,7/22/2020,7/22/2020,7/22/2020,7/22/2020,Sandtown-Winchester,NORTHERN,6,NORTHERN,213,39.34264,-76.37714,"39.34264, -76.37714"
SR-103526,Open,Phone,Parking Complaint,Parking Complaint Request,8/27/2019,8/27/2019,8/27/2019,8/27/2019,Clifton Park,CENTRAL,13,CENTRAL,800,39.234359,-76.515901,"39.234359, -76.515901"
SR-103527,In Progress,Phone,Dirty Street,Dirty Street Request,6/26/2023,6/26/2023,6/26/2023,6/26/2023,Govans,CENTRAL,13,CENTRAL,538,39.336844,-76.47227,"39.336844, -76.47227"
SR-103528,In Progress,Phone,Pothole,Pothole Request,6/20/2022,6/20/2022,6/20/2022,6/20/2022,Morrell Park,NORTHWESTERN,8,NORTHWESTERN,565,39.254895,-76.313826,"39.254895, -76.313826"
SR-103529,Open,Phone,Rat Rubout,Rat Rubout Request,10/25/2022,10/25/2022,10/25/2022,10/25/2022,Pen Lucy,SOUTHERN,13,SOUTHERN,420,39.254983,-76.38582,"39.254983, -76.38582"
SR-103530,Open,Phone,Rat Rubout,Rat Rubout Request,5/10/2020,5/10/2020,5/10/2020,5/10/2020,Johnston Square,EASTERN,2,EASTERN,296,39.499208,-76.587749,"39.499208, -76.587749"
SR-103531,Open,Phone,Abandoned Vehicle,Abandoned Vehicle Request,9/8/2022,9/8/2022,9/8/2022,9/8/2022,Oliver,CENTRAL,9,CENTRAL,179,39.491185,-76.377662,"39.491185, -76.377662"
SR-103532,Closed,Phone,Pothole,Pothole Request,11/9/2020,11/9/2020,11/9/2020,11/9/2020,Curtis Bay,EASTERN,6,EASTERN,332,39.484552,-76.47414,"39.484552, -76.47414"
SR-103533,Open,Phone,Pothole,Pothole Request,2/21/2020,2/21/2020,2/21/2020,2/21/2020,Roland Park,SOUTHERN,14,SOUTHERN,586,39.494161,-76.357056,"39.494161, -76.357056"
SR-103534,In Progress,Phone,Dead Animal,Dead Animal Request,8/19/2022,8/19/2022,8/19/2022,8/19/2022,Belair-Edison,EASTERN,1,EASTERN,248,39.466195,-76.357879,"39.466195, -76.357879"
SR-103535,Open,Phone,Dead Animal,Dead Animal Request,4/2/2019,4/2/2019,4/2/2019,4/2/2019,Guilford,CENTRAL,8,CENTRAL,574,39.260232,-76.323873,"39.260232, -76.323873"
SR-103536,In Progress,Phone,Graffiti,Graffiti Request,12/1/2019,12/1/2019,12/1/2019,12/1/2019,Morrell Park,NORTHERN,6,NORTHERN,299,39.239052,-76.573313,"39.239052, -76.573313"
SR-103537,Closed,Phone,Dirty Street,Dirty Street Request,9/10/2023,9/10/2023,9/10/2023,9/10/2023,Cherry Hill,NORTHWESTERN,1,NORTHWESTERN,539,39.383575,-76.488851,"39.383575, -76.488851"
SR-103538,Closed,Phone,Pothole,Pothole Request,2/18/2022,2/18/2022,2/18/2022,2/18/2022,Homeland,NORTHWESTERN,9,NORTHWESTERN,475,39.315265,-76.57875,"39.315265, -76.57875"
SR-103539,Open,Phone,Street Light Out,Street Light Out Request,1/14/2023,1/14/2023,1/14/2023,1/14/2023,Westport,SOUTHERN,12,SOUTHERN,543,39.467733,-76.485586,"39.467733, -76.485586"
SR-103540,In Progress,Phone,Parking Complaint,Parking Complaint Request,11/2/2023,11/2/2023,11/2/2023,11/2/2023,Belair-Edison,CENTRAL,2,CENTRAL,235,39.296773,-76.480292,"39.296773, -76.480292"
SR-103541,Closed,Phone,Street Light Out,Street Light Out Request,8/27/2021,8/27/2021,8/27/2021,8/27/2021,Govans,SOUTHERN,11,SOUTHERN,166,39.211167,-76.550715,"39.211167, -76.550715"
SR-103542,Closed,Phone,Rat Rubout,Rat Rubout Request,6/5/2019,6/5/2019,6/5/2019,6/5/2019,Waverly,SOUTHERN,13,SOUTHERN,641,39.334955,-76.317306,"39.334955, -76.317306"
SR-103543,In Progress,Phone,Rat Rubout,Rat Rubout Request,1/1/2019,1/1/2019,1/1/2019,1/1/2019,Oliver,NORTHERN,1,NORTHERN,516,39.30233,-76.326318,"39.30233, -76.326318"
SR-103544,Open,Phone,Parking Complaint,Parking Complaint Request,6/21/2020,6/21/2020,6/21/2020,6/21/2020,Clifton Park,WESTERN,14,WESTERN,770,39.272059,-76.537913,"39.272059, -76.537913"
SR-103545,Open,Phone,Dead Animal,Dead Animal Request,6/27/2020,6/27/2020,6/27/2020,6/27/2020,Druid Heights,NORTHWESTERN,7,NORTHWESTERN,147,39.490858,-76.404185,"39.490858, -76.404185"
SR-103546,Open,Phone,Pothole,Pothole Request,4/16/2019,4/16/2019,4/16/2019,4/16/2019,Govans,NORTHWESTERN,11,NORTHWESTERN,610,39.238834,-76.359112,"39.238834, -76.359112"
SR-103547,Open,Phone,Parking Complaint,Parking Complaint Request,8/8/2020,8/8/2020,8/8/2020,8/8/2020,Harlem Park,EASTERN,2,EASTERN,544,39.448189,-76.586995,"39.448189, -76.586995"
SR-103548,Open,Phone,Dirty Street,Dirty Street Request,7/1/2022,7/1/2022,7/1/2022,7/1/2022,Homeland,WESTERN,11,WESTERN,541,39.204234,-76.331045,"39.204234, -76.331045"
SR-103549,Closed,Phone,Graffiti,Graffiti Request,6/19/2021,6/19/2021,6/19/2021,6/19/2021,Sandtown-Winchester,NORTHEASTERN,4,NORTHEASTERN,380,39.375176,-76.516431,"39.375176, -76.516431"
SR-103550,In Progress,Phone,Parking Complaint,Parking Complaint Request,2/21/2023,2/21/2023,2/21/2023,2/21/2023,Pigtown,WESTERN,3,WESTERN,672,39.225626,-76.414728,"39.225626, -76.414728"
SR-103551,In Progress,Phone,Abandoned Vehicle,Abandoned Vehicle Request,3/14/2023,3/14/2023,3/14/2023,3/14/2023,Johnston Square,WESTERN,6,WESTERN,556,39.24182,-76.502674,"39.24182, -76.502674"
SR-103552,In Progress,Phone,Illegal Dumping,Illegal Dumping Request,10/9/2019,10/9/2019,10/9/2019,10/9/2019,Roland Park,SOUTHERN,1,SOUTHERN,633,39.499166,-76.312797,"39.499166, -76.312797"
SR-103553,Closed,Phone,Dead Animal,Dead Animal Request,7/13/2019,7/13/2019,7/13/2019,7/13/2019,Clifton Park,WESTERN,10,WESTERN,760,39.324675,-76.520307,"39.324675, -76.520307"
SR-103554,In Progress,Phone,Dead Animal,Dead Animal Request,2/14/2022,2/14/2022,2/14/2022,2/14/2022,Upton,CENTRAL,14,CENTRAL,302,39.237,-76.321318,"39.237, -76.321318"
SR-103555,Closed,Phone,Rat Rubout,Rat Rubout Request,5/11/2020,5/11/2020,5/11/2020,5/11/2020,Curtis Bay,EASTERN,4,EASTERN,282,39.209317,-76.400218,"39.209317, -76.400218"
SR-103556,Open,Phone,Illegal Dumping,Illegal Dumping Request,5/9/2022,5/9/2022,5/9/2022,5/9/2022,Guilford,NORTHERN,5,NORTHERN,699,39.435094,-76.571403,"39.435094, -76.571403"
SR-103557,In Progress,Phone,Rat Rubout,Rat Rubout Request,6/6/2019,6/6/2019,6/6/2019,6/6/2019,Pigtown,EASTERN,10,EASTERN,211,39.323032,-76.56598,"39.323032, -76.56598"
SR-103558,Closed,Phone,Street Light Out,Street Light Out Request,5/21/2022,5/21/2022,5/21/2022,5/21/2022,Pimlico,EASTERN,10,EASTERN,197,39.407305,-76.423715,"39.407305, -76.423715"
SR-103559,Open,Phone,Pothole,Pothole Request,12/1/2023,12/1/2023,12/1/2023,12/1/2023,Johnston Square,CENTRAL,2,CENTRAL,242,39.400763,-76.302191,"39.400763, -76.302191"
SR-103560,Closed,Phone,Dirty Street,Dirty Street Request,7/1/2019,7/1/2019,7/1/2019,7/1/2019,Pimlico,EASTERN,3,EASTERN,371,39.359294,-76.550298,"39.359294, -76.550298"
SR-103561,Closed,Phone,Vacant Building,Vacant Building Request,12/15/2023,12/15/2023,12/15/2023,12/15/2023,Hampden,WESTERN,8,WESTERN,457,39.342788,-76.302592,"39.342788, -76.302592"
SR-103562,Closed,Phone,Pothole,Pothole Request,1/26/2021,1/26/2021,1/26/2021,1/26/2021,Irvington,EASTERN,10,EASTERN,862,39.254769,-76.566052,"39.254769, -76.566052"
SR-103563,Open,Phone,Street Light Out,Street Light Out Request,12/14/2022,12/14/2022,12/14/2022,12/14/2022,Johnston Square,WESTERN,9,WESTERN,519,39.2021,-76.506916,"39.2021, -76.506916"
SR-103564,Open,Phone,Graffiti,Graffiti Request,7/11/2019,7/11/2019,7/11/2019,7/11/2019,Eastwood,NORTHEASTERN,3,NORTHEASTERN,440,39.242512,-76.469074,"39.242512, -76.469074"
SR-103565,Open,Phone,Graffiti,Graffiti Request,2/5/2021,2/5/2021,2/5/2021,2/5/2021,Greenmount West,WESTERN,3,WESTERN,613,39.326594,-76.359611,"39.326594, -76.359611"
SR-103566,Closed,Phone,Vacant Building,Vacant Building Request,3/13/2019,3/13/2019,3/13/2019,3/13/2019,Guilford,CENTRAL,9,CENTRAL,778,39.253714,-76.554357,"39.253714, -76.554357"
SR-103567,Open,Phone,Rat Rubout,Rat Rubout Request,7/19/2021,7/19/2021,7/19/2021,7/19/2021,Westport,EASTERN,7,EASTERN,640,39.303146,-76.563303,"39.303146, -76.563303"
SR-103568,In Progress,Phone,Vacant Building,Vacant Building Request,9/1/2021,9/1/2021,9/1/2021,9/1/2021,Upton,WESTERN,6,WESTERN,802,39.279973,-76.487151,"39.279973, -76.487151"
SR-103569,In Progress,Phone,Abandoned Vehicle,Abandoned Vehicle Request,12/21/2019,12/21/2019,12/21/2019,12/21/2019,Berea,NORTHEASTERN,14,NORTHEASTERN,240,39.47973,-76.464947,"39.47973, -76.464947"
SR-103570,Closed,Phone,Graffiti,Graffiti Request,2/9/2022,2/9/2022,2/9/2022,2/9/2022,Irvington,NORTHEASTERN,10,NORTHEASTERN,141,39.240183,-76.308849,"39.240183, -76.308849"
SR-103571,Open,Phone,Graffiti,Graffiti Request,12/17/2023,12/17/2023,12/17/2023,12/17/2023,Pimlico,WESTERN,7,WESTERN,748,39.375046,-76.541204,"39.375046, -76.541204"
SR-103572,In Progress,Phone,Dead Animal,Dead Animal Request,7/21/2020,7/21/2020,7/21/2020,7/21/2020,Clifton Park,CENTRAL,12,CENTRAL,408,39.227244,-76.533521,"39.227244, -76.533521"
SR-103573,In Progress,Phone,Graffiti,Graffiti Request,1/15/2022,1/15/2022,1/15/2022,1/15/2022,Morrell Park,SOUTHERN,6,SOUTHERN,231,39.415881,-76.551968,"39.415881, -76.551968"
SR-103574,Closed,Phone,Abandoned Vehicle,Abandoned Vehicle Request,9/11/2020,9/11/2020,9/11/2020,9/11/2020,Druid Heights,WESTERN,2,WESTERN,167,39.249837,-76.415396,"39.249837, -76.415396"
SR-103575,Open,Phone,Vacant Building,Vacant Building Request,2/3/2020,2/3/2020,2/3/2020,2/3/2020,Westport,NORTHWESTERN,12,NORTHWESTERN,562,39.34494,-76.332506,"39.34494, -76.332506"
SR-103576,In Progress,Phone,Dirty Street,Dirty Street Request,5/28/2019,5/28/2019,5/28/2019,5/28/2019,Clifton Park,CENTRAL,11,CENTRAL,333,39.430471,-76.401283,"39.430471, -76.401283"
SR-103577,In Progress,Phone,Pothole,Pothole Request,1/13/2020,1/13/2020,1/13/2020,1/13/2020,Upton,NORTHERN,6,NORTHERN,417,39.294243,-76.531002,"39.294243, -76.531002"
SR-103578,Open,Phone,Graffiti,Graffiti Request,9/9/2020,9/9/2020,9/9/2020,9/9/2020,Curtis Bay,NORTHERN,11,NORTHERN,876,39.47879,-76.349826,"39.47879, -76.349826"
SR-103579,In Progress,Phone,Rat Rubout,Rat Rubout Request,8/23/2023,8/23/2023,8/23/2023,8/23/2023,Morrell Park,NORTHWESTERN,8,NORTHWESTERN,399,39.281105,-76.576991,"39.281105, -76.576991"
SR-103580,Open,Phone,Vacant Building,Vacant Building Request,9/15/2021,9/15/2021,9/15/2021,9/15/2021,Morrell Park,NORTHEASTERN,1,NORTHEASTERN,698,39.253577,-76.53493,"39.253577, -76.53493"
SR-103581,Open,Phone,Pothole,Pothole Request,9/18/2019,9/18/2019,9/18/2019,9/18/2019,Cherry Hill,NORTHEASTERN,14,NORTHEASTERN,712,39.464649,-76.474521,"39.464649, -76.474521"
SR-103582,In Progress,Phone,Abandoned Vehicle,Abandoned Vehicle Request,4/5/2023,4/5/2023,4/5/2023,4/5/2023,Guilford,CENTRAL,2,CENTRAL,486,39.444131,-76.583228,"39.444131, -76.583228"
SR-103583,Open,Phone,Rat Rubout,Rat Rubout Request,1/3/2023,1/3/2023,1/3/2023,1/3/2023,Cherry Hill,NORTHERN,8,NORTHERN,347,39.438507,-76.318858,"39.438507, -76.318858"
SR-103584,Open,Phone,Pothole,Pothole Request,10/15/2019,10/15/2019,10/15/2019,10/15/2019,Cherry Hill,WESTERN,9,WESTERN,669,39.336387,-76.554907,"39.336387, -76.554907"
SR-103585,In Progress,Phone,Pothole,Pothole Request,7/12/2022,7/12/2022,7/12/2022,7/12/2022,Irvington,NORTHEASTERN,6,NORTHEASTERN,338,39.399173,-76.472295,"39.399173, -76.472295"
SR-103586,In Progress,Phone,Street Light Out,Street Light Out Request,3/14/2019,3/14/2019,3/14/2019,3/14/2019,Pigtown,NORTHEASTERN,3,NORTHEASTERN,568,39.224783,-76.579398,"39.224783, -76.579398"
SR-103587,In Progress,Phone,Illegal Dumping,Illegal Dumping Request,11/20/2020,11/20/2020,11/20/2020,11/20/2020,Johnston Square,SOUTHERN,2,SOUTHERN,815,39.277723,-76.536987,"39.277723, -76.536987"
SR-103588,Closed,Phone,Rat Rubout,Rat Rubout Request,2/27/2022,2/27/2022,2/27/2022,2/27/2022,Clifton Park,CENTRAL,5,CENTRAL,895,39.322148,-76.444846,"39.322148, -76.444846"
SR-103589,In Progress,Phone,Abandoned Vehicle,Abandoned Vehicle Request,9/12/2019,9/12/2019,9/12/2019,9/12/2019,Pen Lucy,NORTHWESTERN,1,NORTHWESTERN,402,39.369976,-76.527561,"39.369976, -76.527561"
SR-103590,In Progress,Phone,Vacant Building,Vacant Building Request,3/6/2023,3/6/2023,3/6/2023,3/6/2023,Eastwood,SOUTHERN,10,SOUTHERN,579,39.323809,-76.339447,"39.323809, -76.339447"
SR-103591,Open,Phone,Graffiti,Graffiti Request,7/27/2019,7/27/2019,7/27/2019,7/27/2019,Govans,CENTRAL,1,CENTRAL,863,39.234946,-76.488355,"39.234946, -76.488355"
SR-103592,Closed,Phone,Street Light Out,Street Light Out Request,10/6/2019,10/6/2019,10/6/2019,10/6/2019,Harlem Park,NORTHEASTERN,12,NORTHEASTERN,547,39.269274,-76.43453,"39.269274, -76.43453"
SR-103593,Open,Phone,Graffiti,Graffiti Request,11/26/2021,11/26/2021,11/26/2021,11/26/2021,Govans,SOUTHERN,6,SOUTHERN,594,39.382528,-76.304441,"39.382528, -76.304441"
SR-103594,Closed,Phone,Dead Animal,Dead Animal Request,4/9/2019,4/9/2019,4/9/2019,4/9/2019,Cherry Hill,WESTERN,2,WESTERN,575,39.363922,-76.356399,"39.363922, -76.356399"
SR-103595,Closed,Phone,Street Light Out,Street Light Out Request,11/16/2020,11/16/2020,11/16/2020,11/16/2020,Govans,EASTERN,13,EASTERN,831,39.251094,-76.348991,"39.251094, -76.348991"
SR-103596,In Progress,Phone,Dead Animal,Dead Animal Request,6/20/2020,6/20/2020,6/20/2020,6/20/2020,Sandtown-Winchester,EASTERN,12,EASTERN,468,39.236292,-76.368454,"39.236292, -76.368454"
SR-103597,In Progress,Phone,Dirty Street,Dirty Street Request,1/20/2019,1/20/2019,1/20/2019,1/20/2019,Upton,CENTRAL,10,CENTRAL,639,39.232475,-76.412594,"39.232475, -76.412594"
SR-103598,Closed,Phone,Dead Animal,Dead Animal Request,9/14/2021,9/14/2021,9/14/2021,9/14/2021,Cherry Hill,CENTRAL,4,CENTRAL,434,39.405228,-76.570921,"39.405228, -76.570921"
SR-103599,In Progress,Phone,Graffiti,Graffiti Request,8/15/2019,8/15/2019,8/15/2019,8/15/2019,Hampden,WESTERN,3,WESTERN,159,39.217,-76.423014,"39.217, -76.423014"
SR-103600,In Progress,Phone,Dirty Street,Dirty Street Request,12/11/2021,12/11/2021,12/11/2021,12/11/2021,Hampden,CENTRAL,6,CENTRAL,723,39.268869,-76.457278,"39.268869, -76.457278"
SR-103601,Open,Phone,Illegal Dumping,Illegal Dumping Request,9/22/2020,9/22/2020,9/22/2020,9/22/2020,Hampden,EASTERN,14,EASTERN,500,39.27496,-76.38227,"39.27496, -76.38227"
SR-103602,Closed,Phone,Dead Animal,Dead Animal Request,7/13/2023,7/13/2023,7/13/2023,7/13/2023,Berea,NORTHEASTERN,1,NORTHEASTERN,109,39.467471,-76.383255,"39.467471, -76.383255"
SR-103603,Closed,Phone,Street Light Out,Street Light Out Request,4/13/2022,4/13/2022,4/13/2022,4/13/2022,Brooklyn,NORTHERN,14,NORTHERN,452,39.433946,-76.395393,"39.433946, -76.395393"
SR-103604,Open,Phone,Graffiti,Graffiti Request,9/3/2019,9/3/2019,9/3/2019,9/3/2019,Oliver,NORTHERN,12,NORTHERN,112,39.40845,-76.351349,"39.40845, -76.351349"
SR-103605,Closed,Phone,Dead Animal,Dead Animal Request,8/18/2022,8/18/2022,8/18/2022,8/18/2022,Guilford,NORTHERN,7,NORTHERN,165,39.431275,-76.44207,"39.431275, -76.44207"
SR-103606,Open,Phone,Illegal Dumping,Illegal Dumping Request,7/9/2021,7/9/2021,7/9/2021,7/9/2021,Westport,CENTRAL,2,CENTRAL,163,39.334466,-76.332291,"39.334466, -76.332291"
SR-103607,Open,Phone,Rat Rubout,Rat Rubout Request,7/28/2020,7/28/2020,7/28/2020,7/28/2020,Roland Park,NORTHEASTERN,14,NORTHEASTERN,287,39.382724,-76.466968,"39.382724, -76.466968"
SR-103608,In Progress,Phone,Dirty Street,Dirty Street Request,2/9/2022,2/9/2022,2/9/2022,2/9/2022,Oliver,SOUTHERN,6,SOUTHERN,458,39.488762,-76.547222,"39.488762, -76.547222"
SR-103609,Open,Phone,Dead Animal,Dead Animal Request,11/13/2019,11/13/2019,11/13/2019,11/13/2019,Belair-Edison,WESTERN,10,WESTERN,356,39.434544,-76.354198,"39.434544, -76.354198"
SR-103610,In Progress,Phone,Illegal Dumping,Illegal Dumping Request,1/3/2021,1/3/2021,1/3/2021,1/3/2021,Pigtown,EASTERN,7,EASTERN,638,39.365395,-76.476146,"39.365395, -76.476146"
SR-103611,Closed,Phone,Street Light Out,Street Light Out Request,10/27/2021,10/27/2021,10/27/2021,10/27/2021,Mount Washington,NORTHERN,6,NORTHERN,895,39.440663,-76.491791,"39.440663, -76.491791"
SR-103612,In Progress,Phone,Abandoned Vehicle,Abandoned Vehicle Request,4/27/2023,4/27/2023,4/27/2023,4/27/2023,Cherry Hill,NORTHERN,3,NORTHERN,292,39.282315,-76.356034,"39.282315, -76.356034"
SR-103613,Closed,Phone,Abandoned Vehicle,Abandoned Vehicle Request,12/3/2023,12/3/2023,12/3/2023,12/3/2023,Harlem Park,WESTERN,5,WESTERN,299,39.464372,-76.37629,"39.464372, -76.37629"
SR-103614,Closed,Phone,Graffiti,Graffiti Request,12/11/2019,12/11/2019,12/11/2019,12/11/2019,Irvington,EASTERN,11,EASTERN,352,39.214319,-76.348483,"39.214319, -76.348483"
SR-103615,Closed,Phone,Dirty Street,Dirty Street Request,5/22/2019,5/22/2019,5/22/2019,5/22/2019,Morrell Park,SOUTHERN,5,SOUTHERN,141,39.216832,-76.336934,"39.216832, -76.336934"
SR-103616,In Progress,Phone,Graffiti,Graffiti Request,12/9/2022,12/9/2022,12/9/2022,12/9/2022,Druid Heights,EASTERN,4,EASTERN,243,39.370189,-76.321933,"39.370189, -76.321933"
SR-103617,Closed,Phone,Dirty Street,Dirty Street Request,2/4/2021,2/4/2021,2/4/2021,2/4/2021,Westport,WESTERN,14,WESTERN,827,39.41472,-76.334046,"39.41472, -76.334046"
SR-103618,Closed,Phone,Graffiti,Graffiti Request,5/20/2020,5/20/2020,5/20/2020,5/20/2020,Johnston Square,NORTHEASTERN,10,NORTHEASTERN,328,39.425827,-76.426674,"39.425827, -76.426674"
SR-103619,Open,Phone,Street Light Out,Street Light Out Request,11/18/2022,11/18/2022,11/18/2022,11/18/2022,Waverly,SOUTHERN,8,SOUTHERN,379,39.324264,-76.417584,"39.324264, -76.417584"
SR-103620,Closed,Phone,Street Light Out,Street Light Out Request,10/7/2022,10/7/2022,10/7/2022,10/7/2022,Guilford,EASTERN,12,EASTERN,597,39.24407,-76.31955,"39.24407, -76.31955"
SR-103621,In Progress,Phone,Abandoned Vehicle,Abandoned Vehicle Request,2/21/2020,2/21/2020,2/21/2020,2/21/2020,Homeland,WESTERN,12,WESTERN,156,39.345128,-76.364351,"39.345128, -76.364351"
SR-103622,Open,Phone,Vacant Building,Vacant Building Request,11/9/2023,11/9/2023,11/9/2023,11/9/2023,Govans,CENTRAL,4,CENTRAL,408,39.253311,-76.450121,"39.253311, -76.450121"
SR-103623,In Progress,Phone,Illegal Dumping,Illegal Dumping Request,7/7/2022,7/7/2022,7/7/2022,7/7/2022,Pimlico,CENTRAL,4,CENTRAL,199,39.353876,-76.381198,"39.353876, -76.381198"
SR-103624,In Progress,Phone,Dirty Street,Dirty Street Request,6/10/2020,6/10/2020,6/10/2020,6/10/2020,Upton,NORTHEASTERN,8,NORTHEASTERN,380,39.254103,-76.431507,"39.254103, -76.431507"
SR-103625,Closed,Phone,Dead Animal,Dead Animal Request,5/8/2021,5/8/2021,5/8/2021,5/8/2021,Park Heights,EASTERN,14,EASTERN,863,39.249196,-76.439072,"39.249196, -76.439072"
SR-103626,In Progress,Phone,Abandoned Vehicle,Abandoned Vehicle Request,4/14/2019,4/14/2019,4/14/2019,4/14/2019,Pimlico,EASTERN,11,EASTERN,842,39.265787,-76.529329,"39.265787, -76.529329"
SR-103627,Open,Phone,Pothole,Pothole Request,12/10/2019,12/10/2019,12/10/2019,12/10/2019,Belair-Edison,WESTERN,7,WESTERN,799,39.456461,-76.308707,"39.456461, -76.308707"
SR-103628,Open,Phone,Abandoned Vehicle,Abandoned Vehicle Request,5/2/2022,5/2/2022,5/2/2022,5/2/2022,Hampden,CENTRAL,14,CENTRAL,146,39.286334,-76.366959,"39.286334, -76.366959"
SR-103629,In Progress,Phone,Dirty Street,Dirty Street Request,9/16/2019,9/16/2019,9/16/2019,9/16/2019,Charles Village,CENTRAL,8,CENTRAL,719,39.381476,-76.569295,"39.381476, -76.569295"
SR-103630,Closed,Phone,Illegal Dumping,Illegal Dumping Request,5/18/2023,5/18/2023,5/18/2023,5/18/2023,Hampden,NORTHEASTERN,8,NORTHEASTERN,562,39.479942,-76.303321,"39.479942, -76.303321"
SR-103631,Closed,Phone,Street Light Out,Street Light Out Request,6/24/2019,6/24/2019,6/24/2019,6/24/2019,Pen Lucy,NORTHEASTERN,11,NORTHEASTERN,850,39.296462,-76.595778,"39.296462, -76.595778"
SR-103632,Closed,Phone,Abandoned Vehicle,Abandoned Vehicle Request,2/28/2022,2/28/2022,2/28/2022,2/28/2022,Brooklyn,NORTHERN,14,NORTHERN,507,39.210653,-76.583,"39.210653, -76.583"
SR-103633,Open,Phone,Abandoned Vehicle,Abandoned Vehicle Request,3/7/2020,3/7/2020,3/7/2020,3/7/2020,Homeland,NORTHWESTERN,11,NORTHWESTERN,828,39.39281,-76.305564,"39.39281, -76.305564"
SR-103634,Closed,Phone,Graffiti,Graffiti Request,10/20/2022,10/20/2022,10/20/2022,10/20/2022,Guilford,WESTERN,8,WESTERN,334,39.436793,-76.53636,"39.436793, -76.53636"
SR-103635,Open,Phone,Street Light Out,Street Light Out Request,10/23/2019,10/23/2019,10/23/2019,10/23/2019,Greenmount West,EASTERN,10,EASTERN,541,39.469339,-76.426484,"39.469339, -76.426484"
SR-103636,Open,Phone,Abandoned Vehicle,Abandoned Vehicle Request,9/3/2022,9/3/2022,9/3/2022,9/3/2022,Waverly,WESTERN,13,WESTERN,377,39.320351,-76.4531,"39.320351, -76.4531"
SR-103637,In Progress,Phone,Illegal Dumping,Illegal Dumping Request,3/14/2023,3/14/2023,3/14/2023,3/14/2023,Upton,EASTERN,8,EASTERN,320,39.374174,-76.587686,"39.374174, -76.587686"
SR-103638,Closed,Phone,Abandoned Vehicle,Abandoned Vehicle Request,3/15/2019,3/15/2019,3/15/2019,3/15/2019,Hampden,NORTHWESTERN,13,NORTHWESTERN,735,39.225559,-76.493705,"39.225559, -76.493705"
SR-103639,Open,Phone,Abandoned Vehicle,Abandoned Vehicle Request,10/27/2019,10/27/2019,10/27/2019,10/27/2019,Waverly,EASTERN,7,EASTERN,586,39.33761,-76.567224,"39.33761, -76.567224"
SR-103640,Closed,Phone,Rat Rubout,Rat Rubout Request,10/20/2021,10/20/2021,10/20/2021,10/20/2021,Brooklyn,NORTHERN,8,NORTHERN,632,39.451647,-76.556642,"39.451647, -76.556642"
SR-103641,Open,Phone,Pothole,Pothole Request,8/17/2019,8/17/2019,8/17/2019,8/17/2019,Greenmount West,CENTRAL,11,CENTRAL,215,39.297214,-76.437434,"39.297214, -76.437434"
SR-103642,In Progress,Phone,Parking Complaint,Parking Complaint Request,2/5/2022,2/5/2022,2/5/2022,2/5/2022,Belair-Edison,NORTHEASTERN,4,NORTHEASTERN,581,39.353713,-76.457139,"39.353713, -76.457139"
SR-103643,In Progress,Phone,Rat Rubout,Rat Rubout Request,5/20/2021,5/20/2021,5/20/2021,5/20/2021,Sandtown-Winchester,NORTHEASTERN,12,NORTHEASTERN,807,39.336869,-76.569628,"39.336869, -76.569628"
SR-103644,Closed,Phone,Street Light Out,Street Light Out Request,12/27/2023,12/27/2023,12/27/2023,12/27/2023,Pimlico,WESTERN,12,WESTERN,248,39.366431,-76.570571,"39.366431, -76.570571"
SR-103645,Closed,Phone,Dirty Street,Dirty Street Request,9/8/2023,9/8/2023,9/8/2023,9/8/2023,Eastwood,SOUTHERN,8,SOUTHERN,841,39.405449,-76.576992,"39.405449, -76.576992"
SR-103646,Open,Phone,Vacant Building,Vacant Building Request,7/17/2020,7/17/2020,7/17/2020,7/17/2020,Eastwood,WESTERN,2,WESTERN,846,39.247632,-76.505176,"39.247632, -76.505176"
SR-103647,In Progress,Phone,Graffiti,Graffiti Request,2/1/2022,2/1/2022,2/1/2022,2/1/2022,Belair-Edison,CENTRAL,3,CENTRAL,590,39.417152,-76.441763,"39.417152, -76.441763"
SR-103648,Closed,Phone,Dirty Street,Dirty Street Request,11/12/2022,11/12/2022,11/12/2022,11/12/2022,Oliver,SOUTHERN,4,SOUTHERN,602,39.370042,-76.431865,"39.370042, -76.431865"
SR-103649,Closed,Phone,Parking Complaint,Parking Complaint Request,4/26/2022,4/26/2022,4/26/2022,4/26/2022,Greenmount West,CENTRAL,3,CENTRAL,546,39.4263,-76.355584,"39.4263, -76.355584"
SR-103650,Closed,Phone,Graffiti,Graffiti Request,8/7/2022,8/7/2022,8/7/2022,8/7/2022,Eastwood,EASTERN,4,EASTERN,448,39.278634,-76.560112,"39.278634, -76.560112"
SR-103651,In Progress,Phone,Vacant Building,Vacant Building Request,11/20/2022,11/20/2022,11/20/2022,11/20/2022,Eastwood,NORTHWESTERN,8,NORTHWESTERN,174,39.271806,-76.588776,"39.271806, -76.588776"
SR-103652,In Progress,Phone,Street Light Out,Street Light Out Request,3/25/2022,3/25/2022,3/25/2022,3/25/2022,Pen Lucy,CENTRAL,9,CENTRAL,830,39.320259,-76.522176,"39.320259, -76.522176"
SR-103653,Closed,Phone,Illegal Dumping,Illegal Dumping Request,9/14/2021,9/14/2021,9/14/2021,9/14/2021,Mount Washington,CENTRAL,2,CENTRAL,334,39.315169,-76.303102,"39.315169, -76.303102"
SR-103654,Open,Phone,Pothole,Pothole Request,7/13/2019,7/13/2019,7/13/2019,7/13/2019,Upton,CENTRAL,14,CENTRAL,607,39.417258,-76.416124,"39.417258, -76.416124"
SR-103655,Closed,Phone,Illegal Dumping,Illegal Dumping Request,6/4/2021,6/4/2021,6/4/2021,6/4/2021,Belair-Edison,WESTERN,10,WESTERN,153,39.461262,-76.59808,"39.461262, -76.59808"
SR-103656,Open,Phone,Rat Rubout,Rat Rubout Request,9/1/2021,9/1/2021,9/1/2021,9/1/2021,Upton,CENTRAL,11,CENTRAL,446,39.221519,-76.334789,"39.221519, -76.334789"
SR-103657,Closed,Phone,Parking Complaint,Parking Complaint Request,11/1/2021,11/1/2021,11/1/2021,11/1/2021,Mount Washington,WESTERN,3,WESTERN,540,39.451342,-76.395347,"39.451342, -76.395347"
SR-103658,Open,Phone,Vacant Building,Vacant Building Request,6/1/2022,6/1/2022,6/1/2022,6/1/2022,Cherry Hill,NORTHWESTERN,12,NORTHWESTERN,529,39.262867,-76.313573,"39.262867, -76.313573"
SR-103659,Open,Phone,Abandoned Vehicle,Abandoned Vehicle Request,9/9/2022,9/9/2022,9/9/2022,9/9/2022,Sandtown-Winchester,NORTHWESTERN,12,NORTHWESTERN,629,39.284971,-76.583316,"39.284971, -76.583316"
SR-103660,Open,Phone,Illegal Dumping,Illegal Dumping Request,10/24/2021,10/24/2021,10/24/2021,10/24/2021,Brooklyn,EASTERN,1,EASTERN,247,39.357599,-76.34567,"39.357599, -76.34567"
SR-103661,Closed,Phone,Pothole,Pothole Request,8/21/2019,8/21/2019,8/21/2019,8/21/2019,Brooklyn,NORTHERN,1,NORTHERN,858,39.424905,-76.486915,"39.424905, -76.486915"
SR-103662,Open,Phone,Rat Rubout,Rat Rubout Request,5/4/2022,5/4/2022,5/4/2022,5/4/2022,Sandtown-Winchester,EASTERN,11,EASTERN,234,39.315486,-76.416868,"39.315486, -76.416868"
SR-103663,Open,Phone,Vacant Building,Vacant Building Request,11/18/2019,11/18/2019,11/18/2019,11/18/2019,Westport,CENTRAL,14,CENTRAL,771,39.450905,-76.505182,"39.450905, -76.505182"
SR-103664,Open,Phone,Street Light Out,Street Light Out Request,1/15/2021,1/15/2021,1/15/2021,1/15/2021,Homeland,CENTRAL,10,CENTRAL,485,39.491547,-76.522389,"39.491547, -76.522389"
SR-103665,Open,Phone,Rat Rubout,Rat Rubout Request,3/4/2023,3/4/2023,3/4/2023,3/4/2023,Clifton Park,NORTHWESTERN,5,NORTHWESTERN,270,39.439327,-76.428969,"39.439327, -76.428969"
SR-103666,Closed,Phone,Parking Complaint,Parking Complaint Request,5/25/2019,5/25/2019,5/25/2019,5/25/2019,Mount Washington,SOUTHERN,2,SOUTHERN,704,39.309753,-76.376676,"39.309753, -76.376676"
SR-103667,In Progress,Phone,Abandoned Vehicle,Abandoned Vehicle Request,1/2/2022,1/2/2022,1/2/2022,1/2/2022,Upton,CENTRAL,11,CENTRAL,438,39.41253,-76.554465,"39.41253, -76.554465"
SR-103668,In Progress,Phone,Abandoned Vehicle,Abandoned Vehicle Request,8/20/2022,8/20/2022,8/20/2022,8/20/2022,Hampden,CENTRAL,4,CENTRAL,384,39.325982,-76.559675,"39.325982, -76.559675"
SR-103669,In Progress,Phone,Graffiti,Graffiti Request,8/26/2019,8/26/2019,8/26/2019,8/26/2019,Roland Park,CENTRAL,12,CENTRAL,143,39.454744,-76.443134,"39.454744, -76.443134"
SR-103670,In Progress,Phone,Rat Rubout,Rat Rubout Request,6/24/2022,6/24/2022,6/24/2022,6/24/2022,Berea,WESTERN,10,WESTERN,255,39.31459,-76.510357,"39.31459, -76.510357"
SR-103671,In Progress,Phone,Dead Animal,Dead Animal Request,12/3/2019,12/3/2019,12/3/2019,12/3/2019,Eastwood,NORTHERN,8,NORTHERN,868,39.445462,-76.485562,"39.445462, -76.485562"
SR-103672,Closed,Phone,Rat Rubout,Rat Rubout Request,2/6/2021,2/6/2021,2/6/2021,2/6/2021,Pimlico,EASTERN,11,EASTERN,356,39.342025,-76.454296,"39.342025, -76.454296"
SR-103673,Open,Phone,Dirty Street,Dirty Street Request,2/18/2022,2/18/2022,2/18/2022,2/18/2022,Pigtown,SOUTHERN,10,SOUTHERN,153,39.288972,-76.580919,"39.288972, -76.580919"
SR-103674,Open,Phone,Abandoned Vehicle,Abandoned Vehicle Request,1/17/2023,1/17/2023,1/17/2023,1/17/2023,Pigtown,NORTHEASTERN,13,NORTHEASTERN,831,39.413917,-76.443801,"39.413917, -76.443801"
SR-103675,Closed,Phone,Vacant Building,Vacant Building Request,11/16/2021,11/16/2021,11/16/2021,11/16/2021,Curtis Bay,SOUTHERN,4,SOUTHERN,185,39.255212,-76.590526,"39.255212, -76.590526"
SR-103676,Closed,Phone,Illegal Dumping,Illegal Dumping Request,12/3/2020,12/3/2020,12/3/2020,12/3/2020,Irvington,NORTHEASTERN,6,NORTHEASTERN,334,39.435756,-76.42515,"39.435756, -76.42515"
SR-103677,Closed,Phone,Abandoned Vehicle,Abandoned Vehicle Request,12/10/2020,12/10/2020,12/10/2020,12/10/2020,Park Heights,NORTHWESTERN,12,NORTHWESTERN,282,39.458955,-76.475651,"39.458955, -76.475651"
SR-103678,Open,Phone,Parking Complaint,Parking Complaint Request,9/11/2022,9/11/2022,9/11/2022,9/11/2022,Eastwood,NORTHEASTERN,1,NORTHEASTERN,870,39.43465,-76.324804,"39.43465, -76.324804"
SR-103679,Open,Phone,Vacant Building,Vacant Building Request,9/18/2020,9/18/2020,9/18/2020,9/18/2020,Irvington,NORTHEASTERN,12,NORTHEASTERN,221,39.220587,-76.349823,"39.220587, -76.349823"
SR-103680,Closed,Phone,Abandoned Vehicle,Abandoned Vehicle Request,2/12/2019,2/12/2019,2/12/2019,2/12/2019,Clifton Park,NORTHWESTERN,14,NORTHWESTERN,443,39.434498,-76.336725,"39.434498, -76.336725"
SR-103681,Open,Phone,Street Light Out,Street Light Out Request,12/5/2021,12/5/2021,12/5/2021,12/5/2021,Pimlico,NORTHERN,5,NORTHERN,166,39.401186,-76.572662,"39.401186, -76.572662"
SR-103682,In Progress,Phone,Rat Rubout,Rat Rubout Request,6/5/2021,6/5/2021,6/5/2021,6/5/2021,Roland Park,NORTHEASTERN,7,NORTHEASTERN,619,39.341516,-76.51293,"39.341516, -76.51293"
SR-103683,In Progress,Phone,Vacant Building,Vacant Building Request,1/23/2023,1/23/2023,1/23/2023,1/23/2023,Middle East,NORTHEASTERN,3,NORTHEASTERN,489,39.478478,-76.39197,"39.478478, -76.39197"
SR-103684,In Progress,Phone,Illegal Dumping,Illegal Dumping Request,12/24/2019,12/24/2019,12/24/2019,12/24/2019,Sandtown-Winchester,SOUTHERN,7,SOUTHERN,383,39.449386,-76.379888,"39.449386, -76.379888"
SR-103685,In Progress,Phone,Graffiti,Graffiti Request,8/5/2020,8/5/2020,8/5/2020,8/5/2020,Druid Heights,NORTHERN,2,NORTHERN,410,39.231648,-76.549757,"39.231648, -76.549757"
SR-103686,Open,Phone,Parking Complaint,Parking Complaint Request,7/8/2023,7/8/2023,7/8/2023,7/8/2023,Pigtown,WESTERN,6,WESTERN,476,39.351259,-76.547433,"39.351259, -76.547433"
SR-103687,In Progress,Phone,Dirty Street,Dirty Street Request,10/23/2021,10/23/2021,10/23/2021,10/23/2021,Pigtown,WESTERN,3,WESTERN,521,39.334169,-76.353479,"39.334169, -76.353479"
SR-103688,Closed,Phone,Illegal Dumping,Illegal Dumping Request,1/27/2022,1/27/2022,1/27/2022,1/27/2022,Pimlico,NORTHERN,5,NORTHERN,390,39.323154,-76.442864,"39.323154, -76.442864"
SR-103689,Closed,Phone,Rat Rubout,Rat Rubout Request,10/21/2020,10/21/2020,10/21/2020,10/21/2020,Mount Washington,NORTHWESTERN,1,NORTHWESTERN,830,39.226424,-76.572048,"39.226424, -76.572048"
SR-103690,In Progress,Phone,Dead Animal,Dead Animal Request,3/20/2022,3/20/2022,3/20/2022,3/20/2022,Homeland,WESTERN,13,WESTERN,866,39.369617,-76.502042,"39.369617, -76.502042"
SR-103691,Closed,Phone,Illegal Dumping,Illegal Dumping Request,4/13/2019,4/13/2019,4/13/2019,4/13/2019,Clifton Park,EASTERN,13,EASTERN,107,39.437884,-76.597469,"39.437884, -76.597469"
SR-103692,In Progress,Phone,Abandoned Vehicle,Abandoned Vehicle Request,11/21/2021,11/21/2021,11/21/2021,11/21/2021,Brooklyn,EASTERN,1,EASTERN,734,39.237224,-76.554956,"39.237224, -76.554956"
SR-103693,Closed,Phone,Street Light Out,Street Light Out Request,7/2/2023,7/2/2023,7/2/2023,7/2/2023,Greenmount West,WESTERN,8,WESTERN,195,39.340031,-76.394723,"39.340031, -76.394723"
SR-103694,In Progress,Phone,Dead Animal,Dead Animal Request,7/5/2021,7/5/2021,7/5/2021,7/5/2021,Pimlico,SOUTHERN,7,SOUTHERN,416,39.372565,-76.514812,"39.372565, -76.514812"
SR-103695,Open,Phone,Illegal Dumping,Illegal Dumping Request,2/24/2023,2/24/2023,2/24/2023,2/24/2023,Roland Park,EASTERN,10,EASTERN,815,39.336971,-76.361412,"39.336971, -76.361412"
SR-103696,Closed,Phone,Dirty Street,Dirty Street Request,10/11/2019,10/11/2019,10/11/2019,10/11/2019,Mount Washington,CENTRAL,1,CENTRAL,700,39.417931,-76.322975,"39.417931, -76.322975"
SR-103697,Open,Phone,Pothole,Pothole Request,1/12/2023,1/12/2023,1/12/2023,1/12/2023,Park Heights,WESTERN,7,WESTERN,515,39.455889,-76.353573,"39.455889, -76.353573"
SR-103698,Open,Phone,Graffiti,Graffiti Request,12/23/2020,12/23/2020,12/23/2020,12/23/2020,Charles Village,NORTHERN,14,NORTHERN,354,39.216424,-76.5709,"39.216424, -76.5709"
SR-103699,Closed,Phone,Pothole,Pothole Request,1/8/2022,1/8/2022,1/8/2022,1/8/2022,Sandtown-Winchester,WESTERN,7,WESTERN,595,39.454479,-76.551332,"39.454479, -76.551332"
SR-103700,In Progress,Phone,Parking Complaint,Parking Complaint Request,11/20/2022,11/20/2022,11/20/2022,11/20/2022,Hampden,EASTERN,14,EASTERN,556,39.366106,-76.433514,"39.366106, -76.433514"
SR-103701,Closed,Phone,Rat Rubout,Rat Rubout Request,5/3/2022,5/3/2022,5/3/2022,5/3/2022,Guilford,NORTHEASTERN,11,NORTHEASTERN,167,39.216036,-76.303393,"39.216036, -76.303393"
SR-103702,In Progress,Phone,Parking Complaint,Parking Complaint Request,10/20/2020,10/20/2020,10/20/2020,10/20/2020,Sandtown-Winchester,EASTERN,13,EASTERN,639,39.348643,-76.54721,"39.348643, -76.54721"
SR-103703,In Progress,Phone,Street Light Out,Street Light Out Request,6/28/2019,6/28/2019,6/28/2019,6/28/2019,Park Heights,SOUTHERN,4,SOUTHERN,389,39.210768,-76.539205,"39.210768, -76.539205"
SR-103704,Closed,Phone,Pothole,Pothole Request,8/26/2019,8/26/2019,8/26/2019,8/26/2019,Waverly,WESTERN,6,WESTERN,604,39.215856,-76.404169,"39.215856, -76.404169"
SR-103705,In Progress,Phone,Dead Animal,Dead Animal Request,9/8/2021,9/8/2021,9/8/2021,9/8/2021,Clifton Park,NORTHEASTERN,5,NORTHEASTERN,706,39.489165,-76.405686,"39.489165, -76.405686"
SR-103706,Open,Phone,Pothole,Pothole Request,5/16/2022,5/16/2022,5/16/2022,5/16/2022,Pigtown,NORTHWESTERN,9,NORTHWESTERN,445,39.328887,-76.479328,"39.328887, -76.479328"
SR-103707,In Progress,Phone,Parking Complaint,Parking Complaint Request,12/6/2023,12/6/2023,12/6/2023,12/6/2023,Brooklyn,WESTERN,10,WESTERN,767,39.416487,-76.487252,"39.416487, -76.487252"
SR-103708,Closed,Phone,Illegal Dumping,Illegal Dumping Request,11/3/2021,11/3/2021,11/3/2021,11/3/2021,Eastwood,NORTHWESTERN,13,NORTHWESTERN,203,39.241077,-76.474433,"39.241077, -76.474433"
SR-103709,Open,Phone,Dead Animal,Dead Animal Request,1/14/2021,1/14/2021,1/14/2021,1/14/2021,Clifton Park,EASTERN,1,EASTERN,453,39.411781,-76.350405,"39.411781, -76.350405"
SR-103710,Open,Phone,Graffiti,Graffiti Request,10/14/2022,10/14/2022,10/14/2022,10/14/2022,Westport,NORTHEASTERN,14,NORTHEASTERN,671,39.282782,-76.557752,"39.282782, -76.557752"
SR-103711,Closed,Phone,Dirty Street,Dirty Street Request,6/14/2020,6/14/2020,6/14/2020,6/14/2020,Cherry Hill,EASTERN,13,EASTERN,749,39.274315,-76.581265,"39.274315, -76.581265"
SR-103712,Closed,Phone,Graffiti,Graffiti Request,5/28/2020,5/28/2020,5/28/2020,5/28/2020,Belair-Edison,CENTRAL,6,CENTRAL,820,39.342245,-76.564533,"39.342245, -76.564533"
SR-103713,In Progress,Phone,Street Light Out,Street Light Out Request,4/4/2022,4/4/2022,4/4/2022,4/4/2022,Brooklyn,EASTERN,13,EASTERN,167,39.438074,-76.316241,"39.438074, -76.316241"
SR-103714,In Progress,Phone,Dirty Street,Dirty Street Request,2/25/2020,2/25/2020,2/25/2020,2/25/2020,Druid Heights,SOUTHERN,7,SOUTHERN,863,39.476563,-76.552303,"39.476563, -76.552303"
SR-103715,In Progress,Phone,Street Light Out,Street Light Out Request,1/19/2022,1/19/2022,1/19/2022,1/19/2022,Irvington,NORTHWESTERN,10,NORTHWESTERN,734,39.211831,-76.542944,"39.211831, -76.542944"
SR-103716,Closed,Phone,Dead Animal,Dead Animal Request,4/3/2019,4/3/2019,4/3/2019,4/3/2019,Pimlico,SOUTHERN,7,SOUTHERN,888,39.389034,-76.429455,"39.389034, -76.429455"
SR-103717,In Progress,Phone,Vacant Building,Vacant Building Request,4/11/2022,4/11/2022,4/11/2022,4/11/2022,Berea,WESTERN,11,WESTERN,583,39.230123,-76.53243,"39.230123, -76.53243"
SR-103718,Open,Phone,Dead Animal,Dead Animal Request,8/10/2022,8/10/2022,8/10/2022,8/10/2022,Mount Washington,SOUTHERN,1,SOUTHERN,722,39.339651,-76.383492,"39.339651, -76.383492"
SR-103719,Open,Phone,Dead Animal,Dead Animal Request,3/12/2020,3/12/2020,3/12/2020,3/12/2020,Govans,SOUTHERN,7,SOUTHERN,129,39.35248,-76.490835,"39.35248, -76.490835"
SR-103720,In Progress,Phone,Graffiti,Graffiti Request,2/25/2020,2/25/2020,2/25/2020,2/25/2020,Brooklyn,NORTHEASTERN,4,NORTHEASTERN,654,39.289972,-76.560296,"39.289972, -76.560296"
SR-103721,Open,Phone,Pothole,Pothole Request,6/27/2021,6/27/2021,6/27/2021,6/27/2021,Hampden,NORTHEASTERN,5,NORTHEASTERN,205,39.273453,-76.456947,"39.273453, -76.456947"
SR-103722,Closed,Phone,Illegal Dumping,Illegal Dumping Request,5/6/2022,5/6/2022,5/6/2022,5/6/2022,Park Heights,SOUTHERN,3,SOUTHERN,611,39.310938,-76.558216,"39.310938, -76.558216"
SR-103723,Open,Phone,Vacant Building,Vacant Building Request,11/1/2020,11/1/2020,11/1/2020,11/1/2020,Upton,WESTERN,5,WESTERN,790,39.282448,-76.39876,"39.282448, -76.39876"
SR-103724,In Progress,Phone,Street Light Out,Street Light Out Request,10/27/2020,10/27/2020,10/27/2020,10/27/2020,Middle East,EASTERN,3,EASTERN,752,39.352474,-76.543256,"39.352474, -76.543256"
SR-103725,Closed,Phone,Abandoned Vehicle,Abandoned Vehicle Request,4/17/2021,4/17/2021,4/17/2021,4/17/2021,Middle East,SOUTHERN,11,SOUTHERN,544,39.429207,-76.378179,"39.429207, -76.378179"
SR-103726,Closed,Phone,Pothole,Pothole Request,5/23/2019,5/23/2019,5/23/2019,5/23/2019,Greenmount West,NORTHERN,4,NORTHERN,852,39.421405,-76.432807,"39.421405, -76.432807"
SR-103727,Open,Phone,Abandoned Vehicle,Abandoned Vehicle Request,1/3/2022,1/3/2022,1/3/2022,1/3/2022,Greenmount West,WESTERN,2,WESTERN,645,39.222848,-76.489724,"39.222848, -76.489724"
SR-103728,Closed,Phone,Pothole,Pothole Request,5/9/2022,5/9/2022,5/9/2022,5/9/2022,Mount Washington,SOUTHERN,4,SOUTHERN,757,39.218126,-76.523934,"39.218126, -76.523934"
SR-103729,In Progress,Phone,Parking Complaint,Parking Complaint Request,3/6/2020,3/6/2020,3/6/2020,3/6/2020,Upton,CENTRAL,4,CENTRAL,259,39.289743,-76.309491,"39.289743, -76.309491"
SR-103730,In Progress,Phone,Illegal Dumping,Illegal Dumping Request,11/10/2021,11/10/2021,11/10/2021,11/10/2021,Johnston Square,NORTHWESTERN,4,NORTHWESTERN,615,39.462029,-76.336259,"39.462029, -76.336259"
SR-103731,In Progress,Phone,Vacant Building,Vacant Building Request,8/14/2021,8/14/2021,8/14/2021,8/14/2021,Morrell Park,NORTHWESTERN,3,NORTHWESTERN,827,39.487484,-76.424601,"39.487484, -76.424601"
SR-103732,In Progress,Phone,Street Light Out,Street Light Out Request,6/7/2020,6/7/2020,6/7/2020,6/7/2020,Roland Park,NORTHWESTERN,3,NORTHWESTERN,261,39.342609,-76.511209,"39.342609, -76.511209"
SR-103733,Open,Phone,Rat Rubout,Rat Rubout Request,2/13/2022,2/13/2022,2/13/2022,2/13/2022,Clifton Park,EASTERN,2,EASTERN,393,39.276658,-76.37206,"39.276658, -76.37206"
SR-103734,Closed,Phone,Illegal Dumping,Illegal Dumping Request,3/13/2022,3/13/2022,3/13/2022,3/13/2022,Pimlico,SOUTHERN,6,SOUTHERN,463,39.302839,-76.449029,"39.302839, -76.449029"
SR-103735,In Progress,Phone,Graffiti,Graffiti Request,6/19/2023,6/19/2023,6/19/2023,6/19/2023,Pimlico,WESTERN,9,WESTERN,679,39.42024,-76.346459,"39.42024, -76.346459"
SR-103736,Open,Phone,Vacant Building,Vacant Building Request,5/16/2020,5/16/2020,5/16/2020,5/16/2020,Charles Village,NORTHEASTERN,6,NORTHEASTERN,668,39.282052,-76.414958,"39.282052, -76.414958"
SR-103737,Closed,Phone,Dead Animal,Dead Animal Request,2/4/2023,2/4/2023,2/4/2023,2/4/2023,Park Heights,NORTHWESTERN,14,NORTHWESTERN,312,39.462971,-76.358491,"39.462971, -76.358491"
SR-103738,Open,Phone,Graffiti,Graffiti Request,3/4/2019,3/4/2019,3/4/2019,3/4/2019,Belair-Edison,CENTRAL,13,CENTRAL,763,39.467833,-76.328135,"39.467833, -76.328135"
SR-103739,Closed,Phone,Dirty Street,Dirty Street Request,3/12/2022,3/12/2022,3/12/2022,3/12/2022,Roland Park,EASTERN,2,EASTERN,754,39.336677,-76.348023,"39.336677, -76.348023"
SR-103740,Closed,Phone,Dead Animal,Dead Animal Request,9/21/2023,9/21/2023,9/21/2023,9/21/2023,Sandtown-Winchester,NORTHWESTERN,6,NORTHWESTERN,244,39.49509,-76.556955,"39.49509, -76.556955"
SR-103741,Open,Phone,Vacant Building,Vacant Building Request,1/2/2019,1/2/2019,1/2/2019,1/2/2019,Clifton Park,WESTERN,10,WESTERN,659,39.440479,-76.372486,"39.440479, -76.372486"
SR-103742,Closed,Phone,Illegal Dumping,Illegal Dumping Request,8/3/2023,8/3/2023,8/3/2023,8/3/2023,Berea,CENTRAL,5,CENTRAL,351,39.27673,-76.512485,"39.27673, -76.512485"
SR-103743,In Progress,Phone,Parking Complaint,Parking Complaint Request,1/2/2023,1/2/2023,1/2/2023,1/2/2023,Mount Washington,NORTHERN,11,NORTHERN,179,39.322729,-76.500775,"39.322729, -76.500775"
SR-103744,Open,Phone,Abandoned Vehicle,Abandoned Vehicle Request,10/8/2020,10/8/2020,10/8/2020,10/8/2020,Park Heights,NORTHERN,13,NORTHERN,346,39.243801,-76.337233,"39.243801, -76.337233"
SR-103745,Open,Phone,Dirty Street,Dirty Street Request,7/9/2020,7/9/2020,7/9/2020,7/9/2020,Hampden,WESTERN,5,WESTERN,541,39.304849,-76.429783,"39.304849, -76.429783"
SR-103746,Open,Phone,Vacant Building,Vacant Building Request,3/1/2023,3/1/2023,3/1/2023,3/1/2023,Hampden,SOUTHERN,1,SOUTHERN,578,39.356903,-76.442787,"39.356903, -76.442787"
SR-103747,In Progress,Phone,Graffiti,Graffiti Request,6/15/2020,6/15/2020,6/15/2020,6/15/2020,Roland Park,NORTHWESTERN,10,NORTHWESTERN,798,39.322624,-76.401642,"39.322624, -76.401642"
SR-103748,Open,Phone,Dirty Street,Dirty Street Request,8/6/2022,8/6/2022,8/6/2022,8/6/2022,Harlem Park,NORTHERN,3,NORTHERN,140,39.23859,-76.544077,"39.23859, -76.544077"
SR-103749,Open,Phone,Abandoned Vehicle,Abandoned Vehicle Request,7/5/2022,7/5/2022,7/5/2022,7/5/2022,Irvington,WESTERN,1,WESTERN,171,39.302016,-76.589945,"39.302016, -76.589945"
SR-103750,In Progress,Phone,Vacant Building,Vacant Building Request,1/28/2019,1/28/2019,1/28/2019,1/28/2019,Belair-Edison,NORTHERN,9,NORTHERN,624,39.213723,-76.490397,"39.213723, -76.490397"
SR-103751,In Progress,Phone,Vacant Building,Vacant Building Request,8/5/2020,8/5/2020,8/5/2020,8/5/2020,Cherry Hill,NORTHWESTERN,4,NORTHWESTERN,164,39.35378,-76.422183,"39.35378, -76.422183"
SR-103752,In Progress,Phone,Street Light Out,Street Light Out Request,9/16/2021,9/16/2021,9/16/2021,9/16/2021,Oliver,WESTERN,6,WESTERN,338,39.261574,-76.584065,"39.261574, -76.584065"
SR-103753,Open,Phone,Street Light Out,Street Light Out Request,12/13/2022,12/13/2022,12/13/2022,12/13/2022,Berea,EASTERN,14,EASTERN,592,39.472502,-76.397258,"39.472502, -76.397258"
SR-103754,Open,Phone,Street Light Out,Street Light Out Request,8/19/2020,8/19/2020,8/19/2020,8/19/2020,Roland Park,CENTRAL,1,CENTRAL,307,39.446692,-76.433364,"39.446692, -76.433364"
SR-103755,In Progress,Phone,Dirty Street,Dirty Street Request,12/19/2019,12/19/2019,12/19/2019,12/19/2019,Greenmount West,EASTERN,6,EASTERN,133,39.275257,-76.478756,"39.275257, -76.478756"
SR-103756,In Progress,Phone,Abandoned Vehicle,Abandoned Vehicle Request,6/16/2020,6/16/2020,6/16/2020,6/16/2020,Upton,NORTHWESTERN,10,NORTHWESTERN,378,39.487211,-76.540908,"39.487211, -76.540908"
SR-103757,Closed,Phone,Vacant Building,Vacant Building Request,1/18/2022,1/18/2022,1/18/2022,1/18/2022,Roland Park,WESTERN,3,WESTERN,739,39.214618,-76.554476,"39.214618, -76.554476"
SR-103758,Open,Phone,Graffiti,Graffiti Request,7/10/2020,7/10/2020,7/10/2020,7/10/2020,Pimlico,CENTRAL,13,CENTRAL,601,39.281354,-76.343812,"39.281354, -76.343812"
SR-103759,In Progress,Phone,Dirty Street,Dirty Street Request,6/19/2021,6/19/2021,6/19/2021,6/19/2021,Johnston Square,CENTRAL,4,CENTRAL,488,39.282677,-76.449629,"39.282677, -76.449629"
SR-103760,In Progress,Phone,Rat Rubout,Rat Rubout Request,9/19/2019,9/19/2019,9/19/2019,9/19/2019,Middle East,NORTHERN,10,NORTHERN,878,39.474333,-76.375496,"39.474333, -76.375496"
SR-103761,Open,Phone,Vacant Building,Vacant Building Request,8/20/2019,8/20/2019,8/20/2019,8/20/2019,Brooklyn,NORTHWESTERN,14,NORTHWESTERN,166,39.287714,-76.441966,"39.287714, -76.441966"
SR-103762,Open,Phone,Dead Animal,Dead Animal Request,6/5/2021,6/5/2021,6/5/2021,6/5/2021,Oliver,NORTHERN,3,NORTHERN,882,39.380219,-76.580104,"39.380219, -76.580104"
SR-103763,Closed,Phone,Dead Animal,Dead Animal Request,6/1/2020,6/1/2020,6/1/2020,6/1/2020,Pimlico,SOUTHERN,13,SOUTHERN,577,39.215236,-76.427259,"39.215236, -76.427259"
SR-103764,In Progress,Phone,Abandoned Vehicle,Abandoned Vehicle Request,7/2/2022,7/2/2022,7/2/2022,7/2/2022,Hampden,NORTHWESTERN,1,NORTHWESTERN,303,39.341116,-76.444493,"39.341116, -76.444493"
SR-103765,In Progress,Phone,Illegal Dumping,Illegal Dumping Request,2/27/2020,2/27/2020,2/27/2020,2/27/2020,Mount Washington,NORTHWESTERN,4,NORTHWESTERN,744,39.46247,-76.449728,"39.46247, -76.449728"
SR-103766,In Progress,Phone,Abandoned Vehicle,Abandoned Vehicle Request,4/23/2019,4/23/2019,4/23/2019,4/23/2019,Govans,NORTHWESTERN,12,NORTHWESTERN,539,39.353272,-76.496538,"39.353272, -76.496538"
SR-103767,Closed,Phone,Vacant Building,Vacant Building Request,11/13/2020,11/13/2020,11/13/2020,11/13/2020,Johnston Square,SOUTHERN,9,SOUTHERN,340,39.351158,-76.414191,"39.351158, -76.414191"
SR-103768,In Progress,Phone,Graffiti,Graffiti Request,12/18/2020,12/18/2020,12/18/2020,12/18/2020,Curtis Bay,EASTERN,6,EASTERN,106,39.479757,-76.468366,"39.479757, -76.468366"
SR-103769,Open,Phone,Street Light Out,Street Light Out Request,12/19/2019,12/19/2019,12/19/2019,12/19/2019,Greenmount West,NORTHERN,13,NORTHERN,623,39.493041,-76.580468,"39.493041, -76.580468"
SR-103770,In Progress,Phone,Illegal Dumping,Illegal Dumping Request,11/20/2022,11/20/2022,11/20/2022,11/20/2022,Middle East,NORTHEASTERN,2,NORTHEASTERN,699,39.221598,-76.307971,"39.221598, -76.307971"
SR-103771,Open,Phone,Street Light Out,Street Light Out Request,3/19/2021,3/19/2021,3/19/2021,3/19/2021,Druid Heights,NORTHERN,8,NORTHERN,358,39.499254,-76.366411,"39.499254, -76.366411"
SR-103772,In Progress,Phone,Dead Animal,Dead Animal Request,12/13/2023,12/13/2023,12/13/2023,12/13/2023,Govans,NORTHERN,7,NORTHERN,178,39.361576,-76.486752,"39.361576, -76.486752"
SR-103773,Closed,Phone,Abandoned Vehicle,Abandoned Vehicle Request,9/23/2022,9/23/2022,9/23/2022,9/23/2022,Harlem Park,CENTRAL,5,CENTRAL,734,39.335441,-76.345081,"39.335441, -76.345081"
SR-103774,Open,Phone,Rat Rubout,Rat Rubout Request,6/28/2022,6/28/2022,6/28/2022,6/28/2022,Druid Heights,EASTERN,3,EASTERN,325,39.467569,-76.434206,"39.467569, -76.434206"
SR-103775,Closed,Phone,Street Light Out,Street Light Out Request,7/23/2019,7/23/2019,7/23/2019,7/23/2019,Roland Park,WESTERN,5,WESTERN,756,39.210314,-76.412528,"39.210314, -76.412528"
SR-103776,Closed,Phone,Dead Animal,Dead Animal Request,7/28/2021,7/28/2021,7/28/2021,7/28/2021,Druid Heights,WESTERN,14,WESTERN,790,39.271066,-76.538108,"39.271066, -76.538108"
SR-103777,In Progress,Phone,Pothole,Pothole Request,8/6/2022,8/6/2022,8/6/2022,8/6/2022,Curtis Bay,NORTHEASTERN,14,NORTHEASTERN,796,39.210441,-76.464311,"39.210441, -76.464311"
SR-103778,In Progress,Phone,Dirty Street,Dirty Street Request,1/24/2022,1/24/2022,1/24/2022,1/24/2022,Westport,CENTRAL,10,CENTRAL,466,39.398894,-76.564269,"39.398894, -76.564269"
SR-103779,Open,Phone,Illegal Dumping,Illegal Dumping Request,8/10/2019,8/10/2019,8/10/2019,8/10/2019,Upton,NORTHWESTERN,11,NORTHWESTERN,108,39.244147,-76.420182,"39.244147, -76.420182"
SR-103780,Closed,Phone,Illegal Dumping,Illegal Dumping Request,3/21/2023,3/21/2023,3/21/2023,3/21/2023,Brooklyn,SOUTHERN,14,SOUTHERN,134,39.472604,-76.406023,"39.472604, -76.406023"
SR-103781,Closed,Phone,Abandoned Vehicle,Abandoned Vehicle Request,10/22/2020,10/22/2020,10/22/2020,10/22/2020,Mount Washington,WESTERN,1,WESTERN,310,39.324677,-76.360754,"39.324677, -76.360754"
SR-103782,Open,Phone,Graffiti,Graffiti Request,4/21/2023,4/21/2023,4/21/2023,4/21/2023,Harlem Park,EASTERN,5,EASTERN,251,39.452169,-76.477162,"39.452169, -76.477162"
SR-103783,Closed,Phone,Abandoned Vehicle,Abandoned Vehicle Request,12/13/2021,12/13/2021,12/13/2021,12/13/2021,Guilford,WESTERN,13,WESTERN,600,39.389222,-76.494128,"39.389222, -76.494128"
SR-103784,Closed,Phone,Dead Animal,Dead Animal Request,12/6/2019,12/6/2019,12/6/2019,12/6/2019,Irvington,WESTERN,7,WESTERN,129,39.43452,-76.564788,"39.43452, -76.564788"
SR-103785,In Progress,Phone,Dirty Street,Dirty Street Request,9/23/2019,9/23/2019,9/23/2019,9/23/2019,Homeland,NORTHWESTERN,6,NORTHWESTERN,512,39.255497,-76.373721,"39.255497, -76.373721"
SR-103786,Closed,Phone,Abandoned Vehicle,Abandoned Vehicle Request,2/10/2019,2/10/2019,2/10/2019,2/10/2019,Curtis Bay,CENTRAL,1,CENTRAL,621,39.418073,-76.495086,"39.418073, -76.495086"
SR-103787,Open,Phone,Parking Complaint,Parking Complaint Request,1/6/2021,1/6/2021,1/6/2021,1/6/2021,Waverly,NORTHEASTERN,9,NORTHEASTERN,203,39.221631,-76.332374,"39.221631, -76.332374"
SR-103788,Closed,Phone,Abandoned Vehicle,Abandoned Vehicle Request,10/8/2023,10/8/2023,10/8/2023,10/8/2023,Cherry Hill,NORTHERN,5,NORTHERN,240,39.265757,-76.318786,"39.265757, -76.318786"
SR-103789,Closed,Phone,Street Light Out,Street Light Out Request,11/22/2020,11/22/2020,11/22/2020,11/22/2020,Eastwood,NORTHWESTERN,7,NORTHWESTERN,281,39.404118,-76.444934,"39.404118, -76.444934"
SR-103790,Open,Phone,Illegal Dumping,Illegal Dumping Request,3/16/2021,3/16/2021,3/16/2021,3/16/2021,Waverly,NORTHEASTERN,14,NORTHEASTERN,122,39.395432,-76.498421,"39.395432, -76.498421"
SR-103791,Open,Phone,Graffiti,Graffiti Request,2/23/2020,2/23/2020,2/23/2020,2/23/2020,Oliver,EASTERN,1,EASTERN,794,39.322598,-76.340494,"39.322598, -76.340494"
SR-103792,Closed,Phone,Parking Complaint,Parking Complaint Request,3/3/2021,3/3/2021,3/3/2021,3/3/2021,Belair-Edison,NORTHEASTERN,5,NORTHEASTERN,170,39.395328,-76.563396,"39.395328, -76.563396"
SR-103793,Open,Phone,Rat Rubout,Rat Rubout Request,5/11/2022,5/11/2022,5/11/2022,5/11/2022,Harlem Park,CENTRAL,10,CENTRAL,360,39.255876,-76.592556,"39.255876, -76.592556"
SR-103794,Open,Phone,Graffiti,Graffiti Request,5/9/2020,5/9/2020,5/9/2020,5/9/2020,Charles Village,NORTHEASTERN,5,NORTHEASTERN,517,39.312597,-76.303827,"39.312597, -76.303827"
SR-103795,Closed,Phone,Dead Animal,Dead Animal Request,1/20/2022,1/20/2022,1/20/2022,1/20/2022,Park Heights,NORTHWESTERN,10,NORTHWESTERN,630,39.423654,-76.399454,"39.423654, -76.399454"
SR-103796,Closed,Phone,Dead Animal,Dead Animal Request,11/8/2020,11/8/2020,11/8/2020,11/8/2020,Homeland,NORTHWESTERN,8,NORTHWESTERN,125,39.413539,-76.307563,"39.413539, -76.307563"
SR-103797,Open,Phone,Abandoned Vehicle,Abandoned Vehicle Request,6/7/2023,6/7/2023,6/7/2023,6/7/2023,Irvington,WESTERN,8,WESTERN,161,39.306223,-76.367747,"39.306223, -76.367747"
SR-103798,Closed,Phone,Abandoned Vehicle,Abandoned Vehicle Request,9/18/2021,9/18/2021,9/18/2021,9/18/2021,Druid Heights,NORTHWESTERN,13,NORTHWESTERN,458,39.236226,-76.487757,"39.236226, -76.487757"
SR-103799,Closed,Phone,Pothole,Pothole Request,10/20/2023,10/20/2023,10/20/2023,10/20/2023,Belair-Edison,SOUTHERN,2,SOUTHERN,308,39.462537,-76.448466,"39.462537, -76.448466"
SR-103800,In Progress,Phone,Rat Rubout,Rat Rubout Request,7/3/2019,7/3/2019,7/3/2019,7/3/2019,Sandtown-Winchester,NORTHERN,13,NORTHERN,170,39.4872,-76.507385,"39.4872, -76.507385"
SR-103801,Closed,Phone,Parking Complaint,Parking Complaint Request,2/22/2020,2/22/2020,2/22/2020,2/22/2020,Druid Heights,CENTRAL,12,CENTRAL,754,39.23678,-76.422924,"39.23678, -76.422924"
SR-103802,Closed,Phone,Dirty Street,Dirty Street Request,1/23/2019,1/23/2019,1/23/2019,1/23/2019,Sandtown-Winchester,EASTERN,5,EASTERN,528,39.433253,-76.483036,"39.433253, -76.483036"
SR-103803,In Progress,Phone,Pothole,Pothole Request,8/15/2023,8/15/2023,8/15/2023,8/15/2023,Mount Washington,CENTRAL,4,CENTRAL,207,39.258127,-76.428586,"39.258127, -76.428586"
SR-103804,Closed,Phone,Vacant Building,Vacant Building Request,12/20/2020,12/20/2020,12/20/2020,12/20/2020,Greenmount West,NORTHERN,8,NORTHERN,419,39.36314,-76.490069,"39.36314, -76.490069"
SR-103805,Open,Phone,Street Light Out,Street Light Out Request,6/15/2023,6/15/2023,6/15/2023,6/15/2023,Morrell Park,NORTHEASTERN,6,NORTHEASTERN,442,39.225013,-76.467246,"39.225013, -76.467246"
SR-103806,Open,Phone,Vacant Building,Vacant Building Request,10/23/2023,10/23/2023,10/23/2023,10/23/2023,Greenmount West,SOUTHERN,5,SOUTHERN,897,39.270706,-76.554681,"39.270706, -76.554681"
SR-103807,In Progress,Phone,Graffiti,Graffiti Request,4/4/2022,4/4/2022,4/4/2022,4/4/2022,Govans,WESTERN,10,WESTERN,530,39.297587,-76.440111,"39.297587, -76.440111"
SR-103808,In Progress,Phone,Abandoned Vehicle,Abandoned Vehicle Request,4/23/2023,4/23/2023,4/23/2023,4/23/2023,Sandtown-Winchester,WESTERN,1,WESTERN,713,39.316384,-76.524542,"39.316384, -76.524542"
SR-103809,Open,Phone,Rat Rubout,Rat Rubout Request,1/27/2020,1/27/2020,1/27/2020,1/27/2020,Belair-Edison,EASTERN,13,EASTERN,455,39.240504,-76.594009,"39.240504, -76.594009"
SR-103810,Closed,Phone,Pothole,Pothole Request,4/18/2022,4/18/2022,4/18/2022,4/18/2022,Belair-Edison,NORTHEASTERN,10,NORTHEASTERN,555,39.220235,-76.443459,"39.220235, -76.443459"
SR-103811,Closed,Phone,Vacant Building,Vacant Building Request,12/21/2020,12/21/2020,12/21/2020,12/21/2020,Curtis Bay,CENTRAL,11,CENTRAL,266,39.436744,-76.570449,"39.436744, -76.570449"
SR-103812,In Progress,Phone,Parking Complaint,Parking Complaint Request,10/20/2023,10/20/2023,10/20/2023,10/20/2023,Park Heights,WESTERN,4,WESTERN,729,39.430175,-76.336091,"39.430175, -76.336091"
SR-103813,Open,Phone,Abandoned Vehicle,Abandoned Vehicle Request,7/19/2019,7/19/2019,7/19/2019,7/19/2019,Harlem Park,NORTHWESTERN,9,NORTHWESTERN,892,39.451671,-76.569337,"39.451671, -76.569337"
SR-103814,In Progress,Phone,Vacant Building,Vacant Building Request,11/28/2021,11/28/2021,11/28/2021,11/28/2021,Charles Village,WESTERN,14,WESTERN,396,39.211175,-76.52746,"39.211175, -76.52746"
SR-103815,In Progress,Phone,Rat Rubout,Rat Rubout Request,1/26/2023,1/26/2023,1/26/2023,1/26/2023,Curtis Bay,NORTHEASTERN,4,NORTHEASTERN,382,39.306389,-76.465601,"39.306389, -76.465601"
SR-103816,In Progress,Phone,Street Light Out,Street Light Out Request,12/14/2023,12/14/2023,12/14/2023,12/14/2023,Govans,WESTERN,10,WESTERN,585,39.301912,-76.435016,"39.301912, -76.435016"
SR-103817,In Progress,Phone,Vacant Building,Vacant Building Request,12/23/2021,12/23/2021,12/23/2021,12/23/2021,Harlem Park,NORTHEASTERN,3,NORTHEASTERN,777,39.477164,-76.333155,"39.477164, -76.333155"
SR-103818,Open,Phone,Illegal Dumping,Illegal Dumping Request,10/24/2019,10/24/2019,10/24/2019,10/24/2019,Clifton Park,EASTERN,13,EASTERN,260,39.342686,-76.336812,"39.342686, -76.336812"
SR-103819,In Progress,Phone,Dead Animal,Dead Animal Request,12/11/2019,12/11/2019,12/11/2019,12/11/2019,Harlem Park,NORTHERN,9,NORTHERN,837,39.324504,-76.435342,"39.324504, -76.435342"
SR-103820,Open,Phone,Vacant Building,Vacant Building Request,9/19/2019,9/19/2019,9/19/2019,9/19/2019,Charles Village,WESTERN,13,WESTERN,351,39.266209,-76.326063,"39.266209, -76.326063"
SR-103821,In Progress,Phone,Street Light Out,Street Light Out Request,1/4/2020,1/4/2020,1/4/2020,1/4/2020,Homeland,WESTERN,2,WESTERN,267,39.34672,-76.464452,"39.34672, -76.464452"
SR-103822,Open,Phone,Graffiti,Graffiti Request,5/21/2023,5/21/2023,5/21/2023,5/21/2023,Mount Washington,NORTHERN,11,NORTHERN,102,39.467434,-76.488928,"39.467434, -76.488928"
SR-103823,In Progress,Phone,Pothole,Pothole Request,12/16/2020,12/16/2020,12/16/2020,12/16/2020,Irvington,NORTHEASTERN,7,NORTHEASTERN,509,39.441479,-76.541992,"39.441479, -76.541992"
SR-103824,Closed,Phone,Street Light Out,Street Light Out Request,11/26/2022,11/26/2022,11/26/2022,11/26/2022,Cherry Hill,NORTHEASTERN,5,NORTHEASTERN,565,39.237501,-76.31278,"39.237501, -76.31278"
SR-103825,Open,Phone,Street Light Out,Street Light Out Request,10/25/2023,10/25/2023,10/25/2023,10/25/2023,Hampden,NORTHEASTERN,2,NORTHEASTERN,542,39.277992,-76.595944,"39.277992, -76.595944"
SR-103826,Closed,Phone,Parking Complaint,Parking Complaint Request,3/12/2023,3/12/2023,3/12/2023,3/12/2023,Belair-Edison,NORTHWESTERN,6,NORTHWESTERN,440,39.402834,-76.397721,"39.402834, -76.397721"
SR-103827,Open,Phone,Rat Rubout,Rat Rubout Request,6/15/2022,6/15/2022,6/15/2022,6/15/2022,Pen Lucy,CENTRAL,14,CENTRAL,107,39.236796,-76.551192,"39.236796, -76.551192"
SR-103828,Open,Phone,Illegal Dumping,Illegal Dumping Request,7/27/2021,7/27/2021,7/27/2021,7/27/2021,Harlem Park,NORTHERN,12,NORTHERN,780,39.303782,-76.526852,"39.303782, -76.526852"
SR-103829,Closed,Phone,Dirty Street,Dirty Street Request,12/9/2022,12/9/2022,12/9/2022,12/9/2022,Pigtown,NORTHEASTERN,11,NORTHEASTERN,560,39.261188,-76.462408,"39.261188, -76.462408"
SR-103830,In Progress,Phone,Dead Animal,Dead Animal Request,11/12/2022,11/12/2022,11/12/2022,11/12/2022,Mount Washington,NORTHEASTERN,14,NORTHEASTERN,280,39.268169,-76.414236,"39.268169, -76.414236"
SR-103831,Open,Phone,Rat Rubout,Rat Rubout Request,9/10/2020,9/10/2020,9/10/2020,9/10/2020,Westport,NORTHWESTERN,12,NORTHWESTERN,254,39.470562,-76.56115,"39.470562, -76.56115"
SR-103832,Open,Phone,Graffiti,Graffiti Request,2/24/2019,2/24/2019,2/24/2019,2/24/2019,Berea,WESTERN,9,WESTERN,177,39.211006,-76.539605,"39.211006, -76.539605"
SR-103833,In Progress,Phone,Dirty Street,Dirty Street Request,9/14/2019,9/14/2019,9/14/2019,9/14/2019,Pen Lucy,NORTHERN,10,NORTHERN,801,39.442913,-76.436931,"39.442913, -76.436931"
SR-103834,Open,Phone,Illegal Dumping,Illegal Dumping Request,5/7/2021,5/7/2021,5/7/2021,5/7/2021,Pen Lucy,NORTHERN,12,NORTHERN,179,39.482385,-76.450248,"39.482385, -76.450248"
SR-103835,Closed,Phone,Rat Rubout,Rat Rubout Request,5/2/2023,5/2/2023,5/2/2023,5/2/2023,Belair-Edison,NORTHERN,6,NORTHERN,665,39.27886,-76.58137,"39.27886, -76.58137"
SR-103836,In Progress,Phone,Graffiti,Graffiti Request,1/9/2022,1/9/2022,1/9/2022,1/9/2022,Roland Park,WESTERN,9,WESTERN,767,39.370219,-76.356668,"39.370219, -76.356668"
SR-103837,Closed,Phone,Illegal Dumping,Illegal Dumping Request,4/24/2020,4/24/2020,4/24/2020,4/24/2020,Johnston Square,NORTHWESTERN,1,NORTHWESTERN,730,39.230559,-76.325047,"39.230559, -76.325047"
SR-103838,Open,Phone,Pothole,Pothole Request,4/10/2020,4/10/2020,4/10/2020,4/10/2020,Greenmount West,NORTHWESTERN,12,NORTHWESTERN,845,39.402515,-76.309793,"39.402515, -76.309793"
SR-103839,In Progress,Phone,Rat Rubout,Rat Rubout Request,9/24/2020,9/24/2020,9/24/2020,9/24/2020,Morrell Park,NORTHERN,4,NORTHERN,556,39.27035,-76.309928,"39.27035, -76.309928"
SR-103840,In Progress,Phone,Dead Animal,Dead Animal Request,4/22/2022,4/22/2022,4/22/2022,4/22/2022,Eastwood,WESTERN,6,WESTERN,662,39.297941,-76.442693,"39.297941, -76.442693"
SR-103841,In Progress,Phone,Illegal Dumping,Illegal Dumping Request,9/20/2023,9/20/2023,9/20/2023,9/20/2023,Cherry Hill,WESTERN,5,WESTERN,629,39.370547,-76.448867,"39.370547, -76.448867"
SR-103842,Closed,Phone,Illegal Dumping,Illegal Dumping Request,10/11/2021,10/11/2021,10/11/2021,10/11/2021,Berea,NORTHEASTERN,7,NORTHEASTERN,408,39.302662,-76.453554,"39.302662, -76.453554"
SR-103843,Closed,Phone,Pothole,Pothole Request,8/7/2020,8/7/2020,8/7/2020,8/7/2020,Belair-Edison,NORTHERN,8,NORTHERN,139,39.324523,-76.482556,"39.324523, -76.482556"
SR-103844,Open,Phone,Abandoned Vehicle,Abandoned Vehicle Request,8/2/2023,8/2/2023,8/2/2023,8/2/2023,Pigtown,NORTHERN,5,NORTHERN,784,39.35913,-76.412158,"39.35913, -76.412158"
SR-103845,In Progress,Phone,Vacant Building,Vacant Building Request,10/5/2019,10/5/2019,10/5/2019,10/5/2019,Berea,WESTERN,7,WESTERN,319,39.471073,-76.518967,"39.471073, -76.518967"
SR-103846,In Progress,Phone,Dirty Street,Dirty Street Request,8/25/2022,8/25/2022,8/25/2022,8/25/2022,Brooklyn,CENTRAL,5,CENTRAL,898,39.464874,-76.446907,"39.464874, -76.446907"
SR-103847,Closed,Phone,Dead Animal,Dead Animal Request,2/8/2019,2/8/2019,2/8/2019,2/8/2019,Johnston Square,NORTHERN,1,NORTHERN,376,39.497038,-76.471046,"39.497038, -76.471046"
SR-103848,Open,Phone,Dirty Street,Dirty Street Request,2/24/2023,2/24/2023,2/24/2023,2/24/2023,Morrell Park,NORTHEASTERN,6,NORTHEASTERN,566,39.369517,-76.593596,"39.369517, -76.593596"
SR-103849,Closed,Phone,Rat Rubout,Rat Rubout Request,4/4/2022,4/4/2022,4/4/2022,4/4/2022,Morrell Park,NORTHERN,12,NORTHERN,171,39.21566,-76.548011,"39.21566, -76.548011"
SR-103850,Open,Phone,Street Light Out,Street Light Out Request,3/11/2020,3/11/2020,3/11/2020,3/11/2020,Curtis Bay,EASTERN,10,EASTERN,109,39.356098,-76.578448,"39.356098, -76.578448"
SR-103851,Closed,Phone,Dead Animal,Dead Animal Request,3/3/2020,3/3/2020,3/3/2020,3/3/2020,Curtis Bay,NORTHWESTERN,7,NORTHWESTERN,731,39.447405,-76.447945,"39.447405, -76.447945"
SR-103852,Open,Phone,Pothole,Pothole Request,9/13/2019,9/13/2019,9/13/2019,9/13/2019,Clifton Park,CENTRAL,13,CENTRAL,415,39.464194,-76.59565,"39.464194, -76.59565"
SR-103853,Closed,Phone,Vacant Building,Vacant Building Request,6/16/2023,6/16/2023,6/16/2023,6/16/2023,Upton,CENTRAL,6,CENTRAL,859,39.226617,-76.476692,"39.226617, -76.476692"
SR-103854,Closed,Phone,Parking Complaint,Parking Complaint Request,6/23/2021,6/23/2021,6/23/2021,6/23/2021,Middle East,CENTRAL,11,CENTRAL,175,39.369966,-76.447429,"39.369966, -76.447429"
SR-103855,Open,Phone,Pothole,Pothole Request,4/24/2021,4/24/2021,4/24/2021,4/24/2021,Clifton Park,NORTHEASTERN,14,NORTHEASTERN,392,39.309097,-76.511829,"39.309097, -76.511829"
SR-103856,In Progress,Phone,Graffiti,Graffiti Request,1/22/2020,1/22/2020,1/22/2020,1/22/2020,Morrell Park,NORTHWESTERN,10,NORTHWESTERN,697,39.430673,-76.458665,"39.430673, -76.458665"
SR-103857,Open,Phone,Illegal Dumping,Illegal Dumping Request,5/12/2020,5/12/2020,5/12/2020,5/12/2020,Roland Park,NORTHERN,11,NORTHERN,127,39.221457,-76.532685,"39.221457, -76.532685"
SR-103858,Open,Phone,Illegal Dumping,Illegal Dumping Request,7/15/2020,7/15/2020,7/15/2020,7/15/2020,Homeland,EASTERN,10,EASTERN,484,39.453677,-76.380359,"39.453677, -76.380359"
SR-103859,Closed,Phone,Street Light Out,Street Light Out Request,10/19/2023,10/19/2023,10/19/2023,10/19/2023,Belair-Edison,SOUTHERN,11,SOUTHERN,831,39.461358,-76.347252,"39.461358, -76.347252"
SR-103860,Closed,Phone,Abandoned Vehicle,Abandoned Vehicle Request,2/11/2022,2/11/2022,2/11/2022,2/11/2022,Roland Park,NORTHWESTERN,14,NORTHWESTERN,818,39.335771,-76.455475,"39.335771, -76.455475"
SR-103861,In Progress,Phone,Parking Complaint,Parking Complaint Request,7/7/2020,7/7/2020,7/7/2020,7/7/2020,Cherry Hill,CENTRAL,2,CENTRAL,489,39.233494,-76.300168,"39.233494, -76.300168"
SR-103862,Closed,Phone,Illegal Dumping,Illegal Dumping Request,9/27/2020,9/27/2020,9/27/2020,9/27/2020,Berea,NORTHEASTERN,9,NORTHEASTERN,197,39.357658,-76.364056,"39.357658, -76.364056"
SR-103863,In Progress,Phone,Illegal Dumping,Illegal Dumping Request,3/10/2021,3/10/2021,3/10/2021,3/10/2021,Sandtown-Winchester,NORTHERN,11,NORTHERN,648,39.203733,-76.50579,"39.203733, -76.50579"
SR-103864,Closed,Phone,Dead Animal,Dead Animal Request,3/3/2021,3/3/2021,3/3/2021,3/3/2021,Brooklyn,SOUTHERN,11,SOUTHERN,446,39.464256,-76.404514,"39.464256, -76.404514"
SR-103865,Open,Phone,Vacant Building,Vacant Building Request,2/10/2022,2/10/2022,2/10/2022,2/10/2022,Oliver,WESTERN,10,WESTERN,682,39.206935,-76.501351,"39.206935, -76.501351"
SR-103866,Closed,Phone,Illegal Dumping,Illegal Dumping Request,5/8/2023,5/8/2023,5/8/2023,5/8/2023,Oliver,WESTERN,10,WESTERN,186,39.251421,-76.454419,"39.251421, -76.454419"
SR-103867,Open,Phone,Illegal Dumping,Illegal Dumping Request,5/14/2022,5/14/2022,5/14/2022,5/14/2022,Druid Heights,NORTHEASTERN,13,NORTHEASTERN,342,39.481249,-76.478248,"39.481249, -76.478248"
SR-103868,In Progress,Phone,Parking Complaint,Parking Complaint Request,1/14/2019,1/14/2019,1/14/2019,1/14/2019,Sandtown-Winchester,NORTHWESTERN,4,NORTHWESTERN,260,39.437215,-76.40451,"39.437215, -76.40451"
SR-103869,Open,Phone,Abandoned Vehicle,Abandoned Vehicle Request,1/21/2020,1/21/2020,1/21/2020,1/21/2020,Harlem Park,SOUTHERN,14,SOUTHERN,109,39.244434,-76.516442,"39.244434, -76.516442"
SR-103870,Open,Phone,Pothole,Pothole Request,5/17/2023,5/17/2023,5/17/2023,5/17/2023,Pigtown,NORTHWESTERN,8,NORTHWESTERN,241,39.497646,-76.539649,"39.497646, -76.539649"
SR-103871,Closed,Phone,Abandoned Vehicle,Abandoned Vehicle Request,9/20/2019,9/20/2019,9/20/2019,9/20/2019,Westport,SOUTHERN,9,SOUTHERN,424,39.416663,-76.34619,"39.416663, -76.34619"
SR-103872,Open,Phone,Illegal Dumping,Illegal Dumping Request,11/27/2023,11/27/2023,11/27/2023,11/27/2023,Roland Park,CENTRAL,4,CENTRAL,263,39.243448,-76.335838,"39.243448, -76.335838"
SR-103873,Open,Phone,Vacant Building,Vacant Building Request,5/22/2021,5/22/2021,5/22/2021,5/22/2021,Govans,WESTERN,10,WESTERN,218,39.265913,-76.594115,"39.265913, -76.594115"
SR-103874,Open,Phone,Illegal Dumping,Illegal Dumping Request,10/16/2019,10/16/2019,10/16/2019,10/16/2019,Guilford,NORTHWESTERN,6,NORTHWESTERN,604,39.475539,-76.535784,"39.475539, -76.535784"
SR-103875,Open,Phone,Abandoned Vehicle,Abandoned Vehicle Request,9/25/2022,9/25/2022,9/25/2022,9/25/2022,Druid Heights,CENTRAL,3,CENTRAL,568,39.203857,-76.377848,"39.203857, -76.377848"
SR-103876,Open,Phone,Rat Rubout,Rat Rubout Request,10/7/2022,10/7/2022,10/7/2022,10/7/2022,Morrell Park,WESTERN,9,WESTERN,116,39.263922,-76.428916,"39.263922, -76.428916"
SR-103877,In Progress,Phone,Pothole,Pothole Request,7/17/2020,7/17/2020,7/17/2020,7/17/2020,Oliver,SOUTHERN,2,SOUTHERN,577,39.235802,-76.494341,"39.235802, -76.494341"
SR-103878,Open,Phone,Pothole,Pothole Request,8/28/2021,8/28/2021,8/28/2021,8/28/2021,Oliver,SOUTHERN,7,SOUTHERN,747,39.26613,-76.57715,"39.26613, -76.57715"
SR-103879,Open,Phone,Dead Animal,Dead Animal Request,2/12/2023,2/12/2023,2/12/2023,2/12/2023,Waverly,CENTRAL,1,CENTRAL,785,39.328222,-76.506687,"39.328222, -76.506687"
SR-103880,Closed,Phone,Abandoned Vehicle,Abandoned Vehicle Request,9/1/2022,9/1/2022,9/1/2022,9/1/2022,Irvington,CENTRAL,1,CENTRAL,642,39.207783,-76.53691,"39.207783, -76.53691"
SR-103881,Closed,Phone,Vacant Building,Vacant Building Request,8/24/2023,8/24/2023,8/24/2023,8/24/2023,Clifton Park,NORTHEASTERN,10,NORTHEASTERN,440,39.332916,-76.498392,"39.332916, -76.498392"
SR-103882,In Progress,Phone,Rat Rubout,Rat Rubout Request,1/18/2021,1/18/2021,1/18/2021,1/18/2021,Westport,NORTHERN,4,NORTHERN,602,39.350196,-76.334875,"39.350196, -76.334875"
SR-103883,Open,Phone,Graffiti,Graffiti Request,4/1/2023,4/1/2023,4/1/2023,4/1/2023,Cherry Hill,NORTHEASTERN,11,NORTHEASTERN,405,39.36659,-76.594886,"39.36659, -76.594886"
SR-103884,In Progress,Phone,Vacant Building,Vacant Building Request,7/1/2023,7/1/2023,7/1/2023,7/1/2023,Berea,NORTHWESTERN,13,NORTHWESTERN,663,39.325964,-76.583277,"39.325964, -76.583277"
SR-103885,Closed,Phone,Abandoned Vehicle,Abandoned Vehicle Request,5/8/2023,5/8/2023,5/8/2023,5/8/2023,Oliver,NORTHWESTERN,4,NORTHWESTERN,403,39.229914,-76.37061,"39.229914, -76.37061"
SR-103886,Open,Phone,Rat Rubout,Rat Rubout Request,12/16/2023,12/16/2023,12/16/2023,12/16/2023,Roland Park,NORTHWESTERN,14,NORTHWESTERN,349,39.24279,-76.494844,"39.24279, -76.494844"
SR-103887,Open,Phone,Dead Animal,Dead Animal Request,5/16/2021,5/16/2021,5/16/2021,5/16/2021,Middle East,NORTHEASTERN,10,NORTHEASTERN,713,39.411185,-76.363186,"39.411185, -76.363186"
SR-103888,Closed,Phone,Rat Rubout,Rat Rubout Request,6/11/2022,6/11/2022,6/11/2022,6/11/2022,Pimlico,SOUTHERN,6,SOUTHERN,811,39.268741,-76.59063,"39.268741, -76.59063"
SR-103889,In Progress,Phone,Pothole,Pothole Request,4/26/2019,4/26/2019,4/26/2019,4/26/2019,Hampden,SOUTHERN,14,SOUTHERN,380,39.499079,-76.458565,"39.499079, -76.458565"
SR-103890,Open,Phone,Dirty Street,Dirty Street Request,3/19/2020,3/19/2020,3/19/2020,3/19/2020,Mount Washington,SOUTHERN,3,SOUTHERN,871,39.239648,-76.368398,"39.239648, -76.368398"
SR-103891,In Progress,Phone,Street Light Out,Street Light Out Request,3/8/2019,3/8/2019,3/8/2019,3/8/2019,Belair-Edison,NORTHWESTERN,4,NORTHWESTERN,259,39.467796,-76.597526,"39.467796, -76.597526"
SR-103892,In Progress,Phone,Dirty Street,Dirty Street Request,9/17/2020,9/17/2020,9/17/2020,9/17/2020,Clifton Park,NORTHERN,11,NORTHERN,285,39.417569,-76.361376,"39.417569, -76.361376"
SR-103893,In Progress,Phone,Illegal Dumping,Illegal Dumping Request,1/2/2022,1/2/2022,1/2/2022,1/2/2022,Eastwood,CENTRAL,13,CENTRAL,217,39.241683,-76.472959,"39.241683, -76.472959"
SR-103894,Closed,Phone,Parking Complaint,Parking Complaint Request,5/4/2023,5/4/2023,5/4/2023,5/4/2023,Sandtown-Winchester,NORTHERN,12,NORTHERN,607,39.428308,-76.327059,"39.428308, -76.327059"
SR-103895,Closed,Phone,Dead Animal,Dead Animal Request,6/7/2022,6/7/2022,6/7/2022,6/7/2022,Oliver,CENTRAL,11,CENTRAL,595,39.364801,-76.542492,"39.364801, -76.542492"
SR-103896,Closed,Phone,Graffiti,Graffiti Request,12/10/2022,12/10/2022,12/10/2022,12/10/2022,Oliver,NORTHWESTERN,14,NORTHWESTERN,776,39.332672,-76.499612,"39.332672, -76.499612"
SR-103897,In Progress,Phone,Pothole,Pothole Request,9/24/2020,9/24/2020,9/24/2020,9/24/2020,Oliver,NORTHWESTERN,12,NORTHWESTERN,328,39.444016,-76.519927,"39.444016, -76.519927"
SR-103898,Open,Phone,Abandoned Vehicle,Abandoned Vehicle Request,8/24/2019,8/24/2019,8/24/2019,8/24/2019,Govans,WESTERN,1,WESTERN,876,39.421398,-76.433693,"39.421398, -76.433693"
SR-103899,In Progress,Phone,Graffiti,Graffiti Request,10/3/2022,10/3/2022,10/3/2022,10/3/2022,Clifton Park,WESTERN,9,WESTERN,206,39.35675,-76.427988,"39.35675, -76.427988"
SR-103900,In Progress,Phone,Abandoned Vehicle,Abandoned Vehicle Request,6/11/2021,6/11/2021,6/11/2021,6/11/2021,Hampden,EASTERN,11,EASTERN,303,39.41416,-76.368372,"39.41416, -76.368372"
SR-103901,Closed,Phone,Pothole,Pothole Request,1/9/2019,1/9/2019,1/9/2019,1/9/2019,Oliver,NORTHERN,14,NORTHERN,495,39.251985,-76.53985,"39.251985, -76.53985"
SR-103902,Closed,Phone,Graffiti,Graffiti Request,7/10/2023,7/10/2023,7/10/2023,7/10/2023,Charles Village,NORTHWESTERN,8,NORTHWESTERN,582,39.317633,-76.418817,"39.317633, -76.418817"
SR-103903,Closed,Phone,Graffiti,Graffiti Request,9/20/2020,9/20/2020,9/20/2020,9/20/2020,Clifton Park,NORTHEASTERN,11,NORTHEASTERN,537,39.401053,-76.314663,"39.401053, -76.314663"
SR-103904,Closed,Phone,Parking Complaint,Parking Complaint Request,1/26/2023,1/26/2023,1/26/2023,1/26/2023,Clifton Park,SOUTHERN,7,SOUTHERN,640,39.413578,-76.46486,"39.413578, -76.46486"
SR-103905,In Progress,Phone,Dead Animal,Dead Animal Request,3/19/2022,3/19/2022,3/19/2022,3/19/2022,Middle East,WESTERN,1,WESTERN,185,39.221622,-76.590988,"39.221622, -76.590988"
SR-103906,Open,Phone,Street Light Out,Street Light Out Request,5/1/2021,5/1/2021,5/1/2021,5/1/2021,Berea,SOUTHERN,8,SOUTHERN,123,39.426087,-76.514058,"39.426087, -76.514058"
SR-103907,Open,Phone,Graffiti,Graffiti Request,2/23/2023,2/23/2023,2/23/2023,2/23/2023,Roland Park,NORTHWESTERN,5,NORTHWESTERN,715,39.345099,-76.519691,"39.345099, -76.519691"
SR-103908,Closed,Phone,Abandoned Vehicle,Abandoned Vehicle Request,10/6/2022,10/6/2022,10/6/2022,10/6/2022,Roland Park,NORTHEASTERN,8,NORTHEASTERN,354,39.357773,-76.539137,"39.357773, -76.539137"
SR-103909,Open,Phone,Street Light Out,Street Light Out Request,1/23/2020,1/23/2020,1/23/2020,1/23/2020,Govans,NORTHWESTERN,13,NORTHWESTERN,804,39.320388,-76.322012,"39.320388, -76.322012"
SR-103910,Open,Phone,Dirty Street,Dirty Street Request,3/13/2022,3/13/2022,3/13/2022,3/13/2022,Harlem Park,CENTRAL,12,CENTRAL,474,39.272761,-76.335848,"39.272761, -76.335848"
SR-103911,In Progress,Phone,Graffiti,Graffiti Request,3/23/2021,3/23/2021,3/23/2021,3/23/2021,Waverly,WESTERN,6,WESTERN,327,39.482054,-76.469381,"39.482054, -76.469381"
SR-103912,Open,Phone,Rat Rubout,Rat Rubout Request,4/19/2022,4/19/2022,4/19/2022,4/19/2022,Irvington,SOUTHERN,5,SOUTHERN,308,39.3476,-76.544236,"39.3476, -76.544236"
SR-103913,Closed,Phone,Vacant Building,Vacant Building Request,1/19/2023,1/19/2023,1/19/2023,1/19/2023,Guilford,SOUTHERN,10,SOUTHERN,893,39.242765,-76.373518,"39.242765, -76.373518"
SR-103914,Open,Phone,Rat Rubout,Rat Rubout Request,5/9/2020,5/9/2020,5/9/2020,5/9/2020,Cherry Hill,EASTERN,1,EASTERN,479,39.263089,-76.524656,"39.263089, -76.524656"
SR-103915,Closed,Phone,Graffiti,Graffiti Request,10/13/2023,10/13/2023,10/13/2023,10/13/2023,Westport,SOUTHERN,8,SOUTHERN,273,39.378679,-76.408928,"39.378679, -76.408928"
SR-103916,Open,Phone,Parking Complaint,Parking Complaint Request,6/21/2022,6/21/2022,6/21/2022,6/21/2022,Berea,EASTERN,13,EASTERN,603,39.421856,-76.300052,"39.421856, -76.300052"
SR-103917,In Progress,Phone,Street Light Out,Street Light Out Request,12/23/2021,12/23/2021,12/23/2021,12/23/2021,Brooklyn,SOUTHERN,2,SOUTHERN,569,39.449589,-76.593006,"39.449589, -76.593006"
SR-103918,Closed,Phone,Abandoned Vehicle,Abandoned Vehicle Request,6/11/2022,6/11/2022,6/11/2022,6/11/2022,Middle East,NORTHEASTERN,3,NORTHEASTERN,306,39.328221,-76.457104,"39.328221, -76.457104"
SR-103919,Closed,Phone,Pothole,Pothole Request,11/10/2022,11/10/2022,11/10/2022,11/10/2022,Upton,SOUTHERN,7,SOUTHERN,466,39.245505,-76.325265,"39.245505, -76.325265"
SR-103920,Open,Phone,Illegal Dumping,Illegal Dumping Request,7/25/2022,7/25/2022,7/25/2022,7/25/2022,Oliver,WESTERN,5,WESTERN,333,39.356659,-76.392769,"39.356659, -76.392769"
SR-103921,Open,Phone,Parking Complaint,Parking Complaint Request,8/28/2021,8/28/2021,8/28/2021,8/28/2021,Charles Village,SOUTHERN,12,SOUTHERN,814,39.424042,-76.530434,"39.424042, -76.530434"
SR-103922,Open,Phone,Rat Rubout,Rat Rubout Request,11/8/2022,11/8/2022,11/8/2022,11/8/2022,Morrell Park,EASTERN,3,EASTERN,105,39.470418,-76.471753,"39.470418, -76.471753"
SR-103923,Open,Phone,Parking Complaint,Parking Complaint Request,10/16/2021,10/16/2021,10/16/2021,10/16/2021,Homeland,SOUTHERN,13,SOUTHERN,358,39.344577,-76.38356,"39.344577, -76.38356"
SR-103924,Closed,Phone,Parking Complaint,Parking Complaint Request,6/26/2023,6/26/2023,6/26/2023,6/26/2023,Harlem Park,SOUTHERN,10,SOUTHERN,270,39.436515,-76.322776,"39.436515, -76.322776"
SR-103925,In Progress,Phone,Graffiti,Graffiti Request,12/20/2019,12/20/2019,12/20/2019,12/20/2019,Pimlico,NORTHERN,7,NORTHERN,451,39.226055,-76.401914,"39.226055, -76.401914"
SR-103926,Closed,Phone,Street Light Out,Street Light Out Request,10/28/2020,10/28/2020,10/28/2020,10/28/2020,Waverly,NORTHERN,4,NORTHERN,514,39.400553,-76.562665,"39.400553, -76.562665"
SR-103927,In Progress,Phone,Vacant Building,Vacant Building Request,1/25/2023,1/25/2023,1/25/2023,1/25/2023,Belair-Edison,SOUTHERN,10,SOUTHERN,324,39.330039,-76.459125,"39.330039, -76.459125"
SR-103928,Open,Phone,Pothole,Pothole Request,4/19/2023,4/19/2023,4/19/2023,4/19/2023,Roland Park,NORTHWESTERN,9,NORTHWESTERN,495,39.24529,-76.315276,"39.24529, -76.315276"
SR-103929,In Progress,Phone,Graffiti,Graffiti Request,4/28/2022,4/28/2022,4/28/2022,4/28/2022,Eastwood,NORTHWESTERN,6,NORTHWESTERN,861,39.279268,-76.573066,"39.279268, -76.573066"
SR-103930,Open,Phone,Graffiti,Graffiti Request,8/17/2023,8/17/2023,8/17/2023,8/17/2023,Harlem Park,NORTHWESTERN,1,NORTHWESTERN,168,39.289931,-76.578726,"39.289931, -76.578726"
SR-103931,Open,Phone,Street Light Out,Street Light Out Request,1/13/2023,1/13/2023,1/13/2023,1/13/2023,Upton,NORTHERN,6,NORTHERN,279,39.269035,-76.474667,"39.269035, -76.474667"
SR-103932,Open,Phone,Parking Complaint,Parking Complaint Request,11/10/2022,11/10/2022,11/10/2022,11/10/2022,Eastwood,NORTHWESTERN,9,NORTHWESTERN,851,39.23661,-76.49973,"39.23661, -76.49973"
SR-103933,Open,Phone,Pothole,Pothole Request,4/17/2022,4/17/2022,4/17/2022,4/17/2022,Westport,WESTERN,14,WESTERN,163,39.200963,-76.566655,"39.200963, -76.566655"
SR-103934,Open,Phone,Pothole,Pothole Request,2/6/2020,2/6/2020,2/6/2020,2/6/2020,Pimlico,NORTHERN,12,NORTHERN,522,39.400045,-76.456439,"39.400045, -76.456439"
SR-103935,Closed,Phone,Dirty Street,Dirty Street Request,12/26/2022,12/26/2022,12/26/2022,12/26/2022,Oliver,WESTERN,7,WESTERN,396,39.359512,-76.371859,"39.359512, -76.371859"
SR-103936,Open,Phone,Dead Animal,Dead Animal Request,9/7/2020,9/7/2020,9/7/2020,9/7/2020,Pimlico,NORTHWESTERN,8,NORTHWESTERN,744,39.26122,-76.586289,"39.26122, -76.586289"
SR-103937,Closed,Phone,Graffiti,Graffiti Request,7/1/2022,7/1/2022,7/1/2022,7/1/2022,Homeland,SOUTHERN,4,SOUTHERN,760,39.212,-76.46693,"39.212, -76.46693"
SR-103938,Open,Phone,Graffiti,Graffiti Request,10/14/2020,10/14/2020,10/14/2020,10/14/2020,Pimlico,NORTHWESTERN,3,NORTHWESTERN,592,39.281027,-76.507361,"39.281027, -76.507361"
SR-103939,In Progress,Phone,Rat Rubout,Rat Rubout Request,8/27/2021,8/27/2021,8/27/2021,8/27/2021,Waverly,NORTHERN,13,NORTHERN,243,39.365667,-76.547382,"39.365667, -76.547382"
SR-103940,Open,Phone,Abandoned Vehicle,Abandoned Vehicle Request,11/7/2023,11/7/2023,11/7/2023,11/7/2023,Harlem Park,WESTERN,1,WESTERN,732,39.470654,-76.578449,"39.470654, -76.578449"
SR-103941,In Progress,Phone,Parking Complaint,Parking Complaint Request,6/10/2021,6/10/2021,6/10/2021,6/10/2021,Middle East,EASTERN,1,EASTERN,393,39.349578,-76.384547,"39.349578, -76.384547"
SR-103942,Closed,Phone,Abandoned Vehicle,Abandoned Vehicle Request,8/2/2023,8/2/2023,8/2/2023,8/2/2023,Oliver,SOUTHERN,9,SOUTHERN,569,39.436245,-76.444354,"39.436245, -76.444354"
SR-103943,Open,Phone,Dead Animal,Dead Animal Request,2/4/2021,2/4/2021,2/4/2021,2/4/2021,Harlem Park,NORTHWESTERN,2,NORTHWESTERN,109,39.361646,-76.577829,"39.361646, -76.577829"
SR-103944,Closed,Phone,Illegal Dumping,Illegal Dumping Request,2/12/2019,2/12/2019,2/12/2019,2/12/2019,Middle East,NORTHWESTERN,3,NORTHWESTERN,559,39.42574,-76.397679,"39.42574, -76.397679"
SR-103945,Open,Phone,Pothole,Pothole Request,12/11/2019,12/11/2019,12/11/2019,12/11/2019,Berea,NORTHEASTERN,13,NORTHEASTERN,671,39.352643,-76.477647,"39.352643, -76.477647"
SR-103946,Open,Phone,Abandoned Vehicle,Abandoned Vehicle Request,2/20/2021,2/20/2021,2/20/2021,2/20/2021,Eastwood,NORTHERN,2,NORTHERN,713,39.460688,-76.506456,"39.460688, -76.506456"
SR-103947,In Progress,Phone,Pothole,Pothole Request,5/13/2022,5/13/2022,5/13/2022,5/13/2022,Pigtown,SOUTHERN,3,SOUTHERN,354,39.416806,-76.451327,"39.416806, -76.451327"
SR-103948,In Progress,Phone,Illegal Dumping,Illegal Dumping Request,9/7/2019,9/7/2019,9/7/2019,9/7/2019,Cherry Hill,CENTRAL,6,CENTRAL,301,39.344262,-76.388713,"39.344262, -76.388713"
SR-103949,Open,Phone,Abandoned Vehicle,Abandoned Vehicle Request,4/11/2020,4/11/2020,4/11/2020,4/11/2020,Middle East,WESTERN,6,WESTERN,184,39.409783,-76.566235,"39.409783, -76.566235"
SR-103950,Closed,Phone,Rat Rubout,Rat Rubout Request,7/8/2023,7/8/2023,7/8/2023,7/8/2023,Johnston Square,NORTHERN,8,NORTHERN,630,39.395104,-76.32315,"39.395104, -76.32315"
SR-103951,Open,Phone,Rat Rubout,Rat Rubout Request,11/12/2023,11/12/2023,11/12/2023,11/12/2023,Govans,WESTERN,7,WESTERN,810,39.340659,-76.342472,"39.340659, -76.342472"
SR-103952,In Progress,Phone,Dirty Street,Dirty Street Request,8/23/2020,8/23/2020,8/23/2020,8/23/2020,Johnston Square,CENTRAL,13,CENTRAL,133,39.308743,-76.439668,"39.308743, -76.439668"
SR-103953,In Progress,Phone,Parking Complaint,Parking Complaint Request,12/23/2021,12/23/2021,12/23/2021,12/23/2021,Guilford,WESTERN,7,WESTERN,323,39.330941,-76.557085,"39.330941, -76.557085"
SR-103954,In Progress,Phone,Parking Complaint,Parking Complaint Request,9/16/2021,9/16/2021,9/16/2021,9/16/2021,Pen Lucy,CENTRAL,14,CENTRAL,633,39.424649,-76.300185,"39.424649, -76.300185"
SR-103955,In Progress,Phone,Graffiti,Graffiti Request,6/4/2019,6/4/2019,6/4/2019,6/4/2019,Sandtown-Winchester,NORTHEASTERN,3,NORTHEASTERN,777,39.351699,-76.359972,"39.351699, -76.359972"
SR-103956,In Progress,Phone,Pothole,Pothole Request,5/4/2022,5/4/2022,5/4/2022,5/4/2022,Guilford,NORTHERN,1,NORTHERN,474,39.247089,-76.356658,"39.247089, -76.356658"
SR-103957,Open,Phone,Street Light Out,Street Light Out Request,10/27/2021,10/27/2021,10/27/2021,10/27/2021,Berea,NORTHWESTERN,12,NORTHWESTERN,645,39.431541,-76.44303,"39.431541, -76.44303"
SR-103958,Closed,Phone,Street Light Out,Street Light Out Request,7/28/2020,7/28/2020,7/28/2020,7/28/2020,Curtis Bay,SOUTHERN,9,SOUTHERN,284,39.27329,-76.323988,"39.27329, -76.323988"
SR-103959,In Progress,Phone,Street Light Out,Street Light Out Request,7/23/2019,7/23/2019,7/23/2019,7/23/2019,Johnston Square,EASTERN,1,EASTERN,733,39.210807,-76.55643,"39.210807, -76.55643"
SR-103960,In Progress,Phone,Abandoned Vehicle,Abandoned Vehicle Request,12/21/2022,12/21/2022,12/21/2022,12/21/2022,Upton,NORTHERN,2,NORTHERN,733,39.461471,-76.308474,"39.461471, -76.308474"
SR-103961,Open,Phone,Parking Complaint,Parking Complaint Request,10/26/2019,10/26/2019,10/26/2019,10/26/2019,Pen Lucy,WESTERN,11,WESTERN,686,39.410904,-76.363861,"39.410904, -76.363861"
SR-103962,In Progress,Phone,Dead Animal,Dead Animal Request,4/5/2020,4/5/2020,4/5/2020,4/5/2020,Irvington,NORTHWESTERN,4,NORTHWESTERN,509,39.329375,-76.392043,"39.329375, -76.392043"
SR-103963,Closed,Phone,Dirty Street,Dirty Street Request,12/2/2021,12/2/2021,12/2/2021,12/2/2021,Pen Lucy,SOUTHERN,2,SOUTHERN,171,39.497401,-76.457017,"39.497401, -76.457017"
SR-103964,In Progress,Phone,Abandoned Vehicle,Abandoned Vehicle Request,1/28/2020,1/28/2020,1/28/2020,1/28/2020,Upton,NORTHERN,2,NORTHERN,503,39.461386,-76.549256,"39.461386, -76.549256"
SR-103965,In Progress,Phone,Graffiti,Graffiti Request,5/22/2022,5/22/2022,5/22/2022,5/22/2022,Curtis Bay,NORTHEASTERN,9,NORTHEASTERN,682,39.38551,-76.344561,"39.38551, -76.344561"
SR-103966,Open,Phone,Pothole,Pothole Request,4/8/2022,4/8/2022,4/8/2022,4/8/2022,Belair-Edison,CENTRAL,7,CENTRAL,350,39.381831,-76.499353,"39.381831, -76.499353"
SR-103967,Closed,Phone,Abandoned Vehicle,Abandoned Vehicle Request,10/6/2022,10/6/2022,10/6/2022,10/6/2022,Park Heights,SOUTHERN,7,SOUTHERN,242,39.315004,-76.360775,"39.315004, -76.360775"
SR-103968,In Progress,Phone,Parking Complaint,Parking Complaint Request,12/19/2023,12/19/2023,12/19/2023,12/19/2023,Pigtown,NORTHWESTERN,14,NORTHWESTERN,328,39.493329,-76.308492,"39.493329, -76.308492"
SR-103969,In Progress,Phone,Parking Complaint,Parking Complaint Request,5/5/2022,5/5/2022,5/5/2022,5/5/2022,Morrell Park,NORTHEASTERN,11,NORTHEASTERN,739,39.326939,-76.536742,"39.326939, -76.536742"
SR-103970,Closed,Phone,Abandoned Vehicle,Abandoned Vehicle Request,9/1/2020,9/1/2020,9/1/2020,9/1/2020,Upton,NORTHWESTERN,1,NORTHWESTERN,747,39.447247,-76.407258,"39.447247, -76.407258"
SR-103971,In Progress,Phone,Dead Animal,Dead Animal Request,1/20/2022,1/20/2022,1/20/2022,1/20/2022,Charles Village,NORTHERN,11,NORTHERN,351,39.221398,-76.580092,"39.221398, -76.580092"
SR-103972,Closed,Phone,Dead Animal,Dead Animal Request,7/4/2020,7/4/2020,7/4/2020,7/4/2020,Pen Lucy,NORTHERN,2,NORTHERN,661,39.376619,-76.539447,"39.376619, -76.539447"
SR-103973,In Progress,Phone,Dirty Street,Dirty Street Request,11/9/2021,11/9/2021,11/9/2021,11/9/2021,Morrell Park,SOUTHERN,2,SOUTHERN,804,39.478968,-76.494618,"39.478968, -76.494618"
SR-103974,In Progress,Phone,Illegal Dumping,Illegal Dumping Request,3/8/2021,3/8/2021,3/8/2021,3/8/2021,Waverly,CENTRAL,6,CENTRAL,121,39.36825,-76.468183,"39.36825, -76.468183"
SR-103975,Closed,Phone,Dead Animal,Dead Animal Request,8/23/2022,8/23/2022,8/23/2022,8/23/2022,Waverly,NORTHERN,13,NORTHERN,325,39.242514,-76.339885,"39.242514, -76.339885"
SR-103976,Closed,Phone,Graffiti,Graffiti Request,10/1/2019,10/1/2019,10/1/2019,10/1/2019,Johnston Square,NORTHERN,5,NORTHERN,398,39.271947,-76.321319,"39.271947, -76.321319"
SR-103977,Closed,Phone,Illegal Dumping,Illegal Dumping Request,1/23/2023,1/23/2023,1/23/2023,1/23/2023,Hampden,NORTHWESTERN,10,NORTHWESTERN,443,39.402784,-76.531945,"39.402784, -76.531945"
SR-103978,In Progress,Phone,Parking Complaint,Parking Complaint Request,12/5/2020,12/5/2020,12/5/2020,12/5/2020,Berea,NORTHWESTERN,1,NORTHWESTERN,220,39.308245,-76.352921,"39.308245, -76.352921"
SR-103979,In Progress,Phone,Rat Rubout,Rat Rubout Request,9/10/2019,9/10/2019,9/10/2019,9/10/2019,Cherry Hill,WESTERN,5,WESTERN,441,39.38376,-76.409067,"39.38376, -76.409067"
SR-103980,In Progress,Phone,Pothole,Pothole Request,4/28/2019,4/28/2019,4/28/2019,4/28/2019,Irvington,NORTHERN,13,NORTHERN,689,39.429428,-76.483765,"39.429428, -76.483765"
SR-103981,In Progress,Phone,Pothole,Pothole Request,5/14/2020,5/14/2020,5/14/2020,5/14/2020,Morrell Park,NORTHEASTERN,7,NORTHEASTERN,455,39.314499,-76.360232,"39.314499, -76.360232"
SR-103982,Open,Phone,Vacant Building,Vacant Building Request,2/22/2020,2/22/2020,2/22/2020,2/22/2020,Govans,NORTHEASTERN,8,NORTHEASTERN,284,39.341582,-76.300622,"39.341582, -76.300622"
SR-103983,In Progress,Phone,Street Light Out,Street Light Out Request,7/18/2019,7/18/2019,7/18/2019,7/18/2019,Brooklyn,SOUTHERN,6,SOUTHERN,755,39.348846,-76.455579,"39.348846, -76.455579"
SR-103984,In Progress,Phone,Street Light Out,Street Light Out Request,7/18/2022,7/18/2022,7/18/2022,7/18/2022,Brooklyn,WESTERN,4,WESTERN,846,39.412254,-76.304051,"39.412254, -76.304051"
SR-103985,Closed,Phone,Rat Rubout,Rat Rubout Request,2/18/2020,2/18/2020,2/18/2020,2/18/2020,Westport,CENTRAL,2,CENTRAL,506,39.38405,-76.33516,"39.38405, -76.33516"
SR-103986,Closed,Phone,Street Light Out,Street Light Out Request,3/28/2023,3/28/2023,3/28/2023,3/28/2023,Hampden,WESTERN,12,WESTERN,480,39.372943,-76.368281,"39.372943, -76.368281"
SR-103987,In Progress,Phone,Pothole,Pothole Request,3/22/2021,3/22/2021,3/22/2021,3/22/2021,Curtis Bay,CENTRAL,1,CENTRAL,567,39.298839,-76.478148,"39.298839, -76.478148"
SR-103988,Open,Phone,Parking Complaint,Parking Complaint Request,7/15/2020,7/15/2020,7/15/2020,7/15/2020,Curtis Bay,SOUTHERN,14,SOUTHERN,875,39.305765,-76.547061,"39.305765, -76.547061"
SR-103989,Closed,Phone,Pothole,Pothole Request,1/12/2023,1/12/2023,1/12/2023,1/12/2023,Eastwood,CENTRAL,1,CENTRAL,116,39.439674,-76.480822,"39.439674, -76.480822"
SR-103990,In Progress,Phone,Illegal Dumping,Illegal Dumping Request,11/1/2022,11/1/2022,11/1/2022,11/1/2022,Roland Park,SOUTHERN,2,SOUTHERN,677,39.232703,-76.317817,"39.232703, -76.317817"
SR-103991,In Progress,Phone,Rat Rubout,Rat Rubout Request,1/2/2021,1/2/2021,1/2/2021,1/2/2021,Pen Lucy,WESTERN,5,WESTERN,528,39.423804,-76.549122,"39.423804, -76.549122"
SR-103992,Open,Phone,Abandoned Vehicle,Abandoned Vehicle Request,7/15/2019,7/15/2019,7/15/2019,7/15/2019,Belair-Edison,EASTERN,4,EASTERN,881,39.454358,-76.491618,"39.454358, -76.491618"
SR-103993,Open,Phone,Street Light Out,Street Light Out Request,5/3/2021,5/3/2021,5/3/2021,5/3/2021,Guilford,NORTHERN,8,NORTHERN,366,39.419346,-76.529509,"39.419346, -76.529509"
SR-103994,In Progress,Phone,Illegal Dumping,Illegal Dumping Request,5/5/2022,5/5/2022,5/5/2022,5/5/2022,Cherry Hill,SOUTHERN,14,SOUTHERN,695,39.362248,-76.571224,"39.362248, -76.571224"
SR-103995,Open,Phone,Parking Complaint,Parking Complaint Request,8/25/2023,8/25/2023,8/25/2023,8/25/2023,Pen Lucy,SOUTHERN,9,SOUTHERN,403,39.497463,-76.573115,"39.497463, -76.573115"
SR-103996,In Progress,Phone,Graffiti,Graffiti Request,7/7/2021,7/7/2021,7/7/2021,7/7/2021,Greenmount West,CENTRAL,4,CENTRAL,289,39.435967,-76.591123,"39.435967, -76.591123"
SR-103997,Open,Phone,Rat Rubout,Rat Rubout Request,9/19/2023,9/19/2023,9/19/2023,9/19/2023,Clifton Park,WESTERN,14,WESTERN,726,39.487729,-76.454952,"39.487729, -76.454952"
SR-103998,Closed,Phone,Illegal Dumping,Illegal Dumping Request,3/14/2022,3/14/2022,3/14/2022,3/14/2022,Westport,NORTHEASTERN,9,NORTHEASTERN,110,39.240069,-76.434763,"39.240069, -76.434763"
SR-103999,Closed,Phone,Graffiti,Graffiti Request,3/28/2023,3/28/2023,3/28/2023,3/28/2023,Eastwood,CENTRAL,14,CENTRAL,832,39.293604,-76.302237,"39.293604, -76.302237"
SR-104000,Closed,Phone,Pothole,Pothole Request,6/5/2020,6/5/2020,6/5/2020,6/5/2020,Harlem Park,CENTRAL,10,CENTRAL,872,39.39596,-76.367378,"39.39596, -76.367378"
SR-104001,Open,Phone,Abandoned Vehicle,Abandoned Vehicle Request,10/1/2023,10/1/2023,10/1/2023,10/1/2023,Pen Lucy,NORTHERN,9,NORTHERN,146,39.401074,-76.427831,"39.401074, -76.427831"
SR-104002,Closed,Phone,Vacant Building,Vacant Building Request,3/11/2023,3/11/2023,3/11/2023,3/11/2023,Berea,EASTERN,10,EASTERN,699,39.313144,-76.402937,"39.313144, -76.402937"
SR-104003,In Progress,Phone,Pothole,Pothole Request,12/11/2023,12/11/2023,12/11/2023,12/11/2023,Johnston Square,CENTRAL,2,CENTRAL,355,39.426301,-76.578788,"39.426301, -76.578788"
SR-104004,In Progress,Phone,Rat Rubout,Rat Rubout Request,2/15/2020,2/15/2020,2/15/2020,2/15/2020,Druid Heights,CENTRAL,12,CENTRAL,632,39.398691,-76.353434,"39.398691, -76.353434"
SR-104005,Closed,Phone,Parking Complaint,Parking Complaint Request,7/21/2019,7/21/2019,7/21/2019,7/21/2019,Eastwood,CENTRAL,9,CENTRAL,587,39.326711,-76.479225,"39.326711, -76.479225"
SR-104006,Closed,Phone,Rat Rubout,Rat Rubout Request,3/8/2020,3/8/2020,3/8/2020,3/8/2020,Pigtown,NORTHERN,5,NORTHERN,419,39.477374,-76.308011,"39.477374, -76.308011"
SR-104007,In Progress,Phone,Illegal Dumping,Illegal Dumping Request,8/19/2019,8/19/2019,8/19/2019,8/19/2019,Govans,NORTHEASTERN,12,NORTHEASTERN,569,39.290567,-76.381908,"39.290567, -76.381908"
SR-104008,Closed,Phone,Vacant Building,Vacant Building Request,8/25/2019,8/25/2019,8/25/2019,8/25/2019,Homeland,NORTHEASTERN,12,NORTHEASTERN,416,39.384842,-76.523182,"39.384842, -76.523182"
SR-104009,Open,Phone,Graffiti,Graffiti Request,6/7/2019,6/7/2019,6/7/2019,6/7/2019,Clifton Park,CENTRAL,11,CENTRAL,780,39.277302,-76.343528,"39.277302, -76.343528"
SR-104010,Closed,Phone,Abandoned Vehicle,Abandoned Vehicle Request,4/3/2023,4/3/2023,4/3/2023,4/3/2023,Clifton Park,NORTHERN,2,NORTHERN,816,39.228408,-76.394487,"39.228408, -76.394487"
SR-104011,In Progress,Phone,Graffiti,Graffiti Request,1/10/2022,1/10/2022,1/10/2022,1/10/2022,Govans,NORTHERN,2,NORTHERN,111,39.474377,-76.482047,"39.474377, -76.482047"
SR-104012,Open,Phone,Parking Complaint,Parking Complaint Request,7/2/2020,7/2/2020,7/2/2020,7/2/2020,Harlem Park,EASTERN,2,EASTERN,531,39.353749,-76.33699,"39.353749, -76.33699"
SR-104013,Open,Phone,Vacant Building,Vacant Building Request,11/27/2019,11/27/2019,11/27/2019,11/27/2019,Roland Park,SOUTHERN,6,SOUTHERN,664,39.209997,-76.336594,"39.209997, -76.336594"
SR-104014,Closed,Phone,Abandoned Vehicle,Abandoned Vehicle Request,5/12/2021,5/12/2021,5/12/2021,5/12/2021,Charles Village,CENTRAL,8,CENTRAL,900,39.350787,-76.548599,"39.350787, -76.548599"
SR-104015,In Progress,Phone,Rat Rubout,Rat Rubout Request,3/18/2021,3/18/2021,3/18/2021,3/18/2021,Belair-Edison,WESTERN,7,WESTERN,880,39.222615,-76.3466,"39.222615, -76.3466"
SR-104016,In Progress,Phone,Vacant Building,Vacant Building Request,8/6/2023,8/6/2023,8/6/2023,8/6/2023,Westport,NORTHERN,3,NORTHERN,423,39.357436,-76.526084,"39.357436, -76.526084"
SR-104017,In Progress,Phone,Rat Rubout,Rat Rubout Request,8/10/2021,8/10/2021,8/10/2021,8/10/2021,Waverly,WESTERN,4,WESTERN,311,39.309732,-76.567437,"39.309732, -76.567437"
SR-104018,Closed,Phone,Dead Animal,Dead Animal Request,10/19/2021,10/19/2021,10/19/2021,10/19/2021,Hampden,EASTERN,3,EASTERN,898,39.276693,-76.363753,"39.276693, -76.363753"
SR-104019,Open,Phone,Graffiti,Graffiti Request,2/17/2023,2/17/2023,2/17/2023,2/17/2023,Brooklyn,WESTERN,12,WESTERN,549,39.319191,-76.524165,"39.319191, -76.524165"
SR-104020,In Progress,Phone,Abandoned Vehicle,Abandoned Vehicle Request,9/25/2022,9/25/2022,9/25/2022,9/25/2022,Charles Village,SOUTHERN,3,SOUTHERN,417,39.425115,-76.411515,"39.425115, -76.411515"
SR-104021,Closed,Phone,Street Light Out,Street Light Out Request,7/17/2022,7/17/2022,7/17/2022,7/17/2022,Clifton Park,NORTHERN,10,NORTHERN,553,39.240864,-76.459354,"39.240864, -76.459354"
SR-104022,Open,Phone,Vacant Building,Vacant Building Request,4/3/2019,4/3/2019,4/3/2019,4/3/2019,Pimlico,NORTHERN,11,NORTHERN,532,39.325482,-76.47304,"39.325482, -76.47304"
SR-104023,Closed,Phone,Parking Complaint,Parking Complaint Request,11/14/2020,11/14/2020,11/14/2020,11/14/2020,Belair-Edison,NORTHEASTERN,12,NORTHEASTERN,704,39.244264,-76.514455,"39.244264, -76.514455"
SR-104024,Open,Phone,Abandoned Vehicle,Abandoned Vehicle Request,11/6/2022,11/6/2022,11/6/2022,11/6/2022,Pigtown,SOUTHERN,8,SOUTHERN,499,39.293409,-76.503256,"39.293409, -76.503256"
SR-104025,Open,Phone,Illegal Dumping,Illegal Dumping Request,9/25/2023,9/25/2023,9/25/2023,9/25/2023,Irvington,WESTERN,9,WESTERN,706,39.2202,-76.412697,"39.2202, -76.412697"
SR-104026,Open,Phone,Dead Animal,Dead Animal Request,12/8/2020,12/8/2020,12/8/2020,12/8/2020,Mount Washington,NORTHWESTERN,7,NORTHWESTERN,130,39.385101,-76.355001,"39.385101, -76.355001"
SR-104027,Open,Phone,Dirty Street,Dirty Street Request,8/4/2021,8/4/2021,8/4/2021,8/4/2021,Upton,SOUTHERN,11,SOUTHERN,177,39.372058,-76.46248,"39.372058, -76.46248"
SR-104028,Open,Phone,Dirty Street,Dirty Street Request,6/20/2021,6/20/2021,6/20/2021,6/20/2021,Morrell Park,SOUTHERN,10,SOUTHERN,565,39.317791,-76.520973,"39.317791, -76.520973"
SR-104029,Open,Phone,Graffiti,Graffiti Request,2/17/2021,2/17/2021,2/17/2021,2/17/2021,Johnston Square,NORTHERN,7,NORTHERN,358,39.448821,-76.557281,"39.448821, -76.557281"
SR-104030,Closed,Phone,Dirty Street,Dirty Street Request,4/12/2021,4/12/2021,4/12/2021,4/12/2021,Homeland,NORTHEASTERN,8,NORTHEASTERN,515,39.26631,-76.54771,"39.26631, -76.54771"
SR-104031,In Progress,Phone,Pothole,Pothole Request,4/23/2022,4/23/2022,4/23/2022,4/23/2022,Morrell Park,CENTRAL,2,CENTRAL,622,39.297673,-76.463531,"39.297673, -76.463531"
SR-104032,Closed,Phone,Parking Complaint,Parking Complaint Request,11/8/2021,11/8/2021,11/8/2021,11/8/2021,Greenmount West,SOUTHERN,2,SOUTHERN,579,39.227678,-76.479381,"39.227678, -76.479381"
SR-104033,In Progress,Phone,Dirty Street,Dirty Street Request,10/8/2023,10/8/2023,10/8/2023,10/8/2023,Waverly,SOUTHERN,3,SOUTHERN,557,39.283384,-76.407212,"39.283384, -76.407212"
SR-104034,Closed,Phone,Illegal Dumping,Illegal Dumping Request,9/26/2019,9/26/2019,9/26/2019,9/26/2019,Pen Lucy,WESTERN,8,WESTERN,152,39.294221,-76.52079,"39.294221, -76.52079"
SR-104035,Open,Phone,Dead Animal,Dead Animal Request,9/17/2022,9/17/2022,9/17/2022,9/17/2022,Harlem Park,CENTRAL,3,CENTRAL,676,39.440785,-76.598642,"39.440785, -76.598642"
SR-104036,Open,Phone,Parking Complaint,Parking Complaint Request,1/27/2020,1/27/2020,1/27/2020,1/27/2020,Greenmount West,CENTRAL,7,CENTRAL,365,39.394248,-76.530233,"39.394248, -76.530233"
SR-104037,Closed,Phone,Rat Rubout,Rat Rubout Request,8/14/2023,8/14/2023,8/14/2023,8/14/2023,Harlem Park,NORTHERN,11,NORTHERN,263,39.461025,-76.467013,"39.461025, -76.467013"
SR-104038,Open,Phone,Dead Animal,Dead Animal Request,9/6/2023,9/6/2023,9/6/2023,9/6/2023,Guilford,NORTHERN,7,NORTHERN,871,39.236825,-76.380393,"39.236825, -76.380393"
SR-104039,Closed,Phone,Street Light Out,Street Light Out Request,6/10/2020,6/10/2020,6/10/2020,6/10/2020,Berea,EASTERN,9,EASTERN,642,39.347863,-76.379637,"39.347863, -76.379637"
SR-104040,In Progress,Phone,Abandoned Vehicle,Abandoned Vehicle Request,7/28/2019,7/28/2019,7/28/2019,7/28/2019,Guilford,NORTHERN,3,NORTHERN,631,39.479461,-76.516333,"39.479461, -76.516333"
SR-104041,Closed,Phone,Street Light Out,Street Light Out Request,8/7/2022,8/7/2022,8/7/2022,8/7/2022,Upton,NORTHWESTERN,14,NORTHWESTERN,272,39.426733,-76.51119,"39.426733, -76.51119"
SR-104042,Open,Phone,Dead Animal,Dead Animal Request,10/21/2023,10/21/2023,10/21/2023,10/21/2023,Eastwood,EASTERN,8,EASTERN,263,39.343457,-76.395747,"39.343457, -76.395747"
SR-104043,Closed,Phone,Vacant Building,Vacant Building Request,6/17/2022,6/17/2022,6/17/2022,6/17/2022,Pigtown,NORTHWESTERN,14,NORTHWESTERN,158,39.207504,-76.485305,"39.207504, -76.485305"
SR-104044,In Progress,Phone,Dirty Street,Dirty Street Request,1/27/2023,1/27/2023,1/27/2023,1/27/2023,Guilford,SOUTHERN,7,SOUTHERN,404,39.391482,-76.535686,"39.391482, -76.535686"
SR-104045,Open,Phone,Rat Rubout,Rat Rubout Request,10/21/2021,10/21/2021,10/21/2021,10/21/2021,Johnston Square,NORTHEASTERN,8,NORTHEASTERN,446,39.437535,-76.341582,"39.437535, -76.341582"
SR-104046,In Progress,Phone,Dead Animal,Dead Animal Request,1/16/2021,1/16/2021,1/16/2021,1/16/2021,Brooklyn,CENTRAL,6,CENTRAL,485,39.254015,-76.409294,"39.254015, -76.409294"
SR-104047,Closed,Phone,Abandoned Vehicle,Abandoned Vehicle Request,11/19/2023,11/19/2023,11/19/2023,11/19/2023,Homeland,WESTERN,2,WESTERN,752,39.241567,-76.301995,"39.241567, -76.301995"
SR-104048,Closed,Phone,Abandoned Vehicle,Abandoned Vehicle Request,1/18/2019,1/18/2019,1/18/2019,1/18/2019,Hampden,EASTERN,2,EASTERN,679,39.480766,-76.349766,"39.480766, -76.349766"
SR-104049,In Progress,Phone,Street Light Out,Street Light Out Request,4/9/2020,4/9/2020,4/9/2020,4/9/2020,Pigtown,NORTHEASTERN,11,NORTHEASTERN,730,39.337241,-76.304038,"39.337241, -76.304038"
SR-104050,In Progress,Phone,Dead Animal,Dead Animal Request,7/15/2020,7/15/2020,7/15/2020,7/15/2020,Waverly,NORTHWESTERN,5,NORTHWESTERN,449,39.307143,-76.434723,"39.307143, -76.434723"
SR-104051,Open,Phone,Street Light Out,Street Light Out Request,11/18/2019,11/18/2019,11/18/2019,11/18/2019,Pigtown,WESTERN,4,WESTERN,615,39.390069,-76.442516,"39.390069, -76.442516"
SR-104052,In Progress,Phone,Graffiti,Graffiti Request,4/23/2020,4/23/2020,4/23/2020,4/23/2020,Eastwood,NORTHERN,10,NORTHERN,517,39.460175,-76.381675,"39.460175, -76.381675"
SR-104053,In Progress,Phone,Vacant Building,Vacant Building Request,12/13/2022,12/13/2022,12/13/2022,12/13/2022,Waverly,CENTRAL,12,CENTRAL,355,39.3356,-76.400071,"39.3356, -76.400071"
SR-104054,Closed,Phone,Rat Rubout,Rat Rubout Request,7/13/2021,7/13/2021,7/13/2021,7/13/2021,Roland Park,NORTHWESTERN,13,NORTHWESTERN,270,39.354699,-76.330153,"39.354699, -76.330153"
SR-104055,Closed,Phone,Parking Complaint,Parking Complaint Request,3/15/2020,3/15/2020,3/15/2020,3/15/2020,Roland Park,WESTERN,10,WESTERN,583,39.479629,-76.334642,"39.479629, -76.334642"
SR-104056,In Progress,Phone,Vacant Building,Vacant Building Request,4/2/2022,4/2/2022,4/2/2022,4/2/2022,Oliver,EASTERN,9,EASTERN,420,39.493294,-76.426292,"39.493294, -76.426292"
SR-104057,In Progress,Phone,Abandoned Vehicle,Abandoned Vehicle Request,8/2/2022,8/2/2022,8/2/2022,8/2/2022,Hampden,NORTHEASTERN,11,NORTHEASTERN,154,39.263677,-76.438251,"39.263677, -76.438251"
SR-104058,Closed,Phone,Parking Complaint,Parking Complaint Request,7/26/2021,7/26/2021,7/26/2021,7/26/2021,Guilford,CENTRAL,1,CENTRAL,189,39.400259,-76.557561,"39.400259, -76.557561"
SR-104059,Closed,Phone,Graffiti,Graffiti Request,7/3/2021,7/3/2021,7/3/2021,7/3/2021,Roland Park,SOUTHERN,14,SOUTHERN,193,39.276789,-76.42408,"39.276789, -76.42408"
SR-104060,In Progress,Phone,Parking Complaint,Parking Complaint Request,9/21/2020,9/21/2020,9/21/2020,9/21/2020,Guilford,NORTHWESTERN,11,NORTHWESTERN,704,39.403032,-76.543216,"39.403032, -76.543216"
SR-104061,In Progress,Phone,Vacant Building,Vacant Building Request,11/21/2019,11/21/2019,11/21/2019,11/21/2019,Pigtown,CENTRAL,11,CENTRAL,525,39.444373,-76.312565,"39.444373, -76.312565"
SR-104062,Closed,Phone,Rat Rubout,Rat Rubout Request,11/4/2021,11/4/2021,11/4/2021,11/4/2021,Hampden,CENTRAL,9,CENTRAL,156,39.29934,-76.317803,"39.29934, -76.317803"
SR-104063,Closed,Phone,Graffiti,Graffiti Request,3/21/2019,3/21/2019,3/21/2019,3/21/2019,Homeland,NORTHWESTERN,3,NORTHWESTERN,203,39.297235,-76.365906,"39.297235, -76.365906"
SR-104064,Open,Phone,Graffiti,Graffiti Request,1/19/2023,1/19/2023,1/19/2023,1/19/2023,Eastwood,CENTRAL,3,CENTRAL,163,39.246842,-76.322671,"39.246842, -76.322671"
SR-104065,Open,Phone,Dirty Street,Dirty Street Request,12/8/2021,12/8/2021,12/8/2021,12/8/2021,Druid Heights,WESTERN,13,WESTERN,735,39.342376,-76.532618,"39.342376, -76.532618"
SR-104066,Closed,Phone,Street Light Out,Street Light Out Request,6/16/2022,6/16/2022,6/16/2022,6/16/2022,Middle East,NORTHEASTERN,2,NORTHEASTERN,526,39.464338,-76.444092,"39.464338, -76.444092"
SR-104067,Open,Phone,Parking Complaint,Parking Complaint Request,5/28/2023,5/28/2023,5/28/2023,5/28/2023,Pen Lucy,SOUTHERN,14,SOUTHERN,454,39.258281,-76.395089,"39.258281, -76.395089"
SR-104068,Closed,Phone,Parking Complaint,Parking Complaint Request,12/12/2019,12/12/2019,12/12/2019,12/12/2019,Westport,CENTRAL,9,CENTRAL,202,39.200228,-76.50184,"39.200228, -76.50184"
SR-104069,In Progress,Phone,Rat Rubout,Rat Rubout Request,11/1/2021,11/1/2021,11/1/2021,11/1/2021,Charles Village,SOUTHERN,3,SOUTHERN,198,39.491187,-76.490636,"39.491187, -76.490636"
SR-104070,In Progress,Phone,Parking Complaint,Parking Complaint Request,3/21/2022,3/21/2022,3/21/2022,3/21/2022,Johnston Square,CENTRAL,3,CENTRAL,332,39.239036,-76.555296,"39.239036, -76.555296"
SR-104071,Open,Phone,Street Light Out,Street Light Out Request,12/26/2021,12/26/2021,12/26/2021,12/26/2021,Guilford,CENTRAL,7,CENTRAL,176,39.23214,-76.509746,"39.23214, -76.509746"
SR-104072,Open,Phone,Dead Animal,Dead Animal Request,3/15/2020,3/15/2020,3/15/2020,3/15/2020,Eastwood,EASTERN,12,EASTERN,787,39.2076,-76.4668,"39.2076, -76.4668"
SR-104073,In Progress,Phone,Vacant Building,Vacant Building Request,8/28/2022,8/28/2022,8/28/2022,8/28/2022,Clifton Park,CENTRAL,2,CENTRAL,749,39.389158,-76.31789,"39.389158, -76.31789"
SR-104074,In Progress,Phone,Parking Complaint,Parking Complaint Request,8/26/2021,8/26/2021,8/26/2021,8/26/2021,Middle East,CENTRAL,14,CENTRAL,863,39.473206,-76.424249,"39.473206, -76.424249"
SR-104075,Closed,Phone,Street Light Out,Street Light Out Request,10/13/2021,10/13/2021,10/13/2021,10/13/2021,Pimlico,NORTHWESTERN,14,NORTHWESTERN,154,39.488227,-76.556272,"39.488227, -76.556272"
SR-104076,In Progress,Phone,Abandoned Vehicle,Abandoned Vehicle Request,7/12/2022,7/12/2022,7/12/2022,7/12/2022,Berea,SOUTHERN,6,SOUTHERN,490,39.463544,-76.369941,"39.463544, -76.369941"
SR-104077,In Progress,Phone,Pothole,Pothole Request,8/4/2021,8/4/2021,8/4/2021,8/4/2021,Cherry Hill,NORTHWESTERN,13,NORTHWESTERN,628,39.256251,-76.408818,"39.256251, -76.408818"
SR-104078,Open,Phone,Dead Animal,Dead Animal Request,11/27/2019,11/27/2019,11/27/2019,11/27/2019,Middle East,NORTHERN,5,NORTHERN,834,39.336884,-76.581951,"39.336884, -76.581951"
SR-104079,Closed,Phone,Dirty Street,Dirty Street Request,3/13/2023,3/13/2023,3/13/2023,3/13/2023,Roland Park,SOUTHERN,1,SOUTHERN,845,39.32063,-76.58926,"39.32063, -76.58926"
SR-104080,In Progress,Phone,Street Light Out,Street Light Out Request,8/23/2019,8/23/2019,8/23/2019,8/23/2019,Johnston Square,SOUTHERN,3,SOUTHERN,264,39.300828,-76.339014,"39.300828, -76.339014"
SR-104081,Open,Phone,Parking Complaint,Parking Complaint Request,9/1/2022,9/1/2022,9/1/2022,9/1/2022,Homeland,NORTHEASTERN,14,NORTHEASTERN,612,39.348147,-76.351706,"39.348147, -76.351706"
SR-104082,In Progress,Phone,Graffiti,Graffiti Request,4/1/2023,4/1/2023,4/1/2023,4/1/2023,Upton,WESTERN,13,WESTERN,541,39.319647,-76.393094,"39.319647, -76.393094"
SR-104083,Closed,Phone,Parking Complaint,Parking Complaint Request,7/8/2020,7/8/2020,7/8/2020,7/8/2020,Middle East,SOUTHERN,2,SOUTHERN,343,39.224609,-76.343086,"39.224609, -76.343086"
SR-104084,Open,Phone,Street Light Out,Street Light Out Request,12/14/2023,12/14/2023,12/14/2023,12/14/2023,Park Heights,SOUTHERN,8,SOUTHERN,665,39.248643,-76.556584,"39.248643, -76.556584"
SR-104085,Closed,Phone,Vacant Building,Vacant Building Request,5/22/2023,5/22/2023,5/22/2023,5/22/2023,Druid Heights,CENTRAL,13,CENTRAL,790,39.456607,-76.485988,"39.456607, -76.485988"
SR-104086,Open,Phone,Pothole,Pothole Request,3/13/2019,3/13/2019,3/13/2019,3/13/2019,Curtis Bay,WESTERN,7,WESTERN,171,39.434965,-76.421726,"39.434965, -76.421726"
SR-104087,Closed,Phone,Parking Complaint,Parking Complaint Request,11/16/2022,11/16/2022,11/16/2022,11/16/2022,Berea,EASTERN,9,EASTERN,226,39.464306,-76.516463,"39.464306, -76.516463"
SR-104088,In Progress,Phone,Dirty Street,Dirty Street Request,5/22/2019,5/22/2019,5/22/2019,5/22/2019,Pigtown,EASTERN,11,EASTERN,327,39.373587,-76.554592,"39.373587, -76.554592"
SR-104089,Closed,Phone,Abandoned Vehicle,Abandoned Vehicle Request,3/17/2020,3/17/2020,3/17/2020,3/17/2020,Greenmount West,NORTHWESTERN,9,NORTHWESTERN,104,39.382025,-76.41972,"39.382025, -76.41972"
SR-104090,Open,Phone,Street Light Out,Street Light Out Request,4/25/2019,4/25/2019,4/25/2019,4/25/2019,Waverly,NORTHERN,10,NORTHERN,544,39.245264,-76.35196,"39.245264, -76.35196"
SR-104091,Open,Phone,Street Light Out,Street Light Out Request,12/14/2023,12/14/2023,12/14/2023,12/14/2023,Oliver,NORTHWESTERN,6,NORTHWESTERN,314,39.303456,-76.412891,"39.303456, -76.412891"
SR-104092,Closed,Phone,Dirty Street,Dirty Street Request,8/1/2022,8/1/2022,8/1/2022,8/1/2022,Johnston Square,NORTHERN,8,NORTHERN,408,39.460161,-76.323642,"39.460161, -76.323642"
SR-104093,In Progress,Phone,Dead Animal,Dead Animal Request,5/8/2019,5/8/2019,5/8/2019,5/8/2019,Irvington,WESTERN,6,WESTERN,100,39.385091,-76.467275,"39.385091, -76.467275"
SR-104094,Closed,Phone,Dead Animal,Dead Animal Request,9/21/2019,9/21/2019,9/21/2019,9/21/2019,Park Heights,NORTHWESTERN,14,NORTHWESTERN,137,39.447787,-76.371513,"39.447787, -76.371513"
SR-104095,Open,Phone,Graffiti,Graffiti Request,7/27/2021,7/27/2021,7/27/2021,7/27/2021,Roland Park,NORTHEASTERN,11,NORTHEASTERN,652,39.305135,-76.575139,"39.305135, -76.575139"
SR-104096,Closed,Phone,Street Light Out,Street Light Out Request,9/23/2023,9/23/2023,9/23/2023,9/23/2023,Eastwood,WESTERN,14,WESTERN,273,39.215733,-76.552242,"39.215733, -76.552242"
SR-104097,Closed,Phone,Parking Complaint,Parking Complaint Request,10/3/2023,10/3/2023,10/3/2023,10/3/2023,Westport,CENTRAL,8,CENTRAL,374,39.211698,-76.333704,"39.211698, -76.333704"
SR-104098,Open,Phone,Dead Animal,Dead Animal Request,11/13/2022,11/13/2022,11/13/2022,11/13/2022,Pimlico,SOUTHERN,9,SOUTHERN,187,39.370911,-76.509006,"39.370911, -76.509006"
SR-104099,Open,Phone,Rat Rubout,Rat Rubout Request,6/17/2022,6/17/2022,6/17/2022,6/17/2022,Morrell Park,NORTHWESTERN,6,NORTHWESTERN,707,39.474723,-76.453387,"39.474723, -76.453387"
SR-104100,Closed,Phone,Street Light Out,Street Light Out Request,10/6/2022,10/6/2022,10/6/2022,10/6/2022,Westport,NORTHERN,2,NORTHERN,705,39.401072,-76.35948,"39.401072, -76.35948"
SR-104101,In Progress,Phone,Illegal Dumping,Illegal Dumping Request,8/12/2022,8/12/2022,8/12/2022,8/12/2022,Belair-Edison,SOUTHERN,7,SOUTHERN,310,39.34523,-76.415212,"39.34523, -76.415212"
SR-104102,In Progress,Phone,Dead Animal,Dead Animal Request,12/3/2019,12/3/2019,12/3/2019,12/3/2019,Curtis Bay,EASTERN,1,EASTERN,665,39.295751,-76.339817,"39.295751, -76.339817"
SR-104103,In Progress,Phone,Graffiti,Graffiti Request,6/2/2022,6/2/2022,6/2/2022,6/2/2022,Johnston Square,NORTHEASTERN,11,NORTHEASTERN,549,39.340327,-76.538847,"39.340327, -76.538847"
SR-104104,Open,Phone,Abandoned Vehicle,Abandoned Vehicle Request,6/6/2020,6/6/2020,6/6/2020,6/6/2020,Govans,NORTHEASTERN,10,NORTHEASTERN,381,39.365318,-76.569134,"39.365318, -76.569134"
SR-104105,Open,Phone,Vacant Building,Vacant Building Request,5/11/2023,5/11/2023,5/11/2023,5/11/2023,Park Heights,NORTHWESTERN,11,NORTHWESTERN,575,39.248673,-76.410091,"39.248673, -76.410091"
SR-104106,Open,Phone,Illegal Dumping,Illegal Dumping Request,11/28/2021,11/28/2021,11/28/2021,11/28/2021,Belair-Edison,SOUTHERN,14,SOUTHERN,742,39.427921,-76.362443,"39.427921, -76.362443"
SR-104107,Closed,Phone,Pothole,Pothole Request,12/24/2023,12/24/2023,12/24/2023,12/24/2023,Berea,EASTERN,9,EASTERN,251,39.226945,-76.333403,"39.226945, -76.333403"
SR-104108,In Progress,Phone,Abandoned Vehicle,Abandoned Vehicle Request,4/16/2020,4/16/2020,4/16/2020,4/16/2020,Roland Park,WESTERN,11,WESTERN,714,39.31015,-76.428192,"39.31015, -76.428192"
SR-104109,Closed,Phone,Parking Complaint,Parking Complaint Request,11/11/2022,11/11/2022,11/11/2022,11/11/2022,Govans,WESTERN,2,WESTERN,511,39.325243,-76.563796,"39.325243, -76.563796"
SR-104110,Closed,Phone,Graffiti,Graffiti Request,7/12/2023,7/12/2023,7/12/2023,7/12/2023,Pimlico,SOUTHERN,4,SOUTHERN,431,39.30388,-76.32581,"39.30388, -76.32581"
SR-104111,In Progress,Phone,Pothole,Pothole Request,2/26/2023,2/26/2023,2/26/2023,2/26/2023,Pimlico,SOUTHERN,13,SOUTHERN,152,39.402127,-76.39437,"39.402127, -76.39437"
SR-104112,In Progress,Phone,Street Light Out,Street Light Out Request,6/14/2019,6/14/2019,6/14/2019,6/14/2019,Greenmount West,EASTERN,11,EASTERN,207,39.344016,-76.360811,"39.344016, -76.360811"
SR-104113,Open,Phone,Dead Animal,Dead Animal Request,1/18/2019,1/18/2019,1/18/2019,1/18/2019,Brooklyn,EASTERN,12,EASTERN,535,39.361982,-76.324873,"39.361982, -76.324873"
SR-104114,Open,Phone,Rat Rubout,Rat Rubout Request,10/8/2023,10/8/2023,10/8/2023,10/8/2023,Curtis Bay,CENTRAL,4,CENTRAL,532,39.241382,-76.316082,"39.241382, -76.316082"
SR-104115,In Progress,Phone,Dirty Street,Dirty Street Request,1/20/2019,1/20/2019,1/20/2019,1/20/2019,Morrell Park,CENTRAL,9,CENTRAL,563,39.417608,-76.450154,"39.417608, -76.450154"
SR-104116,Open,Phone,Dead Animal,Dead Animal Request,10/4/2019,10/4/2019,10/4/2019,10/4/2019,Cherry Hill,NORTHERN,13,NORTHERN,728,39.400949,-76.393563,"39.400949, -76.393563"
SR-104117,Open,Phone,Rat Rubout,Rat Rubout Request,6/3/2022,6/3/2022,6/3/2022,6/3/2022,Roland Park,NORTHEASTERN,8,NORTHEASTERN,288,39.212597,-76.519059,"39.212597, -76.519059"
SR-104118,In Progress,Phone,Pothole,Pothole Request,6/16/2020,6/16/2020,6/16/2020,6/16/2020,Druid Heights,SOUTHERN,9,SOUTHERN,560,39.206118,-76.53768,"39.206118, -76.53768"
SR-104119,Closed,Phone,Pothole,Pothole Request,1/6/2022,1/6/2022,1/6/2022,1/6/2022,Roland Park,NORTHEASTERN,6,NORTHEASTERN,776,39.398082,-76.494595,"39.398082, -76.494595"
SR-104120,Open,Phone,Rat Rubout,Rat Rubout Request,12/18/2019,12/18/2019,12/18/2019,12/18/2019,Pimlico,NORTHEASTERN,1,NORTHEASTERN,768,39.373676,-76.327738,"39.373676, -76.327738"
SR-104121,Open,Phone,Abandoned Vehicle,Abandoned Vehicle Request,10/25/2023,10/25/2023,10/25/2023,10/25/2023,Park Heights,NORTHWESTERN,11,NORTHWESTERN,371,39.267465,-76.493416,"39.267465, -76.493416"
SR-104122,Open,Phone,Dirty Street,Dirty Street Request,11/7/2020,11/7/2020,11/7/2020,11/7/2020,Roland Park,NORTHERN,3,NORTHERN,760,39.251337,-76.367845,"39.251337, -76.367845"
SR-104123,Closed,Phone,Pothole,Pothole Request,11/10/2020,11/10/2020,11/10/2020,11/10/2020,Waverly,NORTHEASTERN,11,NORTHEASTERN,307,39.242316,-76.445393,"39.242316, -76.445393"
SR-104124,In Progress,Phone,Graffiti,Graffiti Request,4/13/2019,4/13/2019,4/13/2019,4/13/2019,Curtis Bay,CENTRAL,8,CENTRAL,532,39.271665,-76.558102,"39.271665, -76.558102"
SR-104125,In Progress,Phone,Street Light Out,Street Light Out Request,5/27/2019,5/27/2019,5/27/2019,5/27/2019,Guilford,WESTERN,8,WESTERN,770,39.484347,-76.520907,"39.484347, -76.520907"
SR-104126,In Progress,Phone,Rat Rubout,Rat Rubout Request,10/21/2019,10/21/2019,10/21/2019,10/21/2019,Mount Washington,NORTHWESTERN,14,NORTHWESTERN,859,39.230578,-76.348395,"39.230578, -76.348395"
SR-104127,In Progress,Phone,Rat Rubout,Rat Rubout Request,1/26/2023,1/26/2023,1/26/2023,1/26/2023,Johnston Square,CENTRAL,8,CENTRAL,640,39.346406,-76.352524,"39.346406, -76.352524"
SR-104128,In Progress,Phone,Dead Animal,Dead Animal Request,4/10/2020,4/10/2020,4/10/2020,4/10/2020,Westport,SOUTHERN,13,SOUTHERN,571,39.418738,-76.494806,"39.418738, -76.494806"
SR-104129,Closed,Phone,Graffiti,Graffiti Request,8/2/2020,8/2/2020,8/2/2020,8/2/2020,Middle East,SOUTHERN,1,SOUTHERN,303,39.352233,-76.315285,"39.352233, -76.315285"
SR-104130,Open,Phone,Dead Animal,Dead Animal Request,2/7/2022,2/7/2022,2/7/2022,2/7/2022,Brooklyn,CENTRAL,1,CENTRAL,531,39.344242,-76.301522,"39.344242, -76.301522"
SR-104131,In Progress,Phone,Illegal Dumping,Illegal Dumping Request,4/8/2019,4/8/2019,4/8/2019,4/8/2019,Sandtown-Winchester,SOUTHERN,13,SOUTHERN,215,39.229255,-76.317342,"39.229255, -76.317342"
SR-104132,Open,Phone,Illegal Dumping,Illegal Dumping Request,9/25/2022,9/25/2022,9/25/2022,9/25/2022,Govans,NORTHWESTERN,4,NORTHWESTERN,522,39.404131,-76.464702,"39.404131, -76.464702"
SR-104133,Closed,Phone,Pothole,Pothole Request,6/28/2020,6/28/2020,6/28/2020,6/28/2020,Waverly,NORTHERN,3,NORTHERN,543,39.273504,-76.401365,"39.273504, -76.401365"
SR-104134,Closed,Phone,Abandoned Vehicle,Abandoned Vehicle Request,3/15/2019,3/15/2019,3/15/2019,3/15/2019,Waverly,NORTHERN,10,NORTHERN,723,39.477431,-76.479563,"39.477431, -76.479563"
SR-104135,Open,Phone,Pothole,Pothole Request,11/17/2020,11/17/2020,11/17/2020,11/17/2020,Belair-Edison,EASTERN,12,EASTERN,114,39.239017,-76.418724,"39.239017, -76.418724"
SR-104136,Closed,Phone,Pothole,Pothole Request,6/3/2022,6/3/2022,6/3/2022,6/3/2022,Sandtown-Winchester,WESTERN,10,WESTERN,745,39.433679,-76.429433,"39.433679, -76.429433"
SR-104137,In Progress,Phone,Parking Complaint,Parking Complaint Request,1/19/2021,1/19/2021,1/19/2021,1/19/2021,Mount Washington,CENTRAL,14,CENTRAL,670,39.305592,-76.459645,"39.305592, -76.459645"
SR-104138,Open,Phone,Dirty Street,Dirty Street Request,5/24/2022,5/24/2022,5/24/2022,5/24/2022,Morrell Park,SOUTHERN,11,SOUTHERN,193,39.491724,-76.316753,"39.491724, -76.316753"
SR-104139,Closed,Phone,Dead Animal,Dead Animal Request,2/7/2022,2/7/2022,2/7/2022,2/7/2022,Charles Village,NORTHERN,13,NORTHERN,674,39.248282,-76.42204,"39.248282, -76.42204"
SR-104140,Closed,Phone,Dead Animal,Dead Animal Request,12/6/2020,12/6/2020,12/6/2020,12/6/2020,Westport,SOUTHERN,4,SOUTHERN,230,39.363446,-76.379073,"39.363446, -76.379073"
SR-104141,Closed,Phone,Pothole,Pothole Request,4/25/2020,4/25/2020,4/25/2020,4/25/2020,Upton,NORTHERN,3,NORTHERN,736,39.393955,-76.513204,"39.393955, -76.513204"
SR-104142,Closed,Phone,Dirty Street,Dirty Street Request,4/1/2019,4/1/2019,4/1/2019,4/1/2019,Park Heights,EASTERN,6,EASTERN,615,39.259627,-76.599477,"39.259627, -76.599477"
SR-104143,Closed,Phone,Street Light Out,Street Light Out Request,1/6/2020,1/6/2020,1/6/2020,1/6/2020,Oliver,CENTRAL,14,CENTRAL,811,39.306665,-76.584935,"39.306665, -76.584935"
SR-104144,Closed,Phone,Graffiti,Graffiti Request,7/20/2021,7/20/2021,7/20/2021,7/20/2021,Cherry Hill,SOUTHERN,7,SOUTHERN,823,39.353433,-76.470312,"39.353433, -76.470312"
SR-104145,In Progress,Phone,Street Light Out,Street Light Out Request,5/8/2019,5/8/2019,5/8/2019,5/8/2019,Cherry Hill,NORTHWESTERN,14,NORTHWESTERN,351,39.284448,-76.530698,"39.284448, -76.530698"
SR-104146,Open,Phone,Abandoned Vehicle,Abandoned Vehicle Request,6/20/2020,6/20/2020,6/20/2020,6/20/2020,Sandtown-Winchester,SOUTHERN,1,SOUTHERN,135,39.483141,-76.475907,"39.483141, -76.475907"
SR-104147,Closed,Phone,Abandoned Vehicle,Abandoned Vehicle Request,7/25/2022,7/25/2022,7/25/2022,7/25/2022,Guilford,WESTERN,4,WESTERN,721,39.297592,-76.46263,"39.297592, -76.46263"
SR-104148,In Progress,Phone,Graffiti,Graffiti Request,5/18/2022,5/18/2022,5/18/2022,5/18/2022,Johnston Square,EASTERN,5,EASTERN,249,39.269455,-76.426558,"39.269455, -76.426558"
SR-104149,Open,Phone,Dirty Street,Dirty Street Request,8/12/2020,8/12/2020,8/12/2020,8/12/2020,Mount Washington,NORTHEASTERN,5,NORTHEASTERN,354,39.483627,-76.581215,"39.483627, -76.581215"
SR-104150,Closed,Phone,Dirty Street,Dirty Street Request,1/4/2021,1/4/2021,1/4/2021,1/4/2021,Upton,NORTHERN,9,NORTHERN,416,39.358427,-76.458498,"39.358427, -76.458498"
SR-104151,Closed,Phone,Street Light Out,Street Light Out Request,4/23/2021,4/23/2021,4/23/2021,4/23/2021,Cherry Hill,WESTERN,5,WESTERN,870,39.230992,-76.321789,"39.230992, -76.321789"
SR-104152,In Progress,Phone,Rat Rubout,Rat Rubout Request,1/26/2021,1/26/2021,1/26/2021,1/26/2021,Cherry Hill,WESTERN,9,WESTERN,475,39.428965,-76.342683,"39.428965, -76.342683"
SR-104153,Closed,Phone,Rat Rubout,Rat Rubout Request,9/1/2020,9/1/2020,9/1/2020,9/1/2020,Greenmount West,CENTRAL,3,CENTRAL,877,39.433375,-76.555428,"39.433375, -76.555428"
SR-104154,Open,Phone,Vacant Building,Vacant Building Request,11/3/2021,11/3/2021,11/3/2021,11/3/2021,Harlem Park,NORTHEASTERN,12,NORTHEASTERN,468,39.479996,-76.333161,"39.479996, -76.333161"
SR-104155,Open,Phone,Vacant Building,Vacant Building Request,6/19/2021,6/19/2021,6/19/2021,6/19/2021,Pen Lucy,NORTHEASTERN,1,NORTHEASTERN,292,39.362115,-76.456892,"39.362115, -76.456892"
SR-104156,Open,Phone,Pothole,Pothole Request,2/17/2020,2/17/2020,2/17/2020,2/17/2020,Mount Washington,NORTHERN,1,NORTHERN,843,39.27169,-76.489867,"39.27169, -76.489867"
SR-104157,Open,Phone,Abandoned Vehicle,Abandoned Vehicle Request,9/17/2023,9/17/2023,9/17/2023,9/17/2023,Eastwood,WESTERN,6,WESTERN,732,39.436925,-76.399757,"39.436925, -76.399757"
SR-104158,Closed,Phone,Parking Complaint,Parking Complaint Request,12/26/2020,12/26/2020,12/26/2020,12/26/2020,Pigtown,NORTHEASTERN,7,NORTHEASTERN,665,39.372575,-76.391739,"39.372575, -76.391739"
SR-104159,Closed,Phone,Parking Complaint,Parking Complaint Request,11/13/2021,11/13/2021,11/13/2021,11/13/2021,Upton,NORTHWESTERN,11,NORTHWESTERN,394,39.458166,-76.557153,"39.458166, -76.557153"
SR-104160,Open,Phone,Parking Complaint,Parking Complaint Request,7/11/2020,7/11/2020,7/11/2020,7/11/2020,Greenmount West,NORTHERN,11,NORTHERN,561,39.236495,-76.400347,"39.236495, -76.400347"
SR-104161,Open,Phone,Graffiti,Graffiti Request,6/22/2020,6/22/2020,6/22/2020,6/22/2020,Belair-Edison,NORTHERN,5,NORTHERN,805,39.492777,-76.560371,"39.492777, -76.560371"
SR-104162,Closed,Phone,Street Light Out,Street Light Out Request,10/22/2022,10/22/2022,10/22/2022,10/22/2022,Berea,SOUTHERN,10,SOUTHERN,371,39.212867,-76.494011,"39.212867, -76.494011"
SR-104163,Closed,Phone,Illegal Dumping,Illegal Dumping Request,2/15/2022,2/15/2022,2/15/2022,2/15/2022,Hampden,SOUTHERN,12,SOUTHERN,612,39.267962,-76.583183,"39.267962, -76.583183"
SR-104164,Closed,Phone,Parking Complaint,Parking Complaint Request,12/22/2022,12/22/2022,12/22/2022,12/22/2022,Westport,SOUTHERN,1,SOUTHERN,723,39.417033,-76.45321,"39.417033, -76.45321"
SR-104165,Closed,Phone,Rat Rubout,Rat Rubout Request,7/1/2020,7/1/2020,7/1/2020,7/1/2020,Guilford,NORTHEASTERN,1,NORTHEASTERN,843,39.336563,-76.408691,"39.336563, -76.408691"
SR-104166,Open,Phone,Vacant Building,Vacant Building Request,2/1/2019,2/1/2019,2/1/2019,2/1/2019,Hampden,EASTERN,3,EASTERN,895,39.352603,-76.332746,"39.352603, -76.332746"
SR-104167,In Progress,Phone,Parking Complaint,Parking Complaint Request,11/25/2021,11/25/2021,11/25/2021,11/25/2021,Brooklyn,NORTHWESTERN,9,NORTHWESTERN,116,39.368948,-76.358075,"39.368948, -76.358075"
SR-104168,Closed,Phone,Vacant Building,Vacant Building Request,9/28/2023,9/28/2023,9/28/2023,9/28/2023,Harlem Park,NORTHERN,10,NORTHERN,418,39.357528,-76.437683,"39.357528, -76.437683"
SR-104169,In Progress,Phone,Graffiti,Graffiti Request,5/3/2021,5/3/2021,5/3/2021,5/3/2021,Govans,CENTRAL,3,CENTRAL,247,39.254088,-76.301409,"39.254088, -76.301409"
SR-104170,In Progress,Phone,Graffiti,Graffiti Request,7/25/2019,7/25/2019,7/25/2019,7/25/2019,Irvington,EASTERN,13,EASTERN,848,39.274898,-76.433121,"39.274898, -76.433121"
SR-104171,In Progress,Phone,Illegal Dumping,Illegal Dumping Request,12/25/2020,12/25/2020,12/25/2020,12/25/2020,Druid Heights,EASTERN,9,EASTERN,521,39.446958,-76.393733,"39.446958, -76.393733"
SR-104172,In Progress,Phone,Dirty Street,Dirty Street Request,3/7/2023,3/7/2023,3/7/2023,3/7/2023,Greenmount West,EASTERN,12,EASTERN,565,39.32197,-76.503066,"39.32197, -76.503066"
SR-104173,In Progress,Phone,Rat Rubout,Rat Rubout Request,10/10/2021,10/10/2021,10/10/2021,10/10/2021,Greenmount West,CENTRAL,8,CENTRAL,756,39.319182,-76.465032,"39.319182, -76.465032"
SR-104174,In Progress,Phone,Street Light Out,Street Light Out Request,6/19/2021,6/19/2021,6/19/2021,6/19/2021,Eastwood,WESTERN,2,WESTERN,888,39.477726,-76.332283,"39.477726, -76.332283"
SR-104175,Open,Phone,Rat Rubout,Rat Rubout Request,12/5/2022,12/5/2022,12/5/2022,12/5/2022,Middle East,WESTERN,8,WESTERN,118,39.46932,-76.440952,"39.46932, -76.440952"
SR-104176,In Progress,Phone,Rat Rubout,Rat Rubout Request,4/16/2020,4/16/2020,4/16/2020,4/16/2020,Hampden,EASTERN,8,EASTERN,256,39.451553,-76.521485,"39.451553, -76.521485"
SR-104177,Closed,Phone,Parking Complaint,Parking Complaint Request,12/7/2022,12/7/2022,12/7/2022,12/7/2022,Pen Lucy,EASTERN,7,EASTERN,167,39.424008,-76.567164,"39.424008, -76.567164"
SR-104178,Open,Phone,Pothole,Pothole Request,4/13/2023,4/13/2023,4/13/2023,4/13/2023,Park Heights,CENTRAL,1,CENTRAL,815,39.344943,-76.482458,"39.344943, -76.482458"
SR-104179,Closed,Phone,Pothole,Pothole Request,11/18/2020,11/18/2020,11/18/2020,11/18/2020,Clifton Park,NORTHERN,10,NORTHERN,429,39.344482,-76.411251,"39.344482, -76.411251"
SR-104180,Open,Phone,Graffiti,Graffiti Request,3/24/2022,3/24/2022,3/24/2022,3/24/2022,Pen Lucy,WESTERN,3,WESTERN,386,39.392237,-76.323562,"39.392237, -76.323562"
SR-104181,Closed,Phone,Graffiti,Graffiti Request,12/5/2019,12/5/2019,12/5/2019,12/5/2019,Park Heights,WESTERN,5,WESTERN,273,39.285669,-76.39506,"39.285669, -76.39506"
SR-104182,Open,Phone,Vacant Building,Vacant Building Request,9/5/2021,9/5/2021,9/5/2021,9/5/2021,Upton,NORTHERN,13,NORTHERN,801,39.487264,-76.497445,"39.487264, -76.497445"
SR-104183,Closed,Phone,Rat Rubout,Rat Rubout Request,4/10/2021,4/10/2021,4/10/2021,4/10/2021,Waverly,NORTHEASTERN,1,NORTHEASTERN,639,39.480065,-76.496406,"39.480065, -76.496406"
SR-104184,In Progress,Phone,Abandoned Vehicle,Abandoned Vehicle Request,11/20/2022,11/20/2022,11/20/2022,11/20/2022,Hampden,CENTRAL,1,CENTRAL,297,39.493362,-76.495405,"39.493362, -76.495405"
SR-104185,Open,Phone,Dirty Street,Dirty Street Request,6/19/2019,6/19/2019,6/19/2019,6/19/2019,Pigtown,CENTRAL,3,CENTRAL,835,39.4343,-76.402749,"39.4343, -76.402749"
SR-104186,Closed,Phone,Rat Rubout,Rat Rubout Request,10/10/2021,10/10/2021,10/10/2021,10/10/2021,Berea,NORTHWESTERN,3,NORTHWESTERN,553,39.274074,-76.350506,"39.274074, -76.350506"
SR-104187,In Progress,Phone,Graffiti,Graffiti Request,8/16/2019,8/16/2019,8/16/2019,8/16/2019,Harlem Park,EASTERN,7,EASTERN,398,39.282512,-76.350314,"39.282512, -76.350314"
SR-104188,Open,Phone,Pothole,Pothole Request,10/4/2022,10/4/2022,10/4/2022,10/4/2022,Belair-Edison,NORTHWESTERN,5,NORTHWESTERN,277,39.270367,-76.338797,"39.270367, -76.338797"
SR-104189,In Progress,Phone,Street Light Out,Street Light Out Request,2/15/2021,2/15/2021,2/15/2021,2/15/2021,Cherry Hill,NORTHWESTERN,13,NORTHWESTERN,255,39.376172,-76.385728,"39.376172, -76.385728"
SR-104190,Open,Phone,Pothole,Pothole Request,11/4/2019,11/4/2019,11/4/2019,11/4/2019,Charles Village,CENTRAL,6,CENTRAL,736,39.210807,-76.551219,"39.210807, -76.551219"
SR-104191,Closed,Phone,Street Light Out,Street Light Out Request,1/4/2023,1/4/2023,1/4/2023,1/4/2023,Govans,NORTHEASTERN,14,NORTHEASTERN,138,39.45508,-76.455581,"39.45508, -76.455581"
SR-104192,Closed,Phone,Street Light Out,Street Light Out Request,5/1/2023,5/1/2023,5/1/2023,5/1/2023,Morrell Park,CENTRAL,10,CENTRAL,377,39.432552,-76.4071,"39.432552, -76.4071"
SR-104193,Closed,Phone,Dirty Street,Dirty Street Request,3/4/2021,3/4/2021,3/4/2021,3/4/2021,Brooklyn,NORTHEASTERN,8,NORTHEASTERN,225,39.444645,-76.414569,"39.444645, -76.414569"
SR-104194,Open,Phone,Parking Complaint,Parking Complaint Request,12/6/2022,12/6/2022,12/6/2022,12/6/2022,Oliver,WESTERN,7,WESTERN,346,39.408535,-76.572857,"39.408535, -76.572857"
SR-104195,In Progress,Phone,Parking Complaint,Parking Complaint Request,7/9/2023,7/9/2023,7/9/2023,7/9/2023,Greenmount West,WESTERN,1,WESTERN,391,39.390662,-76.498576,"39.390662, -76.498576"
SR-104196,Closed,Phone,Parking Complaint,Parking Complaint Request,10/13/2022,10/13/2022,10/13/2022,10/13/2022,Charles Village,SOUTHERN,6,SOUTHERN,333,39.479177,-76.551996,"39.479177, -76.551996"
SR-104197,Closed,Phone,Rat Rubout,Rat Rubout Request,5/20/2022,5/20/2022,5/20/2022,5/20/2022,Govans,NORTHERN,8,NORTHERN,178,39.388797,-76.579857,"39.388797, -76.579857"
SR-104198,In Progress,Phone,Parking Complaint,Parking Complaint Request,12/7/2019,12/7/2019,12/7/2019,12/7/2019,Waverly,NORTHERN,4,NORTHERN,220,39.270024,-76.36892,"39.270024, -76.36892"
SR-104199,Closed,Phone,Street Light Out,Street Light Out Request,2/23/2019,2/23/2019,2/23/2019,2/23/2019,Curtis Bay,NORTHWESTERN,13,NORTHWESTERN,392,39.423646,-76.468963,"39.423646, -76.468963"
SR-104200,Closed,Phone,Dirty Street,Dirty Street Request,9/26/2022,9/26/2022,9/26/2022,9/26/2022,Park Heights,SOUTHERN,1,SOUTHERN,385,39.423667,-76.429971,"39.423667, -76.429971"
SR-104201,Closed,Phone,Pothole,Pothole Request,10/23/2022,10/23/2022,10/23/2022,10/23/2022,Mount Washington,WESTERN,4,WESTERN,586,39.271717,-76.380581,"39.271717, -76.380581"
SR-104202,In Progress,Phone,Illegal Dumping,Illegal Dumping Request,7/3/2019,7/3/2019,7/3/2019,7/3/2019,Morrell Park,WESTERN,8,WESTERN,508,39.414824,-76.551752,"39.414824, -76.551752"
SR-104203,Closed,Phone,Dirty Street,Dirty Street Request,5/10/2022,5/10/2022,5/10/2022,5/10/2022,Johnston Square,NORTHEASTERN,13,NORTHEASTERN,427,39.262932,-76.591067,"39.262932, -76.591067"
SR-104204,Closed,Phone,Vacant Building,Vacant Building Request,12/21/2022,12/21/2022,12/21/2022,12/21/2022,Oliver,EASTERN,12,EASTERN,257,39.488677,-76.485037,"39.488677, -76.485037"
SR-104205,Closed,Phone,Rat Rubout,Rat Rubout Request,6/10/2019,6/10/2019,6/10/2019,6/10/2019,Govans,NORTHEASTERN,8,NORTHEASTERN,387,39.324257,-76.495705,"39.324257, -76.495705"
SR-104206,In Progress,Phone,Illegal Dumping,Illegal Dumping Request,9/28/2023,9/28/2023,9/28/2023,9/28/2023,Harlem Park,NORTHERN,5,NORTHERN,397,39.232062,-76.507834,"39.232062, -76.507834"
SR-104207,Closed,Phone,Illegal Dumping,Illegal Dumping Request,9/27/2023,9/27/2023,9/27/2023,9/27/2023,Upton,NORTHWESTERN,4,NORTHWESTERN,894,39.362292,-76.545702,"39.362292, -76.545702"
SR-104208,Closed,Phone,Street Light Out,Street Light Out Request,3/13/2021,3/13/2021,3/13/2021,3/13/2021,Eastwood,SOUTHERN,1,SOUTHERN,492,39.261687,-76.439395,"39.261687, -76.439395"
SR-104209,In Progress,Phone,Rat Rubout,Rat Rubout Request,8/20/2022,8/20/2022,8/20/2022,8/20/2022,Charles Village,NORTHEASTERN,13,NORTHEASTERN,313,39.369165,-76.515269,"39.369165, -76.515269"
SR-104210,Open,Phone,Dead Animal,Dead Animal Request,1/1/2019,1/1/2019,1/1/2019,1/1/2019,Berea,CENTRAL,10,CENTRAL,747,39.232289,-76.505471,"39.232289, -76.505471"
SR-104211,Open,Phone,Graffiti,Graffiti Request,1/15/2021,1/15/2021,1/15/2021,1/15/2021,Guilford,NORTHERN,9,NORTHERN,539,39.276571,-76.398658,"39.276571, -76.398658"
SR-104212,In Progress,Phone,Pothole,Pothole Request,11/14/2019,11/14/2019,11/14/2019,11/14/2019,Middle East,EASTERN,14,EASTERN,330,39.344364,-76.364631,"39.344364, -76.364631"
SR-104213,Closed,Phone,Pothole,Pothole Request,1/20/2019,1/20/2019,1/20/2019,1/20/2019,Berea,NORTHWESTERN,5,NORTHWESTERN,717,39.213842,-76.567721,"39.213842, -76.567721"
SR-104214,In Progress,Phone,Parking Complaint,Parking Complaint Request,3/4/2023,3/4/2023,3/4/2023,3/4/2023,Guilford,WESTERN,10,WESTERN,623,39.366432,-76.335892,"39.366432, -76.335892"
SR-104215,Closed,Phone,Dirty Street,Dirty Street Request,8/20/2021,8/20/2021,8/20/2021,8/20/2021,Homeland,WESTERN,11,WESTERN,494,39.356273,-76.407666,"39.356273, -76.407666"
SR-104216,In Progress,Phone,Parking Complaint,Parking Complaint Request,10/1/2022,10/1/2022,10/1/2022,10/1/2022,Hampden,SOUTHERN,7,SOUTHERN,136,39.390302,-76.595807,"39.390302, -76.595807"
SR-104217,Closed,Phone,Dead Animal,Dead Animal Request,12/5/2023,12/5/2023,12/5/2023,12/5/2023,Curtis Bay,NORTHWESTERN,3,NORTHWESTERN,345,39.365804,-76.387853,"39.365804, -76.387853"
SR-104218,In Progress,Phone,Street Light Out,Street Light Out Request,6/11/2022,6/11/2022,6/11/2022,6/11/2022,Pimlico,NORTHWESTERN,1,NORTHWESTERN,441,39.494503,-76.460475,"39.494503, -76.460475"
SR-104219,Closed,Phone,Rat Rubout,Rat Rubout Request,1/21/2021,1/21/2021,1/21/2021,1/21/2021,Irvington,NORTHWESTERN,9,NORTHWESTERN,554,39.456022,-76.41105,"39.456022, -76.41105"
SR-104220,Open,Phone,Street Light Out,Street Light Out Request,10/13/2022,10/13/2022,10/13/2022,10/13/2022,Belair-Edison,NORTHEASTERN,12,NORTHEASTERN,889,39.34889,-76.453931,"39.34889, -76.453931"
SR-104221,Closed,Phone,Dead Animal,Dead Animal Request,9/16/2023,9/16/2023,9/16/2023,9/16/2023,Roland Park,EASTERN,5,EASTERN,614,39.456084,-76.446285,"39.456084, -76.446285"
SR-104222,Closed,Phone,Parking Complaint,Parking Complaint Request,3/1/2022,3/1/2022,3/1/2022,3/1/2022,Brooklyn,WESTERN,10,WESTERN,442,39.410963,-76.536183,"39.410963, -76.536183"
SR-104223,Open,Phone,Street Light Out,Street Light Out Request,9/13/2023,9/13/2023,9/13/2023,9/13/2023,Greenmount West,WESTERN,10,WESTERN,879,39.293025,-76.317408,"39.293025, -76.317408"
SR-104224,In Progress,Phone,Pothole,Pothole Request,8/28/2022,8/28/2022,8/28/2022,8/28/2022,Charles Village,NORTHWESTERN,12,NORTHWESTERN,865,39.329461,-76.580315,"39.329461, -76.580315"
SR-104225,In Progress,Phone,Graffiti,Graffiti Request,1/7/2019,1/7/2019,1/7/2019,1/7/2019,Oliver,SOUTHERN,11,SOUTHERN,157,39.443545,-76.335574,"39.443545, -76.335574"
SR-104226,Closed,Phone,Illegal Dumping,Illegal Dumping Request,9/1/2023,9/1/2023,9/1/2023,9/1/2023,Pigtown,NORTHWESTERN,1,NORTHWESTERN,110,39.455142,-76.578965,"39.455142, -76.578965"
SR-104227,In Progress,Phone,Dead Animal,Dead Animal Request,4/12/2023,4/12/2023,4/12/2023,4/12/2023,Charles Village,SOUTHERN,11,SOUTHERN,668,39.290746,-76.437452,"39.290746, -76.437452"
SR-104228,Open,Phone,Graffiti,Graffiti Request,6/11/2020,6/11/2020,6/11/2020,6/11/2020,Westport,NORTHERN,2,NORTHERN,852,39.282619,-76.325076,"39.282619, -76.325076"
SR-104229,Open,Phone,Parking Complaint,Parking Complaint Request,4/28/2021,4/28/2021,4/28/2021,4/28/2021,Johnston Square,WESTERN,12,WESTERN,302,39.208457,-76.367781,"39.208457, -76.367781"
SR-104230,In Progress,Phone,Rat Rubout,Rat Rubout Request,8/22/2021,8/22/2021,8/22/2021,8/22/2021,Cherry Hill,NORTHERN,7,NORTHERN,710,39.490854,-76.310346,"39.490854, -76.310346"
SR-104231,Open,Phone,Abandoned Vehicle,Abandoned Vehicle Request,11/27/2020,11/27/2020,11/27/2020,11/27/2020,Pimlico,CENTRAL,13,CENTRAL,707,39.278311,-76.382167,"39.278311, -76.382167"
SR-104232,In Progress,Phone,Abandoned Vehicle,Abandoned Vehicle Request,1/9/2022,1/9/2022,1/9/2022,1/9/2022,Brooklyn,NORTHERN,1,NORTHERN,364,39.298419,-76.32012,"39.298419, -76.32012"
SR-104233,Closed,Phone,Dirty Street,Dirty Street Request,2/20/2019,2/20/2019,2/20/2019,2/20/2019,Guilford,NORTHERN,9,NORTHERN,688,39.438521,-76.381958,"39.438521, -76.381958"
SR-104234,Closed,Phone,Abandoned Vehicle,Abandoned Vehicle Request,12/10/2023,12/10/2023,12/10/2023,12/10/2023,Middle East,NORTHEASTERN,13,NORTHEASTERN,470,39.28383,-76.305058,"39.28383, -76.305058"
SR-104235,In Progress,Phone,Abandoned Vehicle,Abandoned Vehicle Request,4/10/2021,4/10/2021,4/10/2021,4/10/2021,Oliver,CENTRAL,2,CENTRAL,261,39.294484,-76.493526,"39.294484, -76.493526"
SR-104236,Closed,Phone,Dirty Street,Dirty Street Request,10/11/2022,10/11/2022,10/11/2022,10/11/2022,Belair-Edison,WESTERN,12,WESTERN,843,39.429206,-76.533361,"39.429206, -76.533361"
SR-104237,Closed,Phone,Parking Complaint,Parking Complaint Request,3/4/2023,3/4/2023,3/4/2023,3/4/2023,Roland Park,NORTHERN,13,NORTHERN,454,39.246257,-76.485452,"39.246257, -76.485452"
SR-104238,Open,Phone,Dead Animal,Dead Animal Request,1/23/2019,1/23/2019,1/23/2019,1/23/2019,Belair-Edison,NORTHEASTERN,4,NORTHEASTERN,287,39.300856,-76.590259,"39.300856, -76.590259"
SR-104239,In Progress,Phone,Vacant Building,Vacant Building Request,8/1/2021,8/1/2021,8/1/2021,8/1/2021,Guilford,NORTHERN,13,NORTHERN,365,39.286111,-76.343413,"39.286111, -76.343413"
SR-104240,Closed,Phone,Pothole,Pothole Request,5/25/2020,5/25/2020,5/25/2020,5/25/2020,Middle East,NORTHWESTERN,6,NORTHWESTERN,616,39.254979,-76.4982,"39.254979, -76.4982"
SR-104241,Closed,Phone,Dirty Street,Dirty Street Request,6/15/2021,6/15/2021,6/15/2021,6/15/2021,Middle East,WESTERN,5,WESTERN,272,39.453902,-76.418332,"39.453902, -76.418332"
SR-104242,Open,Phone,Pothole,Pothole Request,9/12/2019,9/12/2019,9/12/2019,9/12/2019,Clifton Park,EASTERN,3,EASTERN,879,39.240654,-76.400785,"39.240654, -76.400785"
SR-104243,Open,Phone,Dead Animal,Dead Animal Request,10/4/2023,10/4/2023,10/4/2023,10/4/2023,Homeland,SOUTHERN,13,SOUTHERN,685,39.452769,-76.504932,"39.452769, -76.504932"
SR-104244,In Progress,Phone,Graffiti,Graffiti Request,6/14/2023,6/14/2023,6/14/2023,6/14/2023,Homeland,SOUTHERN,1,SOUTHERN,582,39.339475,-76.551511,"39.339475, -76.551511"
SR-104245,In Progress,Phone,Rat Rubout,Rat Rubout Request,12/16/2022,12/16/2022,12/16/2022,12/16/2022,Harlem Park,NORTHWESTERN,13,NORTHWESTERN,308,39.446441,-76.448918,"39.446441, -76.448918"
SR-104246,Closed,Phone,Graffiti,Graffiti Request,4/27/2022,4/27/2022,4/27/2022,4/27/2022,Oliver,NORTHWESTERN,8,NORTHWESTERN,594,39.303526,-76.404363,"39.303526, -76.404363"
SR-104247,Closed,Phone,Graffiti,Graffiti Request,12/18/2021,12/18/2021,12/18/2021,12/18/2021,Brooklyn,EASTERN,8,EASTERN,646,39.359462,-76.517493,"39.359462, -76.517493"
SR-104248,In Progress,Phone,Graffiti,Graffiti Request,6/5/2019,6/5/2019,6/5/2019,6/5/2019,Morrell Park,NORTHERN,1,NORTHERN,682,39.362805,-76.514753,"39.362805, -76.514753"
SR-104249,Open,Phone,Rat Rubout,Rat Rubout Request,6/26/2020,6/26/2020,6/26/2020,6/26/2020,Sandtown-Winchester,NORTHEASTERN,14,NORTHEASTERN,574,39.337075,-76.554241,"39.337075, -76.554241"
SR-104250,Closed,Phone,Pothole,Pothole Request,1/6/2020,1/6/2020,1/6/2020,1/6/2020,Brooklyn,NORTHEASTERN,14,NORTHEASTERN,351,39.486959,-76.464181,"39.486959, -76.464181"
SR-104251,Open,Phone,Dead Animal,Dead Animal Request,5/2/2021,5/2/2021,5/2/2021,5/2/2021,Hampden,CENTRAL,13,CENTRAL,100,39.260299,-76.395718,"39.260299, -76.395718"
SR-104252,In Progress,Phone,Street Light Out,Street Light Out Request,5/26/2022,5/26/2022,5/26/2022,5/26/2022,Waverly,NORTHEASTERN,1,NORTHEASTERN,827,39.36293,-76.491657,"39.36293, -76.491657"
SR-104253,Closed,Phone,Street Light Out,Street Light Out Request,12/8/2023,12/8/2023,12/8/2023,12/8/2023,Greenmount West,NORTHEASTERN,6,NORTHEASTERN,617,39.220719,-76.439153,"39.220719, -76.439153"
SR-104254,In Progress,Phone,Graffiti,Graffiti Request,1/5/2019,1/5/2019,1/5/2019,1/5/2019,Hampden,SOUTHERN,6,SOUTHERN,366,39.444005,-76.513334,"39.444005, -76.513334"
SR-104255,Closed,Phone,Abandoned Vehicle,Abandoned Vehicle Request,11/7/2023,11/7/2023,11/7/2023,11/7/2023,Berea,NORTHEASTERN,13,NORTHEASTERN,500,39.462203,-76.593366,"39.462203, -76.593366"
SR-104256,Open,Phone,Pothole,Pothole Request,3/22/2021,3/22/2021,3/22/2021,3/22/2021,Hampden,NORTHEASTERN,8,NORTHEASTERN,593,39.223877,-76.3568,"39.223877, -76.3568"
SR-104257,Closed,Phone,Vacant Building,Vacant Building Request,10/11/2022,10/11/2022,10/11/2022,10/11/2022,Irvington,WESTERN,1,WESTERN,509,39.339824,-76.3897,"39.339824, -76.3897"
SR-104258,Open,Phone,Street Light Out,Street Light Out Request,1/3/2021,1/3/2021,1/3/2021,1/3/2021,Cherry Hill,NORTHWESTERN,11,NORTHWESTERN,388,39.299916,-76.576697,"39.299916, -76.576697"
SR-104259,Closed,Phone,Dead Animal,Dead Animal Request,1/20/2023,1/20/2023,1/20/2023,1/20/2023,Waverly,WESTERN,4,WESTERN,518,39.454135,-76.364298,"39.454135, -76.364298"
SR-104260,Open,Phone,Pothole,Pothole Request,11/9/2021,11/9/2021,11/9/2021,11/9/2021,Roland Park,NORTHEASTERN,11,NORTHEASTERN,119,39.339221,-76.38204,"39.339221, -76.38204"
SR-104261,Open,Phone,Dirty Street,Dirty Street Request,12/12/2019,12/12/2019,12/12/2019,12/12/2019,Greenmount West,EASTERN,8,EASTERN,310,39.314048,-76.503638,"39.314048, -76.503638"
SR-104262,In Progress,Phone,Graffiti,Graffiti Request,4/3/2023,4/3/2023,4/3/2023,4/3/2023,Morrell Park,NORTHERN,10,NORTHERN,615,39.247886,-76.346216,"39.247886, -76.346216"
SR-104263,In Progress,Phone,Dirty Street,Dirty Street Request,2/17/2020,2/17/2020,2/17/2020,2/17/2020,Mount Washington,NORTHWESTERN,2,NORTHWESTERN,542,39.360769,-76.362818,"39.360769, -76.362818"
SR-104264,Open,Phone,Illegal Dumping,Illegal Dumping Request,11/9/2021,11/9/2021,11/9/2021,11/9/2021,Belair-Edison,CENTRAL,7,CENTRAL,184,39.221156,-76.417511,"39.221156, -76.417511"
SR-104265,Closed,Phone,Rat Rubout,Rat Rubout Request,4/9/2019,4/9/2019,4/9/2019,4/9/2019,Brooklyn,EASTERN,9,EASTERN,430,39.40075,-76.4183,"39.40075, -76.4183"
SR-104266,Closed,Phone,Street Light Out,Street Light Out Request,12/2/2021,12/2/2021,12/2/2021,12/2/2021,Curtis Bay,NORTHEASTERN,4,NORTHEASTERN,720,39.390836,-76.527384,"39.390836, -76.527384"
SR-104267,In Progress,Phone,Parking Complaint,Parking Complaint Request,2/22/2023,2/22/2023,2/22/2023,2/22/2023,Pen Lucy,NORTHEASTERN,5,NORTHEASTERN,652,39.305719,-76.505496,"39.305719, -76.505496"
SR-104268,In Progress,Phone,Illegal Dumping,Illegal Dumping Request,1/19/2020,1/19/2020,1/19/2020,1/19/2020,Sandtown-Winchester,EASTERN,8,EASTERN,728,39.439636,-76.378767,"39.439636, -76.378767"
SR-104269,Closed,Phone,Illegal Dumping,Illegal Dumping Request,1/15/2022,1/15/2022,1/15/2022,1/15/2022,Park Heights,WESTERN,10,WESTERN,294,39.218222,-76.341784,"39.218222, -76.341784"
SR-104270,Closed,Phone,Parking Complaint,Parking Complaint Request,1/5/2020,1/5/2020,1/5/2020,1/5/2020,Brooklyn,CENTRAL,3,CENTRAL,113,39.431126,-76.544291,"39.431126, -76.544291"
SR-104271,Closed,Phone,Rat Rubout,Rat Rubout Request,5/11/2023,5/11/2023,5/11/2023,5/11/2023,Park Heights,NORTHWESTERN,8,NORTHWESTERN,626,39.233435,-76.52492,"39.233435, -76.52492"
SR-104272,Closed,Phone,Dead Animal,Dead Animal Request,6/28/2022,6/28/2022,6/28/2022,6/28/2022,Park Heights,NORTHERN,1,NORTHERN,314,39.243443,-76.487037,"39.243443, -76.487037"
SR-104273,Open,Phone,Abandoned Vehicle,Abandoned Vehicle Request,2/17/2019,2/17/2019,2/17/2019,2/17/2019,Berea,NORTHWESTERN,13,NORTHWESTERN,144,39.202235,-76.504135,"39.202235, -76.504135"
SR-104274,Closed,Phone,Pothole,Pothole Request,6/3/2021,6/3/2021,6/3/2021,6/3/2021,Eastwood,NORTHWESTERN,10,NORTHWESTERN,735,39.46395,-76.373243,"39.46395, -76.373243"
SR-104275,Closed,Phone,Parking Complaint,Parking Complaint Request,10/10/2020,10/10/2020,10/10/2020,10/10/2020,Govans,NORTHERN,13,NORTHERN,603,39.287225,-76.416166,"39.287225, -76.416166"
SR-104276,Open,Phone,Parking Complaint,Parking Complaint Request,4/10/2019,4/10/2019,4/10/2019,4/10/2019,Sandtown-Winchester,EASTERN,6,EASTERN,239,39.252368,-76.49321,"39.252368, -76.49321"
SR-104277,In Progress,Phone,Graffiti,Graffiti Request,2/13/2020,2/13/2020,2/13/2020,2/13/2020,Oliver,SOUTHERN,8,SOUTHERN,463,39.375251,-76.492979,"39.375251, -76.492979"
SR-104278,In Progress,Phone,Pothole,Pothole Request,2/22/2021,2/22/2021,2/22/2021,2/22/2021,Homeland,WESTERN,10,WESTERN,150,39.275265,-76.520737,"39.275265, -76.520737"
SR-104279,Open,Phone,Rat Rubout,Rat Rubout Request,12/28/2021,12/28/2021,12/28/2021,12/28/2021,Greenmount West,SOUTHERN,3,SOUTHERN,407,39.422857,-76.556052,"39.422857, -76.556052"
SR-104280,Open,Phone,Parking Complaint,Parking Complaint Request,9/17/2023,9/17/2023,9/17/2023,9/17/2023,Harlem Park,CENTRAL,11,CENTRAL,210,39.320953,-76.321654,"39.320953, -76.321654"
SR-104281,Closed,Phone,Street Light Out,Street Light Out Request,1/28/2022,1/28/2022,1/28/2022,1/28/2022,Mount Washington,WESTERN,9,WESTERN,721,39.280826,-76.368116,"39.280826, -76.368116"
SR-104282,In Progress,Phone,Pothole,Pothole Request,7/3/2019,7/3/2019,7/3/2019,7/3/2019,Waverly,NORTHEASTERN,4,NORTHEASTERN,217,39.245866,-76.590313,"39.245866, -76.590313"
SR-104283,Open,Phone,Abandoned Vehicle,Abandoned Vehicle Request,8/15/2022,8/15/2022,8/15/2022,8/15/2022,Pimlico,SOUTHERN,4,SOUTHERN,476,39.234556,-76.33608,"39.234556, -76.33608"
SR-104284,In Progress,Phone,Vacant Building,Vacant Building Request,11/9/2020,11/9/2020,11/9/2020,11/9/2020,Irvington,NORTHERN,1,NORTHERN,561,39.290362,-76.365757,"39.290362, -76.365757"
SR-104285,In Progress,Phone,Dirty Street,Dirty Street Request,8/17/2021,8/17/2021,8/17/2021,8/17/2021,Greenmount West,SOUTHERN,6,SOUTHERN,738,39.229233,-76.505006,"39.229233, -76.505006"
SR-104286,Open,Phone,Illegal Dumping,Illegal Dumping Request,10/15/2023,10/15/2023,10/15/2023,10/15/2023,Curtis Bay,WESTERN,11,WESTERN,220,39.482741,-76.395767,"39.482741, -76.395767"
SR-104287,In Progress,Phone,Pothole,Pothole Request,6/23/2020,6/23/2020,6/23/2020,6/23/2020,Mount Washington,SOUTHERN,3,SOUTHERN,216,39.349163,-76.511269,"39.349163, -76.511269"
SR-104288,Closed,Phone,Parking Complaint,Parking Complaint Request,8/24/2020,8/24/2020,8/24/2020,8/24/2020,Cherry Hill,NORTHEASTERN,6,NORTHEASTERN,291,39.20365,-76.568151,"39.20365, -76.568151"
SR-104289,In Progress,Phone,Graffiti,Graffiti Request,4/5/2020,4/5/2020,4/5/2020,4/5/2020,Hampden,NORTHWESTERN,1,NORTHWESTERN,370,39.427572,-76.559878,"39.427572, -76.559878"
SR-104290,In Progress,Phone,Dirty Street,Dirty Street Request,10/7/2022,10/7/2022,10/7/2022,10/7/2022,Charles Village,NORTHEASTERN,4,NORTHEASTERN,115,39.298409,-76.446689,"39.298409, -76.446689"
SR-104291,Open,Phone,Parking Complaint,Parking Complaint Request,12/17/2019,12/17/2019,12/17/2019,12/17/2019,Roland Park,EASTERN,4,EASTERN,832,39.329312,-76.418008,"39.329312, -76.418008"
SR-104292,In Progress,Phone,Dead Animal,Dead Animal Request,10/2/2021,10/2/2021,10/2/2021,10/2/2021,Park Heights,NORTHEASTERN,2,NORTHEASTERN,353,39.265523,-76.530207,"39.265523, -76.530207"
SR-104293,Open,Phone,Street Light Out,Street Light Out Request,12/2/2022,12/2/2022,12/2/2022,12/2/2022,Morrell Park,NORTHWESTERN,11,NORTHWESTERN,561,39.244477,-76.371916,"39.244477, -76.371916"
SR-104294,In Progress,Phone,Parking Complaint,Parking Complaint Request,6/27/2019,6/27/2019,6/27/2019,6/27/2019,Brooklyn,NORTHEASTERN,11,NORTHEASTERN,279,39.346887,-76.309628,"39.346887, -76.309628"
SR-104295,In Progress,Phone,Abandoned Vehicle,Abandoned Vehicle Request,7/12/2023,7/12/2023,7/12/2023,7/12/2023,Hampden,NORTHWESTERN,13,NORTHWESTERN,198,39.32152,-76.315914,"39.32152, -76.315914"
SR-104296,Closed,Phone,Pothole,Pothole Request,9/2/2019,9/2/2019,9/2/2019,9/2/2019,Pen Lucy,EASTERN,9,EASTERN,548,39.493334,-76.398572,"39.493334, -76.398572"
SR-104297,Closed,Phone,Vacant Building,Vacant Building Request,3/13/2021,3/13/2021,3/13/2021,3/13/2021,Waverly,WESTERN,13,WESTERN,604,39.202295,-76.493691,"39.202295, -76.493691"
SR-104298,In Progress,Phone,Parking Complaint,Parking Complaint Request,6/27/2019,6/27/2019,6/27/2019,6/27/2019,Pimlico,SOUTHERN,3,SOUTHERN,291,39.386558,-76.532516,"39.386558, -76.532516"
SR-104299,In Progress,Phone,Graffiti,Graffiti Request,2/23/2023,2/23/2023,2/23/2023,2/23/2023,Irvington,NORTHERN,1,NORTHERN,723,39.248875,-76.337216,"39.248875, -76.337216"
SR-104300,Open,Phone,Pothole,Pothole Request,2/15/2023,2/15/2023,2/15/2023,2/15/2023,Upton,NORTHERN,9,NORTHERN,291,39.224037,-76.346986,"39.224037, -76.346986"
SR-104301,Closed,Phone,Street Light Out,Street Light Out Request,11/26/2022,11/26/2022,11/26/2022,11/26/2022,Homeland,EASTERN,9,EASTERN,437,39.377217,-76.478686,"39.377217, -76.478686"
SR-104302,Closed,Phone,Abandoned Vehicle,Abandoned Vehicle Request,7/14/2022,7/14/2022,7/14/2022,7/14/2022,Clifton Park,WESTERN,12,WESTERN,853,39.22406,-76.464856,"39.22406, -76.464856"
SR-104303,Open,Phone,Parking Complaint,Parking Complaint Request,5/4/2021,5/4/2021,5/4/2021,5/4/2021,Guilford,SOUTHERN,14,SOUTHERN,592,39.307987,-76.51421,"39.307987, -76.51421"
SR-104304,Open,Phone,Rat Rubout,Rat Rubout Request,9/6/2023,9/6/2023,9/6/2023,9/6/2023,Roland Park,SOUTHERN,9,SOUTHERN,219,39.222403,-76.556363,"39.222403, -76.556363"
SR-104305,In Progress,Phone,Illegal Dumping,Illegal Dumping Request,3/20/2019,3/20/2019,3/20/2019,3/20/2019,Middle East,NORTHEASTERN,5,NORTHEASTERN,424,39.305528,-76.518174,"39.305528, -76.518174"
SR-104306,Open,Phone,Pothole,Pothole Request,3/13/2021,3/13/2021,3/13/2021,3/13/2021,Johnston Square,NORTHWESTERN,12,NORTHWESTERN,411,39.440681,-76.56757,"39.440681, -76.56757"
SR-104307,Closed,Phone,Pothole,Pothole Request,2/7/2023,2/7/2023,2/7/2023,2/7/2023,Mount Washington,CENTRAL,6,CENTRAL,246,39.279409,-76.323229,"39.279409, -76.323229"
SR-104308,Open,Phone,Parking Complaint,Parking Complaint Request,12/9/2019,12/9/2019,12/9/2019,12/9/2019,Oliver,SOUTHERN,4,SOUTHERN,168,39.275403,-76.516054,"39.275403, -76.516054"
SR-104309,In Progress,Phone,Abandoned Vehicle,Abandoned Vehicle Request,1/8/2023,1/8/2023,1/8/2023,1/8/2023,Clifton Park,NORTHWESTERN,13,NORTHWESTERN,700,39.32669,-76.570244,"39.32669, -76.570244"
SR-104310,Closed,Phone,Parking Complaint,Parking Complaint Request,10/19/2020,10/19/2020,10/19/2020,10/19/2020,Pigtown,EASTERN,1,EASTERN,770,39.431245,-76.541475,"39.431245, -76.541475"
SR-104311,Closed,Phone,Dead Animal,Dead Animal Request,6/4/2023,6/4/2023,6/4/2023,6/4/2023,Hampden,NORTHEASTERN,14,NORTHEASTERN,185,39.448023,-76.41801,"39.448023, -76.41801"
SR-104312,Open,Phone,Parking Complaint,Parking Complaint Request,3/5/2020,3/5/2020,3/5/2020,3/5/2020,Eastwood,NORTHERN,13,NORTHERN,254,39.229652,-76.434098,"39.229652, -76.434098"
SR-104313,Open,Phone,Vacant Building,Vacant Building Request,2/18/2019,2/18/2019,2/18/2019,2/18/2019,Pimlico,CENTRAL,2,CENTRAL,673,39.478924,-76.552793,"39.478924, -76.552793"
SR-104314,Closed,Phone,Abandoned Vehicle,Abandoned Vehicle Request,2/23/2020,2/23/2020,2/23/2020,2/23/2020,Park Heights,WESTERN,1,WESTERN,304,39.386932,-76.494802,"39.386932, -76.494802"
SR-104315,Closed,Phone,Rat Rubout,Rat Rubout Request,8/28/2023,8/28/2023,8/28/2023,8/28/2023,Westport,NORTHEASTERN,6,NORTHEASTERN,415,39.228036,-76.351993,"39.228036, -76.351993"
SR-104316,Open,Phone,Vacant Building,Vacant Building Request,11/25/2020,11/25/2020,11/25/2020,11/25/2020,Curtis Bay,EASTERN,2,EASTERN,674,39.356158,-76.31325,"39.356158, -76.31325"
SR-104317,In Progress,Phone,Illegal Dumping,Illegal Dumping Request,8/24/2019,8/24/2019,8/24/2019,8/24/2019,Johnston Square,NORTHWESTERN,5,NORTHWESTERN,266,39.24045,-76.456277,"39.24045, -76.456277"
SR-104318,Open,Phone,Rat Rubout,Rat Rubout Request,11/28/2021,11/28/2021,11/28/2021,11/28/2021,Homeland,WESTERN,7,WESTERN,167,39.295159,-76.422779,"39.295159, -76.422779"
SR-104319,Open,Phone,Dirty Street,Dirty Street Request,11/18/2021,11/18/2021,11/18/2021,11/18/2021,Oliver,CENTRAL,5,CENTRAL,264,39.244596,-76.389449,"39.244596, -76.389449"
SR-104320,Closed,Phone,Dirty Street,Dirty Street Request,11/2/2019,11/2/2019,11/2/2019,11/2/2019,Eastwood,WESTERN,1,WESTERN,241,39.455182,-76.482302,"39.455182, -76.482302"
SR-104321,Open,Phone,Pothole,Pothole Request,2/4/2019,2/4/2019,2/4/2019,2/4/2019,Middle East,NORTHEASTERN,8,NORTHEASTERN,657,39.290009,-76.513089,"39.290009, -76.513089"
SR-104322,Open,Phone,Rat Rubout,Rat Rubout Request,4/16/2022,4/16/2022,4/16/2022,4/16/2022,Clifton Park,CENTRAL,12,CENTRAL,803,39.214788,-76.559296,"39.214788, -76.559296"
SR-104323,Open,Phone,Dead Animal,Dead Animal Request,3/2/2019,3/2/2019,3/2/2019,3/2/2019,Johnston Square,CENTRAL,1,CENTRAL,743,39.36953,-76.45509,"39.36953, -76.45509"
SR-104324,Closed,Phone,Dirty Street,Dirty Street Request,2/14/2020,2/14/2020,2/14/2020,2/14/2020,Upton,EASTERN,1,EASTERN,562,39.294658,-76.316407,"39.294658, -76.316407"
SR-104325,Open,Phone,Parking Complaint,Parking Complaint Request,7/22/2023,7/22/2023,7/22/2023,7/22/2023,Oliver,NORTHEASTERN,5,NORTHEASTERN,167,39.347046,-76.375776,"39.347046, -76.375776"
SR-104326,Open,Phone,Rat Rubout,Rat Rubout Request,1/13/2022,1/13/2022,1/13/2022,1/13/2022,Eastwood,EASTERN,11,EASTERN,865,39.301485,-76.435172,"39.301485, -76.435172"
SR-104327,In Progress,Phone,Vacant Building,Vacant Building Request,11/10/2023,11/10/2023,11/10/2023,11/10/2023,Charles Village,WESTERN,6,WESTERN,159,39.279735,-76.559148,"39.279735, -76.559148"
SR-104328,In Progress,Phone,Parking Complaint,Parking Complaint Request,12/17/2023,12/17/2023,12/17/2023,12/17/2023,Roland Park,SOUTHERN,9,SOUTHERN,533,39.287425,-76.493789,"39.287425, -76.493789"
SR-104329,Closed,Phone,Parking Complaint,Parking Complaint Request,6/4/2021,6/4/2021,6/4/2021,6/4/2021,Berea,CENTRAL,7,CENTRAL,531,39.298969,-76.546747,"39.298969, -76.546747"
SR-104330,Closed,Phone,Illegal Dumping,Illegal Dumping Request,6/12/2019,6/12/2019,6/12/2019,6/12/2019,Johnston Square,NORTHWESTERN,8,NORTHWESTERN,652,39.451389,-76.572452,"39.451389, -76.572452"
SR-104331,Open,Phone,Rat Rubout,Rat Rubout Request,2/5/2019,2/5/2019,2/5/2019,2/5/2019,Brooklyn,NORTHWESTERN,9,NORTHWESTERN,479,39.485745,-76.434161,"39.485745, -76.434161"
SR-104332,Open,Phone,Rat Rubout,Rat Rubout Request,4/10/2022,4/10/2022,4/10/2022,4/10/2022,Sandtown-Winchester,NORTHERN,12,NORTHERN,704,39.402657,-76.474984,"39.402657, -76.474984"
SR-104333,Open,Phone,Parking Complaint,Parking Complaint Request,1/10/2019,1/10/2019,1/10/2019,1/10/2019,Oliver,EASTERN,9,EASTERN,287,39.351459,-76.348864,"39.351459, -76.348864"
SR-104334,Open,Phone,Abandoned Vehicle,Abandoned Vehicle Request,5/6/2020,5/6/2020,5/6/2020,5/6/2020,Greenmount West,CENTRAL,9,CENTRAL,632,39.261801,-76.415115,"39.261801, -76.415115"
SR-104335,Closed,Phone,Illegal Dumping,Illegal Dumping Request,1/11/2019,1/11/2019,1/11/2019,1/11/2019,Clifton Park,EASTERN,3,EASTERN,587,39.224627,-76.537088,"39.224627, -76.537088"
SR-104336,Open,Phone,Graffiti,Graffiti Request,6/18/2020,6/18/2020,6/18/2020,6/18/2020,Hampden,NORTHERN,11,NORTHERN,363,39.352025,-76.57044,"39.352025, -76.57044"
SR-104337,In Progress,Phone,Street Light Out,Street Light Out Request,5/24/2023,5/24/2023,5/24/2023,5/24/2023,Sandtown-Winchester,CENTRAL,6,CENTRAL,747,39.277606,-76.476137,"39.277606, -76.476137"
SR-104338,Closed,Phone,Graffiti,Graffiti Request,2/26/2022,2/26/2022,2/26/2022,2/26/2022,Waverly,SOUTHERN,3,SOUTHERN,583,39.430368,-76.487353,"39.430368, -76.487353"
SR-104339,Closed,Phone,Pothole,Pothole Request,4/23/2020,4/23/2020,4/23/2020,4/23/2020,Pimlico,EASTERN,14,EASTERN,760,39.207359,-76.57145,"39.207359, -76.57145"
SR-104340,In Progress,Phone,Illegal Dumping,Illegal Dumping Request,7/18/2020,7/18/2020,7/18/2020,7/18/2020,Eastwood,WESTERN,11,WESTERN,580,39.48028,-76.415921,"39.48028, -76.415921"
SR-104341,In Progress,Phone,Dead Animal,Dead Animal Request,1/6/2023,1/6/2023,1/6/2023,1/6/2023,Charles Village,SOUTHERN,3,SOUTHERN,345,39.269302,-76.34802,"39.269302, -76.34802"
SR-104342,In Progress,Phone,Illegal Dumping,Illegal Dumping Request,11/9/2023,11/9/2023,11/9/2023,11/9/2023,Park Heights,NORTHERN,9,NORTHERN,319,39.379243,-76.529327,"39.379243, -76.529327"
SR-104343,Closed,Phone,Street Light Out,Street Light Out Request,5/13/2023,5/13/2023,5/13/2023,5/13/2023,Eastwood,CENTRAL,7,CENTRAL,865,39.286523,-76.308753,"39.286523, -76.308753"
SR-104344,Open,Phone,Parking Complaint,Parking Complaint Request,6/11/2019,6/11/2019,6/11/2019,6/11/2019,Irvington,WESTERN,7,WESTERN,870,39.230578,-76.362471,"39.230578, -76.362471"
SR-104345,Open,Phone,Graffiti,Graffiti Request,8/21/2021,8/21/2021,8/21/2021,8/21/2021,Pen Lucy,NORTHEASTERN,3,NORTHEASTERN,375,39.456239,-76.59797,"39.456239, -76.59797"
SR-104346,Open,Phone,Illegal Dumping,Illegal Dumping Request,9/9/2021,9/9/2021,9/9/2021,9/9/2021,Waverly,NORTHWESTERN,4,NORTHWESTERN,304,39.355365,-76.422297,"39.355365, -76.422297"
SR-104347,Open,Phone,Parking Complaint,Parking Complaint Request,8/3/2021,8/3/2021,8/3/2021,8/3/2021,Curtis Bay,NORTHERN,4,NORTHERN,619,39.364095,-76.386155,"39.364095, -76.386155"
SR-104348,Open,Phone,Pothole,Pothole Request,10/20/2021,10/20/2021,10/20/2021,10/20/2021,Homeland,NORTHERN,12,NORTHERN,563,39.356981,-76.341348,"39.356981, -76.341348"
SR-104349,Closed,Phone,Rat Rubout,Rat Rubout Request,10/15/2022,10/15/2022,10/15/2022,10/15/2022,Johnston Square,NORTHWESTERN,8,NORTHWESTERN,568,39.207285,-76.338327,"39.207285, -76.338327"
SR-104350,In Progress,Phone,Vacant Building,Vacant Building Request,1/1/2021,1/1/2021,1/1/2021,1/1/2021,Guilford,NORTHEASTERN,1,NORTHEASTERN,640,39.438193,-76.323095,"39.438193, -76.323095"
SR-104351,Closed,Phone,Parking Complaint,Parking Complaint Request,2/16/2023,2/16/2023,2/16/2023,2/16/2023,Oliver,WESTERN,9,WESTERN,445,39.232975,-76.306849,"39.232975, -76.306849"
SR-104352,Open,Phone,Abandoned Vehicle,Abandoned Vehicle Request,3/9/2021,3/9/2021,3/9/2021,3/9/2021,Johnston Square,CENTRAL,3,CENTRAL,764,39.473524,-76.482839,"39.473524, -76.482839"
SR-104353,In Progress,Phone,Pothole,Pothole Request,2/24/2019,2/24/2019,2/24/2019,2/24/2019,Harlem Park,CENTRAL,14,CENTRAL,770,39.35757,-76.367927,"39.35757, -76.367927"
SR-104354,In Progress,Phone,Illegal Dumping,Illegal Dumping Request,11/18/2021,11/18/2021,11/18/2021,11/18/2021,Irvington,SOUTHERN,2,SOUTHERN,766,39.240083,-76.380427,"39.240083, -76.380427"
SR-104355,Open,Phone,Dead Animal,Dead Animal Request,10/10/2021,10/10/2021,10/10/2021,10/10/2021,Belair-Edison,NORTHEASTERN,13,NORTHEASTERN,862,39.256478,-76.431387,"39.256478, -76.431387"
SR-104356,Open,Phone,Parking Complaint,Parking Complaint Request,5/5/2023,5/5/2023,5/5/2023,5/5/2023,Oliver,WESTERN,2,WESTERN,578,39.472321,-76.327733,"39.472321, -76.327733"
SR-104357,Closed,Phone,Illegal Dumping,Illegal Dumping Request,10/21/2022,10/21/2022,10/21/2022,10/21/2022,Johnston Square,NORTHEASTERN,8,NORTHEASTERN,162,39.48116,-76.327636,"39.48116, -76.327636"
SR-104358,Open,Phone,Dead Animal,Dead Animal Request,11/8/2023,11/8/2023,11/8/2023,11/8/2023,Eastwood,NORTHEASTERN,9,NORTHEASTERN,807,39.38097,-76.378565,"39.38097, -76.378565"
SR-104359,In Progress,Phone,Dead Animal,Dead Animal Request,2/9/2021,2/9/2021,2/9/2021,2/9/2021,Greenmount West,CENTRAL,10,CENTRAL,490,39.322393,-76.471077,"39.322393, -76.471077"
SR-104360,Open,Phone,Illegal Dumping,Illegal Dumping Request,1/12/2023,1/12/2023,1/12/2023,1/12/2023,Pen Lucy,CENTRAL,13,CENTRAL,696,39.254047,-76.423282,"39.254047, -76.423282"
SR-104361,Open,Phone,Rat Rubout,Rat Rubout Request,2/6/2022,2/6/2022,2/6/2022,2/6/2022,Cherry Hill,EASTERN,1,EASTERN,402,39.435073,-76.332207,"39.435073, -76.332207"
SR-104362,In Progress,Phone,Dead Animal,Dead Animal Request,1/17/2022,1/17/2022,1/17/2022,1/17/2022,Waverly,EASTERN,4,EASTERN,437,39.443224,-76.591892,"39.443224, -76.591892"
SR-104363,In Progress,Phone,Street Light Out,Street Light Out Request,1/1/2022,1/1/2022,1/1/2022,1/1/2022,Roland Park,SOUTHERN,1,SOUTHERN,749,39.374376,-76.388457,"39.374376, -76.388457"
SR-104364,Open,Phone,Vacant Building,Vacant Building Request,9/12/2022,9/12/2022,9/12/2022,9/12/2022,Mount Washington,EASTERN,12,EASTERN,255,39.277483,-76.3731,"39.277483, -76.3731"
SR-104365,Closed,Phone,Vacant Building,Vacant Building Request,10/8/2021,10/8/2021,10/8/2021,10/8/2021,Park Heights,NORTHERN,10,NORTHERN,426,39.359725,-76.448846,"39.359725, -76.448846"
SR-104366,Closed,Phone,Abandoned Vehicle,Abandoned Vehicle Request,1/1/2023,1/1/2023,1/1/2023,1/1/2023,Westport,EASTERN,8,EASTERN,532,39.48536,-76.400398,"39.48536, -76.400398"
SR-104367,In Progress,Phone,Street Light Out,Street Light Out Request,4/3/2021,4/3/2021,4/3/2021,4/3/2021,Pigtown,EASTERN,10,EASTERN,446,39.469628,-76.487854,"39.469628, -76.487854"
SR-104368,In Progress,Phone,Street Light Out,Street Light Out Request,11/22/2020,11/22/2020,11/22/2020,11/22/2020,Morrell Park,EASTERN,4,EASTERN,407,39.279252,-76.352652,"39.279252, -76.352652"
SR-104369,Closed,Phone,Vacant Building,Vacant Building Request,9/23/2020,9/23/2020,9/23/2020,9/23/2020,Eastwood,NORTHEASTERN,14,NORTHEASTERN,581,39.446445,-76.528523,"39.446445, -76.528523"
SR-104370,Open,Phone,Dirty Street,Dirty Street Request,6/6/2022,6/6/2022,6/6/2022,6/6/2022,Sandtown-Winchester,NORTHWESTERN,8,NORTHWESTERN,464,39.442848,-76.446201,"39.442848, -76.446201"
SR-104371,In Progress,Phone,Graffiti,Graffiti Request,7/21/2019,7/21/2019,7/21/2019,7/21/2019,Curtis Bay,WESTERN,9,WESTERN,900,39.256641,-76.521134,"39.256641, -76.521134"
SR-104372,Open,Phone,Parking Complaint,Parking Complaint Request,3/16/2020,3/16/2020,3/16/2020,3/16/2020,Irvington,NORTHWESTERN,4,NORTHWESTERN,737,39.480487,-76.573546,"39.480487, -76.573546"
SR-104373,Closed,Phone,Street Light Out,Street Light Out Request,2/26/2023,2/26/2023,2/26/2023,2/26/2023,Middle East,SOUTHERN,6,SOUTHERN,220,39.245496,-76.366099,"39.245496, -76.366099"
SR-104374,In Progress,Phone,Graffiti,Graffiti Request,8/10/2021,8/10/2021,8/10/2021,8/10/2021,Cherry Hill,NORTHERN,3,NORTHERN,415,39.458291,-76.364951,"39.458291, -76.364951"
SR-104375,Closed,Phone,Dirty Street,Dirty Street Request,11/13/2019,11/13/2019,11/13/2019,11/13/2019,Greenmount West,CENTRAL,1,CENTRAL,639,39.354108,-76.412222,"39.354108, -76.412222"
SR-104376,Open,Phone,Pothole,Pothole Request,3/2/2021,3/2/2021,3/2/2021,3/2/2021,Park Heights,SOUTHERN,4,SOUTHERN,724,39.383135,-76.418336,"39.383135, -76.418336"
SR-104377,In Progress,Phone,Street Light Out,Street Light Out Request,1/2/2022,1/2/2022,1/2/2022,1/2/2022,Waverly,CENTRAL,10,CENTRAL,885,39.364314,-76.376737,"39.364314, -76.376737"
SR-104378,Closed,Phone,Street Light Out,Street Light Out Request,1/13/2021,1/13/2021,1/13/2021,1/13/2021,Charles Village,NORTHWESTERN,9,NORTHWESTERN,237,39.335941,-76.318057,"39.335941, -76.318057"
SR-104379,Closed,Phone,Vacant Building,Vacant Building Request,2/4/2021,2/4/2021,2/4/2021,2/4/2021,Harlem Park,EASTERN,8,EASTERN,705,39.367848,-76.470865,"39.367848, -76.470865"
SR-104380,Closed,Phone,Abandoned Vehicle,Abandoned Vehicle Request,2/1/2023,2/1/2023,2/1/2023,2/1/2023,Greenmount West,CENTRAL,1,CENTRAL,201,39.218182,-76.551035,"39.218182, -76.551035"
SR-104381,Open,Phone,Dirty Street,Dirty Street Request,9/3/2020,9/3/2020,9/3/2020,9/3/2020,Oliver,NORTHWESTERN,6,NORTHWESTERN,876,39.406392,-76.411503,"39.406392, -76.411503"
SR-104382,Open,Phone,Parking Complaint,Parking Complaint Request,2/5/2020,2/5/2020,2/5/2020,2/5/2020,Pen Lucy,SOUTHERN,1,SOUTHERN,732,39.346555,-76.597168,"39.346555, -76.597168"
SR-104383,In Progress,Phone,Graffiti,Graffiti Request,4/15/2021,4/15/2021,4/15/2021,4/15/2021,Westport,NORTHEASTERN,10,NORTHEASTERN,483,39.460409,-76.57898,"39.460409, -76.57898"
SR-104384,Open,Phone,Dead Animal,Dead Animal Request,7/2/2020,7/2/2020,7/2/2020,7/2/2020,Middle East,EASTERN,13,EASTERN,181,39.279309,-76.488665,"39.279309, -76.488665"
SR-104385,Open,Phone,Abandoned Vehicle,Abandoned Vehicle Request,1/12/2019,1/12/2019,1/12/2019,1/12/2019,Roland Park,NORTHWESTERN,3,NORTHWESTERN,563,39.269902,-76.487907,"39.269902, -76.487907"
SR-104386,Closed,Phone,Graffiti,Graffiti Request,3/8/2023,3/8/2023,3/8/2023,3/8/2023,Morrell Park,NORTHEASTERN,3,NORTHEASTERN,712,39.322681,-76.564387,"39.322681, -76.564387"
SR-104387,In Progress,Phone,Graffiti,Graffiti Request,12/23/2022,12/23/2022,12/23/2022,12/23/2022,Roland Park,WESTERN,5,WESTERN,669,39.397744,-76.36767,"39.397744, -76.36767"
SR-104388,In Progress,Phone,Dead Animal,Dead Animal Request,3/21/2021,3/21/2021,3/21/2021,3/21/2021,Upton,SOUTHERN,3,SOUTHERN,782,39.265874,-76.355859,"39.265874, -76.355859"
SR-104389,Closed,Phone,Abandoned Vehicle,Abandoned Vehicle Request,1/5/2022,1/5/2022,1/5/2022,1/5/2022,Druid Heights,SOUTHERN,14,SOUTHERN,607,39.290282,-76.357362,"39.290282, -76.357362"
SR-104390,Closed,Phone,Street Light Out,Street Light Out Request,8/19/2023,8/19/2023,8/19/2023,8/19/2023,Westport,EASTERN,12,EASTERN,173,39.225681,-76.494963,"39.225681, -76.494963"
SR-104391,Open,Phone,Dirty Street,Dirty Street Request,4/23/2019,4/23/2019,4/23/2019,4/23/2019,Curtis Bay,EASTERN,8,EASTERN,655,39.335534,-76.345955,"39.335534, -76.345955"
SR-104392,In Progress,Phone,Vacant Building,Vacant Building Request,8/17/2023,8/17/2023,8/17/2023,8/17/2023,Guilford,NORTHEASTERN,7,NORTHEASTERN,582,39.230037,-76.446395,"39.230037, -76.446395"
SR-104393,Closed,Phone,Parking Complaint,Parking Complaint Request,10/25/2020,10/25/2020,10/25/2020,10/25/2020,Irvington,CENTRAL,12,CENTRAL,867,39.378829,-76.428683,"39.378829, -76.428683"
SR-104394,Open,Phone,Abandoned Vehicle,Abandoned Vehicle Request,11/11/2023,11/11/2023,11/11/2023,11/11/2023,Roland Park,WESTERN,6,WESTERN,267,39.208948,-76.584592,"39.208948, -76.584592"
SR-104395,Closed,Phone,Vacant Building,Vacant Building Request,9/4/2021,9/4/2021,9/4/2021,9/4/2021,Druid Heights,NORTHEASTERN,2,NORTHEASTERN,348,39.479567,-76.441332,"39.479567, -76.441332"
SR-104396,Closed,Phone,Graffiti,Graffiti Request,12/8/2023,12/8/2023,12/8/2023,12/8/2023,Roland Park,WESTERN,11,WESTERN,775,39.263496,-76.470848,"39.263496, -76.470848"
SR-104397,Open,Phone,Abandoned Vehicle,Abandoned Vehicle Request,4/26/2020,4/26/2020,4/26/2020,4/26/2020,Westport,WESTERN,8,WESTERN,865,39.423293,-76.417831,"39.423293, -76.417831"
SR-104398,Open,Phone,Parking Complaint,Parking Complaint Request,5/4/2019,5/4/2019,5/4/2019,5/4/2019,Waverly,NORTHEASTERN,6,NORTHEASTERN,818,39.255933,-76.324568,"39.255933, -76.324568"
SR-104399,Closed,Phone,Graffiti,Graffiti Request,4/21/2019,4/21/2019,4/21/2019,4/21/2019,Roland Park,NORTHEASTERN,12,NORTHEASTERN,373,39.323532,-76.348277,"39.323532, -76.348277"
SR-104400,In Progress,Phone,Parking Complaint,Parking Complaint Request,12/15/2023,12/15/2023,12/15/2023,12/15/2023,Sandtown-Winchester,NORTHWESTERN,9,NORTHWESTERN,120,39.238818,-76.566834,"39.238818, -76.566834"
SR-104401,In Progress,Phone,Dirty Street,Dirty Street Request,5/8/2019,5/8/2019,5/8/2019,5/8/2019,Greenmount West,WESTERN,9,WESTERN,250,39.223975,-76.508787,"39.223975, -76.508787"
SR-104402,Closed,Phone,Parking Complaint,Parking Complaint Request,2/6/2023,2/6/2023,2/6/2023,2/6/2023,Upton,WESTERN,5,WESTERN,165,39.243993,-76.311858,"39.243993, -76.311858"
SR-104403,Open,Phone,Parking Complaint,Parking Complaint Request,2/22/2019,2/22/2019,2/22/2019,2/22/2019,Middle East,SOUTHERN,2,SOUTHERN,448,39.419455,-76.306905,"39.419455, -76.306905"
SR-104404,Open,Phone,Illegal Dumping,Illegal Dumping Request,10/12/2023,10/12/2023,10/12/2023,10/12/2023,Homeland,NORTHEASTERN,2,NORTHEASTERN,762,39.315752,-76.352096,"39.315752, -76.352096"
SR-104405,Closed,Phone,Abandoned Vehicle,Abandoned Vehicle Request,2/11/2020,2/11/2020,2/11/2020,2/11/2020,Curtis Bay,SOUTHERN,5,SOUTHERN,698,39.380329,-76.346957,"39.380329, -76.346957"
SR-104406,In Progress,Phone,Abandoned Vehicle,Abandoned Vehicle Request,12/17/2020,12/17/2020,12/17/2020,12/17/2020,Curtis Bay,WESTERN,12,WESTERN,724,39.433688,-76.537652,"39.433688, -76.537652"
SR-104407,Open,Phone,Abandoned Vehicle,Abandoned Vehicle Request,5/23/2020,5/23/2020,5/23/2020,5/23/2020,Mount Washington,EASTERN,12,EASTERN,376,39.431791,-76.471245,"39.431791, -76.471245"
SR-104408,In Progress,Phone,Dead Animal,Dead Animal Request,10/25/2019,10/25/2019,10/25/2019,10/25/2019,Homeland,EASTERN,3,EASTERN,554,39.371527,-76.473817,"39.371527, -76.473817"
SR-104409,Open,Phone,Abandoned Vehicle,Abandoned Vehicle Request,1/18/2020,1/18/2020,1/18/2020,1/18/2020,Eastwood,EASTERN,4,EASTERN,505,39.402618,-76.33674,"39.402618, -76.33674"
SR-104410,Closed,Phone,Illegal Dumping,Illegal Dumping Request,1/23/2019,1/23/2019,1/23/2019,1/23/2019,Westport,WESTERN,1,WESTERN,541,39.446979,-76.401492,"39.446979, -76.401492"
SR-104411,Open,Phone,Illegal Dumping,Illegal Dumping Request,11/15/2022,11/15/2022,11/15/2022,11/15/2022,Pen Lucy,SOUTHERN,8,SOUTHERN,861,39.483814,-76.452405,"39.483814, -76.452405"
SR-104412,In Progress,Phone,Graffiti,Graffiti Request,4/6/2021,4/6/2021,4/6/2021,4/6/2021,Oliver,CENTRAL,7,CENTRAL,432,39.49587,-76.539047,"39.49587, -76.539047"
SR-104413,Closed,Phone,Vacant Building,Vacant Building Request,5/9/2022,5/9/2022,5/9/2022,5/9/2022,Guilford,SOUTHERN,2,SOUTHERN,854,39.375982,-76.598676,"39.375982, -76.598676"
SR-104414,In Progress,Phone,Abandoned Vehicle,Abandoned Vehicle Request,1/7/2023,1/7/2023,1/7/2023,1/7/2023,Homeland,SOUTHERN,1,SOUTHERN,698,39.276193,-76.596259,"39.276193, -76.596259"
SR-104415,Open,Phone,Dead Animal,Dead Animal Request,4/26/2023,4/26/2023,4/26/2023,4/26/2023,Cherry Hill,NORTHWESTERN,6,NORTHWESTERN,492,39.315854,-76.310909,"39.315854, -76.310909"
SR-104416,In Progress,Phone,Pothole,Pothole Request,10/26/2019,10/26/2019,10/26/2019,10/26/2019,Greenmount West,NORTHWESTERN,9,NORTHWESTERN,154,39.313659,-76.42874,"39.313659, -76.42874"
SR-104417,Closed,Phone,Parking Complaint,Parking Complaint Request,10/9/2021,10/9/2021,10/9/2021,10/9/2021,Hampden,CENTRAL,5,CENTRAL,418,39.488833,-76.348505,"39.488833, -76.348505"
SR-104418,Open,Phone,Graffiti,Graffiti Request,2/11/2021,2/11/2021,2/11/2021,2/11/2021,Greenmount West,NORTHERN,12,NORTHERN,337,39.345616,-76.426711,"39.345616, -76.426711"
SR-104419,Closed,Phone,Vacant Building,Vacant Building Request,9/17/2020,9/17/2020,9/17/2020,9/17/2020,Harlem Park,NORTHEASTERN,9,NORTHEASTERN,373,39.373436,-76.402568,"39.373436, -76.402568"
SR-104420,Closed,Phone,Street Light Out,Street Light Out Request,6/25/2021,6/25/2021,6/25/2021,6/25/2021,Waverly,SOUTHERN,3,SOUTHERN,732,39.293029,-76.406507,"39.293029, -76.406507"
SR-104421,Closed,Phone,Street Light Out,Street Light Out Request,9/1/2020,9/1/2020,9/1/2020,9/1/2020,Eastwood,WESTERN,5,WESTERN,130,39.490402,-76.394711,"39.490402, -76.394711"
SR-104422,Open,Phone,Rat Rubout,Rat Rubout Request,1/11/2019,1/11/2019,1/11/2019,1/11/2019,Harlem Park,NORTHEASTERN,8,NORTHEASTERN,585,39.497529,-76.426882,"39.497529, -76.426882"
SR-104423,Open,Phone,Dirty Street,Dirty Street Request,12/14/2020,12/14/2020,12/14/2020,12/14/2020,Irvington,NORTHEASTERN,11,NORTHEASTERN,256,39.312988,-76.509559,"39.312988, -76.509559"
SR-104424,In Progress,Phone,Rat Rubout,Rat Rubout Request,10/14/2022,10/14/2022,10/14/2022,10/14/2022,Homeland,NORTHEASTERN,9,NORTHEASTERN,542,39.382074,-76.549044,"39.382074, -76.549044"
SR-104425,In Progress,Phone,Dead Animal,Dead Animal Request,8/27/2023,8/27/2023,8/27/2023,8/27/2023,Morrell Park,EASTERN,6,EASTERN,734,39.452254,-76.449995,"39.452254, -76.449995"
SR-104426,Closed,Phone,Dead Animal,Dead Animal Request,8/5/2021,8/5/2021,8/5/2021,8/5/2021,Greenmount West,NORTHWESTERN,13,NORTHWESTERN,788,39.417428,-76.505241,"39.417428, -76.505241"
SR-104427,In Progress,Phone,Vacant Building,Vacant Building Request,12/15/2021,12/15/2021,12/15/2021,12/15/2021,Govans,NORTHEASTERN,6,NORTHEASTERN,642,39.364082,-76.506103,"39.364082, -76.506103"
SR-104428,Open,Phone,Vacant Building,Vacant Building Request,2/24/2019,2/24/2019,2/24/2019,2/24/2019,Druid Heights,NORTHEASTERN,3,NORTHEASTERN,367,39.292523,-76.492067,"39.292523, -76.492067"
SR-104429,In Progress,Phone,Rat Rubout,Rat Rubout Request,8/22/2020,8/22/2020,8/22/2020,8/22/2020,Pimlico,EASTERN,12,EASTERN,158,39.280468,-76.354184,"39.280468, -76.354184"
SR-104430,Closed,Phone,Rat Rubout,Rat Rubout Request,11/8/2019,11/8/2019,11/8/2019,11/8/2019,Belair-Edison,NORTHERN,1,NORTHERN,552,39.348253,-76.406979,"39.348253, -76.406979"
SR-104431,Closed,Phone,Street Light Out,Street Light Out Request,7/23/2023,7/23/2023,7/23/2023,7/23/2023,Middle East,NORTHERN,4,NORTHERN,253,39.357992,-76.337727,"39.357992, -76.337727"
SR-104432,Closed,Phone,Dirty Street,Dirty Street Request,6/22/2020,6/22/2020,6/22/2020,6/22/2020,Eastwood,NORTHERN,12,NORTHERN,469,39.411397,-76.363963,"39.411397, -76.363963"
SR-104433,Closed,Phone,Dead Animal,Dead Animal Request,3/5/2020,3/5/2020,3/5/2020,3/5/2020,Johnston Square,NORTHWESTERN,1,NORTHWESTERN,192,39.410801,-76.479455,"39.410801, -76.479455"
SR-104434,In Progress,Phone,Rat Rubout,Rat Rubout Request,3/13/2021,3/13/2021,3/13/2021,3/13/2021,Johnston Square,SOUTHERN,3,SOUTHERN,161,39.356183,-76.313471,"39.356183, -76.313471"
SR-104435,Closed,Phone,Vacant Building,Vacant Building Request,11/3/2023,11/3/2023,11/3/2023,11/3/2023,Hampden,WESTERN,4,WESTERN,769,39.244729,-76.506739,"39.244729, -76.506739"
SR-104436,Closed,Phone,Rat Rubout,Rat Rubout Request,12/14/2019,12/14/2019,12/14/2019,12/14/2019,Irvington,CENTRAL,12,CENTRAL,820,39.281209,-76.500456,"39.281209, -76.500456"
SR-104437,Open,Phone,Dead Animal,Dead Animal Request,9/12/2022,9/12/2022,9/12/2022,9/12/2022,Oliver,NORTHWESTERN,12,NORTHWESTERN,315,39.206944,-76.387844,"39.206944, -76.387844"
SR-104438,Open,Phone,Street Light Out,Street Light Out Request,5/18/2023,5/18/2023,5/18/2023,5/18/2023,Eastwood,CENTRAL,7,CENTRAL,582,39.40919,-76.576148,"39.40919, -76.576148"
SR-104439,Closed,Phone,Dirty Street,Dirty Street Request,12/24/2023,12/24/2023,12/24/2023,12/24/2023,Curtis Bay,NORTHWESTERN,8,NORTHWESTERN,140,39.246173,-76.527166,"39.246173, -76.527166"
SR-104440,Open,Phone,Pothole,Pothole Request,3/16/2020,3/16/2020,3/16/2020,3/16/2020,Druid Heights,WESTERN,2,WESTERN,547,39.472918,-76.359303,"39.472918, -76.359303"
SR-104441,Open,Phone,Graffiti,Graffiti Request,5/8/2022,5/8/2022,5/8/2022,5/8/2022,Morrell Park,SOUTHERN,13,SOUTHERN,870,39.361455,-76.566895,"39.361455, -76.566895"
SR-104442,In Progress,Phone,Illegal Dumping,Illegal Dumping Request,11/14/2022,11/14/2022,11/14/2022,11/14/2022,Pimlico,NORTHERN,1,NORTHERN,245,39.49251,-76.487862,"39.49251, -76.487862"
SR-104443,In Progress,Phone,Rat Rubout,Rat Rubout Request,5/11/2022,5/11/2022,5/11/2022,5/11/2022,Druid Heights,WESTERN,2,WESTERN,473,39.241652,-76.42746,"39.241652, -76.42746"
SR-104444,Open,Phone,Graffiti,Graffiti Request,4/17/2022,4/17/2022,4/17/2022,4/17/2022,Upton,EASTERN,9,EASTERN,458,39.365547,-76.416934,"39.365547, -76.416934"
SR-104445,Closed,Phone,Illegal Dumping,Illegal Dumping Request,1/7/2020,1/7/2020,1/7/2020,1/7/2020,Westport,NORTHEASTERN,10,NORTHEASTERN,718,39.266578,-76.503205,"39.266578, -76.503205"
SR-104446,Closed,Phone,Pothole,Pothole Request,10/15/2020,10/15/2020,10/15/2020,10/15/2020,Guilford,SOUTHERN,13,SOUTHERN,814,39.430791,-76.305201,"39.430791, -76.305201"
SR-104447,In Progress,Phone,Parking Complaint,Parking Complaint Request,1/1/2022,1/1/2022,1/1/2022,1/1/2022,Park Heights,NORTHERN,14,NORTHERN,243,39.412576,-76.311808,"39.412576, -76.311808"
SR-104448,Open,Phone,Dirty Street,Dirty Street Request,3/28/2020,3/28/2020,3/28/2020,3/28/2020,Sandtown-Winchester,WESTERN,14,WESTERN,524,39.347543,-76.525957,"39.347543, -76.525957"
SR-104449,Closed,Phone,Pothole,Pothole Request,8/26/2019,8/26/2019,8/26/2019,8/26/2019,Johnston Square,NORTHERN,2,NORTHERN,861,39.316746,-76.358011,"39.316746, -76.358011"
SR-104450,Closed,Phone,Dead Animal,Dead Animal Request,11/26/2020,11/26/2020,11/26/2020,11/26/2020,Charles Village,NORTHEASTERN,11,NORTHEASTERN,263,39.240729,-76.536671,"39.240729, -76.536671"
SR-104451,In Progress,Phone,Street Light Out,Street Light Out Request,4/7/2021,4/7/2021,4/7/2021,4/7/2021,Curtis Bay,SOUTHERN,4,SOUTHERN,540,39.416226,-76.522167,"39.416226, -76.522167"
SR-104452,Closed,Phone,Parking Complaint,Parking Complaint Request,7/2/2021,7/2/2021,7/2/2021,7/2/2021,Pen Lucy,NORTHERN,2,NORTHERN,276,39.342672,-76.506445,"39.342672, -76.506445"
SR-104453,Closed,Phone,Vacant Building,Vacant Building Request,4/17/2022,4/17/2022,4/17/2022,4/17/2022,Upton,NORTHERN,3,NORTHERN,271,39.294277,-76.327593,"39.294277, -76.327593"
SR-104454,In Progress,Phone,Rat Rubout,Rat Rubout Request,3/9/2022,3/9/2022,3/9/2022,3/9/2022,Curtis Bay,WESTERN,7,WESTERN,840,39.445017,-76.534667,"39.445017, -76.534667"
SR-104455,Open,Phone,Pothole,Pothole Request,10/19/2019,10/19/2019,10/19/2019,10/19/2019,Guilford,CENTRAL,10,CENTRAL,181,39.438635,-76.425286,"39.438635, -76.425286"
SR-104456,Closed,Phone,Street Light Out,Street Light Out Request,6/21/2019,6/21/2019,6/21/2019,6/21/2019,Sandtown-Winchester,SOUTHERN,9,SOUTHERN,179,39.22092,-76.341036,"39.22092, -76.341036"
SR-104457,Open,Phone,Dirty Street,Dirty Street Request,4/23/2021,4/23/2021,4/23/2021,4/23/2021,Greenmount West,NORTHERN,12,NORTHERN,776,39.411701,-76.440177,"39.411701, -76.440177"
SR-104458,In Progress,Phone,Abandoned Vehicle,Abandoned Vehicle Request,11/7/2021,11/7/2021,11/7/2021,11/7/2021,Upton,NORTHERN,9,NORTHERN,333,39.21859,-76.414886,"39.21859, -76.414886"
SR-104459,In Progress,Phone,Vacant Building,Vacant Building Request,5/5/2020,5/5/2020,5/5/2020,5/5/2020,Clifton Park,SOUTHERN,12,SOUTHERN,181,39.391838,-76.500547,"39.391838, -76.500547"
SR-104460,In Progress,Phone,Parking Complaint,Parking Complaint Request,1/2/2023,1/2/2023,1/2/2023,1/2/2023,Park Heights,NORTHWESTERN,7,NORTHWESTERN,225,39.278909,-76.441834,"39.278909, -76.441834"
SR-104461,In Progress,Phone,Dirty Street,Dirty Street Request,11/15/2022,11/15/2022,11/15/2022,11/15/2022,Clifton Park,SOUTHERN,3,SOUTHERN,374,39.263503,-76.343698,"39.263503, -76.343698"
SR-104462,In Progress,Phone,Vacant Building,Vacant Building Request,11/13/2023,11/13/2023,11/13/2023,11/13/2023,Govans,CENTRAL,9,CENTRAL,703,39.381527,-76.548875,"39.381527, -76.548875"
SR-104463,In Progress,Phone,Dirty Street,Dirty Street Request,10/21/2023,10/21/2023,10/21/2023,10/21/2023,Greenmount West,NORTHWESTERN,3,NORTHWESTERN,827,39.32349,-76.596746,"39.32349, -76.596746"
SR-104464,Closed,Phone,Pothole,Pothole Request,12/20/2023,12/20/2023,12/20/2023,12/20/2023,Greenmount West,EASTERN,7,EASTERN,386,39.210181,-76.506607,"39.210181, -76.506607"
SR-104465,In Progress,Phone,Vacant Building,Vacant Building Request,12/10/2020,12/10/2020,12/10/2020,12/10/2020,Roland Park,NORTHERN,3,NORTHERN,653,39.292082,-76.377411,"39.292082, -76.377411"
SR-104466,Open,Phone,Graffiti,Graffiti Request,3/11/2020,3/11/2020,3/11/2020,3/11/2020,Upton,WESTERN,13,WESTERN,849,39.446657,-76.487357,"39.446657, -76.487357"
SR-104467,Closed,Phone,Street Light Out,Street Light Out Request,11/18/2022,11/18/2022,11/18/2022,11/18/2022,Irvington,NORTHEASTERN,3,NORTHEASTERN,215,39.247166,-76.462427,"39.247166, -76.462427"
SR-104468,In Progress,Phone,Parking Complaint,Parking Complaint Request,12/1/2023,12/1/2023,12/1/2023,12/1/2023,Curtis Bay,EASTERN,3,EASTERN,700,39.328417,-76.549485,"39.328417, -76.549485"
SR-104469,Closed,Phone,Graffiti,Graffiti Request,7/12/2019,7/12/2019,7/12/2019,7/12/2019,Govans,NORTHWESTERN,1,NORTHWESTERN,402,39.413573,-76.517483,"39.413573, -76.517483"
SR-104470,Open,Phone,Parking Complaint,Parking Complaint Request,5/4/2020,5/4/2020,5/4/2020,5/4/2020,Eastwood,NORTHEASTERN,8,NORTHEASTERN,216,39.201212,-76.398096,"39.201212, -76.398096"
SR-104471,In Progress,Phone,Dead Animal,Dead Animal Request,8/27/2022,8/27/2022,8/27/2022,8/27/2022,Brooklyn,EASTERN,5,EASTERN,576,39.355928,-76.510701,"39.355928, -76.510701"
SR-104472,In Progress,Phone,Rat Rubout,Rat Rubout Request,3/2/2021,3/2/2021,3/2/2021,3/2/2021,Homeland,NORTHEASTERN,7,NORTHEASTERN,838,39.483547,-76.472865,"39.483547, -76.472865"
SR-104473,Open,Phone,Dirty Street,Dirty Street Request,7/7/2023,7/7/2023,7/7/2023,7/7/2023,Westport,EASTERN,12,EASTERN,813,39.405837,-76.525221,"39.405837, -76.525221"
SR-104474,In Progress,Phone,Vacant Building,Vacant Building Request,3/13/2020,3/13/2020,3/13/2020,3/13/2020,Upton,NORTHERN,6,NORTHERN,357,39.235359,-76.526798,"39.235359, -76.526798"
SR-104475,Closed,Phone,Illegal Dumping,Illegal Dumping Request,9/16/2019,9/16/2019,9/16/2019,9/16/2019,Homeland,NORTHWESTERN,14,NORTHWESTERN,266,39.425752,-76.413729,"39.425752, -76.413729"
SR-104476,Closed,Phone,Illegal Dumping,Illegal Dumping Request,7/28/2019,7/28/2019,7/28/2019,7/28/2019,Roland Park,NORTHWESTERN,3,NORTHWESTERN,285,39.47272,-76.340188,"39.47272, -76.340188"
SR-104477,Closed,Phone,Street Light Out,Street Light Out Request,5/21/2023,5/21/2023,5/21/2023,5/21/2023,Pigtown,NORTHEASTERN,4,NORTHEASTERN,371,39.288377,-76.540294,"39.288377, -76.540294"
SR-104478,Closed,Phone,Illegal Dumping,Illegal Dumping Request,3/8/2022,3/8/2022,3/8/2022,3/8/2022,Roland Park,NORTHEASTERN,8,NORTHEASTERN,382,39.393961,-76.560151,"39.393961, -76.560151"
SR-104479,Closed,Phone,Dead Animal,Dead Animal Request,10/4/2020,10/4/2020,10/4/2020,10/4/2020,Westport,NORTHEASTERN,14,NORTHEASTERN,120,39.2408,-76.456437,"39.2408, -76.456437"
SR-104480,Closed,Phone,Dirty Street,Dirty Street Request,3/26/2023,3/26/2023,3/26/2023,3/26/2023,Mount Washington,NORTHWESTERN,7,NORTHWESTERN,434,39.231034,-76.301975,"39.231034, -76.301975"
SR-104481,Closed,Phone,Rat Rubout,Rat Rubout Request,7/9/2019,7/9/2019,7/9/2019,7/9/2019,Middle East,NORTHERN,2,NORTHERN,242,39.311396,-76.5005,"39.311396, -76.5005"
SR-104482,In Progress,Phone,Dead Animal,Dead Animal Request,7/13/2023,7/13/2023,7/13/2023,7/13/2023,Irvington,WESTERN,1,WESTERN,430,39.456439,-76.44495,"39.456439, -76.44495"
SR-104483,Open,Phone,Dirty Street,Dirty Street Request,10/15/2019,10/15/2019,10/15/2019,10/15/2019,Middle East,NORTHWESTERN,7,NORTHWESTERN,304,39.208683,-76.402387,"39.208683, -76.402387"
SR-104484,Closed,Phone,Graffiti,Graffiti Request,8/16/2019,8/16/2019,8/16/2019,8/16/2019,Homeland,SOUTHERN,10,SOUTHERN,341,39.364263,-76.439091,"39.364263, -76.439091"
SR-104485,Closed,Phone,Illegal Dumping,Illegal Dumping Request,6/8/2022,6/8/2022,6/8/2022,6/8/2022,Mount Washington,EASTERN,11,EASTERN,145,39.378518,-76.391789,"39.378518, -76.391789"
SR-104486,Closed,Phone,Dead Animal,Dead Animal Request,11/21/2021,11/21/2021,11/21/2021,11/21/2021,Morrell Park,NORTHERN,11,NORTHERN,742,39.473016,-76.40651,"39.473016, -76.40651"
SR-104487,Closed,Phone,Parking Complaint,Parking Complaint Request,12/11/2020,12/11/2020,12/11/2020,12/11/2020,Guilford,NORTHWESTERN,5,NORTHWESTERN,411,39.37276,-76.442144,"39.37276, -76.442144"
SR-104488,Closed,Phone,Illegal Dumping,Illegal Dumping Request,10/1/2023,10/1/2023,10/1/2023,10/1/2023,Curtis Bay,NORTHWESTERN,2,NORTHWESTERN,779,39.470571,-76.450299,"39.470571, -76.450299"
SR-104489,Open,Phone,Parking Complaint,Parking Complaint Request,9/1/2022,9/1/2022,9/1/2022,9/1/2022,Hampden,NORTHWESTERN,6,NORTHWESTERN,757,39.275336,-76.507224,"39.275336, -76.507224"
SR-104490,Open,Phone,Rat Rubout,Rat Rubout Request,9/23/2022,9/23/2022,9/23/2022,9/23/2022,Greenmount West,NORTHERN,9,NORTHERN,465,39.379266,-76.480521,"39.379266, -76.480521"
SR-104491,Closed,Phone,Graffiti,Graffiti Request,3/16/2019,3/16/2019,3/16/2019,3/16/2019,Pen Lucy,SOUTHERN,7,SOUTHERN,157,39.230946,-76.385292,"39.230946, -76.385292"
SR-104492,In Progress,Phone,Illegal Dumping,Illegal Dumping Request,1/26/2022,1/26/2022,1/26/2022,1/26/2022,Govans,NORTHWESTERN,12,NORTHWESTERN,444,39.301043,-76.492829,"39.301043, -76.492829"
SR-104493,Open,Phone,Abandoned Vehicle,Abandoned Vehicle Request,11/3/2021,11/3/2021,11/3/2021,11/3/2021,Druid Heights,SOUTHERN,9,SOUTHERN,528,39.476496,-76.390495,"39.476496, -76.390495"
SR-104494,Open,Phone,Graffiti,Graffiti Request,1/20/2021,1/20/2021,1/20/2021,1/20/2021,Upton,SOUTHERN,3,SOUTHERN,259,39.267427,-76.404297,"39.267427, -76.404297"
SR-104495,In Progress,Phone,Pothole,Pothole Request,2/9/2023,2/9/2023,2/9/2023,2/9/2023,Waverly,SOUTHERN,2,SOUTHERN,787,39.225425,-76.597246,"39.225425, -76.597246"
SR-104496,In Progress,Phone,Vacant Building,Vacant Building Request,6/2/2019,6/2/2019,6/2/2019,6/2/2019,Druid Heights,WESTERN,11,WESTERN,655,39.418169,-76.380035,"39.418169, -76.380035"
SR-104497,In Progress,Phone,Pothole,Pothole Request,6/17/2021,6/17/2021,6/17/2021,6/17/2021,Druid Heights,EASTERN,1,EASTERN,748,39.39464,-76.441664,"39.39464, -76.441664"
SR-104498,Closed,Phone,Dirty Street,Dirty Street Request,6/12/2020,6/12/2020,6/12/2020,6/12/2020,Guilford,EASTERN,4,EASTERN,398,39.347235,-76.55704,"39.347235, -76.55704"
SR-104499,Open,Phone,Rat Rubout,Rat Rubout Request,6/14/2021,6/14/2021,6/14/2021,6/14/2021,Pen Lucy,SOUTHERN,9,SOUTHERN,239,39.247585,-76.451772,"39.247585, -76.451772"
SR-104500,Open,Phone,Illegal Dumping,Illegal Dumping Request,9/28/2021,9/28/2021,9/28/2021,9/28/2021,Pen Lucy,CENTRAL,1,CENTRAL,479,39.376762,-76.560101,"39.376762, -76.560101"
SR-104501,Closed,Phone,Abandoned Vehicle,Abandoned Vehicle Request,7/1/2019,7/1/2019,7/1/2019,7/1/2019,Harlem Park,NORTHEASTERN,10,NORTHEASTERN,546,39.328365,-76.509474,"39.328365, -76.509474"
SR-104502,Closed,Phone,Dirty Street,Dirty Street Request,7/24/2022,7/24/2022,7/24/2022,7/24/2022,Oliver,EASTERN,14,EASTERN,577,39.25303,-76.560208,"39.25303, -76.560208"
SR-104503,Open,Phone,Illegal Dumping,Illegal Dumping Request,8/11/2022,8/11/2022,8/11/2022,8/11/2022,Govans,NORTHWESTERN,14,NORTHWESTERN,404,39.399041,-76.467153,"39.399041, -76.467153"
SR-104504,In Progress,Phone,Dead Animal,Dead Animal Request,11/22/2019,11/22/2019,11/22/2019,11/22/2019,Guilford,NORTHWESTERN,8,NORTHWESTERN,194,39.455453,-76.306032,"39.455453, -76.306032"
SR-104505,Open,Phone,Abandoned Vehicle,Abandoned Vehicle Request,6/7/2020,6/7/2020,6/7/2020,6/7/2020,Upton,EASTERN,4,EASTERN,881,39.240566,-76.417988,"39.240566, -76.417988"
SR-104506,Closed,Phone,Rat Rubout,Rat Rubout Request,10/21/2020,10/21/2020,10/21/2020,10/21/2020,Berea,EASTERN,11,EASTERN,859,39.342899,-76.424545,"39.342899, -76.424545"
SR-104507,Closed,Phone,Street Light Out,Street Light Out Request,6/20/2022,6/20/2022,6/20/2022,6/20/2022,Clifton Park,CENTRAL,2,CENTRAL,321,39.390422,-76.456536,"39.390422, -76.456536"
SR-104508,Open,Phone,Abandoned Vehicle,Abandoned Vehicle Request,9/24/2021,9/24/2021,9/24/2021,9/24/2021,Upton,NORTHERN,4,NORTHERN,636,39.458859,-76.458463,"39.458859, -76.458463"
SR-104509,In Progress,Phone,Rat Rubout,Rat Rubout Request,11/15/2022,11/15/2022,11/15/2022,11/15/2022,Morrell Park,SOUTHERN,1,SOUTHERN,554,39.300815,-76.409043,"39.300815, -76.409043"
SR-104510,Closed,Phone,Vacant Building,Vacant Building Request,4/20/2021,4/20/2021,4/20/2021,4/20/2021,Morrell Park,SOUTHERN,4,SOUTHERN,517,39.225425,-76.544585,"39.225425, -76.544585"
SR-104511,In Progress,Phone,Rat Rubout,Rat Rubout Request,12/6/2022,12/6/2022,12/6/2022,12/6/2022,Westport,NORTHERN,7,NORTHERN,567,39.297265,-76.487419,"39.297265, -76.487419"
SR-104512,Open,Phone,Street Light Out,Street Light Out Request,7/25/2019,7/25/2019,7/25/2019,7/25/2019,Pen Lucy,NORTHWESTERN,6,NORTHWESTERN,825,39.292284,-76.386485,"39.292284, -76.386485"
SR-104513,Closed,Phone,Parking Complaint,Parking Complaint Request,6/1/2022,6/1/2022,6/1/2022,6/1/2022,Sandtown-Winchester,NORTHWESTERN,12,NORTHWESTERN,144,39.200021,-76.490677,"39.200021, -76.490677"
SR-104514,Open,Phone,Graffiti,Graffiti Request,9/28/2022,9/28/2022,9/28/2022,9/28/2022,Pigtown,NORTHERN,8,NORTHERN,847,39.474545,-76.560225,"39.474545, -76.560225"
SR-104515,Closed,Phone,Illegal Dumping,Illegal Dumping Request,8/23/2023,8/23/2023,8/23/2023,8/23/2023,Guilford,NORTHWESTERN,9,NORTHWESTERN,466,39.346696,-76.350248,"39.346696, -76.350248"
SR-104516,Open,Phone,Dead Animal,Dead Animal Request,10/14/2020,10/14/2020,10/14/2020,10/14/2020,Greenmount West,SOUTHERN,10,SOUTHERN,770,39.427185,-76.414475,"39.427185, -76.414475"
SR-104517,Open,Phone,Graffiti,Graffiti Request,6/10/2023,6/10/2023,6/10/2023,6/10/2023,Morrell Park,NORTHEASTERN,5,NORTHEASTERN,847,39.349001,-76.468449,"39.349001, -76.468449"
SR-104518,Open,Phone,Vacant Building,Vacant Building Request,7/16/2023,7/16/2023,7/16/2023,7/16/2023,Druid Heights,EASTERN,2,EASTERN,806,39.357645,-76.414146,"39.357645, -76.414146"
SR-104519,Open,Phone,Pothole,Pothole Request,11/21/2019,11/21/2019,11/21/2019,11/21/2019,Hampden,SOUTHERN,5,SOUTHERN,308,39.20521,-76.596472,"39.20521, -76.596472"
SR-104520,Open,Phone,Graffiti,Graffiti Request,4/28/2023,4/28/2023,4/28/2023,4/28/2023,Pimlico,CENTRAL,14,CENTRAL,582,39.200565,-76.474956,"39.200565, -76.474956"
SR-104521,Closed,Phone,Dead Animal,Dead Animal Request,11/14/2022,11/14/2022,11/14/2022,11/14/2022,Harlem Park,NORTHERN,13,NORTHERN,475,39.470973,-76.394223,"39.470973, -76.394223"
SR-104522,In Progress,Phone,Street Light Out,Street Light Out Request,11/26/2019,11/26/2019,11/26/2019,11/26/2019,Curtis Bay,NORTHEASTERN,6,NORTHEASTERN,258,39.391,-76.515764,"39.391, -76.515764"
SR-104523,Closed,Phone,Rat Rubout,Rat Rubout Request,12/3/2020,12/3/2020,12/3/2020,12/3/2020,Oliver,SOUTHERN,1,SOUTHERN,723,39.23643,-76.539756,"39.23643, -76.539756"
SR-104524,In Progress,Phone,Pothole,Pothole Request,1/4/2023,1/4/2023,1/4/2023,1/4/2023,Westport,NORTHWESTERN,12,NORTHWESTERN,460,39.362051,-76.452547,"39.362051, -76.452547"
SR-104525,Closed,Phone,Parking Complaint,Parking Complaint Request,5/4/2022,5/4/2022,5/4/2022,5/4/2022,Charles Village,NORTHWESTERN,7,NORTHWESTERN,747,39.205344,-76.321458,"39.205344, -76.321458"
SR-104526,In Progress,Phone,Rat Rubout,Rat Rubout Request,5/11/2022,5/11/2022,5/11/2022,5/11/2022,Mount Washington,CENTRAL,10,CENTRAL,750,39.315785,-76.352992,"39.315785, -76.352992"
SR-104527,Closed,Phone,Vacant Building,Vacant Building Request,1/13/2020,1/13/2020,1/13/2020,1/13/2020,Eastwood,SOUTHERN,3,SOUTHERN,783,39.360806,-76.462911,"39.360806, -76.462911"
SR-104528,Open,Phone,Dead Animal,Dead Animal Request,9/5/2020,9/5/2020,9/5/2020,9/5/2020,Hampden,NORTHEASTERN,13,NORTHEASTERN,425,39.433456,-76.471157,"39.433456, -76.471157"
SR-104529,In Progress,Phone,Vacant Building,Vacant Building Request,6/7/2019,6/7/2019,6/7/2019,6/7/2019,Belair-Edison,NORTHWESTERN,1,NORTHWESTERN,278,39.453843,-76.581355,"39.453843, -76.581355"
SR-104530,Closed,Phone,Parking Complaint,Parking Complaint Request,8/25/2021,8/25/2021,8/25/2021,8/25/2021,Pimlico,NORTHEASTERN,10,NORTHEASTERN,447,39.448472,-76.363276,"39.448472, -76.363276"
SR-104531,Closed,Phone,Dirty Street,Dirty Street Request,8/5/2022,8/5/2022,8/5/2022,8/5/2022,Pen Lucy,SOUTHERN,5,SOUTHERN,411,39.204521,-76.403006,"39.204521, -76.403006"
SR-104532,Open,Phone,Graffiti,Graffiti Request,11/2/2021,11/2/2021,11/2/2021,11/2/2021,Druid Heights,WESTERN,9,WESTERN,304,39.44865,-76.57676,"39.44865, -76.57676"
SR-104533,Open,Phone,Dead Animal,Dead Animal Request,2/9/2021,2/9/2021,2/9/2021,2/9/2021,Homeland,CENTRAL,7,CENTRAL,476,39.30826,-76.300642,"39.30826, -76.300642"
SR-104534,In Progress,Phone,Rat Rubout,Rat Rubout Request,12/24/2023,12/24/2023,12/24/2023,12/24/2023,Berea,SOUTHERN,5,SOUTHERN,889,39.434514,-76.503163,"39.434514, -76.503163"
SR-104535,Closed,Phone,Parking Complaint,Parking Complaint Request,7/6/2022,7/6/2022,7/6/2022,7/6/2022,Pen Lucy,CENTRAL,12,CENTRAL,762,39.491018,-76.352249,"39.491018, -76.352249"
SR-104536,Closed,Phone,Street Light Out,Street Light Out Request,7/16/2023,7/16/2023,7/16/2023,7/16/2023,Hampden,SOUTHERN,2,SOUTHERN,823,39.205096,-76.396206,"39.205096, -76.396206"
SR-104537,Open,Phone,Dead Animal,Dead Animal Request,2/16/2022,2/16/2022,2/16/2022,2/16/2022,Irvington,EASTERN,12,EASTERN,185,39.241532,-76.473718,"39.241532, -76.473718"
SR-104538,Closed,Phone,Vacant Building,Vacant Building Request,6/12/2020,6/12/2020,6/12/2020,6/12/2020,Oliver,NORTHWESTERN,9,NORTHWESTERN,436,39.304881,-76.357204,"39.304881, -76.357204"
SR-104539,In Progress,Phone,Dirty Street,Dirty Street Request,3/19/2023,3/19/2023,3/19/2023,3/19/2023,Sandtown-Winchester,NORTHEASTERN,1,NORTHEASTERN,211,39.497953,-76.416535,"39.497953, -76.416535"
SR-104540,In Progress,Phone,Pothole,Pothole Request,4/28/2022,4/28/2022,4/28/2022,4/28/2022,Harlem Park,NORTHWESTERN,2,NORTHWESTERN,716,39.203905,-76.323198,"39.203905, -76.323198"
SR-104541,In Progress,Phone,Vacant Building,Vacant Building Request,12/8/2022,12/8/2022,12/8/2022,12/8/2022,Morrell Park,NORTHEASTERN,5,NORTHEASTERN,100,39.368289,-76.432949,"39.368289, -76.432949"
SR-104542,In Progress,Phone,Pothole,Pothole Request,1/14/2023,1/14/2023,1/14/2023,1/14/2023,Mount Washington,NORTHWESTERN,14,NORTHWESTERN,167,39.335787,-76.457511,"39.335787, -76.457511"
SR-104543,In Progress,Phone,Street Light Out,Street Light Out Request,3/26/2022,3/26/2022,3/26/2022,3/26/2022,Roland Park,WESTERN,1,WESTERN,792,39.214306,-76.522054,"39.214306, -76.522054"
SR-104544,In Progress,Phone,Pothole,Pothole Request,12/6/2023,12/6/2023,12/6/2023,12/6/2023,Pimlico,WESTERN,7,WESTERN,786,39.251431,-76.524353,"39.251431, -76.524353"
SR-104545,Closed,Phone,Dirty Street,Dirty Street Request,11/27/2021,11/27/2021,11/27/2021,11/27/2021,Charles Village,WESTERN,8,WESTERN,397,39.389362,-76.329684,"39.389362, -76.329684"
SR-104546,In Progress,Phone,Rat Rubout,Rat Rubout Request,8/16/2021,8/16/2021,8/16/2021,8/16/2021,Cherry Hill,NORTHWESTERN,11,NORTHWESTERN,234,39.266365,-76.507204,"39.266365, -76.507204"
SR-104547,Closed,Phone,Dead Animal,Dead Animal Request,4/17/2021,4/17/2021,4/17/2021,4/17/2021,Druid Heights,SOUTHERN,12,SOUTHERN,137,39.271975,-76.572825,"39.271975, -76.572825"
SR-104548,Open,Phone,Rat Rubout,Rat Rubout Request,4/18/2023,4/18/2023,4/18/2023,4/18/2023,Upton,NORTHERN,8,NORTHERN,277,39.43248,-76.559016,"39.43248, -76.559016"
SR-104549,In Progress,Phone,Vacant Building,Vacant Building Request,2/3/2022,2/3/2022,2/3/2022,2/3/2022,Curtis Bay,SOUTHERN,8,SOUTHERN,435,39.257604,-76.570549,"39.257604, -76.570549"
SR-104550,In Progress,Phone,Abandoned Vehicle,Abandoned Vehicle Request,8/18/2023,8/18/2023,8/18/2023,8/18/2023,Govans,NORTHWESTERN,4,NORTHWESTERN,172,39.274155,-76.498242,"39.274155, -76.498242"
SR-104551,Open,Phone,Parking Complaint,Parking Complaint Request,5/28/2021,5/28/2021,5/28/2021,5/28/2021,Hampden,WESTERN,9,WESTERN,305,39.379903,-76.510327,"39.379903, -76.510327"
SR-104552,Closed,Phone,Parking Complaint,Parking Complaint Request,5/16/2020,5/16/2020,5/16/2020,5/16/2020,Park Heights,EASTERN,2,EASTERN,583,39.365951,-76.441879,"39.365951, -76.441879"
SR-104553,Open,Phone,Dirty Street,Dirty Street Request,9/24/2019,9/24/2019,9/24/2019,9/24/2019,Johnston Square,NORTHEASTERN,7,NORTHEASTERN,470,39.317726,-76.521902,"39.317726, -76.521902"
SR-104554,Open,Phone,Parking Complaint,Parking Complaint Request,3/7/2019,3/7/2019,3/7/2019,3/7/2019,Hampden,NORTHEASTERN,5,NORTHEASTERN,881,39.417171,-76.365818,"39.417171, -76.365818"
SR-104555,Open,Phone,Abandoned Vehicle,Abandoned Vehicle Request,2/27/2022,2/27/2022,2/27/2022,2/27/2022,Harlem Park,EASTERN,6,EASTERN,414,39.224408,-76.30259,"39.224408, -76.30259"
SR-104556,Closed,Phone,Rat Rubout,Rat Rubout Request,4/15/2019,4/15/2019,4/15/2019,4/15/2019,Curtis Bay,SOUTHERN,14,SOUTHERN,705,39.270159,-76.521715,"39.270159, -76.521715"
SR-104557,Closed,Phone,Dirty Street,Dirty Street Request,10/5/2023,10/5/2023,10/5/2023,10/5/2023,Clifton Park,EASTERN,9,EASTERN,143,39.230586,-76.384405,"39.230586, -76.384405"
SR-104558,In Progress,Phone,Illegal Dumping,Illegal Dumping Request,6/22/2023,6/22/2023,6/22/2023,6/22/2023,Johnston Square,EASTERN,10,EASTERN,187,39.38288,-76.311719,"39.38288, -76.311719"
SR-104559,In Progress,Phone,Abandoned Vehicle,Abandoned Vehicle Request,9/19/2020,9/19/2020,9/19/2020,9/19/2020,Eastwood,WESTERN,7,WESTERN,701,39.235331,-76.342012,"39.235331, -76.342012"
SR-104560,Closed,Phone,Vacant Building,Vacant Building Request,4/18/2019,4/18/2019,4/18/2019,4/18/2019,Homeland,EASTERN,7,EASTERN,252,39.347299,-76.350545,"39.347299, -76.350545"
SR-104561,Open,Phone,Graffiti,Graffiti Request,2/24/2022,2/24/2022,2/24/2022,2/24/2022,Greenmount West,SOUTHERN,2,SOUTHERN,644,39.299571,-76.405767,"39.299571, -76.405767"
SR-104562,Open,Phone,Pothole,Pothole Request,1/8/2021,1/8/2021,1/8/2021,1/8/2021,Greenmount West,NORTHEASTERN,13,NORTHEASTERN,738,39.465149,-76.33723,"39.465149, -76.33723"
SR-104563,Open,Phone,Graffiti,Graffiti Request,9/25/2022,9/25/2022,9/25/2022,9/25/2022,Sandtown-Winchester,CENTRAL,14,CENTRAL,361,39.48562,-76.571056,"39.48562, -76.571056"
SR-104564,Closed,Phone,Dead Animal,Dead Animal Request,7/15/2022,7/15/2022,7/15/2022,7/15/2022,Sandtown-Winchester,CENTRAL,1,CENTRAL,134,39.290362,-76.403065,"39.290362, -76.403065"
SR-104565,Open,Phone,Parking Complaint,Parking Complaint Request,4/16/2022,4/16/2022,4/16/2022,4/16/2022,Middle East,NORTHWESTERN,3,NORTHWESTERN,778,39.4372,-76.487458,"39.4372, -76.487458"
SR-104566,Open,Phone,Abandoned Vehicle,Abandoned Vehicle Request,5/15/2022,5/15/2022,5/15/2022,5/15/2022,Pimlico,NORTHEASTERN,10,NORTHEASTERN,855,39.228093,-76.435704,"39.228093, -76.435704"
SR-104567,In Progress,Phone,Illegal Dumping,Illegal Dumping Request,12/7/2023,12/7/2023,12/7/2023,12/7/2023,Curtis Bay,CENTRAL,7,CENTRAL,619,39.371134,-76.59594,"39.371134, -76.59594"
SR-104568,Open,Phone,Graffiti,Graffiti Request,8/2/2023,8/2/2023,8/2/2023,8/2/2023,Waverly,SOUTHERN,8,SOUTHERN,434,39.376996,-76.561493,"39.376996, -76.561493"
SR-104569,Open,Phone,Pothole,Pothole Request,2/9/2022,2/9/2022,2/9/2022,2/9/2022,Druid Heights,NORTHEASTERN,9,NORTHEASTERN,567,39.462014,-76.514366,"39.462014, -76.514366"
SR-104570,In Progress,Phone,Graffiti,Graffiti Request,8/7/2022,8/7/2022,8/7/2022,8/7/2022,Park Heights,NORTHERN,2,NORTHERN,576,39.419142,-76.370293,"39.419142, -76.370293"
SR-104571,In Progress,Phone,Graffiti,Graffiti Request,3/15/2019,3/15/2019,3/15/2019,3/15/2019,Govans,EASTERN,2,EASTERN,452,39.404486,-76.300947,"39.404486, -76.300947"
SR-104572,Open,Phone,Parking Complaint,Parking Complaint Request,9/22/2023,9/22/2023,9/22/2023,9/22/2023,Pigtown,NORTHEASTERN,4,NORTHEASTERN,704,39.380613,-76.575115,"39.380613, -76.575115"
SR-104573,Closed,Phone,Pothole,Pothole Request,9/4/2021,9/4/2021,9/4/2021,9/4/2021,Roland Park,NORTHWESTERN,6,NORTHWESTERN,315,39.272715,-76.506366,"39.272715, -76.506366"
SR-104574,Open,Phone,Vacant Building,Vacant Building Request,2/21/2020,2/21/2020,2/21/2020,2/21/2020,Charles Village,WESTERN,7,WESTERN,470,39.416386,-76.55667,"39.416386, -76.55667"
SR-104575,In Progress,Phone,Street Light Out,Street Light Out Request,2/12/2019,2/12/2019,2/12/2019,2/12/2019,Morrell Park,WESTERN,13,WESTERN,192,39.432892,-76.373329,"39.432892, -76.373329"
SR-104576,In Progress,Phone,Dirty Street,Dirty Street Request,11/17/2022,11/17/2022,11/17/2022,11/17/2022,Brooklyn,EASTERN,14,EASTERN,553,39.302486,-76.351765,"39.302486, -76.351765"
SR-104577,Closed,Phone,Dirty Street,Dirty Street Request,1/13/2023,1/13/2023,1/13/2023,1/13/2023,Irvington,NORTHWESTERN,3,NORTHWESTERN,367,39.470355,-76.399111,"39.470355, -76.399111"
SR-104578,Closed,Phone,Dirty Street,Dirty Street Request,11/28/2022,11/28/2022,11/28/2022,11/28/2022,Middle East,NORTHEASTERN,2,NORTHEASTERN,796,39.347823,-76.5347,"39.347823, -76.5347"
SR-104579,Closed,Phone,Rat Rubout,Rat Rubout Request,3/11/2023,3/11/2023,3/11/2023,3/11/2023,Park Heights,CENTRAL,11,CENTRAL,288,39.287474,-76.536142,"39.287474, -76.536142"
SR-104580,In Progress,Phone,Rat Rubout,Rat Rubout Request,3/4/2019,3/4/2019,3/4/2019,3/4/2019,Upton,NORTHERN,9,NORTHERN,637,39.458464,-76.380557,"39.458464, -76.380557"
SR-104581,Open,Phone,Illegal Dumping,Illegal Dumping Request,10/4/2020,10/4/2020,10/4/2020,10/4/2020,Guilford,NORTHERN,1,NORTHERN,760,39.293199,-76.351527,"39.293199, -76.351527"
SR-104582,Closed,Phone,Graffiti,Graffiti Request,4/7/2021,4/7/2021,4/7/2021,4/7/2021,Eastwood,SOUTHERN,6,SOUTHERN,769,39.246154,-76.423195,"39.246154, -76.423195"
SR-104583,Open,Phone,Vacant Building,Vacant Building Request,3/23/2020,3/23/2020,3/23/2020,3/23/2020,Waverly,SOUTHERN,3,SOUTHERN,278,39.412461,-76.378088,"39.412461, -76.378088"
SR-104584,Closed,Phone,Pothole,Pothole Request,11/21/2023,11/21/2023,11/21/2023,11/21/2023,Harlem Park,EASTERN,14,EASTERN,661,39.299098,-76.332423,"39.299098, -76.332423"
SR-104585,In Progress,Phone,Pothole,Pothole Request,12/9/2023,12/9/2023,12/9/2023,12/9/2023,Morrell Park,WESTERN,2,WESTERN,515,39.423261,-76.393622,"39.423261, -76.393622"
SR-104586,Closed,Phone,Parking Complaint,Parking Complaint Request,4/25/2020,4/25/2020,4/25/2020,4/25/2020,Clifton Park,EASTERN,12,EASTERN,144,39.375456,-76.488338,"39.375456, -76.488338"
SR-104587,Open,Phone,Dead Animal,Dead Animal Request,6/3/2023,6/3/2023,6/3/2023,6/3/2023,Johnston Square,NORTHWESTERN,7,NORTHWESTERN,588,39.286597,-76.536282,"39.286597, -76.536282"
SR-104588,Open,Phone,Vacant Building,Vacant Building Request,5/3/2023,5/3/2023,5/3/2023,5/3/2023,Roland Park,NORTHERN,10,NORTHERN,408,39.467953,-76.598185,"39.467953, -76.598185"
SR-104589,Open,Phone,Parking Complaint,Parking Complaint Request,5/12/2022,5/12/2022,5/12/2022,5/12/2022,Greenmount West,NORTHEASTERN,13,NORTHEASTERN,139,39.258616,-76.453391,"39.258616, -76.453391"
SR-104590,Open,Phone,Graffiti,Graffiti Request,2/23/2022,2/23/2022,2/23/2022,2/23/2022,Druid Heights,WESTERN,1,WESTERN,505,39.2681,-76.338836,"39.2681, -76.338836"
SR-104591,Closed,Phone,Abandoned Vehicle,Abandoned Vehicle Request,10/14/2019,10/14/2019,10/14/2019,10/14/2019,Brooklyn,SOUTHERN,10,SOUTHERN,268,39.463639,-76.322295,"39.463639, -76.322295"
SR-104592,Closed,Phone,Parking Complaint,Parking Complaint Request,11/26/2020,11/26/2020,11/26/2020,11/26/2020,Govans,NORTHERN,6,NORTHERN,549,39.233041,-76.369444,"39.233041, -76.369444"
SR-104593,Closed,Phone,Dead Animal,Dead Animal Request,7/10/2022,7/10/2022,7/10/2022,7/10/2022,Morrell Park,EASTERN,6,EASTERN,137,39.340208,-76.385552,"39.340208, -76.385552"
SR-104594,Open,Phone,Street Light Out,Street Light Out Request,11/21/2019,11/21/2019,11/21/2019,11/21/2019,Johnston Square,WESTERN,13,WESTERN,109,39.312224,-76.553033,"39.312224, -76.553033"
SR-104595,Open,Phone,Pothole,Pothole Request,12/23/2020,12/23/2020,12/23/2020,12/23/2020,Charles Village,NORTHWESTERN,10,NORTHWESTERN,105,39.231607,-76.531718,"39.231607, -76.531718"
SR-104596,Closed,Phone,Vacant Building,Vacant Building Request,2/23/2019,2/23/2019,2/23/2019,2/23/2019,Homeland,NORTHEASTERN,11,NORTHEASTERN,463,39.38435,-76.515955,"39.38435, -76.515955"
SR-104597,Closed,Phone,Graffiti,Graffiti Request,3/3/2020,3/3/2020,3/3/2020,3/3/2020,Eastwood,WESTERN,2,WESTERN,144,39.425928,-76.488772,"39.425928, -76.488772"
SR-104598,In Progress,Phone,Dirty Street,Dirty Street Request,12/20/2019,12/20/2019,12/20/2019,12/20/2019,Berea,WESTERN,7,WESTERN,481,39.303066,-76.58521,"39.303066, -76.58521"
SR-104599,Closed,Phone,Vacant Building,Vacant Building Request,6/13/2020,6/13/2020,6/13/2020,6/13/2020,Irvington,NORTHERN,12,NORTHERN,200,39.460143,-76.592684,"39.460143, -76.592684"
SR-104600,In Progress,Phone,Parking Complaint,Parking Complaint Request,3/21/2021,3/21/2021,3/21/2021,3/21/2021,Westport,CENTRAL,3,CENTRAL,189,39.203371,-76.439267,"39.203371, -76.439267"
SR-104601,In Progress,Phone,Pothole,Pothole Request,5/16/2021,5/16/2021,5/16/2021,5/16/2021,Oliver,CENTRAL,11,CENTRAL,844,39.477885,-76.52455,"39.477885, -76.52455"
SR-104602,In Progress,Phone,Vacant Building,Vacant Building Request,5/20/2020,5/20/2020,5/20/2020,5/20/2020,Park Heights,NORTHWESTERN,10,NORTHWESTERN,553,39.398216,-76.405808,"39.398216, -76.405808"
SR-104603,Closed,Phone,Pothole,Pothole Request,2/13/2023,2/13/2023,2/13/2023,2/13/2023,Govans,NORTHWESTERN,2,NORTHWESTERN,809,39.334643,-76.429346,"39.334643, -76.429346"
SR-104604,In Progress,Phone,Graffiti,Graffiti Request,8/1/2023,8/1/2023,8/1/2023,8/1/2023,Greenmount West,SOUTHERN,6,SOUTHERN,153,39.304484,-76.322182,"39.304484, -76.322182"
SR-104605,Open,Phone,Vacant Building,Vacant Building Request,4/25/2022,4/25/2022,4/25/2022,4/25/2022,Charles Village,NORTHERN,14,NORTHERN,827,39.233055,-76.30816,"39.233055, -76.30816"
SR-104606,Closed,Phone,Pothole,Pothole Request,11/11/2023,11/11/2023,11/11/2023,11/11/2023,Greenmount West,EASTERN,8,EASTERN,896,39.28302,-76.505831,"39.28302, -76.505831"
SR-104607,Closed,Phone,Rat Rubout,Rat Rubout Request,9/22/2023,9/22/2023,9/22/2023,9/22/2023,Roland Park,SOUTHERN,4,SOUTHERN,239,39.482231,-76.35157,"39.482231, -76.35157"
SR-104608,Closed,Phone,Rat Rubout,Rat Rubout Request,4/11/2020,4/11/2020,4/11/2020,4/11/2020,Clifton Park,SOUTHERN,2,SOUTHERN,217,39.478824,-76.306147,"39.478824, -76.306147"
SR-104609,In Progress,Phone,Graffiti,Graffiti Request,9/21/2021,9/21/2021,9/21/2021,9/21/2021,Belair-Edison,EASTERN,13,EASTERN,739,39.315046,-76.473868,"39.315046, -76.473868"
SR-104610,Open,Phone,Parking Complaint,Parking Complaint Request,1/11/2020,1/11/2020,1/11/2020,1/11/2020,Middle East,SOUTHERN,10,SOUTHERN,684,39.202069,-76.391804,"39.202069, -76.391804"
SR-104611,Closed,Phone,Dirty Street,Dirty Street Request,3/21/2020,3/21/2020,3/21/2020,3/21/2020,Guilford,CENTRAL,6,CENTRAL,503,39.338584,-76.518301,"39.338584, -76.518301"
SR-104612,Open,Phone,Dirty Street,Dirty Street Request,3/12/2023,3/12/2023,3/12/2023,3/12/2023,Brooklyn,CENTRAL,8,CENTRAL,753,39.213812,-76.367991,"39.213812, -76.367991"
SR-104613,Open,Phone,Rat Rubout,Rat Rubout Request,8/23/2023,8/23/2023,8/23/2023,8/23/2023,Govans,NORTHEASTERN,14,NORTHEASTERN,219,39.2281,-76.448072,"39.2281, -76.448072"
SR-104614,In Progress,Phone,Vacant Building,Vacant Building Request,9/16/2019,9/16/2019,9/16/2019,9/16/2019,Sandtown-Winchester,NORTHWESTERN,10,NORTHWESTERN,696,39.209763,-76.314527,"39.209763, -76.314527"
SR-104615,In Progress,Phone,Pothole,Pothole Request,6/21/2022,6/21/2022,6/21/2022,6/21/2022,Curtis Bay,NORTHERN,4,NORTHERN,165,39.212671,-76.399665,"39.212671, -76.399665"
SR-104616,In Progress,Phone,Rat Rubout,Rat Rubout Request,6/15/2023,6/15/2023,6/15/2023,6/15/2023,Irvington,NORTHEASTERN,14,NORTHEASTERN,244,39.247741,-76.442867,"39.247741, -76.442867"
SR-104617,Open,Phone,Abandoned Vehicle,Abandoned Vehicle Request,11/13/2023,11/13/2023,11/13/2023,11/13/2023,Cherry Hill,NORTHEASTERN,5,NORTHEASTERN,635,39.441713,-76.463779,"39.441713, -76.463779"
SR-104618,Open,Phone,Dead Animal,Dead Animal Request,6/25/2020,6/25/2020,6/25/2020,6/25/2020,Govans,NORTHEASTERN,2,NORTHEASTERN,191,39.342522,-76.447481,"39.342522, -76.447481"
SR-104619,In Progress,Phone,Dirty Street,Dirty Street Request,10/2/2022,10/2/2022,10/2/2022,10/2/2022,Homeland,CENTRAL,4,CENTRAL,276,39.331349,-76.343621,"39.331349, -76.343621"
SR-104620,Open,Phone,Street Light Out,Street Light Out Request,6/27/2021,6/27/2021,6/27/2021,6/27/2021,Clifton Park,WESTERN,9,WESTERN,360,39.376879,-76.457304,"39.376879, -76.457304"
SR-104621,Closed,Phone,Abandoned Vehicle,Abandoned Vehicle Request,9/12/2019,9/12/2019,9/12/2019,9/12/2019,Guilford,NORTHERN,10,NORTHERN,640,39.357203,-76.57412,"39.357203, -76.57412"
SR-104622,Closed,Phone,Parking Complaint,Parking Complaint Request,7/26/2020,7/26/2020,7/26/2020,7/26/2020,Belair-Edison,EASTERN,3,EASTERN,886,39.301667,-76.469906,"39.301667, -76.469906"
SR-104623,Closed,Phone,Rat Rubout,Rat Rubout Request,7/16/2023,7/16/2023,7/16/2023,7/16/2023,Pen Lucy,WESTERN,2,WESTERN,851,39.253448,-76.341243,"39.253448, -76.341243"
SR-104624,Open,Phone,Rat Rubout,Rat Rubout Request,9/24/2022,9/24/2022,9/24/2022,9/24/2022,Pen Lucy,WESTERN,9,WESTERN,651,39.47663,-76.521054,"39.47663, -76.521054"
SR-104625,In Progress,Phone,Rat Rubout,Rat Rubout Request,3/11/2023,3/11/2023,3/11/2023,3/11/2023,Oliver,WESTERN,3,WESTERN,810,39.318621,-76.468011,"39.318621, -76.468011"
SR-104626,Closed,Phone,Illegal Dumping,Illegal Dumping Request,6/10/2023,6/10/2023,6/10/2023,6/10/2023,Westport,NORTHEASTERN,3,NORTHEASTERN,513,39.341812,-76.457455,"39.341812, -76.457455"
SR-104627,In Progress,Phone,Dirty Street,Dirty Street Request,3/26/2022,3/26/2022,3/26/2022,3/26/2022,Morrell Park,EASTERN,13,EASTERN,883,39.241114,-76.454304,"39.241114, -76.454304"
SR-104628,Open,Phone,Illegal Dumping,Illegal Dumping Request,2/9/2021,2/9/2021,2/9/2021,2/9/2021,Pimlico,SOUTHERN,2,SOUTHERN,375,39.381984,-76.448331,"39.381984, -76.448331"
SR-104629,Closed,Phone,Abandoned Vehicle,Abandoned Vehicle Request,10/12/2023,10/12/2023,10/12/2023,10/12/2023,Brooklyn,NORTHEASTERN,14,NORTHEASTERN,342,39.230836,-76.427059,"39.230836, -76.427059"
SR-104630,Closed,Phone,Illegal Dumping,Illegal Dumping Request,11/8/2021,11/8/2021,11/8/2021,11/8/2021,Druid Heights,NORTHERN,7,NORTHERN,884,39.399394,-76.38349,"39.399394, -76.38349"
SR-104631,Closed,Phone,Rat Rubout,Rat Rubout Request,9/7/2021,9/7/2021,9/7/2021,9/7/2021,Waverly,SOUTHERN,2,SOUTHERN,718,39.368524,-76.472433,"39.368524, -76.472433"
SR-104632,Closed,Phone,Rat Rubout,Rat Rubout Request,3/12/2021,3/12/2021,3/12/2021,3/12/2021,Druid Heights,EASTERN,8,EASTERN,863,39.457483,-76.472149,"39.457483, -76.472149"
SR-104633,Open,Phone,Graffiti,Graffiti Request,7/22/2022,7/22/2022,7/22/2022,7/22/2022,Park Heights,CENTRAL,11,CENTRAL,473,39.449859,-76.366931,"39.449859, -76.366931"
SR-104634,In Progress,Phone,Pothole,Pothole Request,5/28/2020,5/28/2020,5/28/2020,5/28/2020,Mount Washington,CENTRAL,9,CENTRAL,485,39.383992,-76.390146,"39.383992, -76.390146"
SR-104635,In Progress,Phone,Dead Animal,Dead Animal Request,11/25/2020,11/25/2020,11/25/2020,11/25/2020,Druid Heights,NORTHERN,11,NORTHERN,780,39.282068,-76.458851,"39.282068, -76.458851"
SR-104636,Open,Phone,Graffiti,Graffiti Request,1/10/2019,1/10/2019,1/10/2019,1/10/2019,Morrell Park,SOUTHERN,1,SOUTHERN,109,39.361861,-76.492602,"39.361861, -76.492602"
SR-104637,Closed,Phone,Street Light Out,Street Light Out Request,1/7/2022,1/7/2022,1/7/2022,1/7/2022,Guilford,NORTHERN,10,NORTHERN,631,39.483035,-76.403168,"39.483035, -76.403168"
SR-104638,Open,Phone,Rat Rubout,Rat Rubout Request,4/27/2022,4/27/2022,4/27/2022,4/27/2022,Westport,NORTHWESTERN,7,NORTHWESTERN,427,39.319838,-76.503272,"39.319838, -76.503272"
SR-104639,Closed,Phone,Vacant Building,Vacant Building Request,10/26/2022,10/26/2022,10/26/2022,10/26/2022,Berea,WESTERN,5,WESTERN,667,39.446499,-76.32998,"39.446499, -76.32998"
SR-104640,Open,Phone,Graffiti,Graffiti Request,9/23/2020,9/23/2020,9/23/2020,9/23/2020,Govans,WESTERN,1,WESTERN,553,39.259945,-76.301483,"39.259945, -76.301483"
SR-104641,In Progress,Phone,Dead Animal,Dead Animal Request,4/28/2019,4/28/2019,4/28/2019,4/28/2019,Middle East,EASTERN,2,EASTERN,386,39.446172,-76.370338,"39.446172, -76.370338"
SR-104642,In Progress,Phone,Pothole,Pothole Request,3/13/2023,3/13/2023,3/13/2023,3/13/2023,Upton,NORTHEASTERN,7,NORTHEASTERN,640,39.329428,-76.587009,"39.329428, -76.587009"
SR-104643,Open,Phone,Parking Complaint,Parking Complaint Request,8/20/2019,8/20/2019,8/20/2019,8/20/2019,Cherry Hill,CENTRAL,7,CENTRAL,611,39.282002,-76.319042,"39.282002, -76.319042"
SR-104644,Open,Phone,Abandoned Vehicle,Abandoned Vehicle Request,8/26/2021,8/26/2021,8/26/2021,8/26/2021,Sandtown-Winchester,NORTHERN,1,NORTHERN,645,39.200047,-76.590096,"39.200047, -76.590096"
SR-104645,In Progress,Phone,Abandoned Vehicle,Abandoned Vehicle Request,2/17/2019,2/17/2019,2/17/2019,2/17/2019,Harlem Park,NORTHEASTERN,7,NORTHEASTERN,289,39.325506,-76.598813,"39.325506, -76.598813"
SR-104646,Closed,Phone,Parking Complaint,Parking Complaint Request,10/20/2019,10/20/2019,10/20/2019,10/20/2019,Harlem Park,NORTHEASTERN,1,NORTHEASTERN,867,39.449841,-76.43258,"39.449841, -76.43258"
SR-104647,Open,Phone,Abandoned Vehicle,Abandoned Vehicle Request,10/2/2019,10/2/2019,10/2/2019,10/2/2019,Guilford,WESTERN,12,WESTERN,753,39.273788,-76.31461,"39.273788, -76.31461"
SR-104648,Open,Phone,Parking Complaint,Parking Complaint Request,12/9/2020,12/9/2020,12/9/2020,12/9/2020,Mount Washington,EASTERN,11,EASTERN,371,39.292606,-76.589275,"39.292606, -76.589275"
SR-104649,Open,Phone,Abandoned Vehicle,Abandoned Vehicle Request,10/22/2022,10/22/2022,10/22/2022,10/22/2022,Charles Village,NORTHEASTERN,3,NORTHEASTERN,228,39.393275,-76.345786,"39.393275, -76.345786"
SR-104650,In Progress,Phone,Illegal Dumping,Illegal Dumping Request,4/20/2019,4/20/2019,4/20/2019,4/20/2019,Sandtown-Winchester,NORTHWESTERN,14,NORTHWESTERN,523,39.434964,-76.592211,"39.434964, -76.592211"
SR-104651,Closed,Phone,Abandoned Vehicle,Abandoned Vehicle Request,6/19/2020,6/19/2020,6/19/2020,6/19/2020,Roland Park,SOUTHERN,11,SOUTHERN,621,39.309594,-76.321402,"39.309594, -76.321402"
SR-104652,Open,Phone,Pothole,Pothole Request,12/27/2020,12/27/2020,12/27/2020,12/27/2020,Waverly,NORTHERN,14,NORTHERN,591,39.237293,-76.49717,"39.237293, -76.49717"
SR-104653,Open,Phone,Abandoned Vehicle,Abandoned Vehicle Request,11/14/2019,11/14/2019,11/14/2019,11/14/2019,Westport,SOUTHERN,12,SOUTHERN,677,39.235109,-76.389979,"39.235109, -76.389979"
SR-104654,Open,Phone,Street Light Out,Street Light Out Request,12/21/2023,12/21/2023,12/21/2023,12/21/2023,Middle East,SOUTHERN,13,SOUTHERN,762,39.393777,-76.472097,"39.393777, -76.472097"
SR-104655,Closed,Phone,Street Light Out,Street Light Out Request,7/24/2020,7/24/2020,7/24/2020,7/24/2020,Morrell Park,CENTRAL,3,CENTRAL,788,39.402949,-76.487324,"39.402949, -76.487324"
SR-104656,Closed,Phone,Vacant Building,Vacant Building Request,9/28/2022,9/28/2022,9/28/2022,9/28/2022,Homeland,CENTRAL,6,CENTRAL,774,39.400698,-76.317649,"39.400698, -76.317649"
SR-104657,Open,Phone,Pothole,Pothole Request,6/28/2021,6/28/2021,6/28/2021,6/28/2021,Sandtown-Winchester,NORTHEASTERN,14,NORTHEASTERN,196,39.20361,-76.397635,"39.20361, -76.397635"
SR-104658,In Progress,Phone,Graffiti,Graffiti Request,8/11/2020,8/11/2020,8/11/2020,8/11/2020,Oliver,NORTHWESTERN,11,NORTHWESTERN,530,39.230963,-76.548887,"39.230963, -76.548887"
SR-104659,In Progress,Phone,Rat Rubout,Rat Rubout Request,2/25/2020,2/25/2020,2/25/2020,2/25/2020,Pen Lucy,NORTHEASTERN,8,NORTHEASTERN,136,39.263046,-76.49826,"39.263046, -76.49826"
SR-104660,Closed,Phone,Dirty Street,Dirty Street Request,2/14/2019,2/14/2019,2/14/2019,2/14/2019,Upton,EASTERN,6,EASTERN,687,39.386147,-76.38578,"39.386147, -76.38578"
SR-104661,Open,Phone,Abandoned Vehicle,Abandoned Vehicle Request,12/8/2021,12/8/2021,12/8/2021,12/8/2021,Westport,NORTHWESTERN,1,NORTHWESTERN,727,39.461513,-76.5289,"39.461513, -76.5289"
SR-104662,Open,Phone,Dirty Street,Dirty Street Request,12/13/2019,12/13/2019,12/13/2019,12/13/2019,Westport,NORTHWESTERN,6,NORTHWESTERN,767,39.448557,-76.424029,"39.448557, -76.424029"
SR-104663,Closed,Phone,Dirty Street,Dirty Street Request,1/18/2021,1/18/2021,1/18/2021,1/18/2021,Eastwood,SOUTHERN,3,SOUTHERN,770,39.374588,-76.432056,"39.374588, -76.432056"
SR-104664,Open,Phone,Vacant Building,Vacant Building Request,2/21/2020,2/21/2020,2/21/2020,2/21/2020,Eastwood,WESTERN,11,WESTERN,805,39.457222,-76.426259,"39.457222, -76.426259"
SR-104665,Closed,Phone,Dirty Street,Dirty Street Request,1/17/2020,1/17/2020,1/17/2020,1/17/2020,Guilford,EASTERN,8,EASTERN,240,39.408992,-76.456384,"39.408992, -76.456384"
SR-104666,In Progress,Phone,Dead Animal,Dead Animal Request,2/18/2021,2/18/2021,2/18/2021,2/18/2021,Eastwood,NORTHERN,10,NORTHERN,443,39.258026,-76.313657,"39.258026, -76.313657"
SR-104667,Closed,Phone,Parking Complaint,Parking Complaint Request,2/2/2023,2/2/2023,2/2/2023,2/2/2023,Curtis Bay,SOUTHERN,7,SOUTHERN,394,39.267437,-76.436334,"39.267437, -76.436334"
SR-104668,In Progress,Phone,Dirty Street,Dirty Street Request,5/9/2021,5/9/2021,5/9/2021,5/9/2021,Morrell Park,NORTHWESTERN,6,NORTHWESTERN,426,39.394,-76.596348,"39.394, -76.596348"
SR-104669,Closed,Phone,Abandoned Vehicle,Abandoned Vehicle Request,9/18/2020,9/18/2020,9/18/2020,9/18/2020,Westport,SOUTHERN,1,SOUTHERN,678,39.272335,-76.381716,"39.272335, -76.381716"
SR-104670,In Progress,Phone,Illegal Dumping,Illegal Dumping Request,9/23/2019,9/23/2019,9/23/2019,9/23/2019,Druid Heights,EASTERN,14,EASTERN,412,39.470942,-76.454421,"39.470942, -76.454421"
SR-104671,Open,Phone,Rat Rubout,Rat Rubout Request,3/14/2023,3/14/2023,3/14/2023,3/14/2023,Roland Park,NORTHWESTERN,6,NORTHWESTERN,694,39.244967,-76.552288,"39.244967, -76.552288"
SR-104672,Open,Phone,Dirty Street,Dirty Street Request,9/2/2022,9/2/2022,9/2/2022,9/2/2022,Middle East,EASTERN,14,EASTERN,464,39.366306,-76.579443,"39.366306, -76.579443"
SR-104673,Open,Phone,Dirty Street,Dirty Street Request,2/10/2020,2/10/2020,2/10/2020,2/10/2020,Druid Heights,CENTRAL,10,CENTRAL,324,39.443933,-76.425641,"39.443933, -76.425641"
SR-104674,In Progress,Phone,Dead Animal,Dead Animal Request,7/24/2023,7/24/2023,7/24/2023,7/24/2023,Brooklyn,CENTRAL,3,CENTRAL,329,39.279505,-76.448704,"39.279505, -76.448704"
SR-104675,Closed,Phone,Rat Rubout,Rat Rubout Request,11/13/2020,11/13/2020,11/13/2020,11/13/2020,Govans,NORTHERN,5,NORTHERN,761,39.299331,-76.387795,"39.299331, -76.387795"
SR-104676,In Progress,Phone,Vacant Building,Vacant Building Request,2/4/2023,2/4/2023,2/4/2023,2/4/2023,Waverly,WESTERN,9,WESTERN,836,39.452985,-76.453886,"39.452985, -76.453886"
SR-104677,In Progress,Phone,Pothole,Pothole Request,7/18/2023,7/18/2023,7/18/2023,7/18/2023,Johnston Square,NORTHWESTERN,5,NORTHWESTERN,420,39.310106,-76.3922,"39.310106, -76.3922"
SR-104678,Open,Phone,Graffiti,Graffiti Request,3/10/2021,3/10/2021,3/10/2021,3/10/2021,Druid Heights,NORTHEASTERN,12,NORTHEASTERN,186,39.49149,-76.377789,"39.49149, -76.377789"
SR-104679,Closed,Phone,Pothole,Pothole Request,1/25/2019,1/25/2019,1/25/2019,1/25/2019,Waverly,NORTHEASTERN,11,NORTHEASTERN,236,39.469903,-76.526382,"39.469903, -76.526382"
SR-104680,Open,Phone,Abandoned Vehicle,Abandoned Vehicle Request,6/4/2022,6/4/2022,6/4/2022,6/4/2022,Mount Washington,CENTRAL,5,CENTRAL,739,39.35898,-76.533442,"39.35898, -76.533442"
SR-104681,In Progress,Phone,Rat Rubout,Rat Rubout Request,8/25/2023,8/25/2023,8/25/2023,8/25/2023,Westport,NORTHERN,7,NORTHERN,875,39.496969,-76.331261,"39.496969, -76.331261"
SR-104682,In Progress,Phone,Vacant Building,Vacant Building Request,3/20/2019,3/20/2019,3/20/2019,3/20/2019,Harlem Park,CENTRAL,11,CENTRAL,467,39.415965,-76.39016,"39.415965, -76.39016"
SR-104683,Open,Phone,Parking Complaint,Parking Complaint Request,9/3/2020,9/3/2020,9/3/2020,9/3/2020,Guilford,WESTERN,12,WESTERN,271,39.388717,-76.460326,"39.388717, -76.460326"
SR-104684,In Progress,Phone,Dirty Street,Dirty Street Request,1/3/2022,1/3/2022,1/3/2022,1/3/2022,Homeland,NORTHERN,8,NORTHERN,899,39.23501,-76.445767,"39.23501, -76.445767"
SR-104685,In Progress,Phone,Rat Rubout,Rat Rubout Request,11/5/2022,11/5/2022,11/5/2022,11/5/2022,Belair-Edison,NORTHEASTERN,10,NORTHEASTERN,489,39.273597,-76.599385,"39.273597, -76.599385"
SR-104686,Open,Phone,Vacant Building,Vacant Building Request,9/25/2023,9/25/2023,9/25/2023,9/25/2023,Greenmount West,NORTHERN,10,NORTHERN,348,39.363654,-76.424242,"39.363654, -76.424242"
SR-104687,Closed,Phone,Pothole,Pothole Request,4/5/2020,4/5/2020,4/5/2020,4/5/2020,Upton,EASTERN,12,EASTERN,666,39.322373,-76.547283,"39.322373, -76.547283"
SR-104688,Closed,Phone,Illegal Dumping,Illegal Dumping Request,8/10/2020,8/10/2020,8/10/2020,8/10/2020,Sandtown-Winchester,EASTERN,7,EASTERN,684,39.451197,-76.396389,"39.451197, -76.396389"
SR-104689,In Progress,Phone,Vacant Building,Vacant Building Request,9/16/2020,9/16/2020,9/16/2020,9/16/2020,Brooklyn,NORTHERN,13,NORTHERN,396,39.486699,-76.526281,"39.486699, -76.526281"
SR-104690,Closed,Phone,Vacant Building,Vacant Building Request,6/1/2019,6/1/2019,6/1/2019,6/1/2019,Belair-Edison,NORTHERN,1,NORTHERN,461,39.216609,-76.424988,"39.216609, -76.424988"
SR-104691,In Progress,Phone,Vacant Building,Vacant Building Request,12/28/2020,12/28/2020,12/28/2020,12/28/2020,Harlem Park,WESTERN,14,WESTERN,562,39.304364,-76.541207,"39.304364, -76.541207"
SR-104692,Closed,Phone,Parking Complaint,Parking Complaint Request,1/20/2021,1/20/2021,1/20/2021,1/20/2021,Waverly,NORTHWESTERN,6,NORTHWESTERN,814,39.473224,-76.429515,"39.473224, -76.429515"
SR-104693,Open,Phone,Illegal Dumping,Illegal Dumping Request,7/3/2020,7/3/2020,7/3/2020,7/3/2020,Hampden,CENTRAL,2,CENTRAL,635,39.225091,-76.345515,"39.225091, -76.345515"
SR-104694,In Progress,Phone,Rat Rubout,Rat Rubout Request,12/6/2020,12/6/2020,12/6/2020,12/6/2020,Hampden,WESTERN,2,WESTERN,322,39.335466,-76.583478,"39.335466, -76.583478"
SR-104695,In Progress,Phone,Dirty Street,Dirty Street Request,4/20/2019,4/20/2019,4/20/2019,4/20/2019,Greenmount West,NORTHERN,4,NORTHERN,700,39.435282,-76.537491,"39.435282, -76.537491"
SR-104696,In Progress,Phone,Vacant Building,Vacant Building Request,12/9/2022,12/9/2022,12/9/2022,12/9/2022,Eastwood,WESTERN,3,WESTERN,249,39.298481,-76.321052,"39.298481, -76.321052"
SR-104697,In Progress,Phone,Parking Complaint,Parking Complaint Request,8/27/2019,8/27/2019,8/27/2019,8/27/2019,Johnston Square,EASTERN,12,EASTERN,513,39.328789,-76.316397,"39.328789, -76.316397"
SR-104698,Closed,Phone,Street Light Out,Street Light Out Request,1/15/2020,1/15/2020,1/15/2020,1/15/2020,Westport,SOUTHERN,11,SOUTHERN,479,39.34675,-76.53063,"39.34675, -76.53063"
SR-104699,Closed,Phone,Dead Animal,Dead Animal Request,3/24/2023,3/24/2023,3/24/2023,3/24/2023,Eastwood,WESTERN,10,WESTERN,612,39.226408,-76.435847,"39.226408, -76.435847"
SR-104700,Open,Phone,Pothole,Pothole Request,9/24/2019,9/24/2019,9/24/2019,9/24/2019,Park Heights,NORTHEASTERN,2,NORTHEASTERN,203,39.304151,-76.561774,"39.304151, -76.561774"
SR-104701,Open,Phone,Vacant Building,Vacant Building Request,3/12/2022,3/12/2022,3/12/2022,3/12/2022,Clifton Park,NORTHWESTERN,5,NORTHWESTERN,504,39.489849,-76.30904,"39.489849, -76.30904"
SR-104702,In Progress,Phone,Illegal Dumping,Illegal Dumping Request,5/13/2022,5/13/2022,5/13/2022,5/13/2022,Govans,CENTRAL,6,CENTRAL,772,39.30263,-76.491153,"39.30263, -76.491153"
SR-104703,Closed,Phone,Illegal Dumping,Illegal Dumping Request,4/9/2021,4/9/2021,4/9/2021,4/9/2021,Upton,WESTERN,6,WESTERN,781,39.283045,-76.557758,"39.283045, -76.557758"
SR-104704,Closed,Phone,Graffiti,Graffiti Request,12/25/2021,12/25/2021,12/25/2021,12/25/2021,Sandtown-Winchester,WESTERN,5,WESTERN,561,39.308108,-76.361972,"39.308108, -76.361972"
SR-104705,In Progress,Phone,Vacant Building,Vacant Building Request,12/1/2021,12/1/2021,12/1/2021,12/1/2021,Pen Lucy,NORTHERN,6,NORTHERN,320,39.326926,-76.31298,"39.326926, -76.31298"
SR-104706,In Progress,Phone,Abandoned Vehicle,Abandoned Vehicle Request,6/10/2020,6/10/2020,6/10/2020,6/10/2020,Pigtown,NORTHERN,9,NORTHERN,123,39.494872,-76.371962,"39.494872, -76.371962"
SR-104707,Closed,Phone,Dirty Street,Dirty Street Request,7/1/2020,7/1/2020,7/1/2020,7/1/2020,Clifton Park,NORTHWESTERN,12,NORTHWESTERN,396,39.34398,-76.377873,"39.34398, -76.377873"
SR-104708,In Progress,Phone,Parking Complaint,Parking Complaint Request,6/15/2019,6/15/2019,6/15/2019,6/15/2019,Charles Village,WESTERN,9,WESTERN,560,39.407496,-76.338507,"39.407496, -76.338507"
SR-104709,Open,Phone,Abandoned Vehicle,Abandoned Vehicle Request,4/25/2020,4/25/2020,4/25/2020,4/25/2020,Eastwood,NORTHERN,10,NORTHERN,565,39.210766,-76.444094,"39.210766, -76.444094"
SR-104710,In Progress,Phone,Dirty Street,Dirty Street Request,2/2/2019,2/2/2019,2/2/2019,2/2/2019,Govans,NORTHERN,4,NORTHERN,139,39.334046,-76.47013,"39.334046, -76.47013"
SR-104711,In Progress,Phone,Illegal Dumping,Illegal Dumping Request,7/14/2023,7/14/2023,7/14/2023,7/14/2023,Cherry Hill,NORTHERN,11,NORTHERN,669,39.273118,-76.302411,"39.273118, -76.302411"
SR-104712,Open,Phone,Dirty Street,Dirty Street Request,9/12/2023,9/12/2023,9/12/2023,9/12/2023,Upton,WESTERN,3,WESTERN,182,39.468798,-76.402655,"39.468798, -76.402655"
SR-104713,Closed,Phone,Dead Animal,Dead Animal Request,9/18/2022,9/18/2022,9/18/2022,9/18/2022,Pigtown,WESTERN,6,WESTERN,223,39.366968,-76.36269,"39.366968, -76.36269"
SR-104714,In Progress,Phone,Dirty Street,Dirty Street Request,1/25/2019,1/25/2019,1/25/2019,1/25/2019,Eastwood,SOUTHERN,7,SOUTHERN,548,39.273522,-76.524288,"39.273522, -76.524288"
SR-104715,Open,Phone,Rat Rubout,Rat Rubout Request,9/1/2023,9/1/2023,9/1/2023,9/1/2023,Curtis Bay,NORTHEASTERN,3,NORTHEASTERN,848,39.399214,-76.44138,"39.399214, -76.44138"
SR-104716,Open,Phone,Parking Complaint,Parking Complaint Request,8/23/2020,8/23/2020,8/23/2020,8/23/2020,Oliver,NORTHERN,2,NORTHERN,191,39.204227,-76.575973,"39.204227, -76.575973"
SR-104717,Closed,Phone,Graffiti,Graffiti Request,4/21/2022,4/21/2022,4/21/2022,4/21/2022,Pimlico,EASTERN,9,EASTERN,373,39.207906,-76.32797,"39.207906, -76.32797"
SR-104718,In Progress,Phone,Dead Animal,Dead Animal Request,8/23/2021,8/23/2021,8/23/2021,8/23/2021,Berea,SOUTHERN,4,SOUTHERN,630,39.458385,-76.394295,"39.458385, -76.394295"
SR-104719,Open,Phone,Street Light Out,Street Light Out Request,1/4/2021,1/4/2021,1/4/2021,1/4/2021,Druid Heights,NORTHWESTERN,7,NORTHWESTERN,382,39.321765,-76.425226,"39.321765, -76.425226"
SR-104720,Open,Phone,Dirty Street,Dirty Street Request,2/27/2022,2/27/2022,2/27/2022,2/27/2022,Berea,SOUTHERN,6,SOUTHERN,272,39.231871,-76.565792,"39.231871, -76.565792"
SR-104721,Closed,Phone,Street Light Out,Street Light Out Request,11/26/2022,11/26/2022,11/26/2022,11/26/2022,Hampden,WESTERN,5,WESTERN,292,39.399063,-76.378263,"39.399063, -76.378263"
SR-104722,Open,Phone,Illegal Dumping,Illegal Dumping Request,4/17/2019,4/17/2019,4/17/2019,4/17/2019,Eastwood,NORTHEASTERN,2,NORTHEASTERN,751,39.202125,-76.430777,"39.202125, -76.430777"
SR-104723,Open,Phone,Dead Animal,Dead Animal Request,12/4/2022,12/4/2022,12/4/2022,12/4/2022,Sandtown-Winchester,CENTRAL,10,CENTRAL,731,39.302251,-76.496439,"39.302251, -76.496439"
SR-104724,Closed,Phone,Graffiti,Graffiti Request,8/15/2022,8/15/2022,8/15/2022,8/15/2022,Oliver,NORTHEASTERN,1,NORTHEASTERN,180,39.328636,-76.306785,"39.328636, -76.306785"
SR-104725,Open,Phone,Dead Animal,Dead Animal Request,6/19/2020,6/19/2020,6/19/2020,6/19/2020,Waverly,EASTERN,8,EASTERN,726,39.487725,-76.492141,"39.487725, -76.492141"
SR-104726,In Progress,Phone,Pothole,Pothole Request,9/24/2020,9/24/2020,9/24/2020,9/24/2020,Charles Village,EASTERN,4,EASTERN,606,39.350563,-76.420967,"39.350563, -76.420967"
SR-104727,Open,Phone,Graffiti,Graffiti Request,6/27/2023,6/27/2023,6/27/2023,6/27/2023,Belair-Edison,SOUTHERN,14,SOUTHERN,675,39.317518,-76.439505,"39.317518, -76.439505"
SR-104728,Closed,Phone,Graffiti,Graffiti Request,11/11/2022,11/11/2022,11/11/2022,11/11/2022,Brooklyn,NORTHERN,13,NORTHERN,789,39.29176,-76.322089,"39.29176, -76.322089"
SR-104729,In Progress,Phone,Dead Animal,Dead Animal Request,1/25/2022,1/25/2022,1/25/2022,1/25/2022,Harlem Park,NORTHWESTERN,7,NORTHWESTERN,460,39.319143,-76.516973,"39.319143, -76.516973"
SR-104730,In Progress,Phone,Pothole,Pothole Request,2/24/2022,2/24/2022,2/24/2022,2/24/2022,Pen Lucy,EASTERN,8,EASTERN,277,39.308017,-76.557992,"39.308017, -76.557992"
SR-104731,Closed,Phone,Illegal Dumping,Illegal Dumping Request,6/10/2022,6/10/2022,6/10/2022,6/10/2022,Brooklyn,CENTRAL,11,CENTRAL,157,39.291764,-76.455345,"39.291764, -76.455345"
SR-104732,In Progress,Phone,Pothole,Pothole Request,7/27/2020,7/27/2020,7/27/2020,7/27/2020,Druid Heights,SOUTHERN,10,SOUTHERN,831,39.347058,-76.439966,"39.347058, -76.439966"
SR-104733,Closed,Phone,Dirty Street,Dirty Street Request,9/17/2021,9/17/2021,9/17/2021,9/17/2021,Irvington,NORTHWESTERN,5,NORTHWESTERN,558,39.345446,-76.434409,"39.345446, -76.434409"
SR-104734,In Progress,Phone,Graffiti,Graffiti Request,7/11/2022,7/11/2022,7/11/2022,7/11/2022,Irvington,NORTHEASTERN,1,NORTHEASTERN,331,39.284999,-76.522339,"39.284999, -76.522339"
SR-104735,Open,Phone,Rat Rubout,Rat Rubout Request,2/5/2020,2/5/2020,2/5/2020,2/5/2020,Cherry Hill,CENTRAL,10,CENTRAL,215,39.499731,-76.332941,"39.499731, -76.332941"
SR-104736,Closed,Phone,Illegal Dumping,Illegal Dumping Request,8/9/2020,8/9/2020,8/9/2020,8/9/2020,Charles Village,SOUTHERN,13,SOUTHERN,715,39.351618,-76.569143,"39.351618, -76.569143"
SR-104737,In Progress,Phone,Abandoned Vehicle,Abandoned Vehicle Request,6/22/2021,6/22/2021,6/22/2021,6/22/2021,Govans,SOUTHERN,8,SOUTHERN,818,39.441253,-76.316863,"39.441253, -76.316863"
SR-104738,In Progress,Phone,Dirty Street,Dirty Street Request,2/14/2021,2/14/2021,2/14/2021,2/14/2021,Cherry Hill,NORTHEASTERN,3,NORTHEASTERN,372,39.260094,-76.391527,"39.260094, -76.391527"
SR-104739,In Progress,Phone,Dirty Street,Dirty Street Request,1/10/2021,1/10/2021,1/10/2021,1/10/2021,Druid Heights,WESTERN,1,WESTERN,504,39.459942,-76.596571,"39.459942, -76.596571"
SR-104740,Open,Phone,Abandoned Vehicle,Abandoned Vehicle Request,12/16/2023,12/16/2023,12/16/2023,12/16/2023,Oliver,NORTHEASTERN,3,NORTHEASTERN,672,39.280415,-76.447507,"39.280415, -76.447507"
SR-104741,Closed,Phone,Dirty Street,Dirty Street Request,11/2/2020,11/2/2020,11/2/2020,11/2/2020,Brooklyn,NORTHERN,9,NORTHERN,429,39.254811,-76.534425,"39.254811, -76.534425"
SR-104742,Open,Phone,Street Light Out,Street Light Out Request,3/28/2023,3/28/2023,3/28/2023,3/28/2023,Belair-Edison,WESTERN,7,WESTERN,793,39.207413,-76.557332,"39.207413, -76.557332"
SR-104743,Open,Phone,Street Light Out,Street Light Out Request,9/6/2019,9/6/2019,9/6/2019,9/6/2019,Oliver,NORTHWESTERN,6,NORTHWESTERN,563,39.471332,-76.577396,"39.471332, -76.577396"
SR-104744,Closed,Phone,Parking Complaint,Parking Complaint Request,8/11/2019,8/11/2019,8/11/2019,8/11/2019,Oliver,NORTHWESTERN,13,NORTHWESTERN,491,39.268056,-76.466564,"39.268056, -76.466564"
SR-104745,Closed,Phone,Rat Rubout,Rat Rubout Request,4/13/2019,4/13/2019,4/13/2019,4/13/2019,Clifton Park,WESTERN,12,WESTERN,518,39.462298,-76.528065,"39.462298, -76.528065"
SR-104746,In Progress,Phone,Dead Animal,Dead Animal Request,10/17/2020,10/17/2020,10/17/2020,10/17/2020,Berea,NORTHWESTERN,2,NORTHWESTERN,700,39.490491,-76.476483,"39.490491, -76.476483"
SR-104747,Closed,Phone,Pothole,Pothole Request,8/18/2019,8/18/2019,8/18/2019,8/18/2019,Park Heights,EASTERN,11,EASTERN,476,39.215365,-76.541757,"39.215365, -76.541757"
SR-104748,In Progress,Phone,Dirty Street,Dirty Street Request,2/11/2021,2/11/2021,2/11/2021,2/11/2021,Govans,SOUTHERN,11,SOUTHERN,596,39.321277,-76.426113,"39.321277, -76.426113"
SR-104749,In Progress,Phone,Street Light Out,Street Light Out Request,3/22/2023,3/22/2023,3/22/2023,3/22/2023,Mount Washington,SOUTHERN,12,SOUTHERN,313,39.295194,-76.406825,"39.295194, -76.406825"
SR-104750,In Progress,Phone,Dead Animal,Dead Animal Request,2/18/2020,2/18/2020,2/18/2020,2/18/2020,Hampden,CENTRAL,12,CENTRAL,232,39.401304,-76.594551,"39.401304, -76.594551"
SR-104751,Open,Phone,Dead Animal,Dead Animal Request,6/23/2019,6/23/2019,6/23/2019,6/23/2019,Hampden,NORTHERN,1,NORTHERN,647,39.44399,-76.322676,"39.44399, -76.322676"
SR-104752,In Progress,Phone,Parking Complaint,Parking Complaint Request,2/28/2022,2/28/2022,2/28/2022,2/28/2022,Brooklyn,CENTRAL,8,CENTRAL,703,39.410823,-76.557388,"39.410823, -76.557388"
SR-104753,Closed,Phone,Dirty Street,Dirty Street Request,2/3/2020,2/3/2020,2/3/2020,2/3/2020,Westport,EASTERN,14,EASTERN,401,39.351547,-76.561365,"39.351547, -76.561365"
SR-104754,Closed,Phone,Dead Animal,Dead Animal Request,7/4/2019,7/4/2019,7/4/2019,7/4/2019,Middle East,NORTHERN,9,NORTHERN,662,39.274956,-76.303404,"39.274956, -76.303404"
SR-104755,In Progress,Phone,Pothole,Pothole Request,8/26/2021,8/26/2021,8/26/2021,8/26/2021,Eastwood,NORTHERN,10,NORTHERN,877,39.230939,-76.436904,"39.230939, -76.436904"
SR-104756,Open,Phone,Abandoned Vehicle,Abandoned Vehicle Request,10/14/2019,10/14/2019,10/14/2019,10/14/2019,Greenmount West,EASTERN,14,EASTERN,820,39.393243,-76.404035,"39.393243, -76.404035"
SR-104757,In Progress,Phone,Pothole,Pothole Request,7/20/2022,7/20/2022,7/20/2022,7/20/2022,Sandtown-Winchester,NORTHWESTERN,11,NORTHWESTERN,553,39.437439,-76.558399,"39.437439, -76.558399"
SR-104758,In Progress,Phone,Dirty Street,Dirty Street Request,10/24/2020,10/24/2020,10/24/2020,10/24/2020,Guilford,NORTHERN,3,NORTHERN,689,39.427547,-76.469644,"39.427547, -76.469644"
SR-104759,Open,Phone,Graffiti,Graffiti Request,4/15/2019,4/15/2019,4/15/2019,4/15/2019,Sandtown-Winchester,WESTERN,4,WESTERN,837,39.451147,-76.43646,"39.451147, -76.43646"
SR-104760,Open,Phone,Parking Complaint,Parking Complaint Request,11/15/2019,11/15/2019,11/15/2019,11/15/2019,Morrell Park,CENTRAL,6,CENTRAL,147,39.345665,-76.374449,"39.345665, -76.374449"
SR-104761,Closed,Phone,Vacant Building,Vacant Building Request,3/23/2020,3/23/2020,3/23/2020,3/23/2020,Eastwood,WESTERN,13,WESTERN,325,39.348168,-76.397397,"39.348168, -76.397397"
SR-104762,In Progress,Phone,Pothole,Pothole Request,3/9/2023,3/9/2023,3/9/2023,3/9/2023,Sandtown-Winchester,NORTHEASTERN,9,NORTHEASTERN,643,39.45451,-76.516105,"39.45451, -76.516105"
SR-104763,In Progress,Phone,Dead Animal,Dead Animal Request,9/7/2019,9/7/2019,9/7/2019,9/7/2019,Cherry Hill,SOUTHERN,1,SOUTHERN,585,39.305763,-76.459812,"39.305763, -76.459812"
SR-104764,Closed,Phone,Graffiti,Graffiti Request,11/19/2019,11/19/2019,11/19/2019,11/19/2019,Eastwood,NORTHERN,12,NORTHERN,383,39.281181,-76.454867,"39.281181, -76.454867"
SR-104765,Closed,Phone,Rat Rubout,Rat Rubout Request,3/6/2022,3/6/2022,3/6/2022,3/6/2022,Guilford,NORTHWESTERN,11,NORTHWESTERN,110,39.371108,-76.489422,"39.371108, -76.489422"
SR-104766,Closed,Phone,Street Light Out,Street Light Out Request,6/26/2019,6/26/2019,6/26/2019,6/26/2019,Irvington,NORTHEASTERN,13,NORTHEASTERN,707,39.452278,-76.401317,"39.452278, -76.401317"
SR-104767,Open,Phone,Rat Rubout,Rat Rubout Request,3/1/2020,3/1/2020,3/1/2020,3/1/2020,Middle East,EASTERN,7,EASTERN,381,39.483773,-76.455819,"39.483773, -76.455819"
SR-104768,Closed,Phone,Illegal Dumping,Illegal Dumping Request,10/9/2023,10/9/2023,10/9/2023,10/9/2023,Curtis Bay,CENTRAL,9,CENTRAL,884,39.248969,-76.492658,"39.248969, -76.492658"
SR-104769,In Progress,Phone,Pothole,Pothole Request,3/28/2019,3/28/2019,3/28/2019,3/28/2019,Cherry Hill,CENTRAL,13,CENTRAL,510,39.221029,-76.481753,"39.221029, -76.481753"
SR-104770,Open,Phone,Street Light Out,Street Light Out Request,2/15/2021,2/15/2021,2/15/2021,2/15/2021,Pimlico,NORTHEASTERN,13,NORTHEASTERN,263,39.332308,-76.302598,"39.332308, -76.302598"
SR-104771,Open,Phone,Parking Complaint,Parking Complaint Request,4/22/2021,4/22/2021,4/22/2021,4/22/2021,Curtis Bay,CENTRAL,10,CENTRAL,638,39.387709,-76.51526,"39.387709, -76.51526"
SR-104772,Open,Phone,Pothole,Pothole Request,11/14/2021,11/14/2021,11/14/2021,11/14/2021,Eastwood,NORTHERN,5,NORTHERN,492,39.265201,-76.492552,"39.265201, -76.492552"
SR-104773,Closed,Phone,Illegal Dumping,Illegal Dumping Request,12/27/2019,12/27/2019,12/27/2019,12/27/2019,Middle East,NORTHERN,7,NORTHERN,457,39.407422,-76.465546,"39.407422, -76.465546"
SR-104774,Closed,Phone,Street Light Out,Street Light Out Request,1/8/2022,1/8/2022,1/8/2022,1/8/2022,Harlem Park,WESTERN,12,WESTERN,613,39.447656,-76.491479,"39.447656, -76.491479"
SR-104775,Closed,Phone,Dirty Street,Dirty Street Request,11/26/2023,11/26/2023,11/26/2023,11/26/2023,Park Heights,EASTERN,3,EASTERN,277,39.3923,-76.329893,"39.3923, -76.329893"
SR-104776,In Progress,Phone,Illegal Dumping,Illegal Dumping Request,10/9/2019,10/9/2019,10/9/2019,10/9/2019,Morrell Park,WESTERN,4,WESTERN,764,39.407567,-76.32984,"39.407567, -76.32984"
SR-104777,Open,Phone,Graffiti,Graffiti Request,10/19/2020,10/19/2020,10/19/2020,10/19/2020,Pigtown,NORTHWESTERN,1,NORTHWESTERN,546,39.252161,-76.47582,"39.252161, -76.47582"
SR-104778,In Progress,Phone,Street Light Out,Street Light Out Request,8/23/2020,8/23/2020,8/23/2020,8/23/2020,Druid Heights,WESTERN,2,WESTERN,728,39.393616,-76.581497,"39.393616, -76.581497"
SR-104779,Closed,Phone,Graffiti,Graffiti Request,9/24/2022,9/24/2022,9/24/2022,9/24/2022,Middle East,NORTHERN,2,NORTHERN,521,39.364676,-76.359193,"39.364676, -76.359193"
SR-104780,Open,Phone,Graffiti,Graffiti Request,10/7/2023,10/7/2023,10/7/2023,10/7/2023,Roland Park,EASTERN,6,EASTERN,491,39.216434,-76.344258,"39.216434, -76.344258"
SR-104781,Open,Phone,Vacant Building,Vacant Building Request,5/5/2020,5/5/2020,5/5/2020,5/5/2020,Oliver,NORTHERN,11,NORTHERN,553,39.239515,-76.319076,"39.239515, -76.319076"
SR-104782,In Progress,Phone,Street Light Out,Street Light Out Request,5/6/2023,5/6/2023,5/6/2023,5/6/2023,Roland Park,NORTHERN,11,NORTHERN,164,39.235552,-76.462504,"39.235552, -76.462504"
SR-104783,Open,Phone,Rat Rubout,Rat Rubout Request,7/26/2021,7/26/2021,7/26/2021,7/26/2021,Brooklyn,EASTERN,12,EASTERN,880,39.491712,-76.352514,"39.491712, -76.352514"
SR-104784,In Progress,Phone,Dirty Street,Dirty Street Request,7/9/2020,7/9/2020,7/9/2020,7/9/2020,Druid Heights,SOUTHERN,2,SOUTHERN,572,39.466554,-76.346897,"39.466554, -76.346897"
SR-104785,In Progress,Phone,Street Light Out,Street Light Out Request,9/17/2019,9/17/2019,9/17/2019,9/17/2019,Park Heights,WESTERN,1,WESTERN,259,39.406901,-76.30997,"39.406901, -76.30997"
SR-104786,In Progress,Phone,Graffiti,Graffiti Request,9/6/2023,9/6/2023,9/6/2023,9/6/2023,Pimlico,NORTHEASTERN,3,NORTHEASTERN,869,39.45969,-76.481645,"39.45969, -76.481645"
SR-104787,Closed,Phone,Graffiti,Graffiti Request,5/10/2020,5/10/2020,5/10/2020,5/10/2020,Park Heights,NORTHWESTERN,1,NORTHWESTERN,175,39.487675,-76.548485,"39.487675, -76.548485"
SR-104788,Closed,Phone,Dirty Street,Dirty Street Request,2/14/2020,2/14/2020,2/14/2020,2/14/2020,Curtis Bay,WESTERN,9,WESTERN,726,39.479139,-76.555369,"39.479139, -76.555369"
SR-104789,In Progress,Phone,Dirty Street,Dirty Street Request,1/24/2022,1/24/2022,1/24/2022,1/24/2022,Hampden,NORTHWESTERN,7,NORTHWESTERN,350,39.461509,-76.321999,"39.461509, -76.321999"
SR-104790,In Progress,Phone,Pothole,Pothole Request,4/8/2023,4/8/2023,4/8/2023,4/8/2023,Curtis Bay,NORTHWESTERN,13,NORTHWESTERN,308,39.47054,-76.596348,"39.47054, -76.596348"
SR-104791,Closed,Phone,Vacant Building,Vacant Building Request,3/4/2021,3/4/2021,3/4/2021,3/4/2021,Cherry Hill,WESTERN,3,WESTERN,233,39.20251,-76.483243,"39.20251, -76.483243"
SR-104792,In Progress,Phone,Parking Complaint,Parking Complaint Request,5/24/2022,5/24/2022,5/24/2022,5/24/2022,Pigtown,NORTHEASTERN,13,NORTHEASTERN,706,39.213127,-76.4797,"39.213127, -76.4797"
SR-104793,Open,Phone,Street Light Out,Street Light Out Request,12/6/2023,12/6/2023,12/6/2023,12/6/2023,Eastwood,WESTERN,11,WESTERN,273,39.407241,-76.41726,"39.407241, -76.41726"
SR-104794,In Progress,Phone,Dirty Street,Dirty Street Request,8/13/2020,8/13/2020,8/13/2020,8/13/2020,Morrell Park,NORTHEASTERN,14,NORTHEASTERN,374,39.374425,-76.351781,"39.374425, -76.351781"
SR-104795,Closed,Phone,Pothole,Pothole Request,11/18/2019,11/18/2019,11/18/2019,11/18/2019,Roland Park,SOUTHERN,13,SOUTHERN,884,39.451151,-76.32645,"39.451151, -76.32645"
SR-104796,In Progress,Phone,Abandoned Vehicle,Abandoned Vehicle Request,3/15/2023,3/15/2023,3/15/2023,3/15/2023,Greenmount West,CENTRAL,3,CENTRAL,852,39.446076,-76.414474,"39.446076, -76.414474"
SR-104797,Closed,Phone,Street Light Out,Street Light Out Request,10/17/2020,10/17/2020,10/17/2020,10/17/2020,Roland Park,SOUTHERN,5,SOUTHERN,153,39.286874,-76.532305,"39.286874, -76.532305"
SR-104798,Open,Phone,Dirty Street,Dirty Street Request,7/18/2020,7/18/2020,7/18/2020,7/18/2020,Upton,CENTRAL,9,CENTRAL,452,39.210827,-76.321301,"39.210827, -76.321301"
SR-104799,Closed,Phone,Parking Complaint,Parking Complaint Request,3/21/2020,3/21/2020,3/21/2020,3/21/2020,Greenmount West,SOUTHERN,10,SOUTHERN,332,39.436884,-76.500469,"39.436884, -76.500469"
SR-104800,In Progress,Phone,Abandoned Vehicle,Abandoned Vehicle Request,9/8/2021,9/8/2021,9/8/2021,9/8/2021,Druid Heights,NORTHWESTERN,7,NORTHWESTERN,745,39.491442,-76.41739,"39.491442, -76.41739"
SR-104801,Closed,Phone,Vacant Building,Vacant Building Request,6/15/2021,6/15/2021,6/15/2021,6/15/2021,Park Heights,NORTHERN,5,NORTHERN,220,39.401435,-76.377384,"39.401435, -76.377384"
SR-104802,Open,Phone,Graffiti,Graffiti Request,4/14/2020,4/14/2020,4/14/2020,4/14/2020,Brooklyn,NORTHERN,3,NORTHERN,328,39.325052,-76.349238,"39.325052, -76.349238"
SR-104803,In Progress,Phone,Street Light Out,Street Light Out Request,2/20/2023,2/20/2023,2/20/2023,2/20/2023,Harlem Park,CENTRAL,12,CENTRAL,751,39.265221,-76.37567,"39.265221, -76.37567"
SR-104804,Closed,Phone,Vacant Building,Vacant Building Request,6/5/2021,6/5/2021,6/5/2021,6/5/2021,Pigtown,WESTERN,3,WESTERN,771,39.306689,-76.555664,"39.306689, -76.555664"
SR-104805,Open,Phone,Dead Animal,Dead Animal Request,7/22/2020,7/22/2020,7/22/2020,7/22/2020,Harlem Park,SOUTHERN,10,SOUTHERN,112,39.355506,-76.368397,"39.355506, -76.368397"
SR-104806,Closed,Phone,Graffiti,Graffiti Request,12/4/2022,12/4/2022,12/4/2022,12/4/2022,Clifton Park,EASTERN,8,EASTERN,818,39.389701,-76.435517,"39.389701, -76.435517"
SR-104807,In Progress,Phone,Pothole,Pothole Request,6/10/2023,6/10/2023,6/10/2023,6/10/2023,Govans,NORTHWESTERN,3,NORTHWESTERN,240,39.20726,-76.30491,"39.20726, -76.30491"
SR-104808,Open,Phone,Street Light Out,Street Light Out Request,12/28/2020,12/28/2020,12/28/2020,12/28/2020,Sandtown-Winchester,CENTRAL,7,CENTRAL,699,39.367718,-76.432905,"39.367718, -76.432905"
SR-104809,Closed,Phone,Illegal Dumping,Illegal Dumping Request,8/24/2020,8/24/2020,8/24/2020,8/24/2020,Pimlico,NORTHEASTERN,8,NORTHEASTERN,295,39.346713,-76.386535,"39.346713, -76.386535"
SR-104810,Closed,Phone,Pothole,Pothole Request,9/28/2020,9/28/2020,9/28/2020,9/28/2020,Clifton Park,NORTHEASTERN,4,NORTHEASTERN,701,39.216293,-76.398929,"39.216293, -76.398929"
SR-104811,In Progress,Phone,Pothole,Pothole Request,2/2/2019,2/2/2019,2/2/2019,2/2/2019,Sandtown-Winchester,NORTHERN,14,NORTHERN,672,39.215165,-76.314927,"39.215165, -76.314927"
SR-104812,In Progress,Phone,Rat Rubout,Rat Rubout Request,1/7/2019,1/7/2019,1/7/2019,1/7/2019,Roland Park,NORTHWESTERN,2,NORTHWESTERN,397,39.344318,-76.568475,"39.344318, -76.568475"
SR-104813,Closed,Phone,Parking Complaint,Parking Complaint Request,10/27/2023,10/27/2023,10/27/2023,10/27/2023,Druid Heights,EASTERN,13,EASTERN,180,39.310099,-76.307156,"39.310099, -76.307156"
SR-104814,Open,Phone,Abandoned Vehicle,Abandoned Vehicle Request,3/24/2022,3/24/2022,3/24/2022,3/24/2022,Mount Washington,NORTHERN,6,NORTHERN,477,39.378384,-76.323276,"39.378384, -76.323276"
SR-104815,In Progress,Phone,Street Light Out,Street Light Out Request,8/2/2023,8/2/2023,8/2/2023,8/2/2023,Hampden,NORTHWESTERN,11,NORTHWESTERN,409,39.485326,-76.573223,"39.485326, -76.573223"
SR-104816,In Progress,Phone,Dead Animal,Dead Animal Request,6/18/2019,6/18/2019,6/18/2019,6/18/2019,Cherry Hill,NORTHWESTERN,4,NORTHWESTERN,580,39.483732,-76.387394,"39.483732, -76.387394"
SR-104817,Open,Phone,Vacant Building,Vacant Building Request,9/16/2021,9/16/2021,9/16/2021,9/16/2021,Upton,CENTRAL,4,CENTRAL,285,39.276344,-76.416989,"39.276344, -76.416989"
SR-104818,Open,Phone,Pothole,Pothole Request,5/13/2020,5/13/2020,5/13/2020,5/13/2020,Pigtown,NORTHERN,5,NORTHERN,622,39.293619,-76.545588,"39.293619, -76.545588"
SR-104819,In Progress,Phone,Pothole,Pothole Request,1/27/2020,1/27/2020,1/27/2020,1/27/2020,Pigtown,NORTHWESTERN,4,NORTHWESTERN,900,39.204365,-76.376233,"39.204365, -76.376233"
SR-104820,Closed,Phone,Dirty Street,Dirty Street Request,7/21/2019,7/21/2019,7/21/2019,7/21/2019,Druid Heights,NORTHEASTERN,7,NORTHEASTERN,570,39.332425,-76.592238,"39.332425, -76.592238"
SR-104821,Closed,Phone,Abandoned Vehicle,Abandoned Vehicle Request,12/8/2021,12/8/2021,12/8/2021,12/8/2021,Clifton Park,NORTHEASTERN,10,NORTHEASTERN,320,39.281913,-76.315357,"39.281913, -76.315357"
SR-104822,Closed,Phone,Illegal Dumping,Illegal Dumping Request,9/23/2019,9/23/2019,9/23/2019,9/23/2019,Hampden,SOUTHERN,4,SOUTHERN,893,39.28,-76.547506,"39.28, -76.547506"
SR-104823,Closed,Phone,Rat Rubout,Rat Rubout Request,2/12/2021,2/12/2021,2/12/2021,2/12/2021,Pimlico,EASTERN,2,EASTERN,868,39.427567,-76.307524,"39.427567, -76.307524"
SR-104824,In Progress,Phone,Rat Rubout,Rat Rubout Request,3/22/2021,3/22/2021,3/22/2021,3/22/2021,Curtis Bay,NORTHERN,5,NORTHERN,552,39.233708,-76.574847,"39.233708, -76.574847"
SR-104825,In Progress,Phone,Pothole,Pothole Request,10/24/2020,10/24/2020,10/24/2020,10/24/2020,Guilford,NORTHERN,11,NORTHERN,833,39.297744,-76.460707,"39.297744, -76.460707"
SR-104826,Open,Phone,Illegal Dumping,Illegal Dumping Request,2/23/2023,2/23/2023,2/23/2023,2/23/2023,Clifton Park,WESTERN,12,WESTERN,594,39.447223,-76.55515,"39.447223, -76.55515"
SR-104827,Closed,Phone,Rat Rubout,Rat Rubout Request,11/27/2021,11/27/2021,11/27/2021,11/27/2021,Govans,WESTERN,12,WESTERN,668,39.42702,-76.472862,"39.42702, -76.472862"
SR-104828,Open,Phone,Abandoned Vehicle,Abandoned Vehicle Request,12/7/2019,12/7/2019,12/7/2019,12/7/2019,Cherry Hill,EASTERN,11,EASTERN,221,39.278114,-76.410139,"39.278114, -76.410139"
SR-104829,Closed,Phone,Dirty Street,Dirty Street Request,11/21/2022,11/21/2022,11/21/2022,11/21/2022,Morrell Park,NORTHEASTERN,10,NORTHEASTERN,469,39.295884,-76.531295,"39.295884, -76.531295"
SR-104830,Closed,Phone,Illegal Dumping,Illegal Dumping Request,12/24/2021,12/24/2021,12/24/2021,12/24/2021,Roland Park,SOUTHERN,11,SOUTHERN,495,39.418508,-76.519586,"39.418508, -76.519586"
SR-104831,Closed,Phone,Street Light Out,Street Light Out Request,2/18/2020,2/18/2020,2/18/2020,2/18/2020,Curtis Bay,CENTRAL,14,CENTRAL,869,39.206209,-76.341752,"39.206209, -76.341752"
SR-104832,Open,Phone,Graffiti,Graffiti Request,7/18/2020,7/18/2020,7/18/2020,7/18/2020,Govans,NORTHERN,13,NORTHERN,894,39.451729,-76.432534,"39.451729, -76.432534"
SR-104833,In Progress,Phone,Street Light Out,Street Light Out Request,7/2/2022,7/2/2022,7/2/2022,7/2/2022,Westport,SOUTHERN,14,SOUTHERN,697,39.490808,-76.419622,"39.490808, -76.419622"
SR-104834,Closed,Phone,Rat Rubout,Rat Rubout Request,11/28/2022,11/28/2022,11/28/2022,11/28/2022,Middle East,WESTERN,4,WESTERN,337,39.324074,-76.318071,"39.324074, -76.318071"
SR-104835,In Progress,Phone,Dirty Street,Dirty Street Request,11/18/2023,11/18/2023,11/18/2023,11/18/2023,Brooklyn,NORTHERN,6,NORTHERN,892,39.469845,-76.443797,"39.469845, -76.443797"
SR-104836,Open,Phone,Dirty Street,Dirty Street Request,9/2/2023,9/2/2023,9/2/2023,9/2/2023,Belair-Edison,SOUTHERN,6,SOUTHERN,270,39.396788,-76.392561,"39.396788, -76.392561"
SR-104837,Closed,Phone,Graffiti,Graffiti Request,9/1/2021,9/1/2021,9/1/2021,9/1/2021,Pimlico,CENTRAL,12,CENTRAL,443,39.435368,-76.533749,"39.435368, -76.533749"
SR-104838,Closed,Phone,Dead Animal,Dead Animal Request,12/7/2019,12/7/2019,12/7/2019,12/7/2019,Waverly,NORTHWESTERN,5,NORTHWESTERN,840,39.306822,-76.561075,"39.306822, -76.561075"
SR-104839,Open,Phone,Vacant Building,Vacant Building Request,6/3/2022,6/3/2022,6/3/2022,6/3/2022,Middle East,SOUTHERN,2,SOUTHERN,721,39.270424,-76.356793,"39.270424, -76.356793"
SR-104840,In Progress,Phone,Street Light Out,Street Light Out Request,3/3/2022,3/3/2022,3/3/2022,3/3/2022,Homeland,NORTHWESTERN,2,NORTHWESTERN,405,39.432171,-76.332587,"39.432171, -76.332587"
SR-104841,Open,Phone,Vacant Building,Vacant Building Request,7/21/2020,7/21/2020,7/21/2020,7/21/2020,Pimlico,EASTERN,11,EASTERN,534,39.255887,-76.323936,"39.255887, -76.323936"
SR-104842,In Progress,Phone,Vacant Building,Vacant Building Request,2/19/2019,2/19/2019,2/19/2019,2/19/2019,Guilford,EASTERN,2,EASTERN,223,39.491323,-76.330676,"39.491323, -76.330676"
SR-104843,Closed,Phone,Street Light Out,Street Light Out Request,2/27/2023,2/27/2023,2/27/2023,2/27/2023,Greenmount West,NORTHEASTERN,3,NORTHEASTERN,463,39.289351,-76.498954,"39.289351, -76.498954"
SR-104844,In Progress,Phone,Illegal Dumping,Illegal Dumping Request,7/4/2023,7/4/2023,7/4/2023,7/4/2023,Westport,CENTRAL,6,CENTRAL,213,39.212459,-76.440875,"39.212459, -76.440875"
SR-104845,Closed,Phone,Pothole,Pothole Request,1/28/2023,1/28/2023,1/28/2023,1/28/2023,Upton,NORTHEASTERN,5,NORTHEASTERN,589,39.320356,-76.565213,"39.320356, -76.565213"
SR-104846,Open,Phone,Pothole,Pothole Request,8/18/2021,8/18/2021,8/18/2021,8/18/2021,Upton,NORTHEASTERN,4,NORTHEASTERN,871,39.274342,-76.461521,"39.274342, -76.461521"
SR-104847,Closed,Phone,Street Light Out,Street Light Out Request,5/21/2023,5/21/2023,5/21/2023,5/21/2023,Druid Heights,NORTHEASTERN,7,NORTHEASTERN,494,39.223117,-76.581689,"39.223117, -76.581689"
SR-104848,In Progress,Phone,Street Light Out,Street Light Out Request,4/5/2022,4/5/2022,4/5/2022,4/5/2022,Greenmount West,NORTHEASTERN,13,NORTHEASTERN,459,39.385826,-76.43274,"39.385826, -76.43274"
SR-104849,Closed,Phone,Parking Complaint,Parking Complaint Request,7/24/2021,7/24/2021,7/24/2021,7/24/2021,Morrell Park,SOUTHERN,6,SOUTHERN,765,39.37163,-76.340301,"39.37163, -76.340301"
SR-104850,Closed,Phone,Vacant Building,Vacant Building Request,2/11/2023,2/11/2023,2/11/2023,2/11/2023,Pen Lucy,WESTERN,11,WESTERN,160,39.254105,-76.392385,"39.254105, -76.392385"
SR-104851,In Progress,Phone,Graffiti,Graffiti Request,7/26/2019,7/26/2019,7/26/2019,7/26/2019,Irvington,NORTHEASTERN,11,NORTHEASTERN,500,39.301008,-76.332703,"39.301008, -76.332703"
SR-104852,Closed,Phone,Dead Animal,Dead Animal Request,2/13/2020,2/13/2020,2/13/2020,2/13/2020,Pigtown,SOUTHERN,4,SOUTHERN,106,39.204485,-76.592171,"39.204485, -76.592171"
SR-104853,Closed,Phone,Rat Rubout,Rat Rubout Request,11/6/2021,11/6/2021,11/6/2021,11/6/2021,Sandtown-Winchester,SOUTHERN,1,SOUTHERN,733,39.426112,-76.539171,"39.426112, -76.539171"
SR-104854,In Progress,Phone,Rat Rubout,Rat Rubout Request,12/17/2023,12/17/2023,12/17/2023,12/17/2023,Govans,WESTERN,2,WESTERN,189,39.419013,-76.343246,"39.419013, -76.343246"
SR-104855,In Progress,Phone,Parking Complaint,Parking Complaint Request,4/23/2022,4/23/2022,4/23/2022,4/23/2022,Westport,WESTERN,14,WESTERN,371,39.348643,-76.437453,"39.348643, -76.437453"
SR-104856,In Progress,Phone,Graffiti,Graffiti Request,2/28/2020,2/28/2020,2/28/2020,2/28/2020,Pigtown,NORTHEASTERN,3,NORTHEASTERN,247,39.344895,-76.584638,"39.344895, -76.584638"
SR-104857,Open,Phone,Abandoned Vehicle,Abandoned Vehicle Request,9/19/2022,9/19/2022,9/19/2022,9/19/2022,Clifton Park,NORTHEASTERN,1,NORTHEASTERN,301,39.471565,-76.476194,"39.471565, -76.476194"
SR-104858,In Progress,Phone,Dirty Street,Dirty Street Request,12/7/2019,12/7/2019,12/7/2019,12/7/2019,Belair-Edison,NORTHEASTERN,2,NORTHEASTERN,442,39.206464,-76.412812,"39.206464, -76.412812"
SR-104859,In Progress,Phone,Abandoned Vehicle,Abandoned Vehicle Request,10/10/2021,10/10/2021,10/10/2021,10/10/2021,Westport,NORTHWESTERN,12,NORTHWESTERN,671,39.352066,-76.367475,"39.352066, -76.367475"
SR-104860,Open,Phone,Dirty Street,Dirty Street Request,2/2/2020,2/2/2020,2/2/2020,2/2/2020,Druid Heights,NORTHEASTERN,2,NORTHEASTERN,290,39.347852,-76.596025,"39.347852, -76.596025"
SR-104861,Closed,Phone,Parking Complaint,Parking Complaint Request,3/23/2021,3/23/2021,3/23/2021,3/23/2021,Eastwood,SOUTHERN,7,SOUTHERN,601,39.202169,-76.557362,"39.202169, -76.557362"
SR-104862,Open,Phone,Graffiti,Graffiti Request,10/4/2020,10/4/2020,10/4/2020,10/4/2020,Curtis Bay,NORTHWESTERN,1,NORTHWESTERN,712,39.249237,-76.381217,"39.249237, -76.381217"
SR-104863,In Progress,Phone,Dead Animal,Dead Animal Request,5/1/2021,5/1/2021,5/1/2021,5/1/2021,Guilford,SOUTHERN,12,SOUTHERN,622,39.283894,-76.330002,"39.283894, -76.330002"
SR-104864,Closed,Phone,Vacant Building,Vacant Building Request,7/19/2023,7/19/2023,7/19/2023,7/19/2023,Clifton Park,NORTHERN,7,NORTHERN,519,39.365102,-76.535524,"39.365102, -76.535524"
SR-104865,Closed,Phone,Pothole,Pothole Request,11/19/2022,11/19/2022,11/19/2022,11/19/2022,Pimlico,NORTHERN,10,NORTHERN,139,39.418246,-76.382683,"39.418246, -76.382683"
SR-104866,Open,Phone,Parking Complaint,Parking Complaint Request,6/21/2022,6/21/2022,6/21/2022,6/21/2022,Curtis Bay,WESTERN,7,WESTERN,182,39.441615,-76.30086,"39.441615, -76.30086"
SR-104867,Closed,Phone,Dead Animal,Dead Animal Request,9/5/2020,9/5/2020,9/5/2020,9/5/2020,Curtis Bay,SOUTHERN,5,SOUTHERN,340,39.490452,-76.346293,"39.490452, -76.346293"
SR-104868,Open,Phone,Abandoned Vehicle,Abandoned Vehicle Request,8/3/2021,8/3/2021,8/3/2021,8/3/2021,Homeland,NORTHEASTERN,1,NORTHEASTERN,455,39.345579,-76.382025,"39.345579, -76.382025"
SR-104869,Open,Phone,Graffiti,Graffiti Request,10/12/2020,10/12/2020,10/12/2020,10/12/2020,Upton,CENTRAL,13,CENTRAL,535,39.287217,-76.33818,"39.287217, -76.33818"
SR-104870,In Progress,Phone,Vacant Building,Vacant Building Request,2/5/2019,2/5/2019,2/5/2019,2/5/2019,Druid Heights,CENTRAL,13,CENTRAL,521,39.24416,-76.323991,"39.24416, -76.323991"
SR-104871,Closed,Phone,Dead Animal,Dead Animal Request,7/27/2023,7/27/2023,7/27/2023,7/27/2023,Clifton Park,NORTHEASTERN,12,NORTHEASTERN,645,39.429846,-76.409404,"39.429846, -76.409404"
SR-104872,Closed,Phone,Street Light Out,Street Light Out Request,2/27/2021,2/27/2021,2/27/2021,2/27/2021,Greenmount West,NORTHWESTERN,11,NORTHWESTERN,715,39.343066,-76.457813,"39.343066, -76.457813"
SR-104873,Closed,Phone,Rat Rubout,Rat Rubout Request,6/20/2021,6/20/2021,6/20/2021,6/20/2021,Sandtown-Winchester,SOUTHERN,2,SOUTHERN,115,39.284552,-76.44478,"39.284552, -76.44478"
SR-104874,In Progress,Phone,Vacant Building,Vacant Building Request,5/14/2021,5/14/2021,5/14/2021,5/14/2021,Brooklyn,NORTHERN,5,NORTHERN,709,39.2646,-76.32549,"39.2646, -76.32549"
SR-104875,Open,Phone,Parking Complaint,Parking Complaint Request,1/20/2020,1/20/2020,1/20/2020,1/20/2020,Middle East,NORTHERN,8,NORTHERN,624,39.350705,-76.301828,"39.350705, -76.301828"
SR-104876,Closed,Phone,Abandoned Vehicle,Abandoned Vehicle Request,1/25/2023,1/25/2023,1/25/2023,1/25/2023,Middle East,WESTERN,10,WESTERN,461,39.24409,-76.335592,"39.24409, -76.335592"
SR-104877,In Progress,Phone,Vacant Building,Vacant Building Request,7/6/2019,7/6/2019,7/6/2019,7/6/2019,Upton,WESTERN,3,WESTERN,122,39.290701,-76.592187,"39.290701, -76.592187"
SR-104878,Open,Phone,Street Light Out,Street Light Out Request,7/24/2019,7/24/2019,7/24/2019,7/24/2019,Homeland,NORTHWESTERN,3,NORTHWESTERN,673,39.466835,-76.56936,"39.466835, -76.56936"
SR-104879,Open,Phone,Rat Rubout,Rat Rubout Request,4/22/2020,4/22/2020,4/22/2020,4/22/2020,Oliver,SOUTHERN,9,SOUTHERN,890,39.205994,-76.320211,"39.205994, -76.320211"
SR-104880,Closed,Phone,Vacant Building,Vacant Building Request,7/26/2020,7/26/2020,7/26/2020,7/26/2020,Sandtown-Winchester,NORTHEASTERN,5,NORTHEASTERN,832,39.445345,-76.511602,"39.445345, -76.511602"
SR-104881,Closed,Phone,Illegal Dumping,Illegal Dumping Request,2/9/2020,2/9/2020,2/9/2020,2/9/2020,Waverly,NORTHERN,12,NORTHERN,649,39.278758,-76.392241,"39.278758, -76.392241"
SR-104882,In Progress,Phone,Rat Rubout,Rat Rubout Request,9/26/2019,9/26/2019,9/26/2019,9/26/2019,Cherry Hill,EASTERN,13,EASTERN,503,39.209132,-76.504155,"39.209132, -76.504155"
SR-104883,Closed,Phone,Illegal Dumping,Illegal Dumping Request,10/14/2020,10/14/2020,10/14/2020,10/14/2020,Morrell Park,NORTHWESTERN,5,NORTHWESTERN,879,39.457958,-76.39007,"39.457958, -76.39007"
SR-104884,Closed,Phone,Graffiti,Graffiti Request,8/22/2019,8/22/2019,8/22/2019,8/22/2019,Oliver,CENTRAL,10,CENTRAL,752,39.340984,-76.471774,"39.340984, -76.471774"
SR-104885,Closed,Phone,Illegal Dumping,Illegal Dumping Request,6/20/2023,6/20/2023,6/20/2023,6/20/2023,Eastwood,WESTERN,13,WESTERN,327,39.267763,-76.521333,"39.267763, -76.521333"
SR-104886,Open,Phone,Vacant Building,Vacant Building Request,11/20/2019,11/20/2019,11/20/2019,11/20/2019,Charles Village,NORTHERN,13,NORTHERN,760,39.453617,-76.482063,"39.453617, -76.482063"
SR-104887,Open,Phone,Pothole,Pothole Request,10/2/2021,10/2/2021,10/2/2021,10/2/2021,Homeland,WESTERN,5,WESTERN,163,39.463405,-76.412706,"39.463405, -76.412706"
SR-104888,Closed,Phone,Illegal Dumping,Illegal Dumping Request,10/16/2020,10/16/2020,10/16/2020,10/16/2020,Johnston Square,NORTHWESTERN,13,NORTHWESTERN,693,39.499503,-76.36683,"39.499503, -76.36683"
SR-104889,Closed,Phone,Graffiti,Graffiti Request,4/22/2023,4/22/2023,4/22/2023,4/22/2023,Sandtown-Winchester,NORTHERN,14,NORTHERN,346,39.356235,-76.392286,"39.356235, -76.392286"
SR-104890,In Progress,Phone,Graffiti,Graffiti Request,11/11/2023,11/11/2023,11/11/2023,11/11/2023,Eastwood,WESTERN,10,WESTERN,349,39.460102,-76.392638,"39.460102, -76.392638"
SR-104891,Open,Phone,Dead Animal,Dead Animal Request,12/23/2022,12/23/2022,12/23/2022,12/23/2022,Mount Washington,EASTERN,10,EASTERN,151,39.375044,-76.396692,"39.375044, -76.396692"
SR-104892,Closed,Phone,Street Light Out,Street Light Out Request,9/23/2019,9/23/2019,9/23/2019,9/23/2019,Harlem Park,WESTERN,2,WESTERN,631,39.270288,-76.5519,"39.270288, -76.5519"
SR-104893,In Progress,Phone,Graffiti,Graffiti Request,2/9/2021,2/9/2021,2/9/2021,2/9/2021,Morrell Park,NORTHERN,5,NORTHERN,638,39.384112,-76.392479,"39.384112, -76.392479"
SR-104894,Open,Phone,Street Light Out,Street Light Out Request,11/3/2022,11/3/2022,11/3/2022,11/3/2022,Govans,NORTHEASTERN,13,NORTHEASTERN,118,39.293839,-76.49021,"39.293839, -76.49021"
SR-104895,In Progress,Phone,Parking Complaint,Parking Complaint Request,12/13/2021,12/13/2021,12/13/2021,12/13/2021,Oliver,CENTRAL,8,CENTRAL,608,39.364586,-76.511564,"39.364586, -76.511564"
SR-104896,In Progress,Phone,Pothole,Pothole Request,1/25/2023,1/25/2023,1/25/2023,1/25/2023,Hampden,CENTRAL,4,CENTRAL,673,39.22599,-76.310155,"39.22599, -76.310155"
SR-104897,Open,Phone,Rat Rubout,Rat Rubout Request,6/19/2023,6/19/2023,6/19/2023,6/19/2023,Waverly,CENTRAL,14,CENTRAL,192,39.338243,-76.578526,"39.338243, -76.578526"
SR-104898,Open,Phone,Pothole,Pothole Request,2/4/2020,2/4/2020,2/4/2020,2/4/2020,Curtis Bay,WESTERN,5,WESTERN,498,39.422465,-76.425724,"39.422465, -76.425724"
SR-104899,Open,Phone,Street Light Out,Street Light Out Request,2/27/2022,2/27/2022,2/27/2022,2/27/2022,Govans,WESTERN,10,WESTERN,303,39.37371,-76.463183,"39.37371, -76.463183"
SR-104900,In Progress,Phone,Vacant Building,Vacant Building Request,3/13/2023,3/13/2023,3/13/2023,3/13/2023,Roland Park,WESTERN,4,WESTERN,849,39.357414,-76.532196,"39.357414, -76.532196"
SR-104901,In Progress,Phone,Vacant Building,Vacant Building Request,11/12/2023,11/12/2023,11/12/2023,11/12/2023,Pimlico,NORTHWESTERN,1,NORTHWESTERN,457,39.389419,-76.410402,"39.389419, -76.410402"
SR-104902,Open,Phone,Abandoned Vehicle,Abandoned Vehicle Request,4/1/2021,4/1/2021,4/1/2021,4/1/2021,Guilford,SOUTHERN,12,SOUTHERN,346,39.464698,-76.514444,"39.464698, -76.514444"
SR-104903,Open,Phone,Graffiti,Graffiti Request,12/14/2022,12/14/2022,12/14/2022,12/14/2022,Homeland,NORTHEASTERN,10,NORTHEASTERN,891,39.367501,-76.421912,"39.367501, -76.421912"
SR-104904,Open,Phone,Vacant Building,Vacant Building Request,1/7/2021,1/7/2021,1/7/2021,1/7/2021,Hampden,WESTERN,14,WESTERN,192,39.213503,-76.426431,"39.213503, -76.426431"
SR-104905,Closed,Phone,Dead Animal,Dead Animal Request,9/21/2022,9/21/2022,9/21/2022,9/21/2022,Greenmount West,WESTERN,1,WESTERN,123,39.255977,-76.552605,"39.255977, -76.552605"
SR-104906,In Progress,Phone,Vacant Building,Vacant Building Request,6/17/2023,6/17/2023,6/17/2023,6/17/2023,Curtis Bay,CENTRAL,14,CENTRAL,439,39.342713,-76.430305,"39.342713, -76.430305"
SR-104907,Closed,Phone,Dirty Street,Dirty Street Request,11/6/2021,11/6/2021,11/6/2021,11/6/2021,Pimlico,NORTHEASTERN,12,NORTHEASTERN,245,39.358747,-76.541451,"39.358747, -76.541451"
SR-104908,In Progress,Phone,Street Light Out,Street Light Out Request,9/3/2019,9/3/2019,9/3/2019,9/3/2019,Brooklyn,CENTRAL,8,CENTRAL,540,39.242405,-76.480561,"39.242405, -76.480561"
SR-104909,Open,Phone,Vacant Building,Vacant Building Request,3/2/2021,3/2/2021,3/2/2021,3/2/2021,Upton,NORTHWESTERN,11,NORTHWESTERN,239,39.222779,-76.481773,"39.222779, -76.481773"
SR-104910,Open,Phone,Dirty Street,Dirty Street Request,8/5/2019,8/5/2019,8/5/2019,8/5/2019,Mount Washington,CENTRAL,5,CENTRAL,685,39.370678,-76.40943,"39.370678, -76.40943"
SR-104911,Closed,Phone,Rat Rubout,Rat Rubout Request,11/2/2021,11/2/2021,11/2/2021,11/2/2021,Pen Lucy,WESTERN,14,WESTERN,278,39.385443,-76.443576,"39.385443, -76.443576"
SR-104912,In Progress,Phone,Parking Complaint,Parking Complaint Request,10/8/2020,10/8/2020,10/8/2020,10/8/2020,Govans,EASTERN,11,EASTERN,525,39.334952,-76.583144,"39.334952, -76.583144"
SR-104913,Closed,Phone,Abandoned Vehicle,Abandoned Vehicle Request,1/26/2019,1/26/2019,1/26/2019,1/26/2019,Pimlico,EASTERN,8,EASTERN,125,39.374785,-76.373347,"39.374785, -76.373347"
SR-104914,In Progress,Phone,Illegal Dumping,Illegal Dumping Request,4/12/2023,4/12/2023,4/12/2023,4/12/2023,Curtis Bay,SOUTHERN,7,SOUTHERN,160,39.263626,-76.564746,"39.263626, -76.564746"
SR-104915,Open,Phone,Dirty Street,Dirty Street Request,8/13/2023,8/13/2023,8/13/2023,8/13/2023,Oliver,WESTERN,12,WESTERN,665,39.382727,-76.333574,"39.382727, -76.333574"
SR-104916,Closed,Phone,Pothole,Pothole Request,10/12/2019,10/12/2019,10/12/2019,10/12/2019,Charles Village,WESTERN,7,WESTERN,815,39.375794,-76.441152,"39.375794, -76.441152"
SR-104917,Open,Phone,Vacant Building,Vacant Building Request,8/15/2021,8/15/2021,8/15/2021,8/15/2021,Hampden,NORTHWESTERN,13,NORTHWESTERN,539,39.231473,-76.344206,"39.231473, -76.344206"
SR-104918,Open,Phone,Graffiti,Graffiti Request,5/22/2020,5/22/2020,5/22/2020,5/22/2020,Mount Washington,NORTHWESTERN,9,NORTHWESTERN,128,39.383709,-76.573648,"39.383709, -76.573648"
SR-104919,In Progress,Phone,Vacant Building,Vacant Building Request,5/7/2019,5/7/2019,5/7/2019,5/7/2019,Cherry Hill,WESTERN,1,WESTERN,554,39.487778,-76.55633,"39.487778, -76.55633"
SR-104920,Open,Phone,Dirty Street,Dirty Street Request,2/11/2019,2/11/2019,2/11/2019,2/11/2019,Pigtown,WESTERN,7,WESTERN,421,39.3374,-76.583006,"39.3374, -76.583006"
SR-104921,Closed,Phone,Parking Complaint,Parking Complaint Request,2/20/2022,2/20/2022,2/20/2022,2/20/2022,Belair-Edison,NORTHWESTERN,6,NORTHWESTERN,136,39.388925,-76.594463,"39.388925, -76.594463"
SR-104922,Closed,Phone,Rat Rubout,Rat Rubout Request,7/15/2023,7/15/2023,7/15/2023,7/15/2023,Clifton Park,NORTHEASTERN,9,NORTHEASTERN,640,39.270803,-76.538138,"39.270803, -76.538138"
SR-104923,Open,Phone,Dead Animal,Dead Animal Request,7/19/2019,7/19/2019,7/19/2019,7/19/2019,Pen Lucy,WESTERN,3,WESTERN,619,39.432345,-76.540525,"39.432345, -76.540525"
SR-104924,In Progress,Phone,Graffiti,Graffiti Request,11/24/2023,11/24/2023,11/24/2023,11/24/2023,Oliver,WESTERN,3,WESTERN,301,39.40555,-76.301116,"39.40555, -76.301116"
SR-104925,Closed,Phone,Illegal Dumping,Illegal Dumping Request,12/18/2023,12/18/2023,12/18/2023,12/18/2023,Park Heights,NORTHWESTERN,7,NORTHWESTERN,710,39.467757,-76.571267,"39.467757, -76.571267"
SR-104926,Closed,Phone,Pothole,Pothole Request,9/16/2020,9/16/2020,9/16/2020,9/16/2020,Charles Village,WESTERN,13,WESTERN,692,39.207052,-76.536953,"39.207052, -76.536953"
SR-104927,Closed,Phone,Graffiti,Graffiti Request,1/9/2022,1/9/2022,1/9/2022,1/9/2022,Waverly,EASTERN,13,EASTERN,811,39.262304,-76.493515,"39.262304, -76.493515"
SR-104928,In Progress,Phone,Rat Rubout,Rat Rubout Request,4/17/2022,4/17/2022,4/17/2022,4/17/2022,Pimlico,NORTHEASTERN,10,NORTHEASTERN,724,39.426357,-76.546485,"39.426357, -76.546485"
SR-104929,Open,Phone,Illegal Dumping,Illegal Dumping Request,1/12/2019,1/12/2019,1/12/2019,1/12/2019,Johnston Square,CENTRAL,13,CENTRAL,179,39.279625,-76.415727,"39.279625, -76.415727"
SR-104930,In Progress,Phone,Graffiti,Graffiti Request,1/20/2023,1/20/2023,1/20/2023,1/20/2023,Druid Heights,NORTHEASTERN,1,NORTHEASTERN,841,39.322846,-76.354463,"39.322846, -76.354463"
SR-104931,In Progress,Phone,Graffiti,Graffiti Request,9/21/2023,9/21/2023,9/21/2023,9/21/2023,Charles Village,WESTERN,2,WESTERN,406,39.414735,-76.553403,"39.414735, -76.553403"
SR-104932,In Progress,Phone,Vacant Building,Vacant Building Request,4/18/2021,4/18/2021,4/18/2021,4/18/2021,Oliver,NORTHEASTERN,2,NORTHEASTERN,447,39.491727,-76.567803,"39.491727, -76.567803"
SR-104933,Closed,Phone,Dead Animal,Dead Animal Request,1/22/2021,1/22/2021,1/22/2021,1/22/2021,Homeland,CENTRAL,7,CENTRAL,697,39.480212,-76.416209,"39.480212, -76.416209"
SR-104934,Open,Phone,Dead Animal,Dead Animal Request,1/11/2022,1/11/2022,1/11/2022,1/11/2022,Harlem Park,NORTHEASTERN,3,NORTHEASTERN,847,39.205032,-76.471467,"39.205032, -76.471467"
SR-104935,In Progress,Phone,Rat Rubout,Rat Rubout Request,9/14/2019,9/14/2019,9/14/2019,9/14/2019,Oliver,EASTERN,1,EASTERN,213,39.323096,-76.336331,"39.323096, -76.336331"
SR-104936,Closed,Phone,Dirty Street,Dirty Street Request,3/13/2022,3/13/2022,3/13/2022,3/13/2022,Johnston Square,EASTERN,3,EASTERN,833,39.401896,-76.379956,"39.401896, -76.379956"
SR-104937,Open,Phone,Dirty Street,Dirty Street Request,6/8/2021,6/8/2021,6/8/2021,6/8/2021,Hampden,EASTERN,10,EASTERN,526,39.311421,-76.406236,"39.311421, -76.406236"
SR-104938,In Progress,Phone,Parking Complaint,Parking Complaint Request,12/2/2022,12/2/2022,12/2/2022,12/2/2022,Berea,NORTHWESTERN,13,NORTHWESTERN,119,39.381128,-76.431804,"39.381128, -76.431804"
SR-104939,Open,Phone,Rat Rubout,Rat Rubout Request,10/21/2022,10/21/2022,10/21/2022,10/21/2022,Westport,NORTHEASTERN,4,NORTHEASTERN,142,39.360905,-76.381504,"39.360905, -76.381504"
SR-104940,Closed,Phone,Street Light Out,Street Light Out Request,1/1/2021,1/1/2021,1/1/2021,1/1/2021,Curtis Bay,NORTHWESTERN,3,NORTHWESTERN,631,39.315262,-76.588281,"39.315262, -76.588281"
SR-104941,In Progress,Phone,Vacant Building,Vacant Building Request,1/7/2021,1/7/2021,1/7/2021,1/7/2021,Mount Washington,SOUTHERN,2,SOUTHERN,106,39.403548,-76.36669,"39.403548, -76.36669"
SR-104942,Closed,Phone,Street Light Out,Street Light Out Request,8/7/2023,8/7/2023,8/7/2023,8/7/2023,Greenmount West,WESTERN,14,WESTERN,252,39.274282,-76.465629,"39.274282, -76.465629"
SR-104943,Closed,Phone,Pothole,Pothole Request,1/22/2019,1/22/2019,1/22/2019,1/22/2019,Curtis Bay,CENTRAL,14,CENTRAL,691,39.38695,-76.322396,"39.38695, -76.322396"
SR-104944,Closed,Phone,Abandoned Vehicle,Abandoned Vehicle Request,4/1/2019,4/1/2019,4/1/2019,4/1/2019,Johnston Square,SOUTHERN,1,SOUTHERN,656,39.203015,-76.45028,"39.203015, -76.45028"
SR-104945,Closed,Phone,Graffiti,Graffiti Request,5/17/2020,5/17/2020,5/17/2020,5/17/2020,Upton,EASTERN,3,EASTERN,890,39.206301,-76.498279,"39.206301, -76.498279"
SR-104946,Open,Phone,Street Light Out,Street Light Out Request,6/21/2020,6/21/2020,6/21/2020,6/21/2020,Johnston Square,NORTHERN,2,NORTHERN,719,39.489222,-76.548263,"39.489222, -76.548263"
SR-104947,Closed,Phone,Abandoned Vehicle,Abandoned Vehicle Request,4/13/2021,4/13/2021,4/13/2021,4/13/2021,Park Heights,WESTERN,6,WESTERN,674,39.490009,-76.54296,"39.490009, -76.54296"
SR-104948,Open,Phone,Dead Animal,Dead Animal Request,11/5/2023,11/5/2023,11/5/2023,11/5/2023,Pimlico,NORTHERN,3,NORTHERN,637,39.289431,-76.338899,"39.289431, -76.338899"
SR-104949,Open,Phone,Parking Complaint,Parking Complaint Request,9/11/2019,9/11/2019,9/11/2019,9/11/2019,Hampden,NORTHERN,14,NORTHERN,316,39.486501,-76.549433,"39.486501, -76.549433"
SR-104950,Open,Phone,Graffiti,Graffiti Request,10/3/2020,10/3/2020,10/3/2020,10/3/2020,Govans,NORTHWESTERN,6,NORTHWESTERN,102,39.434572,-76.30005,"39.434572, -76.30005"
SR-104951,Open,Phone,Illegal Dumping,Illegal Dumping Request,11/24/2023,11/24/2023,11/24/2023,11/24/2023,Belair-Edison,SOUTHERN,7,SOUTHERN,626,39.434658,-76.547,"39.434658, -76.547"
SR-104952,Closed,Phone,Parking Complaint,Parking Complaint Request,9/18/2019,9/18/2019,9/18/2019,9/18/2019,Johnston Square,CENTRAL,14,CENTRAL,591,39.4088,-76.538035,"39.4088, -76.538035"
SR-104953,In Progress,Phone,Dirty Street,Dirty Street Request,9/27/2023,9/27/2023,9/27/2023,9/27/2023,Waverly,NORTHWESTERN,6,NORTHWESTERN,412,39.364825,-76.587006,"39.364825, -76.587006"
SR-104954,Closed,Phone,Rat Rubout,Rat Rubout Request,12/28/2022,12/28/2022,12/28/2022,12/28/2022,Upton,NORTHWESTERN,8,NORTHWESTERN,185,39.253384,-76.571048,"39.253384, -76.571048"
SR-104955,Open,Phone,Dirty Street,Dirty Street Request,2/21/2020,2/21/2020,2/21/2020,2/21/2020,Govans,SOUTHERN,9,SOUTHERN,160,39.300264,-76.357822,"39.300264, -76.357822"
SR-104956,Closed,Phone,Graffiti,Graffiti Request,9/9/2022,9/9/2022,9/9/2022,9/9/2022,Harlem Park,NORTHERN,14,NORTHERN,268,39.441477,-76.471802,"39.441477, -76.471802"
SR-104957,Closed,Phone,Abandoned Vehicle,Abandoned Vehicle Request,3/5/2019,3/5/2019,3/5/2019,3/5/2019,Clifton Park,NORTHEASTERN,13,NORTHEASTERN,415,39.306573,-76.305225,"39.306573, -76.305225"
SR-104958,In Progress,Phone,Street Light Out,Street Light Out Request,3/8/2022,3/8/2022,3/8/2022,3/8/2022,Waverly,NORTHERN,5,NORTHERN,618,39.44364,-76.445513,"39.44364, -76.445513"
SR-104959,In Progress,Phone,Rat Rubout,Rat Rubout Request,11/14/2020,11/14/2020,11/14/2020,11/14/2020,Morrell Park,CENTRAL,6,CENTRAL,147,39.204652,-76.561462,"39.204652, -76.561462"
SR-104960,In Progress,Phone,Street Light Out,Street Light Out Request,6/22/2020,6/22/2020,6/22/2020,6/22/2020,Morrell Park,NORTHEASTERN,2,NORTHEASTERN,320,39.411887,-76.431409,"39.411887, -76.431409"
SR-104961,Closed,Phone,Vacant Building,Vacant Building Request,3/26/2021,3/26/2021,3/26/2021,3/26/2021,Oliver,CENTRAL,8,CENTRAL,123,39.436279,-76.504983,"39.436279, -76.504983"
SR-104962,Closed,Phone,Pothole,Pothole Request,3/28/2021,3/28/2021,3/28/2021,3/28/2021,Morrell Park,WESTERN,1,WESTERN,451,39.426897,-76.478948,"39.426897, -76.478948"
SR-104963,Open,Phone,Graffiti,Graffiti Request,10/6/2023,10/6/2023,10/6/2023,10/6/2023,Irvington,WESTERN,14,WESTERN,397,39.233125,-76.398068,"39.233125, -76.398068"
SR-104964,Closed,Phone,Vacant Building,Vacant Building Request,11/23/2022,11/23/2022,11/23/2022,11/23/2022,Guilford,EASTERN,5,EASTERN,113,39.371685,-76.520307,"39.371685, -76.520307"
SR-104965,Open,Phone,Rat Rubout,Rat Rubout Request,4/27/2019,4/27/2019,4/27/2019,4/27/2019,Pimlico,NORTHEASTERN,14,NORTHEASTERN,793,39.230281,-76.419056,"39.230281, -76.419056"
SR-104966,Open,Phone,Vacant Building,Vacant Building Request,8/26/2021,8/26/2021,8/26/2021,8/26/2021,Charles Village,CENTRAL,4,CENTRAL,423,39.410912,-76.491292,"39.410912, -76.491292"
SR-104967,Closed,Phone,Dirty Street,Dirty Street Request,10/15/2023,10/15/2023,10/15/2023,10/15/2023,Pimlico,NORTHERN,6,NORTHERN,473,39.44248,-76.49049,"39.44248, -76.49049"
SR-104968,In Progress,Phone,Street Light Out,Street Light Out Request,2/1/2019,2/1/2019,2/1/2019,2/1/2019,Belair-Edison,SOUTHERN,5,SOUTHERN,110,39.3928,-76.573772,"39.3928, -76.573772"
SR-104969,Closed,Phone,Dirty Street,Dirty Street Request,10/6/2023,10/6/2023,10/6/2023,10/6/2023,Waverly,NORTHERN,5,NORTHERN,519,39.479644,-76.398285,"39.479644, -76.398285"
SR-104970,Open,Phone,Vacant Building,Vacant Building Request,8/6/2023,8/6/2023,8/6/2023,8/6/2023,Govans,NORTHWESTERN,13,NORTHWESTERN,479,39.366109,-76.494113,"39.366109, -76.494113"
SR-104971,Closed,Phone,Parking Complaint,Parking Complaint Request,6/15/2023,6/15/2023,6/15/2023,6/15/2023,Pen Lucy,WESTERN,6,WESTERN,443,39.262121,-76.444197,"39.262121, -76.444197"
SR-104972,In Progress,Phone,Pothole,Pothole Request,3/8/2019,3/8/2019,3/8/2019,3/8/2019,Eastwood,NORTHEASTERN,3,NORTHEASTERN,709,39.382623,-76.40443,"39.382623, -76.40443"
SR-104973,In Progress,Phone,Parking Complaint,Parking Complaint Request,9/6/2022,9/6/2022,9/6/2022,9/6/2022,Hampden,EASTERN,3,EASTERN,624,39.313607,-76.428168,"39.313607, -76.428168"
SR-104974,Open,Phone,Abandoned Vehicle,Abandoned Vehicle Request,5/2/2019,5/2/2019,5/2/2019,5/2/2019,Park Heights,WESTERN,14,WESTERN,324,39.215965,-76.408362,"39.215965, -76.408362"
SR-104975,Closed,Phone,Pothole,Pothole Request,1/5/2019,1/5/2019,1/5/2019,1/5/2019,Waverly,SOUTHERN,1,SOUTHERN,859,39.231776,-76.401091,"39.231776, -76.401091"
SR-104976,Open,Phone,Dead Animal,Dead Animal Request,4/5/2019,4/5/2019,4/5/2019,4/5/2019,Druid Heights,NORTHERN,7,NORTHERN,627,39.274121,-76.438476,"39.274121, -76.438476"
SR-104977,In Progress,Phone,Parking Complaint,Parking Complaint Request,7/14/2022,7/14/2022,7/14/2022,7/14/2022,Westport,WESTERN,5,WESTERN,852,39.344779,-76.310072,"39.344779, -76.310072"
SR-104978,In Progress,Phone,Graffiti,Graffiti Request,11/8/2021,11/8/2021,11/8/2021,11/8/2021,Middle East,NORTHEASTERN,2,NORTHEASTERN,714,39.254862,-76.331341,"39.254862, -76.331341"
SR-104979,In Progress,Phone,Parking Complaint,Parking Complaint Request,12/25/2020,12/25/2020,12/25/2020,12/25/2020,Sandtown-Winchester,SOUTHERN,10,SOUTHERN,156,39.209731,-76.504987,"39.209731, -76.504987"
SR-104980,In Progress,Phone,Vacant Building,Vacant Building Request,7/26/2020,7/26/2020,7/26/2020,7/26/2020,Pigtown,NORTHERN,12,NORTHERN,869,39.409662,-76.523638,"39.409662, -76.523638"
SR-104981,Open,Phone,Abandoned Vehicle,Abandoned Vehicle Request,10/9/2022,10/9/2022,10/9/2022,10/9/2022,Roland Park,CENTRAL,1,CENTRAL,520,39.394505,-76.385319,"39.394505, -76.385319"
SR-104982,Closed,Phone,Illegal Dumping,Illegal Dumping Request,10/21/2023,10/21/2023,10/21/2023,10/21/2023,Johnston Square,NORTHEASTERN,4,NORTHEASTERN,275,39.26263,-76.34081,"39.26263, -76.34081"
SR-104983,In Progress,Phone,Rat Rubout,Rat Rubout Request,6/4/2019,6/4/2019,6/4/2019,6/4/2019,Greenmount West,NORTHERN,1,NORTHERN,792,39.338327,-76.590094,"39.338327, -76.590094"
SR-104984,Open,Phone,Dead Animal,Dead Animal Request,7/9/2021,7/9/2021,7/9/2021,7/9/2021,Homeland,SOUTHERN,3,SOUTHERN,244,39.359381,-76.432192,"39.359381, -76.432192"
SR-104985,In Progress,Phone,Vacant Building,Vacant Building Request,2/10/2019,2/10/2019,2/10/2019,2/10/2019,Middle East,SOUTHERN,8,SOUTHERN,685,39.42141,-76.415167,"39.42141, -76.415167"
SR-104986,In Progress,Phone,Dead Animal,Dead Animal Request,11/16/2021,11/16/2021,11/16/2021,11/16/2021,Harlem Park,CENTRAL,5,CENTRAL,212,39.29782,-76.581437,"39.29782, -76.581437"
SR-104987,In Progress,Phone,Abandoned Vehicle,Abandoned Vehicle Request,9/20/2019,9/20/2019,9/20/2019,9/20/2019,Greenmount West,NORTHWESTERN,6,NORTHWESTERN,139,39.471694,-76.46694,"39.471694, -76.46694"
SR-104988,In Progress,Phone,Abandoned Vehicle,Abandoned Vehicle Request,11/22/2022,11/22/2022,11/22/2022,11/22/2022,Charles Village,NORTHEASTERN,11,NORTHEASTERN,125,39.230782,-76.543121,"39.230782, -76.543121"
SR-104989,Open,Phone,Street Light Out,Street Light Out Request,1/23/2021,1/23/2021,1/23/2021,1/23/2021,Eastwood,NORTHEASTERN,13,NORTHEASTERN,615,39.413916,-76.301649,"39.413916, -76.301649"
SR-104990,In Progress,Phone,Dirty Street,Dirty Street Request,8/20/2019,8/20/2019,8/20/2019,8/20/2019,Hampden,CENTRAL,4,CENTRAL,133,39.216507,-76.397045,"39.216507, -76.397045"
SR-104991,Open,Phone,Rat Rubout,Rat Rubout Request,4/16/2023,4/16/2023,4/16/2023,4/16/2023,Roland Park,NORTHWESTERN,1,NORTHWESTERN,806,39.231545,-76.535534,"39.231545, -76.535534"
SR-104992,Closed,Phone,Dirty Street,Dirty Street Request,2/15/2020,2/15/2020,2/15/2020,2/15/2020,Druid Heights,NORTHERN,10,NORTHERN,430,39.37569,-76.514642,"39.37569, -76.514642"
SR-104993,Closed,Phone,Vacant Building,Vacant Building Request,9/3/2019,9/3/2019,9/3/2019,9/3/2019,Roland Park,EASTERN,10,EASTERN,127,39.23422,-76.544651,"39.23422, -76.544651"
SR-104994,In Progress,Phone,Rat Rubout,Rat Rubout Request,10/4/2022,10/4/2022,10/4/2022,10/4/2022,Greenmount West,NORTHEASTERN,6,NORTHEASTERN,317,39.429239,-76.335223,"39.429239, -76.335223"
SR-104995,Closed,Phone,Street Light Out,Street Light Out Request,7/16/2019,7/16/2019,7/16/2019,7/16/2019,Greenmount West,NORTHEASTERN,7,NORTHEASTERN,592,39.493789,-76.338564,"39.493789, -76.338564"
SR-104996,In Progress,Phone,Graffiti,Graffiti Request,12/17/2021,12/17/2021,12/17/2021,12/17/2021,Sandtown-Winchester,NORTHWESTERN,2,NORTHWESTERN,581,39.454218,-76.457546,"39.454218, -76.457546"
SR-104997,In Progress,Phone,Illegal Dumping,Illegal Dumping Request,7/18/2020,7/18/2020,7/18/2020,7/18/2020,Oliver,NORTHWESTERN,8,NORTHWESTERN,647,39.413919,-76.336642,"39.413919, -76.336642"
SR-104998,Open,Phone,Abandoned Vehicle,Abandoned Vehicle Request,1/26/2019,1/26/2019,1/26/2019,1/26/2019,Charles Village,NORTHERN,7,NORTHERN,777,39.350755,-76.512896,"39.350755, -76.512896"
SR-104999,In Progress,Phone,Illegal Dumping,Illegal Dumping Request,4/3/2022,4/3/2022,4/3/2022,4/3/2022,Pen Lucy,WESTERN,7,WESTERN,569,39.311452,-76.401243,"39.311452, -76.401243"
