CrimeDate,CrimeTime,CrimeCode,Location,Description,Weapon,Post,District,Neighborhood,Longitude,Latitude,Premise,Total Incidents
12/9/2019,07:14:00,03,1779 N BALTIMORE ST,HOMICIDE,FIREARM,704,NORTHEASTERN,Clifton Park,-76.473423,39.208939,ALLEY,1
1/18/2023,06:45:00,09,6973 N BALTIMORE ST,COMMON ASSAULT,NONE,703,WESTERN,Curtis Bay,-76.516543,39.46079,ALLEY,1
5/5/2021,06:48:00,06,1774 N BALTIMORE ST,ROBBERY,NONE,199,EASTERN,Pen Lucy,-76.492306,39.303187,HOUSE,1
9/4/2022,12:05:00,09,4903 N BALTIMORE ST,AUTO THEFT,KNIFE,821,NORTHEASTERN,Waverly,-76.579133,39.398379,HOUSE,1
2/13/2020,08:29:00,06,2764 N BALTIMORE ST,AUTO THEFT,HANDS,314,NORTHERN,Upton,-76.398947,39.410546,STREET,1
9/24/2020,07:10:00,08,6316 N BALTIMORE ST,BURGLARY,KNIFE,801,CENTRAL,Irvington,-76.502715,39.430494,STREET,1
6/13/2019,08:04:00,04,9392 N BALTIMORE ST,AUTO THEFT,KNIFE,771,NORTHERN,Curtis Bay,-76.450231,39.465405,STORE,1
4/24/2020,17:34:00,05,9677 N BALTIMORE ST,AGG. ASSAULT,NONE,470,SOUTHERN,Belair-Edison,-76.534204,39.499261,STORE,1
2/5/2019,20:10:00,07,9871 N BALTIMORE ST,ROBBERY,NONE,490,NORTHERN,Upton,-76.421233,39.340415,HOUSE,1
11/24/2019,03:43:00,09,4471 N BALTIMORE ST,AUTO THEFT,FIREARM,400,NORTHERN,Berea,-76.46957,39.336117,HOUSE,1
9/4/2020,20:19:00,09,3358 N BALTIMORE ST,ASSAULT,HANDS,880,NORTHERN,Middle East,-76.551535,39.48605,STREET,1
1/4/2022,11:56:00,05,4023 N BALTIMORE ST,LARCENY,KNIFE,680,SOUTHERN,Irvington,-76.315915,39.225696,STORE,1
3/5/2023,21:30:00,09,2805 N BALTIMORE ST,BURGLARY,NONE,316,NORTHEASTERN,Homeland,-76.321326,39.42658,ALLEY,1
11/21/2022,11:28:00,09,7497 N BALTIMORE ST,ROBBERY,KNIFE,330,SOUTHERN,Pen Lucy,-76.580792,39.20631,ALLEY,1
2/23/2019,20:03:00,04,1204 N BALTIMORE ST,LARCENY,HANDS,172,NORTHWESTERN,Morrell Park,-76.445753,39.283543,STORE,1
12/19/2020,18:30:00,04,7849 N BALTIMORE ST,AGG. ASSAULT,KNIFE,196,WESTERN,Brooklyn,-76.570921,39.329315,STORE,1
11/21/2019,20:06:00,01,6696 N BALTIMORE ST,AUTO THEFT,FIREARM,354,EASTERN,Greenmount West,-76.542523,39.360886,ALLEY,1
8/8/2021,02:28:00,09,1704 N BALTIMORE ST,LARCENY,FIREARM,195,NORTHWESTERN,Greenmount West,-76.32209,39.454609,ALLEY,1
4/28/2022,12:57:00,01,2797 N BALTIMORE ST,AGG. ASSAULT,FIREARM,499,EASTERN,Greenmount West,-76.520439,39.435221,STORE,1
11/23/2023,15:09:00,04,4961 N BALTIMORE ST,COMMON ASSAULT,FIREARM,693,EASTERN,Westport,-76.379279,39.218287,HOUSE,1
8/17/2023,16:10:00,01,8420 N BALTIMORE ST,ROBBERY,KNIFE,170,NORTHEASTERN,Harlem Park,-76.421489,39.402564,ALLEY,1
4/19/2023,19:02:00,02,6968 N BALTIMORE ST,HOMICIDE,HANDS,367,NORTHEASTERN,Govans,-76.538722,39.414858,ALLEY,1
11/21/2020,09:29:00,06,1288 N BALTIMORE ST,LARCENY,NONE,736,EASTERN,Pigtown,-76.300464,39.498829,STREET,1
5/5/2023,11:56:00,02,4102 N BALTIMORE ST,AUTO THEFT,HANDS,261,NORTHWESTERN,Berea,-76.468545,39.362965,HOUSE,1
1/22/2023,17:19:00,02,2300 N BALTIMORE ST,BURGLARY,FIREARM,209,NORTHERN,Irvington,-76.377275,39.246634,HOUSE,1
4/22/2021,20:54:00,05,8380 N BALTIMORE ST,SHOOTING,HANDS,152,NORTHWESTERN,Irvington,-76.57231,39.327073,HOUSE,1
3/21/2021,08:10:00,08,9138 N BALTIMORE ST,AGG. ASSAULT,FIREARM,214,NORTHEASTERN,Harlem Park,-76.577427,39.464932,ALLEY,1
10/18/2021,04:27:00,03,785 N BALTIMORE ST,BURGLARY,HANDS,140,NORTHEASTERN,Berea,-76.330323,39.263023,ALLEY,1
9/28/2021,13:39:00,03,3978 N BALTIMORE ST,ASSAULT,KNIFE,522,NORTHEASTERN,Eastwood,-76.592564,39.420969,HOUSE,1
5/6/2020,22:06:00,07,734 N BALTIMORE ST,SHOOTING,KNIFE,304,EASTERN,Waverly,-76.355024,39.338091,HOUSE,1
4/1/2020,21:12:00,07,5478 N BALTIMORE ST,BURGLARY,FIREARM,891,NORTHERN,Homeland,-76.516263,39.392445,STORE,1
6/1/2023,03:56:00,05,3025 N BALTIMORE ST,BURGLARY,FIREARM,211,NORTHERN,Eastwood,-76.421029,39.303706,HOUSE,1
2/13/2023,18:12:00,05,827 N BALTIMORE ST,AGG. ASSAULT,FIREARM,632,WESTERN,Greenmount West,-76.322327,39.361536,ALLEY,1
11/11/2019,19:20:00,02,5020 N BALTIMORE ST,HOMICIDE,HANDS,782,EASTERN,Pimlico,-76.477482,39.32072,HOUSE,1
7/22/2020,12:43:00,03,9424 N BALTIMORE ST,BURGLARY,NONE,661,NORTHWESTERN,Berea,-76.349882,39.291162,ALLEY,1
10/21/2023,10:29:00,08,7344 N BALTIMORE ST,COMMON ASSAULT,NONE,853,NORTHERN,Greenmount West,-76.549093,39.225439,HOUSE,1
11/10/2020,07:51:00,04,2514 N BALTIMORE ST,LARCENY,FIREARM,350,NORTHERN,Upton,-76.304819,39.383382,STREET,1
4/23/2023,22:24:00,08,6647 N BALTIMORE ST,COMMON ASSAULT,KNIFE,771,EASTERN,Johnston Square,-76.393713,39.467798,STREET,1
3/26/2020,22:33:00,08,922 N BALTIMORE ST,HOMICIDE,KNIFE,224,EASTERN,Charles Village,-76.463061,39.440425,HOUSE,1
12/17/2023,13:53:00,09,7405 N BALTIMORE ST,ASSAULT,NONE,560,EASTERN,Charles Village,-76.522243,39.274172,HOUSE,1
8/21/2023,07:17:00,08,1369 N BALTIMORE ST,BURGLARY,KNIFE,378,NORTHERN,Charles Village,-76.499246,39.467908,STREET,1
7/23/2020,04:45:00,04,1152 N BALTIMORE ST,AGG. ASSAULT,NONE,438,NORTHWESTERN,Belair-Edison,-76.437217,39.324732,ALLEY,1
10/23/2022,00:54:00,07,7914 N BALTIMORE ST,LARCENY,HANDS,405,EASTERN,Homeland,-76.373957,39.456034,STORE,1
10/8/2023,15:14:00,05,7240 N BALTIMORE ST,SHOOTING,FIREARM,498,CENTRAL,Berea,-76.499161,39.403743,STORE,1
3/20/2022,17:01:00,07,9797 N BALTIMORE ST,LARCENY,FIREARM,758,NORTHWESTERN,Guilford,-76.471416,39.460055,ALLEY,1
6/7/2022,14:20:00,06,6311 N BALTIMORE ST,BURGLARY,NONE,358,SOUTHERN,Harlem Park,-76.349527,39.341092,STREET,1
11/2/2019,00:15:00,04,433 N BALTIMORE ST,ASSAULT,KNIFE,229,NORTHWESTERN,Pimlico,-76.457932,39.234317,ALLEY,1
6/6/2021,19:38:00,02,2783 N BALTIMORE ST,BURGLARY,FIREARM,692,CENTRAL,Johnston Square,-76.592296,39.293587,STORE,1
2/19/2020,22:53:00,04,1769 N BALTIMORE ST,BURGLARY,FIREARM,679,CENTRAL,Govans,-76.365209,39.304161,STORE,1
9/21/2019,10:00:00,07,8131 N BALTIMORE ST,ROBBERY,NONE,470,SOUTHERN,Eastwood,-76.409324,39.448612,ALLEY,1
11/9/2023,19:51:00,09,8021 N BALTIMORE ST,SHOOTING,NONE,848,NORTHWESTERN,Greenmount West,-76.422258,39.296691,ALLEY,1
8/8/2021,14:36:00,07,5611 N BALTIMORE ST,LARCENY,NONE,432,NORTHEASTERN,Homeland,-76.545448,39.263636,HOUSE,1
12/9/2023,17:00:00,09,3230 N BALTIMORE ST,ROBBERY,KNIFE,837,SOUTHERN,Park Heights,-76.478072,39.366553,ALLEY,1
8/26/2022,00:05:00,05,3730 N BALTIMORE ST,AGG. ASSAULT,KNIFE,413,EASTERN,Pen Lucy,-76.400812,39.310706,HOUSE,1
6/12/2023,22:29:00,05,5123 N BALTIMORE ST,BURGLARY,KNIFE,223,CENTRAL,Greenmount West,-76.383615,39.294664,ALLEY,1
5/24/2022,18:48:00,09,9877 N BALTIMORE ST,BURGLARY,FIREARM,298,NORTHWESTERN,Brooklyn,-76.511126,39.308264,HOUSE,1
3/9/2023,01:03:00,09,4886 N BALTIMORE ST,ASSAULT,NONE,205,CENTRAL,Sandtown-Winchester,-76.338184,39.372219,STORE,1
3/2/2021,08:55:00,08,1969 N BALTIMORE ST,ROBBERY,NONE,603,EASTERN,Oliver,-76.577775,39.388834,STREET,1
5/3/2023,07:07:00,09,6918 N BALTIMORE ST,COMMON ASSAULT,NONE,561,NORTHWESTERN,Belair-Edison,-76.327449,39.289206,STORE,1
1/20/2023,23:06:00,04,3557 N BALTIMORE ST,BURGLARY,FIREARM,260,WESTERN,Westport,-76.52804,39.365598,ALLEY,1
12/20/2022,15:18:00,01,3892 N BALTIMORE ST,BURGLARY,HANDS,819,EASTERN,Sandtown-Winchester,-76.342118,39.221354,ALLEY,1
11/26/2023,06:27:00,02,9022 N BALTIMORE ST,COMMON ASSAULT,KNIFE,372,SOUTHERN,Hampden,-76.352011,39.221423,ALLEY,1
12/27/2023,18:58:00,05,7295 N BALTIMORE ST,ROBBERY,NONE,805,SOUTHERN,Waverly,-76.508773,39.320753,HOUSE,1
8/3/2022,19:02:00,07,5380 N BALTIMORE ST,BURGLARY,FIREARM,193,WESTERN,Middle East,-76.531323,39.40229,STREET,1
10/2/2021,05:30:00,09,7345 N BALTIMORE ST,BURGLARY,KNIFE,699,CENTRAL,Charles Village,-76.469235,39.444273,STREET,1
6/11/2022,21:06:00,03,5503 N BALTIMORE ST,AGG. ASSAULT,NONE,395,SOUTHERN,Oliver,-76.401225,39.320136,STREET,1
5/11/2021,03:49:00,07,8531 N BALTIMORE ST,LARCENY,NONE,523,NORTHEASTERN,Johnston Square,-76.583739,39.355532,STORE,1
4/9/2019,17:08:00,05,7278 N BALTIMORE ST,SHOOTING,FIREARM,129,EASTERN,Clifton Park,-76.308056,39.382662,ALLEY,1
9/1/2021,17:26:00,02,3781 N BALTIMORE ST,ROBBERY,NONE,220,NORTHWESTERN,Pen Lucy,-76.405687,39.246191,HOUSE,1
7/27/2021,15:30:00,04,7583 N BALTIMORE ST,HOMICIDE,KNIFE,492,CENTRAL,Middle East,-76.542817,39.379813,ALLEY,1
7/11/2021,16:17:00,01,4734 N BALTIMORE ST,BURGLARY,NONE,252,NORTHEASTERN,Mount Washington,-76.466036,39.345302,HOUSE,1
7/15/2023,10:55:00,04,4012 N BALTIMORE ST,AGG. ASSAULT,KNIFE,894,NORTHERN,Berea,-76.476767,39.295453,STORE,1
7/22/2022,20:09:00,08,706 N BALTIMORE ST,ASSAULT,HANDS,202,NORTHERN,Pen Lucy,-76.337743,39.332092,STORE,1
7/28/2020,20:09:00,02,7792 N BALTIMORE ST,BURGLARY,HANDS,738,CENTRAL,Sandtown-Winchester,-76.392189,39.394951,HOUSE,1
7/11/2023,20:45:00,08,8964 N BALTIMORE ST,LARCENY,FIREARM,340,CENTRAL,Mount Washington,-76.410652,39.476279,ALLEY,1
2/25/2022,20:45:00,02,7369 N BALTIMORE ST,ASSAULT,HANDS,129,NORTHEASTERN,Guilford,-76.586203,39.438843,HOUSE,1
3/8/2022,16:26:00,03,2885 N BALTIMORE ST,ASSAULT,FIREARM,724,SOUTHERN,Pimlico,-76.338748,39.385913,ALLEY,1
4/15/2020,20:16:00,08,4283 N BALTIMORE ST,LARCENY,NONE,394,WESTERN,Oliver,-76.396717,39.247393,STORE,1
11/14/2021,22:16:00,08,5049 N BALTIMORE ST,COMMON ASSAULT,NONE,594,WESTERN,Pimlico,-76.568004,39.314409,HOUSE,1
1/27/2021,21:25:00,05,232 N BALTIMORE ST,LARCENY,NONE,393,SOUTHERN,Morrell Park,-76.367278,39.269036,HOUSE,1
10/9/2020,21:48:00,03,1691 N BALTIMORE ST,LARCENY,HANDS,551,CENTRAL,Curtis Bay,-76.589991,39.309458,ALLEY,1
12/14/2021,05:12:00,03,8937 N BALTIMORE ST,AUTO THEFT,HANDS,268,SOUTHERN,Upton,-76.522909,39.447407,STORE,1
2/15/2021,02:09:00,04,6611 N BALTIMORE ST,HOMICIDE,HANDS,192,SOUTHERN,Waverly,-76.362795,39.204176,STREET,1
10/13/2021,20:23:00,02,3930 N BALTIMORE ST,SHOOTING,FIREARM,734,SOUTHERN,Johnston Square,-76.33473,39.368422,ALLEY,1
12/10/2022,20:26:00,02,2390 N BALTIMORE ST,LARCENY,FIREARM,411,NORTHEASTERN,Clifton Park,-76.301222,39.234836,ALLEY,1
7/15/2020,11:42:00,09,6966 N BALTIMORE ST,ASSAULT,NONE,770,WESTERN,Roland Park,-76.570294,39.346804,STORE,1
4/15/2021,14:15:00,06,1727 N BALTIMORE ST,AUTO THEFT,HANDS,162,NORTHEASTERN,Pigtown,-76.480558,39.256943,STREET,1
2/22/2022,06:41:00,01,928 N BALTIMORE ST,AUTO THEFT,KNIFE,228,NORTHERN,Mount Washington,-76.363907,39.261562,ALLEY,1
6/25/2020,04:50:00,01,4642 N BALTIMORE ST,ASSAULT,KNIFE,653,NORTHWESTERN,Morrell Park,-76.524804,39.252349,STREET,1
4/19/2021,10:01:00,03,4447 N BALTIMORE ST,LARCENY,KNIFE,859,NORTHEASTERN,Belair-Edison,-76.473712,39.234095,STREET,1
9/19/2021,03:28:00,09,3729 N BALTIMORE ST,LARCENY,HANDS,569,EASTERN,Oliver,-76.406998,39.209345,STORE,1
11/4/2022,15:45:00,08,1304 N BALTIMORE ST,ROBBERY,HANDS,722,EASTERN,Mount Washington,-76.5555,39.237857,HOUSE,1
5/15/2023,16:38:00,07,1724 N BALTIMORE ST,ROBBERY,KNIFE,540,WESTERN,Govans,-76.464534,39.268548,HOUSE,1
7/24/2022,03:20:00,07,5220 N BALTIMORE ST,BURGLARY,HANDS,256,EASTERN,Homeland,-76.393954,39.34228,STREET,1
7/4/2019,23:47:00,06,2231 N BALTIMORE ST,HOMICIDE,FIREARM,700,NORTHEASTERN,Homeland,-76.313013,39.368505,STREET,1
12/2/2022,09:38:00,05,5861 N BALTIMORE ST,ROBBERY,KNIFE,258,SOUTHERN,Greenmount West,-76.402979,39.267273,STREET,1
6/4/2023,08:36:00,04,7130 N BALTIMORE ST,HOMICIDE,FIREARM,723,NORTHERN,Pimlico,-76.321275,39.448838,HOUSE,1
12/25/2021,09:58:00,06,5851 N BALTIMORE ST,LARCENY,KNIFE,246,NORTHWESTERN,Sandtown-Winchester,-76.430104,39.320235,ALLEY,1
2/24/2019,16:13:00,07,6978 N BALTIMORE ST,SHOOTING,HANDS,261,CENTRAL,Guilford,-76.488984,39.416479,STREET,1
3/25/2020,19:03:00,02,4558 N BALTIMORE ST,SHOOTING,NONE,597,NORTHEASTERN,Roland Park,-76.417877,39.324255,ALLEY,1
6/14/2019,03:18:00,08,8733 N BALTIMORE ST,BURGLARY,FIREARM,325,WESTERN,Charles Village,-76.481421,39.379797,STREET,1
3/25/2020,08:18:00,06,2065 N BALTIMORE ST,LARCENY,NONE,864,SOUTHERN,Brooklyn,-76.470803,39.238756,ALLEY,1
2/13/2021,23:02:00,07,407 N BALTIMORE ST,SHOOTING,FIREARM,420,WESTERN,Middle East,-76.427272,39.37202,STORE,1
1/11/2022,05:51:00,08,6028 N BALTIMORE ST,ROBBERY,NONE,208,NORTHEASTERN,Westport,-76.527005,39.376661,STREET,1
12/11/2021,07:21:00,03,1351 N BALTIMORE ST,HOMICIDE,FIREARM,643,NORTHERN,Govans,-76.447014,39.471777,HOUSE,1
4/4/2020,04:16:00,04,2942 N BALTIMORE ST,ASSAULT,FIREARM,281,CENTRAL,Pimlico,-76.314612,39.388385,STORE,1
8/22/2023,18:41:00,06,5279 N BALTIMORE ST,ASSAULT,NONE,169,WESTERN,Charles Village,-76.459324,39.389416,HOUSE,1
9/3/2021,09:29:00,08,716 N BALTIMORE ST,LARCENY,HANDS,393,NORTHEASTERN,Morrell Park,-76.576981,39.459275,STREET,1
7/15/2023,18:35:00,01,7468 N BALTIMORE ST,COMMON ASSAULT,HANDS,719,WESTERN,Irvington,-76.457311,39.245258,STREET,1
12/3/2021,16:41:00,03,741 N BALTIMORE ST,COMMON ASSAULT,NONE,549,NORTHEASTERN,Johnston Square,-76.442779,39.382942,HOUSE,1
7/25/2022,10:43:00,01,5582 N BALTIMORE ST,ROBBERY,HANDS,196,SOUTHERN,Pimlico,-76.432611,39.315969,HOUSE,1
3/11/2023,02:37:00,03,5831 N BALTIMORE ST,BURGLARY,NONE,232,NORTHERN,Guilford,-76.421488,39.481401,HOUSE,1
3/22/2021,22:53:00,09,1631 N BALTIMORE ST,AGG. ASSAULT,HANDS,118,EASTERN,Berea,-76.491221,39.254079,ALLEY,1
4/8/2022,04:09:00,02,4946 N BALTIMORE ST,ROBBERY,FIREARM,777,NORTHERN,Park Heights,-76.498971,39.429892,ALLEY,1
3/6/2020,22:49:00,03,7270 N BALTIMORE ST,LARCENY,NONE,473,EASTERN,Irvington,-76.397091,39.271259,STORE,1
4/18/2022,07:19:00,08,3278 N BALTIMORE ST,AUTO THEFT,NONE,572,SOUTHERN,Irvington,-76.369168,39.433437,STORE,1
10/5/2020,08:03:00,08,6181 N BALTIMORE ST,HOMICIDE,FIREARM,828,NORTHERN,Cherry Hill,-76.346232,39.45535,HOUSE,1
5/15/2020,16:09:00,07,1602 N BALTIMORE ST,COMMON ASSAULT,NONE,457,NORTHERN,Upton,-76.320858,39.324469,STORE,1
7/3/2020,11:14:00,01,5321 N BALTIMORE ST,ROBBERY,HANDS,249,SOUTHERN,Middle East,-76.55872,39.286064,STORE,1
12/16/2020,14:39:00,01,1398 N BALTIMORE ST,LARCENY,HANDS,320,NORTHERN,Pen Lucy,-76.349511,39.364641,STORE,1
4/10/2021,03:03:00,04,6978 N BALTIMORE ST,SHOOTING,FIREARM,213,NORTHERN,Druid Heights,-76.348994,39.349949,STREET,1
4/23/2023,04:18:00,07,125 N BALTIMORE ST,AUTO THEFT,KNIFE,684,WESTERN,Clifton Park,-76.47503,39.399311,STREET,1
9/18/2019,16:50:00,09,9179 N BALTIMORE ST,LARCENY,NONE,581,SOUTHERN,Middle East,-76.58694,39.316064,HOUSE,1
6/26/2019,02:22:00,04,1798 N BALTIMORE ST,AUTO THEFT,KNIFE,145,CENTRAL,Pigtown,-76.49431,39.301564,ALLEY,1
12/16/2022,20:11:00,03,1133 N BALTIMORE ST,SHOOTING,FIREARM,400,NORTHERN,Homeland,-76.539523,39.437333,STREET,1
7/27/2023,17:30:00,05,699 N BALTIMORE ST,COMMON ASSAULT,HANDS,465,SOUTHERN,Park Heights,-76.341358,39.214341,HOUSE,1
7/13/2021,23:28:00,07,5654 N BALTIMORE ST,ASSAULT,NONE,808,NORTHEASTERN,Pigtown,-76.450743,39.477293,HOUSE,1
2/14/2022,19:52:00,03,9037 N BALTIMORE ST,BURGLARY,HANDS,205,NORTHEASTERN,Waverly,-76.575979,39.398276,HOUSE,1
3/23/2022,14:22:00,08,793 N BALTIMORE ST,AUTO THEFT,NONE,381,WESTERN,Johnston Square,-76.408159,39.437443,STREET,1
6/17/2022,23:43:00,03,610 N BALTIMORE ST,ASSAULT,NONE,135,CENTRAL,Upton,-76.562131,39.270799,HOUSE,1
1/20/2023,04:43:00,08,6177 N BALTIMORE ST,AUTO THEFT,NONE,881,EASTERN,Pimlico,-76.576934,39.241309,HOUSE,1
4/4/2021,00:47:00,03,8276 N BALTIMORE ST,HOMICIDE,NONE,675,SOUTHERN,Govans,-76.564672,39.432489,STORE,1
12/16/2021,06:07:00,03,1313 N BALTIMORE ST,SHOOTING,KNIFE,830,WESTERN,Brooklyn,-76.466467,39.226337,HOUSE,1
9/18/2019,09:57:00,05,2680 N BALTIMORE ST,ASSAULT,HANDS,620,SOUTHERN,Eastwood,-76.532728,39.49554,ALLEY,1
1/12/2022,17:36:00,06,7757 N BALTIMORE ST,HOMICIDE,KNIFE,726,NORTHERN,Curtis Bay,-76.334726,39.219724,STORE,1
9/14/2022,13:52:00,02,2153 N BALTIMORE ST,AUTO THEFT,FIREARM,560,CENTRAL,Pen Lucy,-76.46025,39.355208,ALLEY,1
11/19/2023,05:49:00,03,7188 N BALTIMORE ST,HOMICIDE,FIREARM,227,NORTHERN,Roland Park,-76.444569,39.291237,ALLEY,1
6/17/2020,09:54:00,02,4205 N BALTIMORE ST,COMMON ASSAULT,HANDS,228,CENTRAL,Park Heights,-76.412493,39.384328,STREET,1
10/19/2020,04:10:00,06,9334 N BALTIMORE ST,LARCENY,FIREARM,183,CENTRAL,Middle East,-76.586361,39.392436,HOUSE,1
7/20/2023,20:01:00,08,9038 N BALTIMORE ST,BURGLARY,HANDS,594,NORTHWESTERN,Clifton Park,-76.526537,39.442205,STORE,1
12/2/2019,05:28:00,07,8033 N BALTIMORE ST,SHOOTING,KNIFE,448,EASTERN,Westport,-76.418002,39.293775,HOUSE,1
7/5/2021,11:32:00,09,1839 N BALTIMORE ST,AUTO THEFT,KNIFE,577,NORTHERN,Guilford,-76.563243,39.334879,ALLEY,1
7/28/2021,19:26:00,04,2716 N BALTIMORE ST,AUTO THEFT,HANDS,294,NORTHEASTERN,Druid Heights,-76.371064,39.34948,STORE,1
1/3/2022,12:32:00,08,4044 N BALTIMORE ST,COMMON ASSAULT,HANDS,149,SOUTHERN,Oliver,-76.584838,39.348468,STORE,1
2/14/2019,04:56:00,05,6092 N BALTIMORE ST,AGG. ASSAULT,HANDS,146,WESTERN,Westport,-76.479826,39.371084,ALLEY,1
2/13/2021,16:28:00,09,4682 N BALTIMORE ST,ROBBERY,KNIFE,199,WESTERN,Pimlico,-76.481829,39.438469,HOUSE,1
4/20/2020,16:25:00,09,759 N BALTIMORE ST,LARCENY,FIREARM,240,SOUTHERN,Berea,-76.385922,39.44119,STORE,1
3/11/2023,19:20:00,03,6538 N BALTIMORE ST,BURGLARY,HANDS,619,WESTERN,Belair-Edison,-76.351513,39.359702,HOUSE,1
6/11/2019,21:07:00,07,9663 N BALTIMORE ST,BURGLARY,FIREARM,711,NORTHERN,Oliver,-76.457623,39.490121,ALLEY,1
8/6/2023,16:40:00,07,2521 N BALTIMORE ST,COMMON ASSAULT,FIREARM,686,NORTHEASTERN,Guilford,-76.315538,39.232969,STREET,1
3/14/2022,22:13:00,07,8321 N BALTIMORE ST,SHOOTING,FIREARM,822,SOUTHERN,Johnston Square,-76.558575,39.262203,HOUSE,1
7/11/2023,05:29:00,09,5708 N BALTIMORE ST,HOMICIDE,HANDS,792,EASTERN,Eastwood,-76.368403,39.416277,HOUSE,1
4/9/2020,17:19:00,04,4976 N BALTIMORE ST,BURGLARY,KNIFE,806,EASTERN,Irvington,-76.388504,39.295112,HOUSE,1
5/4/2021,18:43:00,09,6320 N BALTIMORE ST,AGG. ASSAULT,HANDS,891,NORTHERN,Berea,-76.358615,39.287136,HOUSE,1
8/21/2021,08:47:00,08,3605 N BALTIMORE ST,COMMON ASSAULT,HANDS,675,NORTHEASTERN,Pen Lucy,-76.391149,39.241182,ALLEY,1
4/21/2023,07:03:00,02,6871 N BALTIMORE ST,AUTO THEFT,NONE,202,NORTHEASTERN,Curtis Bay,-76.395642,39.24124,ALLEY,1
8/21/2022,06:48:00,05,5362 N BALTIMORE ST,BURGLARY,FIREARM,887,CENTRAL,Greenmount West,-76.573162,39.37224,STREET,1
3/2/2022,12:50:00,08,3152 N BALTIMORE ST,BURGLARY,FIREARM,109,NORTHWESTERN,Hampden,-76.510482,39.380835,HOUSE,1
9/16/2023,04:54:00,09,7768 N BALTIMORE ST,BURGLARY,KNIFE,215,EASTERN,Westport,-76.500795,39.419336,HOUSE,1
12/11/2019,09:36:00,04,2975 N BALTIMORE ST,AGG. ASSAULT,NONE,627,NORTHWESTERN,Pen Lucy,-76.501622,39.32025,STREET,1
6/8/2022,00:16:00,07,3958 N BALTIMORE ST,SHOOTING,HANDS,437,NORTHWESTERN,Cherry Hill,-76.509416,39.416865,STREET,1
12/8/2021,01:42:00,02,7725 N BALTIMORE ST,BURGLARY,KNIFE,515,CENTRAL,Pigtown,-76.394178,39.476932,HOUSE,1
6/20/2021,07:14:00,03,7934 N BALTIMORE ST,ASSAULT,NONE,865,NORTHEASTERN,Pen Lucy,-76.303349,39.312087,STORE,1
4/22/2020,19:55:00,02,8709 N BALTIMORE ST,SHOOTING,HANDS,179,WESTERN,Charles Village,-76.324827,39.233663,ALLEY,1
3/11/2020,16:28:00,02,3465 N BALTIMORE ST,SHOOTING,FIREARM,622,WESTERN,Morrell Park,-76.466355,39.216691,ALLEY,1
10/2/2022,17:29:00,05,456 N BALTIMORE ST,AGG. ASSAULT,HANDS,103,EASTERN,Middle East,-76.376259,39.373493,STREET,1
9/2/2019,02:59:00,08,619 N BALTIMORE ST,BURGLARY,NONE,284,SOUTHERN,Greenmount West,-76.369308,39.429748,STORE,1
7/13/2022,02:43:00,09,2278 N BALTIMORE ST,AUTO THEFT,FIREARM,282,EASTERN,Pimlico,-76.302146,39.317918,ALLEY,1
1/10/2019,14:43:00,09,7048 N BALTIMORE ST,HOMICIDE,NONE,335,NORTHWESTERN,Guilford,-76.525746,39.303848,HOUSE,1
1/26/2019,21:26:00,01,4043 N BALTIMORE ST,COMMON ASSAULT,FIREARM,203,CENTRAL,Brooklyn,-76.421817,39.333932,STREET,1
7/15/2019,07:34:00,04,1024 N BALTIMORE ST,ASSAULT,HANDS,339,CENTRAL,Curtis Bay,-76.355264,39.419455,HOUSE,1
4/10/2021,04:42:00,09,3721 N BALTIMORE ST,AGG. ASSAULT,HANDS,381,WESTERN,Morrell Park,-76.581713,39.484556,ALLEY,1
9/16/2022,01:22:00,07,8692 N BALTIMORE ST,AUTO THEFT,NONE,518,CENTRAL,Clifton Park,-76.555235,39.312938,STORE,1
5/28/2020,22:09:00,08,1044 N BALTIMORE ST,HOMICIDE,NONE,526,NORTHERN,Curtis Bay,-76.432814,39.240228,ALLEY,1
11/3/2021,14:54:00,06,1614 N BALTIMORE ST,HOMICIDE,KNIFE,152,NORTHWESTERN,Pigtown,-76.519462,39.402102,STREET,1
10/24/2020,21:35:00,04,7954 N BALTIMORE ST,COMMON ASSAULT,HANDS,410,NORTHEASTERN,Mount Washington,-76.312894,39.2046,ALLEY,1
4/23/2022,19:45:00,04,6598 N BALTIMORE ST,COMMON ASSAULT,HANDS,894,NORTHEASTERN,Guilford,-76.515082,39.339875,HOUSE,1
9/16/2021,14:06:00,08,5346 N BALTIMORE ST,COMMON ASSAULT,HANDS,420,SOUTHERN,Westport,-76.475821,39.368757,ALLEY,1
5/18/2019,18:37:00,07,4936 N BALTIMORE ST,ASSAULT,KNIFE,437,NORTHWESTERN,Guilford,-76.530994,39.370937,ALLEY,1
5/25/2021,15:46:00,08,7650 N BALTIMORE ST,ASSAULT,HANDS,273,WESTERN,Oliver,-76.558012,39.363964,ALLEY,1
9/2/2019,02:52:00,01,204 N BALTIMORE ST,AGG. ASSAULT,KNIFE,745,WESTERN,Hampden,-76.53057,39.412151,STREET,1
6/2/2022,19:40:00,08,8093 N BALTIMORE ST,LARCENY,FIREARM,644,WESTERN,Brooklyn,-76.434507,39.203555,HOUSE,1
9/27/2019,22:43:00,07,3037 N BALTIMORE ST,ROBBERY,FIREARM,636,SOUTHERN,Berea,-76.555331,39.25758,HOUSE,1
7/3/2021,11:25:00,08,9356 N BALTIMORE ST,COMMON ASSAULT,KNIFE,407,SOUTHERN,Homeland,-76.394788,39.45436,STREET,1
7/18/2022,15:03:00,01,2907 N BALTIMORE ST,ROBBERY,NONE,544,EASTERN,Upton,-76.406528,39.299381,STREET,1
4/7/2019,22:56:00,08,4541 N BALTIMORE ST,LARCENY,FIREARM,800,WESTERN,Roland Park,-76.322325,39.469793,STREET,1
1/7/2021,18:09:00,07,1360 N BALTIMORE ST,BURGLARY,KNIFE,677,NORTHERN,Cherry Hill,-76.527858,39.450395,STORE,1
7/25/2021,23:08:00,02,8304 N BALTIMORE ST,AUTO THEFT,FIREARM,200,WESTERN,Eastwood,-76.468874,39.451602,HOUSE,1
10/13/2023,10:01:00,05,7481 N BALTIMORE ST,SHOOTING,KNIFE,464,NORTHERN,Irvington,-76.434089,39.312628,ALLEY,1
2/25/2022,19:18:00,04,1304 N BALTIMORE ST,ROBBERY,HANDS,257,WESTERN,Eastwood,-76.486,39.435167,ALLEY,1
6/4/2021,02:00:00,05,7386 N BALTIMORE ST,AUTO THEFT,HANDS,204,EASTERN,Guilford,-76.560248,39.256218,STORE,1
7/4/2023,00:05:00,06,9180 N BALTIMORE ST,ROBBERY,HANDS,494,WESTERN,Berea,-76.596298,39.324143,STREET,1
10/17/2020,05:43:00,07,2877 N BALTIMORE ST,ASSAULT,HANDS,408,WESTERN,Guilford,-76.519478,39.24378,ALLEY,1
5/16/2022,02:23:00,05,4140 N BALTIMORE ST,SHOOTING,KNIFE,568,SOUTHERN,Greenmount West,-76.567908,39.291397,STORE,1
7/26/2023,10:28:00,06,7155 N BALTIMORE ST,ASSAULT,HANDS,428,NORTHERN,Park Heights,-76.419037,39.408588,STORE,1
6/10/2022,23:44:00,08,9535 N BALTIMORE ST,COMMON ASSAULT,HANDS,485,NORTHWESTERN,Park Heights,-76.51591,39.43576,HOUSE,1
10/18/2020,05:43:00,09,540 N BALTIMORE ST,SHOOTING,KNIFE,548,WESTERN,Druid Heights,-76.360694,39.449385,STREET,1
11/16/2022,04:40:00,05,4065 N BALTIMORE ST,BURGLARY,KNIFE,832,NORTHERN,Homeland,-76.473062,39.313097,STORE,1
7/18/2023,16:59:00,07,9007 N BALTIMORE ST,LARCENY,HANDS,818,EASTERN,Irvington,-76.33135,39.361072,STREET,1
11/22/2020,11:10:00,01,9327 N BALTIMORE ST,AGG. ASSAULT,HANDS,540,NORTHERN,Druid Heights,-76.568217,39.229582,ALLEY,1
9/19/2023,22:36:00,04,7403 N BALTIMORE ST,AUTO THEFT,NONE,574,CENTRAL,Middle East,-76.368297,39.376577,ALLEY,1
2/10/2022,13:58:00,02,2001 N BALTIMORE ST,ASSAULT,HANDS,419,NORTHEASTERN,Pimlico,-76.49708,39.435281,STORE,1
8/24/2019,22:28:00,06,1200 N BALTIMORE ST,BURGLARY,FIREARM,827,EASTERN,Pimlico,-76.565474,39.454754,STREET,1
12/8/2020,16:11:00,09,2723 N BALTIMORE ST,AUTO THEFT,NONE,573,NORTHERN,Eastwood,-76.530443,39.321514,ALLEY,1
7/1/2022,23:39:00,04,7465 N BALTIMORE ST,AGG. ASSAULT,NONE,104,CENTRAL,Cherry Hill,-76.388579,39.261735,STREET,1
3/12/2023,10:12:00,08,1967 N BALTIMORE ST,BURGLARY,NONE,640,NORTHEASTERN,Morrell Park,-76.310225,39.294021,STORE,1
2/12/2023,11:54:00,08,2926 N BALTIMORE ST,BURGLARY,FIREARM,788,EASTERN,Irvington,-76.559816,39.235358,HOUSE,1
12/5/2021,16:24:00,07,9871 N BALTIMORE ST,ASSAULT,NONE,533,NORTHWESTERN,Druid Heights,-76.544274,39.39065,ALLEY,1
5/5/2022,05:20:00,08,978 N BALTIMORE ST,AUTO THEFT,FIREARM,596,NORTHWESTERN,Berea,-76.55904,39.444565,STORE,1
7/23/2022,14:31:00,03,1454 N BALTIMORE ST,LARCENY,KNIFE,399,CENTRAL,Greenmount West,-76.590191,39.267453,HOUSE,1
10/24/2022,15:35:00,09,1954 N BALTIMORE ST,ROBBERY,HANDS,893,NORTHERN,Cherry Hill,-76.437068,39.497268,STREET,1
9/7/2022,13:06:00,04,4977 N BALTIMORE ST,LARCENY,NONE,369,CENTRAL,Charles Village,-76.495427,39.445019,STORE,1
4/26/2020,23:37:00,06,7115 N BALTIMORE ST,ASSAULT,KNIFE,311,NORTHEASTERN,Mount Washington,-76.355941,39.441632,HOUSE,1
9/6/2023,10:45:00,05,4840 N BALTIMORE ST,BURGLARY,FIREARM,238,SOUTHERN,Berea,-76.311168,39.435707,STREET,1
12/28/2020,04:15:00,03,5377 N BALTIMORE ST,COMMON ASSAULT,NONE,601,NORTHERN,Pigtown,-76.557349,39.389721,STORE,1
11/26/2019,02:25:00,09,4658 N BALTIMORE ST,AUTO THEFT,NONE,599,EASTERN,Govans,-76.501813,39.200742,STREET,1
2/26/2021,17:25:00,04,7139 N BALTIMORE ST,COMMON ASSAULT,NONE,374,EASTERN,Guilford,-76.50314,39.285078,ALLEY,1
6/22/2022,01:02:00,02,7629 N BALTIMORE ST,LARCENY,FIREARM,261,NORTHERN,Morrell Park,-76.467614,39.200203,STORE,1
11/10/2020,05:55:00,05,1629 N BALTIMORE ST,AUTO THEFT,HANDS,184,CENTRAL,Brooklyn,-76.488447,39.47114,ALLEY,1
12/23/2021,07:27:00,02,1659 N BALTIMORE ST,LARCENY,KNIFE,588,EASTERN,Harlem Park,-76.576618,39.378104,STORE,1
2/28/2021,13:44:00,03,7926 N BALTIMORE ST,ROBBERY,KNIFE,492,NORTHEASTERN,Sandtown-Winchester,-76.573201,39.441787,STREET,1
3/13/2021,04:41:00,03,1220 N BALTIMORE ST,HOMICIDE,FIREARM,724,SOUTHERN,Park Heights,-76.404994,39.33203,ALLEY,1
7/20/2020,21:28:00,04,1520 N BALTIMORE ST,ROBBERY,KNIFE,870,CENTRAL,Clifton Park,-76.563053,39.419003,HOUSE,1
4/9/2020,20:05:00,04,9166 N BALTIMORE ST,BURGLARY,FIREARM,774,SOUTHERN,Greenmount West,-76.337252,39.261634,ALLEY,1
11/2/2021,07:31:00,07,1947 N BALTIMORE ST,COMMON ASSAULT,NONE,753,EASTERN,Guilford,-76.421821,39.358486,STREET,1
7/28/2020,18:26:00,06,9051 N BALTIMORE ST,ASSAULT,NONE,888,SOUTHERN,Pimlico,-76.578102,39.376209,STREET,1
1/26/2019,12:32:00,05,8309 N BALTIMORE ST,AGG. ASSAULT,NONE,818,NORTHWESTERN,Pigtown,-76.479317,39.392161,ALLEY,1
2/17/2021,06:51:00,03,8888 N BALTIMORE ST,AUTO THEFT,NONE,700,NORTHEASTERN,Pigtown,-76.409712,39.450358,STREET,1
12/28/2022,07:03:00,04,1512 N BALTIMORE ST,AGG. ASSAULT,FIREARM,564,CENTRAL,Westport,-76.416311,39.216509,ALLEY,1
12/1/2020,05:31:00,06,8668 N BALTIMORE ST,HOMICIDE,HANDS,270,NORTHEASTERN,Druid Heights,-76.488439,39.424933,HOUSE,1
6/26/2019,13:17:00,09,1146 N BALTIMORE ST,BURGLARY,FIREARM,608,NORTHEASTERN,Guilford,-76.463441,39.308037,STORE,1
6/6/2020,08:49:00,02,9502 N BALTIMORE ST,ROBBERY,KNIFE,858,WESTERN,Mount Washington,-76.447353,39.213211,STREET,1
6/13/2022,04:11:00,01,9158 N BALTIMORE ST,AGG. ASSAULT,KNIFE,429,NORTHEASTERN,Curtis Bay,-76.525521,39.474756,HOUSE,1
10/12/2019,03:32:00,01,3038 N BALTIMORE ST,COMMON ASSAULT,FIREARM,510,NORTHERN,Pigtown,-76.579322,39.339528,HOUSE,1
6/3/2021,17:29:00,01,6144 N BALTIMORE ST,COMMON ASSAULT,HANDS,677,NORTHERN,Charles Village,-76.364648,39.421873,ALLEY,1
8/25/2023,06:46:00,09,4116 N BALTIMORE ST,ASSAULT,FIREARM,519,SOUTHERN,Johnston Square,-76.592827,39.362464,STREET,1
12/24/2022,09:06:00,04,8780 N BALTIMORE ST,COMMON ASSAULT,NONE,603,NORTHEASTERN,Park Heights,-76.311644,39.491768,ALLEY,1
1/8/2019,16:26:00,06,7611 N BALTIMORE ST,ROBBERY,FIREARM,617,SOUTHERN,Pen Lucy,-76.559946,39.445989,STREET,1
7/22/2019,04:15:00,05,4376 N BALTIMORE ST,AUTO THEFT,NONE,817,WESTERN,Morrell Park,-76.35043,39.297875,STORE,1
4/5/2019,18:06:00,03,1831 N BALTIMORE ST,ASSAULT,NONE,577,NORTHWESTERN,Pigtown,-76.50579,39.236221,HOUSE,1
5/15/2022,08:54:00,02,1581 N BALTIMORE ST,ASSAULT,HANDS,821,NORTHWESTERN,Charles Village,-76.390937,39.212099,HOUSE,1
6/13/2020,16:03:00,05,4362 N BALTIMORE ST,ASSAULT,FIREARM,514,NORTHEASTERN,Belair-Edison,-76.34362,39.366786,ALLEY,1
3/4/2019,00:03:00,04,2241 N BALTIMORE ST,COMMON ASSAULT,NONE,481,EASTERN,Druid Heights,-76.394114,39.481272,STREET,1
2/1/2021,02:12:00,08,2210 N BALTIMORE ST,ROBBERY,HANDS,225,WESTERN,Morrell Park,-76.587191,39.338298,ALLEY,1
12/13/2022,15:01:00,07,7090 N BALTIMORE ST,ASSAULT,HANDS,319,WESTERN,Hampden,-76.327509,39.282495,STORE,1
10/20/2019,19:15:00,05,8273 N BALTIMORE ST,AGG. ASSAULT,NONE,162,NORTHWESTERN,Roland Park,-76.573684,39.314905,STORE,1
4/21/2023,17:50:00,01,6366 N BALTIMORE ST,AUTO THEFT,NONE,657,CENTRAL,Brooklyn,-76.365569,39.30321,HOUSE,1
1/11/2020,19:14:00,01,4702 N BALTIMORE ST,LARCENY,NONE,642,SOUTHERN,Govans,-76.49277,39.375197,ALLEY,1
11/8/2020,08:34:00,01,3694 N BALTIMORE ST,AGG. ASSAULT,HANDS,277,NORTHEASTERN,Cherry Hill,-76.54717,39.377756,HOUSE,1
12/23/2019,11:36:00,03,9325 N BALTIMORE ST,COMMON ASSAULT,NONE,655,WESTERN,Hampden,-76.507284,39.347131,STREET,1
4/1/2023,16:30:00,01,5535 N BALTIMORE ST,COMMON ASSAULT,KNIFE,448,NORTHWESTERN,Harlem Park,-76.384919,39.475634,HOUSE,1
10/23/2020,04:49:00,02,8722 N BALTIMORE ST,AUTO THEFT,FIREARM,482,NORTHEASTERN,Harlem Park,-76.388639,39.398642,STREET,1
3/6/2021,23:27:00,08,5298 N BALTIMORE ST,ASSAULT,HANDS,328,SOUTHERN,Park Heights,-76.40034,39.444336,STORE,1
3/6/2021,23:00:00,07,9397 N BALTIMORE ST,LARCENY,KNIFE,716,CENTRAL,Westport,-76.504535,39.442642,ALLEY,1
8/5/2019,10:47:00,02,3999 N BALTIMORE ST,AUTO THEFT,HANDS,271,WESTERN,Clifton Park,-76.409144,39.488924,HOUSE,1
4/8/2021,22:04:00,06,4305 N BALTIMORE ST,ROBBERY,FIREARM,149,NORTHEASTERN,Johnston Square,-76.484219,39.419775,ALLEY,1
7/12/2022,17:24:00,02,7955 N BALTIMORE ST,COMMON ASSAULT,KNIFE,562,EASTERN,Roland Park,-76.577887,39.453729,HOUSE,1
2/3/2021,10:10:00,07,2736 N BALTIMORE ST,ROBBERY,FIREARM,446,SOUTHERN,Sandtown-Winchester,-76.421791,39.384093,STORE,1
11/6/2022,19:56:00,07,2673 N BALTIMORE ST,LARCENY,FIREARM,439,NORTHEASTERN,Pen Lucy,-76.538335,39.256995,HOUSE,1
4/4/2021,01:25:00,09,8143 N BALTIMORE ST,ASSAULT,FIREARM,469,SOUTHERN,Eastwood,-76.598855,39.226289,STORE,1
4/6/2019,20:18:00,02,7858 N BALTIMORE ST,ROBBERY,HANDS,507,NORTHEASTERN,Brooklyn,-76.458717,39.468463,HOUSE,1
7/6/2023,11:56:00,07,6152 N BALTIMORE ST,ASSAULT,NONE,145,CENTRAL,Upton,-76.521011,39.339517,ALLEY,1
1/5/2023,22:42:00,02,1504 N BALTIMORE ST,AUTO THEFT,NONE,874,SOUTHERN,Homeland,-76.423082,39.366081,STORE,1
9/22/2022,15:36:00,04,7903 N BALTIMORE ST,BURGLARY,FIREARM,504,WESTERN,Homeland,-76.329167,39.414292,ALLEY,1
3/6/2022,06:51:00,04,2167 N BALTIMORE ST,LARCENY,NONE,180,NORTHERN,Druid Heights,-76.303516,39.330618,ALLEY,1
6/24/2021,02:05:00,07,9215 N BALTIMORE ST,AGG. ASSAULT,HANDS,382,WESTERN,Homeland,-76.444094,39.475149,STREET,1
10/17/2023,13:07:00,07,2551 N BALTIMORE ST,ASSAULT,FIREARM,208,CENTRAL,Waverly,-76.431195,39.230297,HOUSE,1
7/9/2021,12:41:00,08,9472 N BALTIMORE ST,SHOOTING,FIREARM,276,WESTERN,Mount Washington,-76.517376,39.243156,STORE,1
12/8/2021,01:47:00,08,4500 N BALTIMORE ST,AUTO THEFT,FIREARM,445,EASTERN,Harlem Park,-76.354784,39.290916,HOUSE,1
4/5/2019,09:47:00,08,5357 N BALTIMORE ST,BURGLARY,NONE,719,EASTERN,Homeland,-76.406334,39.256381,ALLEY,1
12/16/2022,16:55:00,06,1020 N BALTIMORE ST,HOMICIDE,KNIFE,167,NORTHERN,Hampden,-76.506663,39.352039,ALLEY,1
10/1/2023,05:12:00,04,1044 N BALTIMORE ST,COMMON ASSAULT,FIREARM,567,NORTHERN,Charles Village,-76.584832,39.308113,ALLEY,1
9/13/2022,20:59:00,02,600 N BALTIMORE ST,COMMON ASSAULT,HANDS,600,SOUTHERN,Pigtown,-76.421787,39.253275,STORE,1
6/6/2021,08:47:00,02,4770 N BALTIMORE ST,LARCENY,NONE,150,WESTERN,Morrell Park,-76.551128,39.371677,ALLEY,1
11/7/2020,08:41:00,07,8509 N BALTIMORE ST,LARCENY,FIREARM,585,NORTHWESTERN,Mount Washington,-76.326545,39.394211,STREET,1
5/23/2023,22:41:00,05,7043 N BALTIMORE ST,AGG. ASSAULT,HANDS,570,SOUTHERN,Curtis Bay,-76.5244,39.340009,STORE,1
9/22/2019,11:35:00,05,4990 N BALTIMORE ST,ROBBERY,NONE,165,NORTHEASTERN,Morrell Park,-76.499115,39.282945,HOUSE,1
11/23/2021,20:19:00,04,2556 N BALTIMORE ST,HOMICIDE,KNIFE,158,SOUTHERN,Mount Washington,-76.358371,39.440709,STORE,1
12/1/2020,20:31:00,05,4350 N BALTIMORE ST,AGG. ASSAULT,NONE,497,SOUTHERN,Eastwood,-76.37898,39.374907,ALLEY,1
11/18/2020,20:50:00,08,5973 N BALTIMORE ST,HOMICIDE,HANDS,274,CENTRAL,Park Heights,-76.347808,39.462948,ALLEY,1
3/24/2022,08:46:00,09,3099 N BALTIMORE ST,AUTO THEFT,FIREARM,327,NORTHEASTERN,Westport,-76.493415,39.423263,HOUSE,1
6/9/2021,18:18:00,08,2029 N BALTIMORE ST,SHOOTING,FIREARM,749,NORTHERN,Greenmount West,-76.424928,39.48329,STREET,1
2/28/2023,21:24:00,09,4988 N BALTIMORE ST,AGG. ASSAULT,FIREARM,254,NORTHWESTERN,Oliver,-76.55879,39.260089,STORE,1
6/28/2020,22:11:00,02,8088 N BALTIMORE ST,AUTO THEFT,KNIFE,420,EASTERN,Morrell Park,-76.40965,39.201414,HOUSE,1
10/25/2020,05:31:00,02,2220 N BALTIMORE ST,AGG. ASSAULT,NONE,513,NORTHERN,Brooklyn,-76.471292,39.34322,STREET,1
12/12/2020,00:57:00,06,8800 N BALTIMORE ST,COMMON ASSAULT,FIREARM,792,WESTERN,Harlem Park,-76.598763,39.420081,ALLEY,1
3/4/2021,12:32:00,05,2836 N BALTIMORE ST,ROBBERY,FIREARM,405,SOUTHERN,Pen Lucy,-76.315461,39.336778,HOUSE,1
6/16/2020,11:48:00,04,2801 N BALTIMORE ST,AGG. ASSAULT,FIREARM,333,CENTRAL,Greenmount West,-76.532704,39.495464,ALLEY,1
9/6/2023,03:23:00,01,6247 N BALTIMORE ST,BURGLARY,FIREARM,708,NORTHEASTERN,Guilford,-76.301596,39.398591,STREET,1
7/15/2019,12:07:00,09,4240 N BALTIMORE ST,SHOOTING,KNIFE,310,CENTRAL,Harlem Park,-76.391442,39.389093,HOUSE,1
11/17/2019,08:39:00,03,6962 N BALTIMORE ST,ROBBERY,FIREARM,389,CENTRAL,Greenmount West,-76.565796,39.231879,ALLEY,1
9/7/2021,11:45:00,07,4939 N BALTIMORE ST,ASSAULT,FIREARM,661,NORTHWESTERN,Irvington,-76.451094,39.262308,STORE,1
1/22/2019,02:58:00,02,9506 N BALTIMORE ST,SHOOTING,KNIFE,192,NORTHWESTERN,Park Heights,-76.366142,39.222514,STREET,1
8/10/2020,08:29:00,01,1735 N BALTIMORE ST,ASSAULT,FIREARM,397,SOUTHERN,Roland Park,-76.491936,39.40303,STORE,1
1/1/2019,04:42:00,03,5484 N BALTIMORE ST,AUTO THEFT,NONE,736,NORTHEASTERN,Guilford,-76.519507,39.41992,HOUSE,1
2/13/2020,12:29:00,05,6419 N BALTIMORE ST,SHOOTING,NONE,764,SOUTHERN,Homeland,-76.334163,39.250034,ALLEY,1
3/4/2019,13:58:00,08,9421 N BALTIMORE ST,SHOOTING,KNIFE,725,CENTRAL,Pen Lucy,-76.486075,39.30758,STREET,1
8/16/2020,03:56:00,07,7320 N BALTIMORE ST,LARCENY,FIREARM,367,CENTRAL,Mount Washington,-76.403508,39.203708,ALLEY,1
9/17/2021,22:44:00,02,7191 N BALTIMORE ST,COMMON ASSAULT,NONE,454,NORTHERN,Eastwood,-76.400887,39.392421,ALLEY,1
10/2/2023,00:41:00,03,8383 N BALTIMORE ST,SHOOTING,NONE,269,NORTHERN,Homeland,-76.57754,39.347494,ALLEY,1
9/8/2019,17:41:00,07,6707 N BALTIMORE ST,COMMON ASSAULT,FIREARM,570,SOUTHERN,Park Heights,-76.466743,39.37191,STREET,1
6/4/2022,15:47:00,01,1781 N BALTIMORE ST,AGG. ASSAULT,NONE,136,EASTERN,Mount Washington,-76.432861,39.200051,STREET,1
11/10/2023,16:35:00,04,7574 N BALTIMORE ST,AUTO THEFT,HANDS,155,WESTERN,Waverly,-76.355023,39.453295,HOUSE,1
10/16/2023,22:42:00,06,7514 N BALTIMORE ST,ROBBERY,FIREARM,877,NORTHERN,Berea,-76.402327,39.200659,HOUSE,1
9/17/2021,11:44:00,02,850 N BALTIMORE ST,ASSAULT,NONE,243,CENTRAL,Homeland,-76.353448,39.422753,STORE,1
4/7/2023,03:59:00,07,3632 N BALTIMORE ST,SHOOTING,KNIFE,833,SOUTHERN,Druid Heights,-76.49862,39.427145,STREET,1
2/25/2023,14:29:00,09,2305 N BALTIMORE ST,SHOOTING,FIREARM,643,CENTRAL,Hampden,-76.379136,39.365968,STORE,1
9/25/2022,05:44:00,03,2203 N BALTIMORE ST,ROBBERY,NONE,773,WESTERN,Homeland,-76.419836,39.464809,STORE,1
5/13/2020,10:18:00,08,2285 N BALTIMORE ST,ASSAULT,NONE,716,WESTERN,Greenmount West,-76.389996,39.424528,HOUSE,1
6/23/2023,23:59:00,09,3660 N BALTIMORE ST,COMMON ASSAULT,KNIFE,739,CENTRAL,Homeland,-76.385685,39.405983,ALLEY,1
9/18/2020,22:40:00,06,1990 N BALTIMORE ST,AUTO THEFT,NONE,696,CENTRAL,Pen Lucy,-76.428809,39.400147,STORE,1
5/28/2023,13:51:00,01,8664 N BALTIMORE ST,ROBBERY,FIREARM,490,CENTRAL,Eastwood,-76.556402,39.401076,ALLEY,1
5/22/2020,08:09:00,01,4935 N BALTIMORE ST,COMMON ASSAULT,FIREARM,467,NORTHERN,Pigtown,-76.355792,39.230744,ALLEY,1
7/8/2023,16:50:00,05,869 N BALTIMORE ST,AGG. ASSAULT,NONE,526,CENTRAL,Guilford,-76.312989,39.492747,HOUSE,1
12/9/2019,06:39:00,08,3795 N BALTIMORE ST,AUTO THEFT,KNIFE,894,NORTHEASTERN,Berea,-76.382526,39.258049,STORE,1
3/6/2019,23:32:00,02,6280 N BALTIMORE ST,LARCENY,NONE,385,CENTRAL,Cherry Hill,-76.43302,39.23902,HOUSE,1
12/5/2022,01:09:00,06,9879 N BALTIMORE ST,LARCENY,HANDS,602,SOUTHERN,Sandtown-Winchester,-76.363028,39.365048,STREET,1
9/8/2021,05:33:00,02,8376 N BALTIMORE ST,ASSAULT,NONE,656,CENTRAL,Waverly,-76.438889,39.227584,ALLEY,1
6/12/2021,09:13:00,09,7880 N BALTIMORE ST,HOMICIDE,FIREARM,217,NORTHWESTERN,Roland Park,-76.399318,39.3337,ALLEY,1
7/26/2021,03:24:00,05,8951 N BALTIMORE ST,BURGLARY,FIREARM,629,CENTRAL,Harlem Park,-76.353367,39.312487,STORE,1
11/7/2021,10:32:00,02,1672 N BALTIMORE ST,ASSAULT,FIREARM,741,NORTHEASTERN,Oliver,-76.580358,39.401101,ALLEY,1
2/7/2022,17:53:00,07,1281 N BALTIMORE ST,ASSAULT,FIREARM,570,CENTRAL,Mount Washington,-76.38494,39.211366,STREET,1
9/3/2021,18:52:00,04,4337 N BALTIMORE ST,AGG. ASSAULT,NONE,561,NORTHWESTERN,Harlem Park,-76.410935,39.329908,STREET,1
9/1/2019,20:46:00,02,9694 N BALTIMORE ST,LARCENY,FIREARM,466,CENTRAL,Govans,-76.321586,39.231841,HOUSE,1
8/13/2021,12:52:00,01,7865 N BALTIMORE ST,ASSAULT,KNIFE,239,NORTHEASTERN,Irvington,-76.375974,39.439031,HOUSE,1
11/26/2021,23:41:00,06,282 N BALTIMORE ST,HOMICIDE,KNIFE,226,NORTHWESTERN,Clifton Park,-76.587468,39.371816,STORE,1
5/7/2019,23:47:00,06,3569 N BALTIMORE ST,AGG. ASSAULT,KNIFE,264,WESTERN,Berea,-76.544802,39.385065,HOUSE,1
11/26/2020,18:54:00,01,9092 N BALTIMORE ST,SHOOTING,FIREARM,397,NORTHEASTERN,Brooklyn,-76.398494,39.275206,ALLEY,1
6/12/2022,04:42:00,04,1739 N BALTIMORE ST,BURGLARY,FIREARM,298,WESTERN,Guilford,-76.504664,39.335194,HOUSE,1
10/19/2020,11:51:00,06,7117 N BALTIMORE ST,ASSAULT,FIREARM,420,WESTERN,Pen Lucy,-76.526147,39.266458,STORE,1
3/22/2021,23:21:00,08,7683 N BALTIMORE ST,SHOOTING,HANDS,893,NORTHERN,Pigtown,-76.508358,39.365502,ALLEY,1
5/28/2019,04:57:00,09,3318 N BALTIMORE ST,BURGLARY,FIREARM,844,WESTERN,Clifton Park,-76.57738,39.205589,STREET,1
7/25/2023,18:13:00,01,9137 N BALTIMORE ST,BURGLARY,NONE,769,WESTERN,Homeland,-76.367441,39.309746,ALLEY,1
12/28/2023,09:08:00,08,8310 N BALTIMORE ST,HOMICIDE,FIREARM,506,NORTHERN,Roland Park,-76.49084,39.203178,ALLEY,1
11/6/2023,16:08:00,08,2708 N BALTIMORE ST,ASSAULT,KNIFE,853,NORTHERN,Mount Washington,-76.380399,39.481753,STREET,1
4/3/2022,08:23:00,04,801 N BALTIMORE ST,COMMON ASSAULT,HANDS,497,NORTHERN,Curtis Bay,-76.459098,39.336393,STREET,1
2/23/2021,16:40:00,05,4414 N BALTIMORE ST,HOMICIDE,KNIFE,485,CENTRAL,Harlem Park,-76.403897,39.309589,STREET,1
4/17/2022,12:22:00,06,8076 N BALTIMORE ST,SHOOTING,FIREARM,613,SOUTHERN,Middle East,-76.33539,39.33197,ALLEY,1
4/5/2021,05:10:00,06,9963 N BALTIMORE ST,ROBBERY,KNIFE,524,WESTERN,Upton,-76.356648,39.416077,STORE,1
4/19/2022,05:41:00,07,467 N BALTIMORE ST,COMMON ASSAULT,FIREARM,230,EASTERN,Eastwood,-76.427954,39.248339,STREET,1
1/6/2020,08:59:00,03,8564 N BALTIMORE ST,AGG. ASSAULT,FIREARM,836,WESTERN,Roland Park,-76.381608,39.446391,STREET,1
8/28/2023,15:10:00,04,6830 N BALTIMORE ST,ASSAULT,KNIFE,738,EASTERN,Brooklyn,-76.402105,39.279356,HOUSE,1
10/3/2023,07:24:00,07,2266 N BALTIMORE ST,ROBBERY,FIREARM,307,EASTERN,Hampden,-76.443187,39.472802,STORE,1
2/6/2023,15:57:00,01,8806 N BALTIMORE ST,HOMICIDE,FIREARM,195,NORTHWESTERN,Homeland,-76.455328,39.239099,STREET,1
9/14/2022,11:55:00,01,8780 N BALTIMORE ST,AGG. ASSAULT,KNIFE,593,NORTHERN,Roland Park,-76.363133,39.314371,STREET,1
8/25/2021,07:58:00,02,4741 N BALTIMORE ST,HOMICIDE,NONE,363,NORTHWESTERN,Greenmount West,-76.543294,39.412745,STREET,1
9/1/2019,12:41:00,04,5275 N BALTIMORE ST,AGG. ASSAULT,HANDS,209,WESTERN,Morrell Park,-76.553566,39.395473,HOUSE,1
7/19/2023,11:39:00,05,6611 N BALTIMORE ST,COMMON ASSAULT,NONE,665,NORTHERN,Pigtown,-76.364863,39.34474,HOUSE,1
5/10/2022,18:22:00,07,2362 N BALTIMORE ST,ROBBERY,KNIFE,557,WESTERN,Berea,-76.365067,39.484774,STREET,1
6/26/2022,17:39:00,01,2733 N BALTIMORE ST,AGG. ASSAULT,FIREARM,193,WESTERN,Brooklyn,-76.353023,39.341501,STORE,1
4/12/2021,02:38:00,01,6396 N BALTIMORE ST,AGG. ASSAULT,HANDS,828,NORTHEASTERN,Upton,-76.310941,39.217239,ALLEY,1
1/7/2022,21:59:00,09,4785 N BALTIMORE ST,COMMON ASSAULT,FIREARM,713,EASTERN,Clifton Park,-76.446836,39.409535,ALLEY,1
4/21/2021,00:10:00,02,4620 N BALTIMORE ST,AGG. ASSAULT,HANDS,785,NORTHEASTERN,Eastwood,-76.481457,39.375824,STREET,1
2/18/2019,09:46:00,09,9650 N BALTIMORE ST,AUTO THEFT,HANDS,383,CENTRAL,Guilford,-76.532111,39.488917,STORE,1
1/9/2023,05:26:00,09,1844 N BALTIMORE ST,HOMICIDE,FIREARM,615,EASTERN,Hampden,-76.511724,39.484105,HOUSE,1
5/23/2023,14:24:00,08,4085 N BALTIMORE ST,AUTO THEFT,NONE,797,WESTERN,Roland Park,-76.461784,39.376048,STREET,1
2/13/2021,20:50:00,04,3867 N BALTIMORE ST,AUTO THEFT,NONE,461,NORTHEASTERN,Oliver,-76.445049,39.202917,HOUSE,1
7/22/2019,23:52:00,06,1345 N BALTIMORE ST,HOMICIDE,KNIFE,587,SOUTHERN,Curtis Bay,-76.505838,39.26557,HOUSE,1
8/24/2020,06:15:00,04,4448 N BALTIMORE ST,COMMON ASSAULT,KNIFE,307,CENTRAL,Cherry Hill,-76.349518,39.4509,HOUSE,1
2/3/2019,21:42:00,08,208 N BALTIMORE ST,HOMICIDE,FIREARM,593,NORTHERN,Belair-Edison,-76.488641,39.294625,HOUSE,1
5/13/2023,07:48:00,03,987 N BALTIMORE ST,HOMICIDE,NONE,589,NORTHWESTERN,Oliver,-76.318104,39.209769,HOUSE,1
8/4/2020,22:33:00,08,5271 N BALTIMORE ST,LARCENY,FIREARM,790,NORTHERN,Govans,-76.536774,39.374302,HOUSE,1
3/18/2021,08:15:00,05,7822 N BALTIMORE ST,AUTO THEFT,HANDS,288,WESTERN,Pimlico,-76.450369,39.26316,HOUSE,1
5/15/2022,05:36:00,03,9535 N BALTIMORE ST,COMMON ASSAULT,FIREARM,838,NORTHERN,Pimlico,-76.519015,39.270742,STORE,1
3/26/2020,23:09:00,08,259 N BALTIMORE ST,ASSAULT,NONE,611,EASTERN,Mount Washington,-76.559658,39.467981,HOUSE,1
5/18/2021,18:03:00,07,1721 N BALTIMORE ST,ASSAULT,FIREARM,320,EASTERN,Waverly,-76.355855,39.342962,STREET,1
5/12/2021,11:35:00,09,4322 N BALTIMORE ST,AUTO THEFT,FIREARM,521,CENTRAL,Johnston Square,-76.563629,39.460211,ALLEY,1
3/25/2023,09:22:00,06,8463 N BALTIMORE ST,SHOOTING,NONE,180,WESTERN,Morrell Park,-76.485679,39.285957,ALLEY,1
7/21/2021,19:36:00,07,1268 N BALTIMORE ST,ROBBERY,KNIFE,451,NORTHWESTERN,Mount Washington,-76.531535,39.295063,HOUSE,1
11/13/2023,08:56:00,08,6050 N BALTIMORE ST,HOMICIDE,NONE,523,SOUTHERN,Pen Lucy,-76.549805,39.456264,ALLEY,1
12/23/2021,23:05:00,04,2834 N BALTIMORE ST,AGG. ASSAULT,FIREARM,197,NORTHWESTERN,Guilford,-76.580862,39.463607,STREET,1
9/25/2022,02:06:00,05,2644 N BALTIMORE ST,ROBBERY,NONE,416,NORTHERN,Sandtown-Winchester,-76.531193,39.421278,STORE,1
9/27/2020,05:01:00,01,5946 N BALTIMORE ST,AUTO THEFT,NONE,578,NORTHWESTERN,Clifton Park,-76.307506,39.362175,HOUSE,1
12/18/2020,05:37:00,08,9340 N BALTIMORE ST,AGG. ASSAULT,HANDS,455,EASTERN,Berea,-76.455504,39.268139,STREET,1
7/9/2021,04:19:00,01,101 N BALTIMORE ST,HOMICIDE,KNIFE,452,SOUTHERN,Johnston Square,-76.513971,39.36053,STORE,1
1/25/2021,13:51:00,05,9881 N BALTIMORE ST,COMMON ASSAULT,FIREARM,661,EASTERN,Charles Village,-76.487907,39.323521,STORE,1
12/24/2020,20:24:00,07,3714 N BALTIMORE ST,BURGLARY,FIREARM,532,NORTHWESTERN,Govans,-76.412403,39.354983,HOUSE,1
5/14/2023,06:54:00,02,3088 N BALTIMORE ST,ASSAULT,HANDS,213,CENTRAL,Westport,-76.408932,39.385319,HOUSE,1
4/11/2022,00:09:00,01,8864 N BALTIMORE ST,LARCENY,KNIFE,204,WESTERN,Pen Lucy,-76.515366,39.237512,STORE,1
2/5/2020,00:31:00,04,5701 N BALTIMORE ST,AGG. ASSAULT,HANDS,610,NORTHEASTERN,Guilford,-76.300611,39.339105,STREET,1
1/9/2020,12:04:00,09,7802 N BALTIMORE ST,ASSAULT,KNIFE,356,NORTHEASTERN,Park Heights,-76.354825,39.448476,STREET,1
7/25/2020,14:15:00,01,3363 N BALTIMORE ST,SHOOTING,FIREARM,633,CENTRAL,Charles Village,-76.400198,39.262534,STORE,1
3/21/2021,23:02:00,09,8634 N BALTIMORE ST,ROBBERY,HANDS,592,SOUTHERN,Eastwood,-76.408444,39.259617,STREET,1
2/8/2020,20:27:00,06,346 N BALTIMORE ST,ASSAULT,HANDS,698,CENTRAL,Mount Washington,-76.564105,39.436743,STREET,1
12/20/2022,04:23:00,02,4175 N BALTIMORE ST,ASSAULT,NONE,193,WESTERN,Harlem Park,-76.394217,39.301527,STREET,1
12/18/2020,03:08:00,08,3912 N BALTIMORE ST,AUTO THEFT,HANDS,549,SOUTHERN,Harlem Park,-76.380043,39.206406,STORE,1
5/2/2020,15:45:00,08,9259 N BALTIMORE ST,BURGLARY,NONE,294,CENTRAL,Pimlico,-76.429989,39.363086,HOUSE,1
10/28/2021,17:10:00,02,8802 N BALTIMORE ST,ASSAULT,NONE,402,EASTERN,Guilford,-76.354174,39.362482,STORE,1
7/24/2023,05:56:00,01,6065 N BALTIMORE ST,COMMON ASSAULT,HANDS,838,NORTHERN,Sandtown-Winchester,-76.580997,39.490149,STORE,1
9/5/2022,19:18:00,06,6814 N BALTIMORE ST,AUTO THEFT,FIREARM,198,WESTERN,Brooklyn,-76.44304,39.220004,ALLEY,1
4/4/2019,15:12:00,02,621 N BALTIMORE ST,AGG. ASSAULT,NONE,638,NORTHERN,Cherry Hill,-76.412809,39.37709,STREET,1
12/3/2023,00:59:00,04,8151 N BALTIMORE ST,ROBBERY,NONE,754,NORTHWESTERN,Pimlico,-76.58179,39.367406,STORE,1
10/9/2019,16:02:00,02,5079 N BALTIMORE ST,ROBBERY,KNIFE,631,SOUTHERN,Homeland,-76.570864,39.417552,STORE,1
11/8/2023,18:40:00,03,9249 N BALTIMORE ST,HOMICIDE,NONE,864,NORTHWESTERN,Brooklyn,-76.568346,39.391587,HOUSE,1
2/6/2022,05:35:00,07,8368 N BALTIMORE ST,AUTO THEFT,KNIFE,646,EASTERN,Eastwood,-76.30047,39.332904,HOUSE,1
6/28/2023,11:26:00,07,5399 N BALTIMORE ST,COMMON ASSAULT,KNIFE,484,SOUTHERN,Roland Park,-76.370288,39.477844,HOUSE,1
7/1/2022,23:02:00,05,9860 N BALTIMORE ST,LARCENY,KNIFE,409,EASTERN,Pimlico,-76.598029,39.495318,ALLEY,1
12/27/2019,08:58:00,09,8476 N BALTIMORE ST,HOMICIDE,KNIFE,196,SOUTHERN,Mount Washington,-76.588679,39.306697,ALLEY,1
4/8/2023,08:51:00,05,1605 N BALTIMORE ST,AGG. ASSAULT,KNIFE,851,SOUTHERN,Pigtown,-76.57684,39.297408,STORE,1
2/20/2023,20:19:00,01,9541 N BALTIMORE ST,AGG. ASSAULT,FIREARM,898,EASTERN,Cherry Hill,-76.583223,39.43127,HOUSE,1
7/28/2022,03:55:00,04,9968 N BALTIMORE ST,LARCENY,NONE,155,NORTHERN,Roland Park,-76.508565,39.212355,ALLEY,1
3/2/2020,21:46:00,07,7400 N BALTIMORE ST,HOMICIDE,FIREARM,327,WESTERN,Park Heights,-76.470419,39.43591,ALLEY,1
8/19/2019,23:03:00,09,6640 N BALTIMORE ST,BURGLARY,FIREARM,508,SOUTHERN,Belair-Edison,-76.449453,39.432148,ALLEY,1
9/7/2022,15:25:00,04,9294 N BALTIMORE ST,HOMICIDE,KNIFE,348,NORTHWESTERN,Charles Village,-76.578507,39.433032,HOUSE,1
2/22/2019,13:27:00,06,5806 N BALTIMORE ST,COMMON ASSAULT,HANDS,452,WESTERN,Eastwood,-76.421837,39.207262,HOUSE,1
8/20/2023,04:28:00,01,3925 N BALTIMORE ST,COMMON ASSAULT,HANDS,259,SOUTHERN,Cherry Hill,-76.37268,39.455829,STREET,1
10/5/2020,09:00:00,06,1923 N BALTIMORE ST,BURGLARY,NONE,582,NORTHEASTERN,Guilford,-76.593176,39.262703,ALLEY,1
5/18/2023,15:39:00,03,401 N BALTIMORE ST,AGG. ASSAULT,FIREARM,361,WESTERN,Brooklyn,-76.548904,39.285204,HOUSE,1
2/13/2019,21:17:00,06,1867 N BALTIMORE ST,LARCENY,HANDS,764,EASTERN,Harlem Park,-76.484043,39.493938,STREET,1
10/18/2022,02:11:00,04,8302 N BALTIMORE ST,SHOOTING,FIREARM,140,SOUTHERN,Roland Park,-76.525782,39.358825,HOUSE,1
1/12/2020,21:22:00,06,5053 N BALTIMORE ST,COMMON ASSAULT,HANDS,163,EASTERN,Oliver,-76.412262,39.463603,STREET,1
3/11/2020,12:42:00,03,1538 N BALTIMORE ST,AGG. ASSAULT,KNIFE,527,SOUTHERN,Berea,-76.527892,39.245825,HOUSE,1
8/18/2021,04:13:00,03,9619 N BALTIMORE ST,HOMICIDE,KNIFE,241,WESTERN,Hampden,-76.5073,39.411541,ALLEY,1
11/19/2020,05:20:00,02,9231 N BALTIMORE ST,HOMICIDE,FIREARM,288,NORTHERN,Greenmount West,-76.504721,39.463891,STREET,1
7/10/2022,14:47:00,05,2589 N BALTIMORE ST,COMMON ASSAULT,FIREARM,234,SOUTHERN,Charles Village,-76.544576,39.428734,HOUSE,1
4/20/2023,07:14:00,01,5986 N BALTIMORE ST,ROBBERY,NONE,237,WESTERN,Irvington,-76.449303,39.381414,HOUSE,1
8/16/2022,04:10:00,04,3807 N BALTIMORE ST,LARCENY,NONE,882,NORTHERN,Cherry Hill,-76.309355,39.477631,STORE,1
4/3/2020,05:59:00,08,8127 N BALTIMORE ST,AUTO THEFT,NONE,352,CENTRAL,Curtis Bay,-76.471733,39.432864,STORE,1
10/24/2022,18:38:00,09,8705 N BALTIMORE ST,LARCENY,FIREARM,562,SOUTHERN,Guilford,-76.46293,39.46333,ALLEY,1
12/2/2022,17:24:00,09,907 N BALTIMORE ST,COMMON ASSAULT,HANDS,550,WESTERN,Middle East,-76.480588,39.291366,HOUSE,1
5/20/2022,01:44:00,09,2430 N BALTIMORE ST,SHOOTING,NONE,192,NORTHWESTERN,Johnston Square,-76.383206,39.233951,ALLEY,1
8/1/2021,05:29:00,04,7549 N BALTIMORE ST,ROBBERY,HANDS,431,EASTERN,Govans,-76.392485,39.472149,ALLEY,1
2/4/2019,22:28:00,06,1497 N BALTIMORE ST,HOMICIDE,NONE,844,CENTRAL,Pen Lucy,-76.36268,39.3535,ALLEY,1
1/25/2022,05:58:00,06,9365 N BALTIMORE ST,ASSAULT,KNIFE,248,WESTERN,Govans,-76.54634,39.413614,STORE,1
5/21/2022,05:07:00,03,3423 N BALTIMORE ST,LARCENY,HANDS,112,SOUTHERN,Westport,-76.462407,39.456623,STREET,1
4/19/2020,21:30:00,08,6819 N BALTIMORE ST,SHOOTING,FIREARM,715,EASTERN,Irvington,-76.419969,39.273414,HOUSE,1
4/2/2023,05:09:00,01,5818 N BALTIMORE ST,LARCENY,KNIFE,133,CENTRAL,Irvington,-76.399901,39.451404,HOUSE,1
2/14/2019,05:10:00,05,9847 N BALTIMORE ST,HOMICIDE,KNIFE,566,NORTHEASTERN,Park Heights,-76.3752,39.308057,STREET,1
6/12/2021,12:52:00,02,7101 N BALTIMORE ST,HOMICIDE,FIREARM,399,NORTHERN,Upton,-76.458755,39.236607,HOUSE,1
9/7/2022,22:13:00,01,1890 N BALTIMORE ST,HOMICIDE,FIREARM,595,WESTERN,Park Heights,-76.382778,39.381433,HOUSE,1
5/17/2021,18:39:00,06,2225 N BALTIMORE ST,SHOOTING,NONE,604,WESTERN,Greenmount West,-76.357606,39.465099,ALLEY,1
1/4/2020,00:29:00,02,3496 N BALTIMORE ST,AGG. ASSAULT,NONE,146,SOUTHERN,Pen Lucy,-76.499862,39.368125,ALLEY,1
12/10/2020,08:50:00,02,5142 N BALTIMORE ST,BURGLARY,HANDS,885,CENTRAL,Sandtown-Winchester,-76.598161,39.405751,HOUSE,1
10/1/2023,05:12:00,06,5636 N BALTIMORE ST,SHOOTING,NONE,136,CENTRAL,Govans,-76.406304,39.344449,STORE,1
6/15/2023,13:59:00,01,8637 N BALTIMORE ST,BURGLARY,HANDS,668,NORTHERN,Roland Park,-76.439234,39.262479,HOUSE,1
2/5/2021,08:53:00,01,5656 N BALTIMORE ST,AGG. ASSAULT,KNIFE,684,NORTHERN,Waverly,-76.418293,39.256214,STREET,1
12/28/2021,10:45:00,01,4548 N BALTIMORE ST,AGG. ASSAULT,FIREARM,608,NORTHERN,Mount Washington,-76.336885,39.311475,HOUSE,1
3/4/2021,11:50:00,01,3411 N BALTIMORE ST,ROBBERY,NONE,618,WESTERN,Brooklyn,-76.59252,39.344799,ALLEY,1
12/28/2022,16:19:00,06,2447 N BALTIMORE ST,ROBBERY,KNIFE,310,SOUTHERN,Brooklyn,-76.382629,39.337811,STREET,1
11/28/2019,19:55:00,02,5560 N BALTIMORE ST,SHOOTING,FIREARM,205,SOUTHERN,Sandtown-Winchester,-76.443827,39.397695,HOUSE,1
11/7/2021,10:12:00,04,4795 N BALTIMORE ST,BURGLARY,HANDS,891,WESTERN,Sandtown-Winchester,-76.467665,39.235295,ALLEY,1
1/20/2019,17:32:00,02,3484 N BALTIMORE ST,HOMICIDE,HANDS,662,SOUTHERN,Cherry Hill,-76.504455,39.242467,HOUSE,1
2/10/2020,19:57:00,06,8956 N BALTIMORE ST,SHOOTING,FIREARM,233,NORTHWESTERN,Morrell Park,-76.591302,39.470988,STREET,1
2/14/2019,12:11:00,08,5926 N BALTIMORE ST,BURGLARY,HANDS,302,EASTERN,Druid Heights,-76.38613,39.401261,STREET,1
10/5/2022,02:52:00,08,1693 N BALTIMORE ST,SHOOTING,HANDS,800,NORTHERN,Hampden,-76.406674,39.429948,STORE,1
10/9/2020,11:25:00,03,5512 N BALTIMORE ST,AUTO THEFT,NONE,599,NORTHWESTERN,Curtis Bay,-76.590921,39.3426,HOUSE,1
5/25/2020,11:38:00,03,8422 N BALTIMORE ST,ROBBERY,NONE,831,EASTERN,Oliver,-76.360973,39.297761,STREET,1
8/13/2023,18:26:00,04,4092 N BALTIMORE ST,HOMICIDE,KNIFE,593,SOUTHERN,Waverly,-76.484855,39.302214,STORE,1
6/18/2023,22:15:00,03,1376 N BALTIMORE ST,SHOOTING,FIREARM,706,EASTERN,Waverly,-76.421177,39.297613,STREET,1
5/13/2020,02:38:00,02,9871 N BALTIMORE ST,AGG. ASSAULT,HANDS,606,EASTERN,Homeland,-76.406503,39.218445,ALLEY,1
11/26/2023,00:48:00,03,2544 N BALTIMORE ST,SHOOTING,HANDS,499,NORTHWESTERN,Homeland,-76.415328,39.334148,ALLEY,1
10/26/2021,21:19:00,07,5740 N BALTIMORE ST,ROBBERY,FIREARM,726,SOUTHERN,Eastwood,-76.304074,39.321259,ALLEY,1
6/18/2019,01:00:00,09,5985 N BALTIMORE ST,ROBBERY,HANDS,131,SOUTHERN,Mount Washington,-76.529428,39.410667,STORE,1
7/13/2022,13:34:00,04,2941 N BALTIMORE ST,SHOOTING,KNIFE,292,SOUTHERN,Clifton Park,-76.433374,39.452998,HOUSE,1
5/28/2020,21:08:00,03,290 N BALTIMORE ST,ROBBERY,FIREARM,247,EASTERN,Homeland,-76.383598,39.34601,STORE,1
11/26/2020,13:55:00,08,7074 N BALTIMORE ST,ASSAULT,NONE,621,NORTHEASTERN,Belair-Edison,-76.472763,39.446021,STORE,1
7/20/2020,00:36:00,08,3978 N BALTIMORE ST,HOMICIDE,HANDS,520,NORTHWESTERN,Pimlico,-76.322031,39.372906,STREET,1
12/12/2022,03:37:00,08,1411 N BALTIMORE ST,ASSAULT,HANDS,576,WESTERN,Harlem Park,-76.444915,39.357007,STREET,1
11/21/2019,17:51:00,05,964 N BALTIMORE ST,AUTO THEFT,FIREARM,580,EASTERN,Curtis Bay,-76.46379,39.471817,HOUSE,1
5/6/2021,01:44:00,05,9335 N BALTIMORE ST,BURGLARY,FIREARM,744,SOUTHERN,Greenmount West,-76.458052,39.250724,STREET,1
1/10/2023,15:05:00,03,8383 N BALTIMORE ST,ROBBERY,HANDS,358,SOUTHERN,Eastwood,-76.560238,39.284292,HOUSE,1
10/6/2019,18:47:00,03,7417 N BALTIMORE ST,AUTO THEFT,KNIFE,367,CENTRAL,Sandtown-Winchester,-76.365242,39.270859,ALLEY,1
6/3/2019,04:38:00,03,8225 N BALTIMORE ST,AGG. ASSAULT,NONE,343,WESTERN,Waverly,-76.4018,39.4178,ALLEY,1
1/21/2021,08:48:00,02,960 N BALTIMORE ST,ASSAULT,NONE,508,WESTERN,Brooklyn,-76.45713,39.34288,ALLEY,1
8/9/2022,04:33:00,07,294 N BALTIMORE ST,BURGLARY,NONE,491,CENTRAL,Govans,-76.396452,39.488529,STREET,1
7/20/2021,20:54:00,05,5588 N BALTIMORE ST,BURGLARY,HANDS,200,WESTERN,Druid Heights,-76.523397,39.375253,STORE,1
12/22/2020,18:49:00,04,8618 N BALTIMORE ST,AUTO THEFT,KNIFE,420,CENTRAL,Charles Village,-76.435716,39.401841,STREET,1
9/4/2019,21:28:00,06,3694 N BALTIMORE ST,BURGLARY,HANDS,297,EASTERN,Sandtown-Winchester,-76.589787,39.385819,STREET,1
10/21/2020,03:45:00,02,1515 N BALTIMORE ST,ASSAULT,NONE,772,CENTRAL,Irvington,-76.370843,39.394372,ALLEY,1
5/10/2020,14:42:00,02,7529 N BALTIMORE ST,BURGLARY,NONE,808,NORTHEASTERN,Roland Park,-76.328983,39.430964,HOUSE,1
5/25/2019,01:24:00,07,5550 N BALTIMORE ST,LARCENY,HANDS,371,NORTHWESTERN,Pigtown,-76.546621,39.22082,ALLEY,1
11/16/2020,03:09:00,09,7165 N BALTIMORE ST,COMMON ASSAULT,FIREARM,552,EASTERN,Irvington,-76.38538,39.230986,STREET,1
8/1/2021,15:09:00,01,719 N BALTIMORE ST,AGG. ASSAULT,HANDS,255,WESTERN,Upton,-76.389983,39.471385,STREET,1
8/14/2022,12:54:00,02,8949 N BALTIMORE ST,COMMON ASSAULT,FIREARM,493,CENTRAL,Middle East,-76.313753,39.445393,STORE,1
6/11/2023,21:19:00,07,1004 N BALTIMORE ST,ROBBERY,HANDS,647,WESTERN,Druid Heights,-76.343997,39.302019,STORE,1
11/7/2021,05:35:00,01,6394 N BALTIMORE ST,COMMON ASSAULT,HANDS,812,NORTHERN,Charles Village,-76.482969,39.23203,HOUSE,1
12/7/2022,04:02:00,04,515 N BALTIMORE ST,COMMON ASSAULT,NONE,498,NORTHEASTERN,Oliver,-76.581102,39.362166,HOUSE,1
1/2/2022,10:03:00,06,801 N BALTIMORE ST,AGG. ASSAULT,FIREARM,316,WESTERN,Oliver,-76.357869,39.400195,STORE,1
3/24/2023,18:14:00,02,704 N BALTIMORE ST,ASSAULT,NONE,769,NORTHERN,Eastwood,-76.594281,39.472154,STREET,1
1/6/2020,20:03:00,05,1694 N BALTIMORE ST,SHOOTING,KNIFE,705,CENTRAL,Curtis Bay,-76.580813,39.445241,STREET,1
4/3/2023,06:27:00,06,6686 N BALTIMORE ST,AUTO THEFT,FIREARM,800,WESTERN,Oliver,-76.42721,39.241199,ALLEY,1
3/11/2023,02:07:00,05,2414 N BALTIMORE ST,AGG. ASSAULT,KNIFE,813,NORTHEASTERN,Charles Village,-76.489022,39.249502,ALLEY,1
3/4/2019,20:39:00,07,2684 N BALTIMORE ST,LARCENY,NONE,182,WESTERN,Hampden,-76.598095,39.253824,STREET,1
5/14/2023,22:51:00,08,2179 N BALTIMORE ST,COMMON ASSAULT,KNIFE,755,CENTRAL,Pen Lucy,-76.518715,39.335126,ALLEY,1
10/6/2019,22:31:00,02,5034 N BALTIMORE ST,AUTO THEFT,NONE,104,WESTERN,Cherry Hill,-76.432687,39.257571,STREET,1
9/8/2023,14:49:00,04,4628 N BALTIMORE ST,LARCENY,KNIFE,215,SOUTHERN,Irvington,-76.361016,39.405573,STORE,1
11/2/2020,01:41:00,06,4770 N BALTIMORE ST,COMMON ASSAULT,NONE,357,NORTHWESTERN,Oliver,-76.499712,39.441546,STORE,1
9/6/2019,05:50:00,01,8047 N BALTIMORE ST,HOMICIDE,FIREARM,172,NORTHEASTERN,Harlem Park,-76.331476,39.416421,HOUSE,1
4/25/2021,03:20:00,04,1706 N BALTIMORE ST,COMMON ASSAULT,NONE,304,NORTHWESTERN,Greenmount West,-76.48734,39.266199,STORE,1
7/5/2019,06:59:00,08,3017 N BALTIMORE ST,AGG. ASSAULT,HANDS,239,EASTERN,Morrell Park,-76.462678,39.258246,HOUSE,1
3/2/2021,22:36:00,01,4697 N BALTIMORE ST,ASSAULT,FIREARM,576,NORTHWESTERN,Pigtown,-76.462426,39.25136,HOUSE,1
3/26/2023,20:39:00,03,9571 N BALTIMORE ST,HOMICIDE,KNIFE,188,SOUTHERN,Curtis Bay,-76.476491,39.356531,ALLEY,1
5/1/2022,23:27:00,04,4160 N BALTIMORE ST,AUTO THEFT,NONE,693,EASTERN,Morrell Park,-76.533278,39.478244,ALLEY,1
7/2/2019,01:30:00,09,650 N BALTIMORE ST,AGG. ASSAULT,NONE,590,WESTERN,Hampden,-76.357085,39.408996,STREET,1
2/18/2020,00:44:00,07,3671 N BALTIMORE ST,ASSAULT,HANDS,402,EASTERN,Johnston Square,-76.528281,39.499685,STREET,1
3/23/2021,14:54:00,01,7552 N BALTIMORE ST,SHOOTING,KNIFE,820,CENTRAL,Oliver,-76.478392,39.436958,HOUSE,1
11/3/2019,12:57:00,06,8798 N BALTIMORE ST,LARCENY,HANDS,536,EASTERN,Clifton Park,-76.374134,39.409416,ALLEY,1
10/11/2019,23:59:00,01,8533 N BALTIMORE ST,AUTO THEFT,FIREARM,213,CENTRAL,Waverly,-76.485114,39.339606,STREET,1
11/18/2020,22:04:00,09,3454 N BALTIMORE ST,ASSAULT,HANDS,344,SOUTHERN,Pimlico,-76.43811,39.394712,ALLEY,1
6/12/2020,08:32:00,07,4640 N BALTIMORE ST,LARCENY,FIREARM,481,CENTRAL,Charles Village,-76.496432,39.345868,STREET,1
11/27/2023,17:57:00,05,7505 N BALTIMORE ST,AUTO THEFT,FIREARM,292,CENTRAL,Oliver,-76.332429,39.337362,STREET,1
2/4/2021,05:17:00,02,2524 N BALTIMORE ST,SHOOTING,KNIFE,309,NORTHWESTERN,Govans,-76.443794,39.388183,HOUSE,1
3/16/2023,11:26:00,08,451 N BALTIMORE ST,BURGLARY,KNIFE,164,CENTRAL,Greenmount West,-76.593389,39.440597,HOUSE,1
11/21/2021,10:31:00,09,9086 N BALTIMORE ST,SHOOTING,NONE,411,WESTERN,Greenmount West,-76.429825,39.469485,HOUSE,1
4/16/2021,11:18:00,01,2530 N BALTIMORE ST,AUTO THEFT,HANDS,566,NORTHERN,Cherry Hill,-76.313136,39.385589,ALLEY,1
3/6/2021,22:44:00,03,2741 N BALTIMORE ST,COMMON ASSAULT,FIREARM,142,WESTERN,Pen Lucy,-76.301868,39.372358,STORE,1
4/18/2020,22:02:00,06,5733 N BALTIMORE ST,ASSAULT,HANDS,559,SOUTHERN,Pigtown,-76.43804,39.248779,HOUSE,1
8/25/2022,04:29:00,06,2656 N BALTIMORE ST,LARCENY,HANDS,762,NORTHEASTERN,Druid Heights,-76.388365,39.342173,HOUSE,1
10/24/2020,14:21:00,02,7947 N BALTIMORE ST,LARCENY,KNIFE,794,WESTERN,Charles Village,-76.434712,39.292425,STORE,1
8/12/2020,02:20:00,01,3297 N BALTIMORE ST,HOMICIDE,KNIFE,900,NORTHERN,Irvington,-76.3193,39.283378,STREET,1
11/22/2022,02:32:00,07,3285 N BALTIMORE ST,SHOOTING,HANDS,717,WESTERN,Upton,-76.418477,39.483021,HOUSE,1
6/13/2022,11:00:00,05,5751 N BALTIMORE ST,AUTO THEFT,HANDS,556,NORTHWESTERN,Govans,-76.337709,39.22628,STORE,1
5/6/2022,23:57:00,07,6886 N BALTIMORE ST,ASSAULT,FIREARM,247,EASTERN,Guilford,-76.537665,39.342384,HOUSE,1
2/1/2022,13:40:00,05,6891 N BALTIMORE ST,ASSAULT,NONE,827,WESTERN,Upton,-76.429625,39.474462,ALLEY,1
5/18/2022,15:02:00,05,9688 N BALTIMORE ST,BURGLARY,NONE,672,NORTHERN,Cherry Hill,-76.378043,39.267356,STREET,1
11/27/2021,20:30:00,02,4813 N BALTIMORE ST,AGG. ASSAULT,KNIFE,603,SOUTHERN,Belair-Edison,-76.327962,39.393436,STREET,1
8/3/2021,19:47:00,06,9620 N BALTIMORE ST,SHOOTING,NONE,364,NORTHERN,Druid Heights,-76.411601,39.342812,STREET,1
1/28/2023,08:10:00,01,2494 N BALTIMORE ST,AUTO THEFT,NONE,809,WESTERN,Pimlico,-76.559351,39.248993,HOUSE,1
1/10/2021,09:33:00,02,8519 N BALTIMORE ST,COMMON ASSAULT,KNIFE,883,EASTERN,Pimlico,-76.571647,39.425789,HOUSE,1
5/22/2021,22:44:00,06,1670 N BALTIMORE ST,HOMICIDE,HANDS,247,SOUTHERN,Mount Washington,-76.596131,39.355451,HOUSE,1
6/6/2022,03:13:00,03,8347 N BALTIMORE ST,COMMON ASSAULT,KNIFE,672,EASTERN,Charles Village,-76.415971,39.449425,STREET,1
2/27/2019,04:59:00,01,7956 N BALTIMORE ST,AUTO THEFT,HANDS,807,EASTERN,Greenmount West,-76.491229,39.445112,HOUSE,1
1/24/2021,03:14:00,03,2432 N BALTIMORE ST,COMMON ASSAULT,HANDS,228,CENTRAL,Cherry Hill,-76.537048,39.494333,STORE,1
2/1/2019,15:48:00,07,796 N BALTIMORE ST,COMMON ASSAULT,FIREARM,133,NORTHERN,Pen Lucy,-76.362083,39.354044,STREET,1
1/3/2021,09:42:00,01,1681 N BALTIMORE ST,ROBBERY,KNIFE,701,NORTHEASTERN,Oliver,-76.329648,39.255435,HOUSE,1
12/9/2020,18:22:00,06,2730 N BALTIMORE ST,HOMICIDE,KNIFE,617,NORTHEASTERN,Sandtown-Winchester,-76.428929,39.229732,STREET,1
5/6/2020,17:00:00,02,3606 N BALTIMORE ST,HOMICIDE,NONE,475,NORTHWESTERN,Middle East,-76.39056,39.255538,STREET,1
7/14/2021,06:32:00,04,6777 N BALTIMORE ST,ROBBERY,HANDS,226,NORTHERN,Cherry Hill,-76.460229,39.355918,STORE,1
9/24/2021,01:05:00,06,8188 N BALTIMORE ST,ROBBERY,NONE,390,SOUTHERN,Charles Village,-76.462916,39.420852,STORE,1
5/28/2022,13:12:00,02,7893 N BALTIMORE ST,AUTO THEFT,KNIFE,113,WESTERN,Curtis Bay,-76.300383,39.347495,STREET,1
11/22/2023,02:07:00,03,6568 N BALTIMORE ST,AGG. ASSAULT,FIREARM,859,EASTERN,Govans,-76.322413,39.493356,STREET,1
4/20/2021,12:07:00,04,7058 N BALTIMORE ST,SHOOTING,HANDS,883,NORTHWESTERN,Pimlico,-76.385952,39.374576,HOUSE,1
6/16/2022,21:38:00,07,8038 N BALTIMORE ST,HOMICIDE,HANDS,250,NORTHERN,Charles Village,-76.3696,39.232411,HOUSE,1
11/5/2020,00:06:00,01,1217 N BALTIMORE ST,SHOOTING,FIREARM,283,EASTERN,Oliver,-76.48521,39.403761,ALLEY,1
2/25/2023,02:42:00,09,8164 N BALTIMORE ST,SHOOTING,KNIFE,400,WESTERN,Westport,-76.401372,39.347075,HOUSE,1
9/1/2023,01:27:00,02,6385 N BALTIMORE ST,SHOOTING,HANDS,485,SOUTHERN,Berea,-76.467233,39.210794,ALLEY,1
12/6/2021,15:27:00,03,5219 N BALTIMORE ST,AGG. ASSAULT,NONE,882,CENTRAL,Berea,-76.567185,39.402507,STORE,1
9/2/2020,12:16:00,08,9783 N BALTIMORE ST,AGG. ASSAULT,HANDS,884,WESTERN,Oliver,-76.306665,39.296145,STREET,1
6/12/2020,23:37:00,01,5691 N BALTIMORE ST,AGG. ASSAULT,FIREARM,538,NORTHEASTERN,Morrell Park,-76.496457,39.30721,HOUSE,1
4/8/2020,20:19:00,02,1173 N BALTIMORE ST,BURGLARY,FIREARM,445,CENTRAL,Harlem Park,-76.549066,39.361525,STREET,1
10/17/2022,13:17:00,01,7795 N BALTIMORE ST,LARCENY,HANDS,486,CENTRAL,Johnston Square,-76.428894,39.296726,STREET,1
12/22/2019,06:21:00,08,8337 N BALTIMORE ST,AUTO THEFT,KNIFE,729,EASTERN,Waverly,-76.510144,39.490828,ALLEY,1
9/7/2019,09:16:00,01,4971 N BALTIMORE ST,AGG. ASSAULT,KNIFE,739,CENTRAL,Oliver,-76.377134,39.227587,STREET,1
2/19/2021,16:30:00,07,3536 N BALTIMORE ST,AUTO THEFT,FIREARM,767,SOUTHERN,Morrell Park,-76.352878,39.351392,HOUSE,1
6/7/2023,13:25:00,05,8543 N BALTIMORE ST,SHOOTING,KNIFE,119,CENTRAL,Greenmount West,-76.411647,39.354867,ALLEY,1
11/27/2020,23:29:00,05,8828 N BALTIMORE ST,AGG. ASSAULT,FIREARM,634,EASTERN,Morrell Park,-76.539806,39.338746,ALLEY,1
7/14/2021,10:55:00,02,3435 N BALTIMORE ST,AGG. ASSAULT,HANDS,393,CENTRAL,Belair-Edison,-76.406187,39.276934,ALLEY,1
3/7/2019,00:15:00,05,7704 N BALTIMORE ST,SHOOTING,NONE,532,NORTHWESTERN,Govans,-76.405923,39.211101,ALLEY,1
5/26/2019,08:42:00,09,2983 N BALTIMORE ST,LARCENY,NONE,120,NORTHWESTERN,Pigtown,-76.583402,39.468952,HOUSE,1
7/12/2019,21:42:00,02,6602 N BALTIMORE ST,ASSAULT,KNIFE,214,SOUTHERN,Irvington,-76.428708,39.350075,STREET,1
9/9/2023,15:56:00,02,4000 N BALTIMORE ST,ROBBERY,HANDS,437,CENTRAL,Middle East,-76.3503,39.421171,ALLEY,1
3/4/2020,05:13:00,05,7300 N BALTIMORE ST,AGG. ASSAULT,HANDS,703,EASTERN,Hampden,-76.583222,39.360041,STREET,1
8/22/2022,07:17:00,03,6047 N BALTIMORE ST,SHOOTING,HANDS,415,WESTERN,Park Heights,-76.593678,39.490042,STREET,1
12/26/2019,21:15:00,05,9155 N BALTIMORE ST,AGG. ASSAULT,HANDS,754,CENTRAL,Homeland,-76.312455,39.308857,STREET,1
8/13/2020,00:58:00,07,4286 N BALTIMORE ST,BURGLARY,FIREARM,874,NORTHERN,Berea,-76.529362,39.263116,ALLEY,1
11/14/2021,01:17:00,02,8155 N BALTIMORE ST,SHOOTING,NONE,440,EASTERN,Hampden,-76.384784,39.463028,STREET,1
9/3/2021,11:26:00,09,5453 N BALTIMORE ST,SHOOTING,FIREARM,880,NORTHWESTERN,Homeland,-76.58437,39.392478,STORE,1
1/13/2020,06:40:00,05,5240 N BALTIMORE ST,ROBBERY,FIREARM,261,CENTRAL,Waverly,-76.525119,39.414069,ALLEY,1
6/15/2022,15:55:00,03,4370 N BALTIMORE ST,ASSAULT,HANDS,388,WESTERN,Mount Washington,-76.540401,39.324349,ALLEY,1
4/1/2023,00:59:00,09,3847 N BALTIMORE ST,ROBBERY,NONE,303,EASTERN,Govans,-76.521465,39.455549,STREET,1
10/9/2022,04:05:00,06,2887 N BALTIMORE ST,ROBBERY,FIREARM,835,WESTERN,Govans,-76.442249,39.432008,STORE,1
2/8/2022,22:13:00,04,4461 N BALTIMORE ST,BURGLARY,NONE,491,CENTRAL,Homeland,-76.56094,39.456901,ALLEY,1
7/6/2020,13:50:00,03,571 N BALTIMORE ST,BURGLARY,HANDS,341,SOUTHERN,Homeland,-76.414696,39.472198,HOUSE,1
2/1/2022,15:08:00,06,6613 N BALTIMORE ST,COMMON ASSAULT,NONE,825,CENTRAL,Morrell Park,-76.473013,39.379159,STREET,1
1/11/2019,07:30:00,06,9901 N BALTIMORE ST,LARCENY,FIREARM,359,WESTERN,Druid Heights,-76.448637,39.314281,STORE,1
9/2/2020,18:11:00,05,2883 N BALTIMORE ST,HOMICIDE,NONE,447,SOUTHERN,Eastwood,-76.336631,39.239576,HOUSE,1
3/9/2022,03:20:00,01,2195 N BALTIMORE ST,SHOOTING,HANDS,865,WESTERN,Pen Lucy,-76.491822,39.329026,HOUSE,1
9/11/2021,13:57:00,03,5269 N BALTIMORE ST,SHOOTING,KNIFE,669,NORTHERN,Irvington,-76.34409,39.397226,STORE,1
1/8/2020,05:02:00,08,4363 N BALTIMORE ST,ASSAULT,NONE,546,NORTHWESTERN,Harlem Park,-76.565193,39.468553,STORE,1
12/18/2021,15:29:00,08,1943 N BALTIMORE ST,ASSAULT,FIREARM,457,EASTERN,Harlem Park,-76.571927,39.460452,ALLEY,1
5/19/2023,21:37:00,04,9660 N BALTIMORE ST,LARCENY,KNIFE,526,NORTHWESTERN,Homeland,-76.323876,39.273847,STORE,1
1/10/2021,21:43:00,02,6558 N BALTIMORE ST,AUTO THEFT,FIREARM,431,NORTHEASTERN,Eastwood,-76.553867,39.224319,STORE,1
10/22/2021,00:21:00,01,7523 N BALTIMORE ST,AUTO THEFT,KNIFE,316,CENTRAL,Johnston Square,-76.341016,39.440467,HOUSE,1
12/3/2019,17:38:00,07,1616 N BALTIMORE ST,AGG. ASSAULT,HANDS,282,NORTHERN,Park Heights,-76.527976,39.431263,STORE,1
3/13/2020,12:18:00,03,2075 N BALTIMORE ST,BURGLARY,NONE,542,NORTHEASTERN,Upton,-76.379233,39.47651,ALLEY,1
6/17/2019,06:31:00,08,6458 N BALTIMORE ST,SHOOTING,HANDS,676,CENTRAL,Pimlico,-76.419898,39.227067,STORE,1
3/14/2023,20:27:00,02,762 N BALTIMORE ST,HOMICIDE,HANDS,574,SOUTHERN,Waverly,-76.397068,39.394283,ALLEY,1
11/21/2023,16:05:00,05,7771 N BALTIMORE ST,AGG. ASSAULT,FIREARM,589,EASTERN,Hampden,-76.509882,39.495256,HOUSE,1
7/10/2023,18:03:00,09,1353 N BALTIMORE ST,LARCENY,FIREARM,622,NORTHWESTERN,Homeland,-76.472526,39.228345,HOUSE,1
2/25/2023,16:01:00,02,7683 N BALTIMORE ST,ASSAULT,KNIFE,502,SOUTHERN,Pimlico,-76.586422,39.324875,HOUSE,1
11/15/2022,19:51:00,05,5692 N BALTIMORE ST,ASSAULT,KNIFE,289,WESTERN,Park Heights,-76.576534,39.494656,HOUSE,1
7/18/2019,00:00:00,07,2011 N BALTIMORE ST,LARCENY,KNIFE,771,CENTRAL,Mount Washington,-76.456864,39.407542,STORE,1
6/23/2023,21:44:00,07,5058 N BALTIMORE ST,ROBBERY,KNIFE,238,WESTERN,Westport,-76.595837,39.233574,STREET,1
4/16/2019,20:09:00,04,7239 N BALTIMORE ST,HOMICIDE,KNIFE,188,NORTHWESTERN,Pen Lucy,-76.509725,39.339028,STORE,1
3/5/2019,23:44:00,08,8047 N BALTIMORE ST,SHOOTING,FIREARM,560,NORTHEASTERN,Greenmount West,-76.424432,39.260402,STORE,1
2/21/2019,22:27:00,07,8221 N BALTIMORE ST,HOMICIDE,HANDS,137,SOUTHERN,Harlem Park,-76.453751,39.34583,STORE,1
9/1/2019,13:36:00,06,9164 N BALTIMORE ST,ROBBERY,HANDS,763,CENTRAL,Curtis Bay,-76.474859,39.342001,STORE,1
8/23/2021,13:01:00,03,4818 N BALTIMORE ST,COMMON ASSAULT,NONE,452,CENTRAL,Irvington,-76.468567,39.352291,HOUSE,1
3/10/2022,23:45:00,07,6929 N BALTIMORE ST,AUTO THEFT,NONE,265,WESTERN,Hampden,-76.413447,39.284737,STREET,1
3/7/2020,05:38:00,08,1753 N BALTIMORE ST,AGG. ASSAULT,NONE,410,EASTERN,Eastwood,-76.529584,39.367049,STREET,1
11/6/2021,05:52:00,09,623 N BALTIMORE ST,ROBBERY,HANDS,540,SOUTHERN,Pimlico,-76.565809,39.268007,ALLEY,1
6/25/2021,01:49:00,09,4482 N BALTIMORE ST,ASSAULT,FIREARM,823,SOUTHERN,Oliver,-76.584873,39.48388,STORE,1
2/26/2019,19:39:00,02,9315 N BALTIMORE ST,LARCENY,FIREARM,271,NORTHERN,Homeland,-76.411022,39.461261,HOUSE,1
12/15/2021,16:31:00,02,2627 N BALTIMORE ST,AUTO THEFT,HANDS,241,CENTRAL,Cherry Hill,-76.563105,39.260567,STORE,1
4/27/2019,15:21:00,05,8374 N BALTIMORE ST,ASSAULT,FIREARM,372,NORTHERN,Charles Village,-76.488269,39.426454,HOUSE,1
3/25/2020,16:26:00,04,2360 N BALTIMORE ST,AGG. ASSAULT,NONE,519,CENTRAL,Clifton Park,-76.33058,39.485552,HOUSE,1
1/23/2020,16:04:00,02,5642 N BALTIMORE ST,AUTO THEFT,NONE,890,EASTERN,Sandtown-Winchester,-76.550703,39.21844,STREET,1
10/2/2020,20:45:00,09,4945 N BALTIMORE ST,AGG. ASSAULT,NONE,797,CENTRAL,Eastwood,-76.389763,39.462064,HOUSE,1
5/17/2019,19:58:00,03,6718 N BALTIMORE ST,SHOOTING,KNIFE,657,SOUTHERN,Hampden,-76.412692,39.385456,STORE,1
4/10/2022,02:02:00,09,5580 N BALTIMORE ST,AGG. ASSAULT,KNIFE,632,SOUTHERN,Pen Lucy,-76.302423,39.285178,STREET,1
9/11/2021,20:10:00,01,556 N BALTIMORE ST,HOMICIDE,HANDS,347,WESTERN,Middle East,-76.350331,39.291183,STORE,1
6/9/2019,20:32:00,06,2128 N BALTIMORE ST,LARCENY,FIREARM,559,NORTHEASTERN,Middle East,-76.510612,39.421058,STORE,1
10/23/2023,20:42:00,09,9857 N BALTIMORE ST,COMMON ASSAULT,HANDS,406,NORTHWESTERN,Park Heights,-76.514639,39.435437,ALLEY,1
12/8/2023,03:20:00,09,9641 N BALTIMORE ST,COMMON ASSAULT,HANDS,565,EASTERN,Pen Lucy,-76.570604,39.413492,STORE,1
7/5/2019,15:13:00,08,1379 N BALTIMORE ST,AUTO THEFT,NONE,702,NORTHEASTERN,Upton,-76.432309,39.433647,HOUSE,1
8/23/2022,15:46:00,07,2768 N BALTIMORE ST,ASSAULT,KNIFE,596,EASTERN,Morrell Park,-76.386655,39.238816,STREET,1
8/2/2022,23:10:00,09,6151 N BALTIMORE ST,ROBBERY,NONE,212,NORTHWESTERN,Pen Lucy,-76.56374,39.371529,STREET,1
6/10/2019,11:19:00,05,8061 N BALTIMORE ST,LARCENY,KNIFE,245,NORTHWESTERN,Middle East,-76.364862,39.326527,HOUSE,1
3/27/2020,23:31:00,01,2104 N BALTIMORE ST,HOMICIDE,HANDS,169,SOUTHERN,Roland Park,-76.338872,39.325273,HOUSE,1
7/16/2021,23:53:00,03,2369 N BALTIMORE ST,HOMICIDE,NONE,879,EASTERN,Morrell Park,-76.465021,39.334722,HOUSE,1
11/20/2023,13:24:00,04,6578 N BALTIMORE ST,AUTO THEFT,FIREARM,786,NORTHERN,Upton,-76.332987,39.420774,STREET,1
10/21/2019,22:19:00,09,2128 N BALTIMORE ST,HOMICIDE,FIREARM,297,NORTHWESTERN,Mount Washington,-76.31345,39.36255,STREET,1
8/17/2020,00:07:00,09,3044 N BALTIMORE ST,LARCENY,HANDS,310,WESTERN,Morrell Park,-76.526414,39.411685,STORE,1
10/11/2023,12:37:00,01,8152 N BALTIMORE ST,LARCENY,HANDS,547,NORTHERN,Upton,-76.545848,39.207217,HOUSE,1
2/4/2019,17:10:00,05,2459 N BALTIMORE ST,ASSAULT,HANDS,886,SOUTHERN,Govans,-76.573111,39.292038,STORE,1
10/11/2019,05:01:00,01,4982 N BALTIMORE ST,AGG. ASSAULT,FIREARM,427,NORTHWESTERN,Eastwood,-76.557262,39.467903,HOUSE,1
1/7/2019,07:48:00,04,8176 N BALTIMORE ST,HOMICIDE,NONE,217,NORTHERN,Govans,-76.519214,39.295501,STORE,1
7/21/2019,07:58:00,01,4509 N BALTIMORE ST,HOMICIDE,FIREARM,352,EASTERN,Upton,-76.371107,39.395465,ALLEY,1
8/3/2022,20:32:00,04,2432 N BALTIMORE ST,AUTO THEFT,KNIFE,900,WESTERN,Westport,-76.526452,39.485784,STORE,1
10/10/2022,20:10:00,01,1085 N BALTIMORE ST,SHOOTING,HANDS,712,NORTHEASTERN,Harlem Park,-76.524733,39.403999,HOUSE,1
10/27/2020,16:18:00,01,2744 N BALTIMORE ST,HOMICIDE,FIREARM,407,CENTRAL,Homeland,-76.573085,39.409529,ALLEY,1
7/7/2021,19:32:00,06,5713 N BALTIMORE ST,BURGLARY,NONE,379,WESTERN,Guilford,-76.526222,39.494907,HOUSE,1
6/1/2023,22:08:00,01,7907 N BALTIMORE ST,LARCENY,FIREARM,788,EASTERN,Brooklyn,-76.547939,39.366737,STORE,1
2/26/2023,20:41:00,02,8925 N BALTIMORE ST,LARCENY,NONE,788,EASTERN,Charles Village,-76.562975,39.491612,STORE,1
7/6/2021,22:00:00,02,7680 N BALTIMORE ST,AUTO THEFT,KNIFE,555,WESTERN,Homeland,-76.597191,39.422943,HOUSE,1
4/3/2021,19:40:00,05,3723 N BALTIMORE ST,COMMON ASSAULT,NONE,471,CENTRAL,Eastwood,-76.588961,39.347851,ALLEY,1
2/28/2022,08:36:00,09,8193 N BALTIMORE ST,ASSAULT,KNIFE,775,NORTHWESTERN,Sandtown-Winchester,-76.378356,39.401653,ALLEY,1
12/3/2020,04:16:00,04,8670 N BALTIMORE ST,BURGLARY,KNIFE,794,WESTERN,Upton,-76.593065,39.490943,HOUSE,1
1/14/2022,20:43:00,01,5392 N BALTIMORE ST,AGG. ASSAULT,NONE,380,WESTERN,Eastwood,-76.563485,39.355489,STORE,1
12/8/2019,01:17:00,07,8823 N BALTIMORE ST,SHOOTING,HANDS,105,WESTERN,Pimlico,-76.482442,39.300412,STREET,1
2/8/2022,06:10:00,06,5192 N BALTIMORE ST,ROBBERY,FIREARM,128,NORTHWESTERN,Guilford,-76.45601,39.442418,HOUSE,1
2/16/2020,07:21:00,01,5565 N BALTIMORE ST,HOMICIDE,KNIFE,174,SOUTHERN,Homeland,-76.367275,39.38587,STREET,1
2/3/2023,01:58:00,01,6283 N BALTIMORE ST,AUTO THEFT,FIREARM,230,EASTERN,Clifton Park,-76.581399,39.440716,STREET,1
2/4/2022,21:03:00,09,955 N BALTIMORE ST,BURGLARY,NONE,511,WESTERN,Westport,-76.571251,39.425589,ALLEY,1
1/15/2023,12:29:00,07,1759 N BALTIMORE ST,AUTO THEFT,FIREARM,564,WESTERN,Mount Washington,-76.444836,39.376344,STREET,1
12/3/2023,18:50:00,04,9491 N BALTIMORE ST,ASSAULT,HANDS,463,NORTHEASTERN,Druid Heights,-76.473698,39.417387,STORE,1
1/2/2020,04:19:00,07,8507 N BALTIMORE ST,AUTO THEFT,HANDS,697,NORTHWESTERN,Cherry Hill,-76.334433,39.432649,ALLEY,1
6/10/2023,11:00:00,09,9708 N BALTIMORE ST,ASSAULT,FIREARM,343,SOUTHERN,Oliver,-76.447868,39.450552,STREET,1
4/21/2020,06:50:00,02,5695 N BALTIMORE ST,COMMON ASSAULT,NONE,811,SOUTHERN,Greenmount West,-76.392448,39.340221,HOUSE,1
6/20/2023,09:26:00,06,2758 N BALTIMORE ST,ROBBERY,NONE,143,WESTERN,Mount Washington,-76.451221,39.475986,ALLEY,1
10/7/2022,07:30:00,06,6258 N BALTIMORE ST,COMMON ASSAULT,NONE,288,NORTHWESTERN,Pen Lucy,-76.352175,39.202018,STREET,1
9/4/2019,04:18:00,08,3285 N BALTIMORE ST,AUTO THEFT,FIREARM,130,SOUTHERN,Upton,-76.540263,39.28523,ALLEY,1
6/28/2020,17:15:00,03,3311 N BALTIMORE ST,LARCENY,KNIFE,368,SOUTHERN,Roland Park,-76.326805,39.206298,ALLEY,1
6/7/2019,09:29:00,04,6156 N BALTIMORE ST,AUTO THEFT,KNIFE,639,CENTRAL,Govans,-76.306869,39.499308,STORE,1
2/5/2019,04:50:00,04,3240 N BALTIMORE ST,HOMICIDE,NONE,811,CENTRAL,Roland Park,-76.487723,39.379865,ALLEY,1
10/7/2023,17:18:00,03,5468 N BALTIMORE ST,COMMON ASSAULT,FIREARM,744,NORTHEASTERN,Hampden,-76.361316,39.461855,STORE,1
8/26/2019,21:39:00,02,2843 N BALTIMORE ST,HOMICIDE,NONE,869,CENTRAL,Brooklyn,-76.335273,39.425341,HOUSE,1
3/11/2022,22:23:00,09,8018 N BALTIMORE ST,SHOOTING,NONE,374,WESTERN,Oliver,-76.425644,39.391432,STREET,1
8/28/2020,07:25:00,04,5113 N BALTIMORE ST,AGG. ASSAULT,NONE,685,NORTHWESTERN,Brooklyn,-76.552837,39.452729,HOUSE,1
2/10/2020,14:33:00,06,3871 N BALTIMORE ST,LARCENY,NONE,624,NORTHEASTERN,Berea,-76.413662,39.327831,STORE,1
8/11/2021,08:24:00,01,3042 N BALTIMORE ST,SHOOTING,KNIFE,371,EASTERN,Greenmount West,-76.406394,39.307728,STREET,1
9/18/2023,20:05:00,05,3831 N BALTIMORE ST,ROBBERY,FIREARM,173,NORTHERN,Westport,-76.491929,39.363808,HOUSE,1
5/10/2021,23:52:00,05,3223 N BALTIMORE ST,ASSAULT,HANDS,108,CENTRAL,Brooklyn,-76.368977,39.284554,HOUSE,1
10/25/2022,20:00:00,08,8499 N BALTIMORE ST,ASSAULT,NONE,333,EASTERN,Waverly,-76.531922,39.424741,STORE,1
9/25/2023,14:46:00,08,5681 N BALTIMORE ST,ROBBERY,HANDS,292,WESTERN,Curtis Bay,-76.471362,39.482579,STORE,1
9/1/2022,11:08:00,03,5106 N BALTIMORE ST,LARCENY,NONE,774,EASTERN,Brooklyn,-76.34971,39.301947,STORE,1
12/18/2022,09:20:00,01,9399 N BALTIMORE ST,LARCENY,KNIFE,257,CENTRAL,Greenmount West,-76.306827,39.498277,STORE,1
2/18/2022,12:12:00,08,1879 N BALTIMORE ST,AUTO THEFT,NONE,754,NORTHWESTERN,Govans,-76.331577,39.227972,STREET,1
1/27/2020,22:38:00,08,539 N BALTIMORE ST,ASSAULT,KNIFE,171,WESTERN,Eastwood,-76.326596,39.315768,ALLEY,1
2/15/2023,01:23:00,09,280 N BALTIMORE ST,ASSAULT,HANDS,520,SOUTHERN,Curtis Bay,-76.482668,39.496879,ALLEY,1
12/3/2022,12:57:00,04,2228 N BALTIMORE ST,COMMON ASSAULT,HANDS,542,EASTERN,Berea,-76.354631,39.399438,ALLEY,1
10/7/2021,16:45:00,08,4612 N BALTIMORE ST,COMMON ASSAULT,FIREARM,246,WESTERN,Irvington,-76.466281,39.447375,ALLEY,1
8/15/2023,14:36:00,01,1592 N BALTIMORE ST,BURGLARY,NONE,455,SOUTHERN,Middle East,-76.389905,39.413494,HOUSE,1
7/8/2020,05:57:00,07,7601 N BALTIMORE ST,AGG. ASSAULT,KNIFE,815,WESTERN,Govans,-76.429415,39.318065,STREET,1
5/21/2020,17:18:00,02,3659 N BALTIMORE ST,SHOOTING,NONE,880,NORTHERN,Curtis Bay,-76.434153,39.498595,STREET,1
6/14/2023,14:10:00,05,3497 N BALTIMORE ST,HOMICIDE,FIREARM,573,NORTHEASTERN,Charles Village,-76.591985,39.39166,STORE,1
4/13/2022,01:00:00,05,1978 N BALTIMORE ST,ASSAULT,HANDS,786,SOUTHERN,Govans,-76.375397,39.345428,STREET,1
12/15/2020,04:30:00,05,2743 N BALTIMORE ST,ASSAULT,FIREARM,721,WESTERN,Upton,-76.569845,39.288243,STORE,1
11/9/2019,04:28:00,06,3015 N BALTIMORE ST,COMMON ASSAULT,FIREARM,791,NORTHEASTERN,Cherry Hill,-76.44031,39.332617,STREET,1
11/22/2023,22:42:00,02,6499 N BALTIMORE ST,BURGLARY,NONE,153,CENTRAL,Homeland,-76.420538,39.214599,STORE,1
6/8/2020,06:05:00,01,7008 N BALTIMORE ST,LARCENY,FIREARM,445,NORTHWESTERN,Charles Village,-76.353842,39.403988,STREET,1
12/6/2020,01:26:00,09,1864 N BALTIMORE ST,AUTO THEFT,HANDS,675,NORTHEASTERN,Curtis Bay,-76.411964,39.387402,STORE,1
4/4/2020,11:20:00,03,345 N BALTIMORE ST,AGG. ASSAULT,HANDS,112,NORTHEASTERN,Greenmount West,-76.483244,39.337633,STREET,1
11/20/2021,11:02:00,02,3680 N BALTIMORE ST,AGG. ASSAULT,HANDS,885,NORTHERN,Eastwood,-76.420339,39.494931,STREET,1
3/9/2023,03:38:00,06,6466 N BALTIMORE ST,ASSAULT,HANDS,279,WESTERN,Pen Lucy,-76.409394,39.46519,HOUSE,1
2/11/2022,00:38:00,08,6364 N BALTIMORE ST,HOMICIDE,KNIFE,615,CENTRAL,Mount Washington,-76.423759,39.496514,ALLEY,1
5/8/2019,23:27:00,04,1400 N BALTIMORE ST,LARCENY,KNIFE,483,WESTERN,Sandtown-Winchester,-76.450382,39.260604,STORE,1
4/24/2019,19:28:00,06,2299 N BALTIMORE ST,BURGLARY,HANDS,759,CENTRAL,Brooklyn,-76.363909,39.211882,STORE,1
1/8/2021,23:21:00,06,4069 N BALTIMORE ST,COMMON ASSAULT,FIREARM,780,NORTHERN,Clifton Park,-76.303487,39.440436,ALLEY,1
9/11/2022,05:28:00,01,1158 N BALTIMORE ST,SHOOTING,FIREARM,297,NORTHERN,Irvington,-76.584368,39.497604,ALLEY,1
10/18/2020,06:15:00,09,1380 N BALTIMORE ST,AGG. ASSAULT,NONE,418,NORTHEASTERN,Belair-Edison,-76.550752,39.259261,STORE,1
5/10/2020,18:28:00,04,4554 N BALTIMORE ST,SHOOTING,FIREARM,468,WESTERN,Cherry Hill,-76.480527,39.25033,STORE,1
12/14/2023,04:52:00,08,424 N BALTIMORE ST,AGG. ASSAULT,NONE,185,WESTERN,Greenmount West,-76.372343,39.47646,ALLEY,1
5/13/2020,14:19:00,08,4740 N BALTIMORE ST,AGG. ASSAULT,NONE,173,CENTRAL,Berea,-76.50003,39.414459,ALLEY,1
1/28/2019,16:46:00,06,8151 N BALTIMORE ST,AGG. ASSAULT,NONE,504,NORTHWESTERN,Belair-Edison,-76.308852,39.311943,STORE,1
2/14/2023,01:58:00,02,6404 N BALTIMORE ST,ASSAULT,KNIFE,881,CENTRAL,Westport,-76.469111,39.276578,HOUSE,1
11/23/2022,11:44:00,01,6413 N BALTIMORE ST,AGG. ASSAULT,KNIFE,348,CENTRAL,Middle East,-76.456682,39.476441,HOUSE,1
12/22/2019,20:09:00,05,7562 N BALTIMORE ST,ASSAULT,HANDS,353,CENTRAL,Clifton Park,-76.419355,39.485533,ALLEY,1
11/23/2019,12:25:00,02,8595 N BALTIMORE ST,COMMON ASSAULT,NONE,269,NORTHEASTERN,Sandtown-Winchester,-76.351075,39.275861,HOUSE,1
10/10/2022,23:26:00,02,1890 N BALTIMORE ST,AUTO THEFT,KNIFE,375,WESTERN,Middle East,-76.375381,39.479005,STORE,1
3/27/2019,15:00:00,02,1244 N BALTIMORE ST,AGG. ASSAULT,NONE,770,SOUTHERN,Pen Lucy,-76.513498,39.329285,ALLEY,1
4/16/2020,05:32:00,02,7483 N BALTIMORE ST,COMMON ASSAULT,KNIFE,305,NORTHWESTERN,Pimlico,-76.582305,39.254819,ALLEY,1
8/21/2022,19:06:00,03,1407 N BALTIMORE ST,BURGLARY,FIREARM,486,NORTHERN,Pigtown,-76.562596,39.219279,STREET,1
8/22/2022,03:00:00,01,4459 N BALTIMORE ST,LARCENY,FIREARM,199,NORTHWESTERN,Morrell Park,-76.536679,39.437536,STORE,1
8/16/2021,10:38:00,07,5614 N BALTIMORE ST,AUTO THEFT,HANDS,422,WESTERN,Irvington,-76.354946,39.482297,STORE,1
6/28/2019,10:51:00,02,150 N BALTIMORE ST,SHOOTING,NONE,842,WESTERN,Govans,-76.349374,39.477511,STREET,1
5/23/2023,07:23:00,08,7885 N BALTIMORE ST,HOMICIDE,NONE,776,NORTHEASTERN,Irvington,-76.54362,39.495854,HOUSE,1
1/26/2021,23:20:00,08,3926 N BALTIMORE ST,SHOOTING,NONE,856,CENTRAL,Sandtown-Winchester,-76.416222,39.224411,STORE,1
12/13/2019,09:38:00,04,2445 N BALTIMORE ST,HOMICIDE,FIREARM,230,EASTERN,Hampden,-76.450622,39.226127,STORE,1
8/22/2019,17:15:00,04,3567 N BALTIMORE ST,ASSAULT,FIREARM,208,EASTERN,Cherry Hill,-76.469532,39.41473,ALLEY,1
5/8/2022,23:16:00,08,2116 N BALTIMORE ST,ASSAULT,NONE,192,SOUTHERN,Hampden,-76.361338,39.29984,ALLEY,1
2/21/2023,10:24:00,07,9306 N BALTIMORE ST,AGG. ASSAULT,KNIFE,328,WESTERN,Hampden,-76.522272,39.287293,STREET,1
4/24/2023,03:36:00,06,2187 N BALTIMORE ST,AUTO THEFT,NONE,690,SOUTHERN,Upton,-76.378925,39.29324,ALLEY,1
6/25/2022,11:51:00,03,8615 N BALTIMORE ST,COMMON ASSAULT,FIREARM,504,EASTERN,Mount Washington,-76.597243,39.455709,HOUSE,1
4/16/2021,21:29:00,03,9954 N BALTIMORE ST,BURGLARY,KNIFE,864,NORTHERN,Belair-Edison,-76.400395,39.440388,STREET,1
9/23/2021,03:17:00,08,3634 N BALTIMORE ST,SHOOTING,HANDS,821,SOUTHERN,Irvington,-76.310051,39.217644,HOUSE,1
12/26/2020,07:44:00,01,3033 N BALTIMORE ST,SHOOTING,NONE,406,NORTHERN,Belair-Edison,-76.304683,39.397775,ALLEY,1
6/14/2022,21:30:00,06,6512 N BALTIMORE ST,AGG. ASSAULT,FIREARM,640,WESTERN,Sandtown-Winchester,-76.381974,39.284709,ALLEY,1
7/4/2023,04:20:00,01,5081 N BALTIMORE ST,SHOOTING,KNIFE,691,NORTHERN,Pen Lucy,-76.558732,39.408787,HOUSE,1
4/26/2020,23:12:00,01,6034 N BALTIMORE ST,ROBBERY,KNIFE,485,NORTHWESTERN,Roland Park,-76.314881,39.328133,ALLEY,1
6/16/2019,05:03:00,02,8544 N BALTIMORE ST,AUTO THEFT,NONE,252,NORTHEASTERN,Hampden,-76.411908,39.321198,STREET,1
8/10/2022,22:38:00,03,6250 N BALTIMORE ST,ROBBERY,NONE,765,NORTHWESTERN,Druid Heights,-76.48537,39.3897,STORE,1
2/3/2019,03:31:00,09,3785 N BALTIMORE ST,LARCENY,NONE,380,NORTHEASTERN,Pimlico,-76.391882,39.228366,ALLEY,1
5/19/2022,04:06:00,06,1140 N BALTIMORE ST,HOMICIDE,KNIFE,515,EASTERN,Govans,-76.35614,39.205924,STORE,1
9/23/2023,20:07:00,04,2022 N BALTIMORE ST,ASSAULT,KNIFE,105,WESTERN,Upton,-76.433583,39.440154,STREET,1
4/21/2023,05:05:00,09,4306 N BALTIMORE ST,LARCENY,FIREARM,227,NORTHWESTERN,Harlem Park,-76.448156,39.309068,ALLEY,1
4/10/2019,01:33:00,05,8850 N BALTIMORE ST,SHOOTING,KNIFE,690,CENTRAL,Greenmount West,-76.452867,39.293881,HOUSE,1
4/23/2023,03:42:00,01,3984 N BALTIMORE ST,LARCENY,KNIFE,245,WESTERN,Irvington,-76.510087,39.449788,ALLEY,1
10/12/2020,08:08:00,07,1318 N BALTIMORE ST,HOMICIDE,HANDS,366,WESTERN,Irvington,-76.485465,39.471098,STORE,1
11/14/2021,22:09:00,09,3438 N BALTIMORE ST,ROBBERY,HANDS,748,NORTHEASTERN,Johnston Square,-76.390959,39.257788,HOUSE,1
10/6/2023,13:52:00,03,5283 N BALTIMORE ST,AGG. ASSAULT,NONE,126,CENTRAL,Morrell Park,-76.310795,39.274249,HOUSE,1
11/18/2019,13:04:00,06,1557 N BALTIMORE ST,AUTO THEFT,HANDS,896,WESTERN,Druid Heights,-76.518024,39.460657,ALLEY,1
7/8/2019,12:06:00,02,2979 N BALTIMORE ST,HOMICIDE,HANDS,702,NORTHEASTERN,Pigtown,-76.353597,39.346886,HOUSE,1
9/9/2021,19:06:00,01,2897 N BALTIMORE ST,AUTO THEFT,NONE,285,WESTERN,Pen Lucy,-76.496448,39.422389,STORE,1
5/1/2020,21:32:00,03,2170 N BALTIMORE ST,ASSAULT,NONE,681,WESTERN,Oliver,-76.379373,39.215859,HOUSE,1
11/20/2020,13:45:00,08,3099 N BALTIMORE ST,SHOOTING,HANDS,579,NORTHERN,Pen Lucy,-76.449331,39.282747,STORE,1
5/21/2020,02:19:00,07,5223 N BALTIMORE ST,ROBBERY,FIREARM,178,CENTRAL,Middle East,-76.381014,39.48346,ALLEY,1
12/10/2019,17:59:00,08,275 N BALTIMORE ST,AGG. ASSAULT,KNIFE,591,NORTHEASTERN,Morrell Park,-76.450658,39.405537,STREET,1
4/27/2023,23:00:00,07,8854 N BALTIMORE ST,AUTO THEFT,KNIFE,856,NORTHEASTERN,Govans,-76.401648,39.476138,STREET,1
11/25/2020,16:57:00,04,2964 N BALTIMORE ST,ROBBERY,HANDS,236,EASTERN,Irvington,-76.445895,39.485745,STORE,1
6/4/2020,10:58:00,04,8932 N BALTIMORE ST,ROBBERY,HANDS,406,EASTERN,Oliver,-76.455063,39.279425,STREET,1
7/7/2023,09:59:00,09,680 N BALTIMORE ST,SHOOTING,NONE,158,CENTRAL,Guilford,-76.493277,39.384659,HOUSE,1
1/12/2019,23:11:00,07,5908 N BALTIMORE ST,LARCENY,FIREARM,541,SOUTHERN,Westport,-76.452386,39.225423,ALLEY,1
1/5/2022,21:16:00,04,7811 N BALTIMORE ST,AGG. ASSAULT,HANDS,406,NORTHEASTERN,Greenmount West,-76.490651,39.467658,HOUSE,1
3/5/2022,11:47:00,07,195 N BALTIMORE ST,AUTO THEFT,KNIFE,213,EASTERN,Druid Heights,-76.54313,39.212077,STORE,1
1/6/2021,21:12:00,08,4454 N BALTIMORE ST,ROBBERY,NONE,600,CENTRAL,Greenmount West,-76.434963,39.439946,ALLEY,1
9/24/2022,23:53:00,07,2253 N BALTIMORE ST,ROBBERY,FIREARM,121,NORTHERN,Park Heights,-76.562163,39.303236,STREET,1
1/22/2020,10:27:00,01,7216 N BALTIMORE ST,SHOOTING,HANDS,388,CENTRAL,Charles Village,-76.454221,39.42827,ALLEY,1
3/8/2023,08:49:00,02,4417 N BALTIMORE ST,COMMON ASSAULT,NONE,303,NORTHWESTERN,Irvington,-76.457832,39.434815,STREET,1
10/6/2023,06:54:00,03,3858 N BALTIMORE ST,ROBBERY,KNIFE,510,CENTRAL,Pen Lucy,-76.58849,39.49712,ALLEY,1
4/3/2023,01:24:00,07,8701 N BALTIMORE ST,BURGLARY,KNIFE,327,NORTHEASTERN,Greenmount West,-76.499147,39.343759,STORE,1
2/9/2021,11:17:00,06,6949 N BALTIMORE ST,COMMON ASSAULT,HANDS,148,NORTHEASTERN,Clifton Park,-76.545475,39.200161,HOUSE,1
5/20/2022,03:27:00,03,4233 N BALTIMORE ST,SHOOTING,HANDS,442,SOUTHERN,Brooklyn,-76.508693,39.229066,STREET,1
6/12/2020,23:51:00,06,9748 N BALTIMORE ST,HOMICIDE,HANDS,343,WESTERN,Eastwood,-76.404925,39.26301,STORE,1
11/24/2020,19:07:00,01,9710 N BALTIMORE ST,COMMON ASSAULT,KNIFE,821,NORTHEASTERN,Upton,-76.466269,39.229591,HOUSE,1
4/18/2022,23:09:00,01,2194 N BALTIMORE ST,COMMON ASSAULT,NONE,663,CENTRAL,Westport,-76.386519,39.467476,HOUSE,1
11/23/2022,03:58:00,07,1209 N BALTIMORE ST,SHOOTING,NONE,636,SOUTHERN,Roland Park,-76.3206,39.351161,STREET,1
12/5/2021,09:02:00,01,3216 N BALTIMORE ST,AGG. ASSAULT,NONE,801,WESTERN,Cherry Hill,-76.440259,39.354046,STREET,1
7/18/2023,12:25:00,05,3490 N BALTIMORE ST,ASSAULT,FIREARM,263,EASTERN,Cherry Hill,-76.428431,39.377634,STREET,1
8/17/2023,22:46:00,09,4340 N BALTIMORE ST,BURGLARY,KNIFE,403,NORTHERN,Roland Park,-76.387524,39.365645,ALLEY,1
4/10/2023,01:40:00,03,4650 N BALTIMORE ST,ASSAULT,HANDS,152,NORTHEASTERN,Curtis Bay,-76.407276,39.274702,ALLEY,1
11/12/2019,20:38:00,06,5417 N BALTIMORE ST,ROBBERY,HANDS,839,NORTHEASTERN,Berea,-76.559917,39.469501,HOUSE,1
6/8/2019,23:17:00,03,4294 N BALTIMORE ST,LARCENY,FIREARM,839,NORTHEASTERN,Park Heights,-76.376269,39.314594,HOUSE,1
9/7/2023,14:14:00,06,4503 N BALTIMORE ST,COMMON ASSAULT,NONE,259,CENTRAL,Mount Washington,-76.466183,39.418944,STORE,1
2/16/2022,05:29:00,03,2985 N BALTIMORE ST,COMMON ASSAULT,NONE,846,NORTHWESTERN,Pimlico,-76.545878,39.284613,HOUSE,1
11/20/2022,06:04:00,03,1280 N BALTIMORE ST,AGG. ASSAULT,KNIFE,565,NORTHWESTERN,Cherry Hill,-76.327261,39.491116,STREET,1
12/25/2020,00:38:00,02,6291 N BALTIMORE ST,AGG. ASSAULT,FIREARM,212,WESTERN,Guilford,-76.352031,39.429034,STREET,1
5/5/2019,20:38:00,01,253 N BALTIMORE ST,ROBBERY,HANDS,824,NORTHWESTERN,Belair-Edison,-76.57451,39.241769,STORE,1
6/16/2021,04:15:00,01,9005 N BALTIMORE ST,BURGLARY,FIREARM,121,NORTHWESTERN,Homeland,-76.352523,39.230845,HOUSE,1
3/1/2022,07:01:00,04,7098 N BALTIMORE ST,AGG. ASSAULT,KNIFE,461,WESTERN,Druid Heights,-76.403391,39.267765,STORE,1
8/6/2019,03:14:00,02,4717 N BALTIMORE ST,AUTO THEFT,FIREARM,730,CENTRAL,Eastwood,-76.499883,39.308148,STREET,1
3/6/2023,13:33:00,06,9924 N BALTIMORE ST,ASSAULT,NONE,253,NORTHEASTERN,Roland Park,-76.332065,39.406148,HOUSE,1
8/22/2021,11:59:00,05,1351 N BALTIMORE ST,LARCENY,KNIFE,896,NORTHEASTERN,Pimlico,-76.403244,39.296077,STORE,1
2/4/2022,18:27:00,05,2470 N BALTIMORE ST,ROBBERY,HANDS,230,CENTRAL,Johnston Square,-76.545438,39.315505,HOUSE,1
12/14/2022,19:50:00,06,2364 N BALTIMORE ST,COMMON ASSAULT,NONE,528,EASTERN,Oliver,-76.435198,39.361624,STORE,1
7/3/2020,18:45:00,07,8733 N BALTIMORE ST,COMMON ASSAULT,FIREARM,340,WESTERN,Berea,-76.491487,39.260984,STREET,1
3/4/2022,01:58:00,06,6012 N BALTIMORE ST,ASSAULT,HANDS,571,WESTERN,Pimlico,-76.556758,39.455994,STORE,1
1/24/2020,04:07:00,03,6284 N BALTIMORE ST,LARCENY,NONE,480,NORTHWESTERN,Curtis Bay,-76.583775,39.231803,STREET,1
3/1/2023,04:23:00,03,1394 N BALTIMORE ST,COMMON ASSAULT,FIREARM,112,NORTHERN,Oliver,-76.429245,39.444113,ALLEY,1
12/5/2022,23:33:00,05,7803 N BALTIMORE ST,AGG. ASSAULT,HANDS,554,NORTHWESTERN,Charles Village,-76.365581,39.408574,HOUSE,1
11/2/2019,19:48:00,03,8345 N BALTIMORE ST,ASSAULT,FIREARM,505,NORTHWESTERN,Druid Heights,-76.350196,39.403971,STORE,1
10/17/2021,09:45:00,04,7041 N BALTIMORE ST,ASSAULT,HANDS,194,CENTRAL,Berea,-76.44355,39.493378,ALLEY,1
10/2/2022,07:25:00,03,9263 N BALTIMORE ST,ROBBERY,NONE,588,NORTHWESTERN,Guilford,-76.506043,39.392567,STORE,1
11/14/2021,06:17:00,02,1810 N BALTIMORE ST,ROBBERY,HANDS,717,NORTHEASTERN,Cherry Hill,-76.366361,39.300641,ALLEY,1
2/3/2023,06:38:00,01,5164 N BALTIMORE ST,COMMON ASSAULT,KNIFE,753,NORTHWESTERN,Westport,-76.321239,39.272101,STREET,1
10/26/2019,15:02:00,01,5254 N BALTIMORE ST,ROBBERY,HANDS,108,WESTERN,Morrell Park,-76.305838,39.425504,STORE,1
7/24/2021,11:08:00,02,5528 N BALTIMORE ST,AGG. ASSAULT,FIREARM,614,NORTHWESTERN,Middle East,-76.357752,39.245056,STORE,1
5/6/2019,04:43:00,08,1390 N BALTIMORE ST,ROBBERY,KNIFE,320,WESTERN,Oliver,-76.357757,39.396266,ALLEY,1
11/17/2023,10:28:00,03,5654 N BALTIMORE ST,BURGLARY,HANDS,738,WESTERN,Middle East,-76.343214,39.32927,STORE,1
10/3/2023,04:36:00,08,1695 N BALTIMORE ST,LARCENY,KNIFE,884,NORTHWESTERN,Curtis Bay,-76.338863,39.364141,STREET,1
6/6/2022,09:10:00,02,4689 N BALTIMORE ST,AUTO THEFT,HANDS,191,NORTHEASTERN,Oliver,-76.57866,39.413197,STORE,1
8/21/2021,04:07:00,08,748 N BALTIMORE ST,AUTO THEFT,HANDS,510,EASTERN,Pigtown,-76.47729,39.385905,ALLEY,1
10/11/2023,11:05:00,07,8389 N BALTIMORE ST,SHOOTING,HANDS,798,SOUTHERN,Johnston Square,-76.587197,39.493229,STREET,1
12/27/2020,17:00:00,03,1825 N BALTIMORE ST,BURGLARY,NONE,262,NORTHERN,Guilford,-76.42896,39.456149,ALLEY,1
11/3/2022,11:29:00,08,8867 N BALTIMORE ST,SHOOTING,FIREARM,187,NORTHERN,Govans,-76.545918,39.232504,STORE,1
7/11/2020,02:20:00,06,8067 N BALTIMORE ST,COMMON ASSAULT,NONE,217,EASTERN,Charles Village,-76.516487,39.211485,ALLEY,1
6/19/2020,01:38:00,07,1122 N BALTIMORE ST,AUTO THEFT,NONE,584,NORTHWESTERN,Oliver,-76.535974,39.263448,STREET,1
5/9/2022,20:11:00,02,2422 N BALTIMORE ST,ROBBERY,HANDS,514,CENTRAL,Charles Village,-76.575487,39.462133,STORE,1
4/22/2023,08:11:00,01,1614 N BALTIMORE ST,AGG. ASSAULT,HANDS,871,EASTERN,Mount Washington,-76.510929,39.259582,STORE,1
12/26/2023,05:44:00,07,5911 N BALTIMORE ST,AGG. ASSAULT,FIREARM,674,EASTERN,Oliver,-76.365078,39.379139,STREET,1
10/5/2023,10:42:00,06,332 N BALTIMORE ST,ASSAULT,NONE,251,CENTRAL,Guilford,-76.450166,39.294922,STORE,1
8/27/2019,04:40:00,08,9576 N BALTIMORE ST,ROBBERY,FIREARM,323,WESTERN,Pigtown,-76.376288,39.256297,ALLEY,1
6/7/2020,06:43:00,01,6166 N BALTIMORE ST,AUTO THEFT,FIREARM,409,EASTERN,Irvington,-76.331004,39.350626,STREET,1
7/14/2022,11:22:00,09,7077 N BALTIMORE ST,HOMICIDE,HANDS,216,EASTERN,Pen Lucy,-76.322095,39.337647,HOUSE,1
3/18/2023,13:24:00,05,7267 N BALTIMORE ST,BURGLARY,FIREARM,189,WESTERN,Cherry Hill,-76.358218,39.231144,STREET,1
8/24/2019,19:59:00,09,1733 N BALTIMORE ST,SHOOTING,FIREARM,783,EASTERN,Irvington,-76.513029,39.326192,ALLEY,1
7/4/2023,06:54:00,08,2138 N BALTIMORE ST,AUTO THEFT,NONE,522,EASTERN,Charles Village,-76.327602,39.393458,STORE,1
9/10/2020,08:56:00,05,5136 N BALTIMORE ST,AGG. ASSAULT,KNIFE,104,SOUTHERN,Sandtown-Winchester,-76.329944,39.324367,STREET,1
9/27/2021,23:38:00,06,5590 N BALTIMORE ST,ASSAULT,NONE,347,NORTHWESTERN,Sandtown-Winchester,-76.433278,39.317409,STORE,1
7/5/2023,20:24:00,03,6704 N BALTIMORE ST,AUTO THEFT,KNIFE,547,NORTHEASTERN,Homeland,-76.530709,39.413007,ALLEY,1
7/27/2023,20:58:00,05,9158 N BALTIMORE ST,ASSAULT,HANDS,308,NORTHEASTERN,Middle East,-76.572024,39.207692,STREET,1
3/1/2023,19:45:00,09,1390 N BALTIMORE ST,AGG. ASSAULT,FIREARM,860,NORTHERN,Clifton Park,-76.379749,39.495024,HOUSE,1
5/7/2020,17:53:00,04,6294 N BALTIMORE ST,BURGLARY,FIREARM,381,NORTHWESTERN,Cherry Hill,-76.575111,39.243131,STREET,1
2/15/2019,19:07:00,02,2423 N BALTIMORE ST,BURGLARY,HANDS,284,WESTERN,Clifton Park,-76.572167,39.348274,HOUSE,1
7/4/2020,15:50:00,01,6878 N BALTIMORE ST,ROBBERY,NONE,740,NORTHERN,Hampden,-76.577106,39.406201,STORE,1
3/6/2022,09:00:00,03,9394 N BALTIMORE ST,LARCENY,FIREARM,451,SOUTHERN,Roland Park,-76.301878,39.345173,STREET,1
2/7/2021,19:01:00,09,477 N BALTIMORE ST,HOMICIDE,KNIFE,321,WESTERN,Cherry Hill,-76.339938,39.234437,ALLEY,1
4/3/2020,23:44:00,03,4484 N BALTIMORE ST,BURGLARY,NONE,304,SOUTHERN,Sandtown-Winchester,-76.314031,39.304566,HOUSE,1
7/17/2022,12:59:00,04,4197 N BALTIMORE ST,ASSAULT,KNIFE,803,CENTRAL,Johnston Square,-76.346189,39.415219,STORE,1
5/6/2023,06:46:00,08,7201 N BALTIMORE ST,SHOOTING,NONE,710,WESTERN,Druid Heights,-76.375876,39.444768,STREET,1
4/19/2022,11:23:00,02,7463 N BALTIMORE ST,ASSAULT,FIREARM,623,EASTERN,Irvington,-76.524081,39.322942,HOUSE,1
3/26/2019,10:27:00,03,5961 N BALTIMORE ST,COMMON ASSAULT,FIREARM,320,NORTHEASTERN,Govans,-76.402914,39.311589,HOUSE,1
12/1/2021,22:21:00,04,7724 N BALTIMORE ST,AUTO THEFT,KNIFE,675,NORTHEASTERN,Druid Heights,-76.580129,39.285084,ALLEY,1
9/9/2019,22:38:00,02,9503 N BALTIMORE ST,AGG. ASSAULT,NONE,425,NORTHWESTERN,Middle East,-76.355982,39.259445,STREET,1
1/9/2022,13:07:00,02,7518 N BALTIMORE ST,ASSAULT,HANDS,705,EASTERN,Waverly,-76.485143,39.372924,HOUSE,1
1/15/2023,09:08:00,07,706 N BALTIMORE ST,HOMICIDE,FIREARM,445,CENTRAL,Sandtown-Winchester,-76.406567,39.220836,STREET,1
12/10/2022,08:20:00,06,6659 N BALTIMORE ST,ROBBERY,HANDS,605,NORTHERN,Homeland,-76.416304,39.317998,STORE,1
6/20/2019,03:01:00,04,883 N BALTIMORE ST,LARCENY,KNIFE,207,NORTHERN,Oliver,-76.301938,39.458417,STORE,1
4/24/2019,11:52:00,09,180 N BALTIMORE ST,LARCENY,HANDS,144,NORTHWESTERN,Curtis Bay,-76.566759,39.484143,STREET,1
7/9/2023,22:10:00,03,9659 N BALTIMORE ST,SHOOTING,FIREARM,229,SOUTHERN,Pigtown,-76.5042,39.2444,STORE,1
9/17/2019,07:36:00,08,8129 N BALTIMORE ST,BURGLARY,HANDS,891,EASTERN,Clifton Park,-76.380741,39.267749,HOUSE,1
6/18/2019,07:42:00,04,1378 N BALTIMORE ST,ROBBERY,NONE,161,SOUTHERN,Charles Village,-76.536257,39.40115,STORE,1
8/4/2020,10:13:00,09,8520 N BALTIMORE ST,AUTO THEFT,HANDS,825,EASTERN,Homeland,-76.463793,39.2462,STREET,1
6/13/2020,14:55:00,09,3426 N BALTIMORE ST,AGG. ASSAULT,KNIFE,170,NORTHWESTERN,Hampden,-76.516648,39.249259,HOUSE,1
3/15/2019,03:47:00,02,4041 N BALTIMORE ST,LARCENY,NONE,291,WESTERN,Mount Washington,-76.519973,39.342872,STORE,1
9/3/2019,11:27:00,04,2567 N BALTIMORE ST,AGG. ASSAULT,NONE,620,SOUTHERN,Pimlico,-76.499878,39.332402,HOUSE,1
12/14/2022,06:18:00,04,6697 N BALTIMORE ST,ASSAULT,HANDS,642,NORTHEASTERN,Druid Heights,-76.417766,39.355586,STREET,1
2/8/2020,03:03:00,01,9524 N BALTIMORE ST,BURGLARY,KNIFE,167,NORTHEASTERN,Eastwood,-76.44036,39.282638,STORE,1
4/24/2019,22:17:00,08,3470 N BALTIMORE ST,ASSAULT,KNIFE,455,EASTERN,Govans,-76.40893,39.411756,HOUSE,1
3/17/2019,22:39:00,08,5102 N BALTIMORE ST,COMMON ASSAULT,KNIFE,422,NORTHEASTERN,Guilford,-76.395567,39.249994,HOUSE,1
1/22/2020,15:27:00,06,441 N BALTIMORE ST,ASSAULT,HANDS,178,EASTERN,Roland Park,-76.548782,39.428078,STREET,1
10/1/2022,15:55:00,04,7842 N BALTIMORE ST,ROBBERY,FIREARM,117,SOUTHERN,Irvington,-76.42982,39.497124,ALLEY,1
3/25/2020,03:06:00,05,5599 N BALTIMORE ST,SHOOTING,NONE,852,WESTERN,Middle East,-76.494766,39.363715,STORE,1
1/27/2022,11:19:00,06,8584 N BALTIMORE ST,SHOOTING,FIREARM,376,SOUTHERN,Pigtown,-76.394265,39.418465,STREET,1
11/5/2020,11:31:00,01,4103 N BALTIMORE ST,AGG. ASSAULT,HANDS,311,EASTERN,Belair-Edison,-76.37669,39.258153,STORE,1
11/22/2021,17:57:00,08,8732 N BALTIMORE ST,ASSAULT,HANDS,795,NORTHEASTERN,Clifton Park,-76.495346,39.299359,STORE,1
1/19/2020,16:44:00,06,2114 N BALTIMORE ST,AGG. ASSAULT,NONE,680,SOUTHERN,Pigtown,-76.309554,39.437702,HOUSE,1
11/5/2022,14:43:00,03,8671 N BALTIMORE ST,BURGLARY,KNIFE,410,NORTHEASTERN,Druid Heights,-76.453953,39.219385,HOUSE,1
4/10/2019,18:07:00,01,8101 N BALTIMORE ST,BURGLARY,FIREARM,540,EASTERN,Sandtown-Winchester,-76.494323,39.450233,STREET,1
5/26/2021,16:42:00,09,2640 N BALTIMORE ST,ROBBERY,HANDS,246,NORTHWESTERN,Pigtown,-76.301226,39.259018,STREET,1
8/12/2019,07:51:00,07,7023 N BALTIMORE ST,AGG. ASSAULT,FIREARM,367,NORTHWESTERN,Westport,-76.323942,39.379112,ALLEY,1
10/5/2021,21:49:00,04,4196 N BALTIMORE ST,ASSAULT,NONE,667,EASTERN,Morrell Park,-76.540143,39.291499,HOUSE,1
9/6/2022,12:50:00,07,1673 N BALTIMORE ST,ASSAULT,NONE,810,CENTRAL,Morrell Park,-76.506022,39.480464,HOUSE,1
8/14/2022,13:29:00,01,9257 N BALTIMORE ST,LARCENY,NONE,190,SOUTHERN,Johnston Square,-76.373243,39.384563,HOUSE,1
9/12/2023,04:39:00,09,9366 N BALTIMORE ST,BURGLARY,FIREARM,873,NORTHWESTERN,Waverly,-76.346468,39.237781,STREET,1
8/27/2023,01:05:00,01,4526 N BALTIMORE ST,ROBBERY,HANDS,708,NORTHERN,Johnston Square,-76.57078,39.287173,STORE,1
2/24/2019,18:43:00,09,968 N BALTIMORE ST,COMMON ASSAULT,KNIFE,675,SOUTHERN,Pen Lucy,-76.377873,39.348591,ALLEY,1
5/21/2020,09:46:00,01,8045 N BALTIMORE ST,COMMON ASSAULT,FIREARM,168,CENTRAL,Roland Park,-76.599989,39.381137,STREET,1
4/4/2020,15:01:00,09,7371 N BALTIMORE ST,AGG. ASSAULT,FIREARM,224,NORTHEASTERN,Middle East,-76.510023,39.345116,ALLEY,1
5/27/2023,19:43:00,08,2118 N BALTIMORE ST,AGG. ASSAULT,KNIFE,751,NORTHWESTERN,Homeland,-76.593503,39.242506,ALLEY,1
4/16/2023,15:18:00,05,1738 N BALTIMORE ST,SHOOTING,HANDS,783,WESTERN,Cherry Hill,-76.517446,39.315746,STREET,1
3/1/2022,09:29:00,02,9344 N BALTIMORE ST,AGG. ASSAULT,FIREARM,694,EASTERN,Johnston Square,-76.509172,39.393533,STORE,1
8/24/2020,14:17:00,01,2693 N BALTIMORE ST,AUTO THEFT,KNIFE,457,SOUTHERN,Harlem Park,-76.329235,39.357517,STREET,1
6/21/2020,23:36:00,06,7628 N BALTIMORE ST,ASSAULT,HANDS,880,CENTRAL,Cherry Hill,-76.402467,39.477043,STREET,1
7/16/2022,19:42:00,03,9537 N BALTIMORE ST,HOMICIDE,HANDS,232,NORTHERN,Hampden,-76.390669,39.376656,HOUSE,1
2/2/2022,00:54:00,03,3896 N BALTIMORE ST,ROBBERY,FIREARM,611,WESTERN,Morrell Park,-76.31973,39.342924,ALLEY,1
2/6/2020,23:57:00,07,6982 N BALTIMORE ST,ROBBERY,FIREARM,726,NORTHERN,Charles Village,-76.524855,39.211225,STREET,1
10/21/2021,00:59:00,03,5361 N BALTIMORE ST,ROBBERY,NONE,486,NORTHERN,Johnston Square,-76.560035,39.391219,ALLEY,1
8/22/2022,09:14:00,04,2755 N BALTIMORE ST,AGG. ASSAULT,KNIFE,188,SOUTHERN,Brooklyn,-76.425368,39.388735,STREET,1
1/12/2020,13:36:00,09,1279 N BALTIMORE ST,AUTO THEFT,KNIFE,798,NORTHEASTERN,Brooklyn,-76.381007,39.473297,STORE,1
10/27/2020,15:32:00,06,5940 N BALTIMORE ST,HOMICIDE,KNIFE,168,NORTHERN,Brooklyn,-76.468337,39.387641,STREET,1
9/10/2020,03:07:00,08,3877 N BALTIMORE ST,LARCENY,HANDS,123,NORTHEASTERN,Morrell Park,-76.532794,39.482185,HOUSE,1
2/28/2021,05:18:00,02,8855 N BALTIMORE ST,COMMON ASSAULT,HANDS,508,CENTRAL,Govans,-76.414407,39.363782,STREET,1
11/1/2021,01:21:00,07,4374 N BALTIMORE ST,COMMON ASSAULT,HANDS,883,EASTERN,Morrell Park,-76.582182,39.26127,HOUSE,1
4/16/2019,02:51:00,01,5766 N BALTIMORE ST,ROBBERY,NONE,712,NORTHERN,Hampden,-76.378213,39.478809,STORE,1
2/2/2019,15:32:00,04,5838 N BALTIMORE ST,AGG. ASSAULT,NONE,410,SOUTHERN,Belair-Edison,-76.365537,39.462935,ALLEY,1
4/18/2019,19:55:00,07,396 N BALTIMORE ST,HOMICIDE,NONE,153,NORTHEASTERN,Sandtown-Winchester,-76.483863,39.313168,ALLEY,1
9/5/2022,03:28:00,02,6124 N BALTIMORE ST,AUTO THEFT,KNIFE,451,CENTRAL,Greenmount West,-76.469043,39.217377,ALLEY,1
4/14/2019,23:48:00,09,9406 N BALTIMORE ST,LARCENY,FIREARM,837,WESTERN,Upton,-76.525023,39.217065,STREET,1
5/2/2020,10:22:00,04,4890 N BALTIMORE ST,ASSAULT,NONE,590,EASTERN,Belair-Edison,-76.402725,39.396977,STREET,1
8/23/2020,23:52:00,06,3709 N BALTIMORE ST,SHOOTING,HANDS,475,WESTERN,Pigtown,-76.365937,39.287805,ALLEY,1
12/18/2021,16:06:00,01,5779 N BALTIMORE ST,AGG. ASSAULT,NONE,386,SOUTHERN,Middle East,-76.576466,39.473615,ALLEY,1
4/4/2023,11:46:00,03,687 N BALTIMORE ST,COMMON ASSAULT,NONE,765,CENTRAL,Westport,-76.370742,39.485913,STREET,1
5/9/2019,18:24:00,05,1484 N BALTIMORE ST,LARCENY,HANDS,724,NORTHERN,Oliver,-76.484819,39.205655,STORE,1
4/7/2019,12:11:00,07,8824 N BALTIMORE ST,LARCENY,HANDS,132,EASTERN,Govans,-76.437535,39.304341,STREET,1
5/26/2021,18:13:00,01,5686 N BALTIMORE ST,AGG. ASSAULT,NONE,846,WESTERN,Hampden,-76.32143,39.42572,STREET,1
9/15/2021,13:36:00,09,4361 N BALTIMORE ST,ASSAULT,NONE,578,EASTERN,Berea,-76.37631,39.477398,ALLEY,1
11/9/2021,02:15:00,09,4946 N BALTIMORE ST,AUTO THEFT,NONE,139,NORTHEASTERN,Hampden,-76.415336,39.308508,HOUSE,1
1/4/2023,09:36:00,06,4433 N BALTIMORE ST,ASSAULT,NONE,573,CENTRAL,Waverly,-76.59482,39.202661,STREET,1
4/14/2023,01:37:00,02,4629 N BALTIMORE ST,HOMICIDE,HANDS,165,EASTERN,Pimlico,-76.467868,39.277402,HOUSE,1
3/8/2022,20:11:00,03,912 N BALTIMORE ST,COMMON ASSAULT,FIREARM,770,NORTHERN,Pigtown,-76.588449,39.405332,STORE,1
9/23/2019,07:03:00,05,4317 N BALTIMORE ST,LARCENY,HANDS,653,SOUTHERN,Morrell Park,-76.384504,39.380174,HOUSE,1
8/4/2023,16:04:00,04,3443 N BALTIMORE ST,AUTO THEFT,HANDS,797,NORTHEASTERN,Druid Heights,-76.475209,39.392566,HOUSE,1
10/26/2021,11:21:00,07,6239 N BALTIMORE ST,SHOOTING,HANDS,736,NORTHEASTERN,Belair-Edison,-76.590653,39.310491,HOUSE,1
1/4/2023,19:13:00,06,8468 N BALTIMORE ST,HOMICIDE,HANDS,320,NORTHWESTERN,Hampden,-76.486348,39.374806,ALLEY,1
2/8/2019,18:32:00,09,6949 N BALTIMORE ST,HOMICIDE,FIREARM,640,NORTHERN,Govans,-76.360538,39.382131,STORE,1
10/10/2020,07:21:00,04,6030 N BALTIMORE ST,COMMON ASSAULT,NONE,422,SOUTHERN,Park Heights,-76.375544,39.234625,ALLEY,1
6/3/2022,11:35:00,09,1352 N BALTIMORE ST,AUTO THEFT,NONE,719,CENTRAL,Johnston Square,-76.530895,39.435891,ALLEY,1
9/8/2020,13:43:00,03,4364 N BALTIMORE ST,BURGLARY,HANDS,421,NORTHERN,Morrell Park,-76.564611,39.322551,ALLEY,1
3/15/2020,00:10:00,02,6958 N BALTIMORE ST,BURGLARY,NONE,860,EASTERN,Morrell Park,-76.569701,39.460838,STORE,1
2/5/2020,16:55:00,09,6458 N BALTIMORE ST,AGG. ASSAULT,HANDS,230,CENTRAL,Sandtown-Winchester,-76.479305,39.367082,HOUSE,1
10/20/2021,19:06:00,01,1308 N BALTIMORE ST,AUTO THEFT,NONE,518,SOUTHERN,Druid Heights,-76.41075,39.422209,STORE,1
12/5/2022,23:11:00,09,1472 N BALTIMORE ST,ASSAULT,FIREARM,707,NORTHERN,Westport,-76.422086,39.402172,STORE,1
3/17/2022,23:37:00,05,1687 N BALTIMORE ST,COMMON ASSAULT,HANDS,605,SOUTHERN,Govans,-76.497665,39.369239,STORE,1
6/25/2022,05:09:00,01,3551 N BALTIMORE ST,AGG. ASSAULT,HANDS,688,SOUTHERN,Westport,-76.336125,39.29431,HOUSE,1
5/9/2019,15:28:00,04,2874 N BALTIMORE ST,BURGLARY,HANDS,720,NORTHWESTERN,Westport,-76.373959,39.477355,HOUSE,1
9/27/2020,16:48:00,03,548 N BALTIMORE ST,LARCENY,KNIFE,106,NORTHEASTERN,Belair-Edison,-76.45349,39.446719,HOUSE,1
7/24/2023,14:33:00,03,7535 N BALTIMORE ST,BURGLARY,FIREARM,833,SOUTHERN,Brooklyn,-76.388103,39.453423,STORE,1
5/3/2022,04:17:00,02,5895 N BALTIMORE ST,ROBBERY,KNIFE,844,EASTERN,Roland Park,-76.577695,39.247018,HOUSE,1
11/25/2023,02:45:00,06,728 N BALTIMORE ST,AGG. ASSAULT,FIREARM,822,EASTERN,Pigtown,-76.361741,39.295258,STREET,1
4/5/2019,18:24:00,04,3305 N BALTIMORE ST,BURGLARY,NONE,255,CENTRAL,Clifton Park,-76.454648,39.256131,STORE,1
11/3/2020,16:54:00,04,152 N BALTIMORE ST,AGG. ASSAULT,FIREARM,602,NORTHWESTERN,Westport,-76.432679,39.262564,ALLEY,1
10/13/2021,20:37:00,04,5813 N BALTIMORE ST,SHOOTING,KNIFE,407,EASTERN,Harlem Park,-76.347792,39.462512,STORE,1
10/12/2022,17:30:00,05,1681 N BALTIMORE ST,COMMON ASSAULT,FIREARM,873,NORTHERN,Oliver,-76.370819,39.325878,STORE,1
2/6/2022,14:20:00,02,5794 N BALTIMORE ST,AGG. ASSAULT,KNIFE,892,NORTHWESTERN,Park Heights,-76.335349,39.452036,STORE,1
1/10/2020,08:32:00,04,6801 N BALTIMORE ST,LARCENY,HANDS,367,EASTERN,Irvington,-76.397503,39.323369,STORE,1
1/9/2021,15:46:00,04,5667 N BALTIMORE ST,LARCENY,HANDS,558,EASTERN,Greenmount West,-76.477057,39.371752,ALLEY,1
10/20/2019,10:08:00,09,426 N BALTIMORE ST,LARCENY,NONE,192,NORTHWESTERN,Berea,-76.36587,39.299986,HOUSE,1
2/21/2023,01:33:00,04,6032 N BALTIMORE ST,HOMICIDE,KNIFE,260,NORTHERN,Charles Village,-76.348555,39.318658,ALLEY,1
6/11/2020,13:13:00,09,4174 N BALTIMORE ST,LARCENY,FIREARM,120,NORTHERN,Westport,-76.373463,39.357967,STORE,1
3/10/2019,09:01:00,04,4151 N BALTIMORE ST,LARCENY,HANDS,867,EASTERN,Waverly,-76.562907,39.435216,STORE,1
2/3/2021,02:32:00,07,430 N BALTIMORE ST,LARCENY,KNIFE,197,NORTHERN,Belair-Edison,-76.379238,39.437786,ALLEY,1
6/14/2021,16:47:00,01,5050 N BALTIMORE ST,BURGLARY,NONE,307,WESTERN,Homeland,-76.570096,39.490779,STORE,1
2/8/2022,13:35:00,05,8019 N BALTIMORE ST,BURGLARY,KNIFE,491,SOUTHERN,Govans,-76.594836,39.34911,STORE,1
12/4/2023,14:14:00,01,6610 N BALTIMORE ST,COMMON ASSAULT,NONE,478,NORTHERN,Pimlico,-76.456958,39.232685,HOUSE,1
2/18/2019,05:13:00,08,9822 N BALTIMORE ST,COMMON ASSAULT,FIREARM,244,NORTHWESTERN,Park Heights,-76.479041,39.451421,ALLEY,1
5/14/2022,09:47:00,06,2567 N BALTIMORE ST,LARCENY,HANDS,805,NORTHERN,Harlem Park,-76.430406,39.32196,STREET,1
9/26/2020,15:34:00,08,5228 N BALTIMORE ST,COMMON ASSAULT,HANDS,572,CENTRAL,Pigtown,-76.38734,39.354329,STREET,1
12/3/2022,12:08:00,01,2755 N BALTIMORE ST,HOMICIDE,FIREARM,270,NORTHEASTERN,Hampden,-76.54079,39.460925,STREET,1
3/21/2022,16:31:00,03,9063 N BALTIMORE ST,AGG. ASSAULT,NONE,109,EASTERN,Harlem Park,-76.510975,39.330644,HOUSE,1
9/11/2021,19:56:00,06,9337 N BALTIMORE ST,ASSAULT,KNIFE,397,CENTRAL,Guilford,-76.443025,39.261339,HOUSE,1
8/15/2021,06:59:00,06,2317 N BALTIMORE ST,ASSAULT,NONE,110,WESTERN,Middle East,-76.504694,39.253768,STORE,1
12/7/2021,06:44:00,02,8910 N BALTIMORE ST,SHOOTING,HANDS,196,NORTHEASTERN,Upton,-76.581668,39.340608,ALLEY,1
4/12/2023,20:00:00,04,4598 N BALTIMORE ST,BURGLARY,NONE,698,SOUTHERN,Upton,-76.381203,39.310182,STORE,1
9/21/2023,21:12:00,02,9809 N BALTIMORE ST,ASSAULT,FIREARM,848,SOUTHERN,Hampden,-76.535068,39.253498,STREET,1
10/21/2023,12:21:00,05,7856 N BALTIMORE ST,COMMON ASSAULT,KNIFE,102,NORTHERN,Belair-Edison,-76.364991,39.496726,STREET,1
3/5/2023,05:30:00,01,5397 N BALTIMORE ST,ROBBERY,FIREARM,240,NORTHERN,Hampden,-76.446488,39.331907,STORE,1
2/8/2023,17:25:00,07,6416 N BALTIMORE ST,SHOOTING,HANDS,419,SOUTHERN,Park Heights,-76.348405,39.295092,STREET,1
3/21/2020,08:45:00,03,7263 N BALTIMORE ST,HOMICIDE,NONE,601,WESTERN,Roland Park,-76.39147,39.275162,STREET,1
3/1/2021,11:54:00,08,5768 N BALTIMORE ST,AGG. ASSAULT,KNIFE,731,EASTERN,Berea,-76.432062,39.49937,ALLEY,1
12/1/2020,06:28:00,06,8718 N BALTIMORE ST,COMMON ASSAULT,FIREARM,700,SOUTHERN,Govans,-76.506883,39.228233,HOUSE,1
1/20/2023,08:02:00,05,7943 N BALTIMORE ST,AGG. ASSAULT,FIREARM,812,SOUTHERN,Hampden,-76.388721,39.282252,STREET,1
12/16/2019,19:40:00,08,8133 N BALTIMORE ST,ASSAULT,NONE,867,NORTHERN,Morrell Park,-76.337519,39.425176,STREET,1
10/23/2019,04:45:00,03,2256 N BALTIMORE ST,ROBBERY,NONE,222,SOUTHERN,Harlem Park,-76.583186,39.391243,STREET,1
5/28/2023,06:41:00,01,5550 N BALTIMORE ST,AUTO THEFT,KNIFE,700,NORTHEASTERN,Park Heights,-76.383359,39.309877,STREET,1
11/22/2022,01:04:00,04,8316 N BALTIMORE ST,ASSAULT,HANDS,185,EASTERN,Eastwood,-76.548224,39.213353,ALLEY,1
3/21/2022,23:53:00,01,5198 N BALTIMORE ST,BURGLARY,HANDS,220,WESTERN,Pen Lucy,-76.497564,39.370452,STREET,1
2/3/2019,05:46:00,02,3141 N BALTIMORE ST,AUTO THEFT,FIREARM,885,EASTERN,Morrell Park,-76.549199,39.203132,HOUSE,1
5/27/2020,21:41:00,04,2274 N BALTIMORE ST,BURGLARY,FIREARM,488,NORTHEASTERN,Johnston Square,-76.388226,39.253401,ALLEY,1
4/27/2022,06:17:00,04,3001 N BALTIMORE ST,BURGLARY,HANDS,814,SOUTHERN,Morrell Park,-76.468121,39.227724,HOUSE,1
11/17/2021,14:53:00,03,701 N BALTIMORE ST,AGG. ASSAULT,KNIFE,650,SOUTHERN,Morrell Park,-76.429387,39.498127,STORE,1
4/11/2021,22:32:00,09,4506 N BALTIMORE ST,ROBBERY,KNIFE,364,CENTRAL,Pimlico,-76.534524,39.278254,STREET,1
8/5/2020,14:37:00,06,6199 N BALTIMORE ST,AGG. ASSAULT,FIREARM,430,CENTRAL,Middle East,-76.389614,39.388842,STREET,1
6/11/2022,20:57:00,02,3165 N BALTIMORE ST,AUTO THEFT,HANDS,266,EASTERN,Cherry Hill,-76.459948,39.255848,STREET,1
8/19/2023,18:44:00,07,6642 N BALTIMORE ST,SHOOTING,KNIFE,358,NORTHERN,Johnston Square,-76.382988,39.380283,STORE,1
1/8/2021,16:06:00,07,7077 N BALTIMORE ST,BURGLARY,NONE,707,EASTERN,Eastwood,-76.591433,39.353661,HOUSE,1
4/19/2023,04:08:00,06,981 N BALTIMORE ST,ROBBERY,HANDS,884,WESTERN,Roland Park,-76.557562,39.303831,STORE,1
11/5/2019,06:56:00,03,5036 N BALTIMORE ST,BURGLARY,FIREARM,289,EASTERN,Cherry Hill,-76.529145,39.260997,STREET,1
11/18/2020,11:00:00,08,2710 N BALTIMORE ST,AUTO THEFT,FIREARM,582,NORTHWESTERN,Guilford,-76.435051,39.318214,ALLEY,1
8/23/2022,07:48:00,02,6450 N BALTIMORE ST,ASSAULT,HANDS,881,EASTERN,Hampden,-76.319421,39.319965,HOUSE,1
10/13/2022,17:04:00,06,8100 N BALTIMORE ST,LARCENY,KNIFE,723,SOUTHERN,Roland Park,-76.546552,39.270547,HOUSE,1
10/20/2019,12:58:00,02,3869 N BALTIMORE ST,ASSAULT,NONE,292,WESTERN,Park Heights,-76.586726,39.290581,STREET,1
7/5/2020,09:19:00,07,7975 N BALTIMORE ST,LARCENY,HANDS,531,EASTERN,Park Heights,-76.546145,39.319465,STREET,1
6/22/2019,23:06:00,07,300 N BALTIMORE ST,ASSAULT,HANDS,231,NORTHERN,Johnston Square,-76.427595,39.315197,STORE,1
7/25/2022,01:19:00,07,4337 N BALTIMORE ST,ROBBERY,NONE,614,EASTERN,Sandtown-Winchester,-76.488152,39.342064,HOUSE,1
2/26/2021,05:27:00,09,6382 N BALTIMORE ST,ROBBERY,KNIFE,107,WESTERN,Mount Washington,-76.498865,39.480253,HOUSE,1
12/28/2023,14:27:00,01,7714 N BALTIMORE ST,BURGLARY,FIREARM,224,WESTERN,Brooklyn,-76.339631,39.338075,STREET,1
5/14/2021,10:43:00,05,485 N BALTIMORE ST,HOMICIDE,HANDS,283,WESTERN,Roland Park,-76.512028,39.325118,STORE,1
10/4/2019,11:46:00,01,8804 N BALTIMORE ST,AGG. ASSAULT,KNIFE,279,SOUTHERN,Park Heights,-76.574786,39.228372,ALLEY,1
5/12/2022,14:44:00,04,8677 N BALTIMORE ST,SHOOTING,FIREARM,178,EASTERN,Clifton Park,-76.502023,39.211486,STREET,1
6/21/2019,23:19:00,07,6665 N BALTIMORE ST,LARCENY,KNIFE,864,WESTERN,Govans,-76.522943,39.395869,STREET,1
4/19/2019,08:19:00,09,8933 N BALTIMORE ST,COMMON ASSAULT,FIREARM,483,EASTERN,Homeland,-76.427999,39.264563,STORE,1
5/17/2020,21:02:00,07,3069 N BALTIMORE ST,BURGLARY,HANDS,105,CENTRAL,Pigtown,-76.477845,39.205616,STORE,1
5/15/2021,19:50:00,06,1691 N BALTIMORE ST,COMMON ASSAULT,KNIFE,118,NORTHWESTERN,Eastwood,-76.387297,39.266317,HOUSE,1
8/19/2023,13:40:00,06,8971 N BALTIMORE ST,AGG. ASSAULT,NONE,671,CENTRAL,Guilford,-76.59623,39.302179,HOUSE,1
8/28/2020,23:31:00,04,8820 N BALTIMORE ST,ASSAULT,NONE,361,EASTERN,Homeland,-76.479119,39.39821,STREET,1
6/3/2023,06:47:00,09,6148 N BALTIMORE ST,BURGLARY,HANDS,868,EASTERN,Clifton Park,-76.505399,39.40235,STREET,1
3/20/2023,11:36:00,07,6905 N BALTIMORE ST,LARCENY,HANDS,669,WESTERN,Belair-Edison,-76.376784,39.496904,STORE,1
7/20/2020,03:06:00,07,3676 N BALTIMORE ST,COMMON ASSAULT,FIREARM,684,WESTERN,Hampden,-76.513195,39.459468,STORE,1
4/14/2021,19:17:00,06,6050 N BALTIMORE ST,ROBBERY,HANDS,614,EASTERN,Berea,-76.439312,39.317652,STORE,1
5/27/2022,14:10:00,03,6654 N BALTIMORE ST,BURGLARY,FIREARM,645,NORTHERN,Oliver,-76.35104,39.42888,ALLEY,1
10/21/2022,13:26:00,07,3194 N BALTIMORE ST,LARCENY,KNIFE,241,NORTHEASTERN,Eastwood,-76.417088,39.351008,STREET,1
1/11/2022,19:15:00,03,9427 N BALTIMORE ST,SHOOTING,FIREARM,479,WESTERN,Irvington,-76.593184,39.380403,STORE,1
3/15/2020,11:46:00,04,2970 N BALTIMORE ST,SHOOTING,KNIFE,430,WESTERN,Berea,-76.560205,39.219444,STREET,1
8/8/2022,21:38:00,08,4063 N BALTIMORE ST,ASSAULT,NONE,612,WESTERN,Brooklyn,-76.407586,39.441106,HOUSE,1
8/24/2020,02:00:00,01,6757 N BALTIMORE ST,HOMICIDE,NONE,494,NORTHWESTERN,Mount Washington,-76.57889,39.325127,HOUSE,1
2/23/2023,19:41:00,09,488 N BALTIMORE ST,SHOOTING,NONE,843,CENTRAL,Roland Park,-76.582064,39.443499,STREET,1
11/21/2023,14:27:00,02,1797 N BALTIMORE ST,ASSAULT,HANDS,876,EASTERN,Pimlico,-76.352431,39.426073,STREET,1
7/22/2021,10:09:00,04,8006 N BALTIMORE ST,COMMON ASSAULT,HANDS,199,NORTHWESTERN,Guilford,-76.500992,39.408115,STORE,1
4/25/2022,08:21:00,05,7385 N BALTIMORE ST,AUTO THEFT,NONE,816,CENTRAL,Roland Park,-76.522623,39.28259,STREET,1
9/10/2020,00:14:00,06,9333 N BALTIMORE ST,AUTO THEFT,HANDS,414,NORTHWESTERN,Charles Village,-76.316562,39.247491,HOUSE,1
11/10/2022,04:47:00,03,2500 N BALTIMORE ST,BURGLARY,NONE,363,CENTRAL,Oliver,-76.408971,39.208401,ALLEY,1
10/1/2020,08:23:00,09,8567 N BALTIMORE ST,AGG. ASSAULT,NONE,733,SOUTHERN,Morrell Park,-76.329999,39.491721,ALLEY,1
6/17/2023,11:24:00,08,2870 N BALTIMORE ST,HOMICIDE,NONE,279,NORTHERN,Morrell Park,-76.4548,39.313962,STREET,1
4/8/2021,04:17:00,02,3326 N BALTIMORE ST,AUTO THEFT,NONE,570,NORTHWESTERN,Park Heights,-76.429178,39.391591,STREET,1
4/24/2023,06:23:00,01,6628 N BALTIMORE ST,ROBBERY,HANDS,619,CENTRAL,Homeland,-76.579841,39.365985,STREET,1
10/17/2022,07:15:00,05,3093 N BALTIMORE ST,COMMON ASSAULT,KNIFE,806,NORTHEASTERN,Waverly,-76.384786,39.253229,HOUSE,1
12/7/2019,23:53:00,02,2271 N BALTIMORE ST,HOMICIDE,HANDS,162,SOUTHERN,Berea,-76.53768,39.273182,STORE,1
1/11/2023,20:04:00,04,7936 N BALTIMORE ST,ROBBERY,NONE,185,NORTHEASTERN,Johnston Square,-76.457189,39.229963,ALLEY,1
10/1/2021,18:27:00,02,7352 N BALTIMORE ST,COMMON ASSAULT,NONE,100,EASTERN,Irvington,-76.524476,39.322151,HOUSE,1
6/17/2020,15:32:00,05,5009 N BALTIMORE ST,BURGLARY,KNIFE,449,CENTRAL,Oliver,-76.517413,39.368379,HOUSE,1
3/16/2019,00:20:00,09,7808 N BALTIMORE ST,SHOOTING,KNIFE,283,EASTERN,Clifton Park,-76.580332,39.329604,HOUSE,1
6/21/2022,21:34:00,03,3271 N BALTIMORE ST,ROBBERY,KNIFE,318,NORTHERN,Druid Heights,-76.50784,39.291615,STORE,1
10/7/2021,18:43:00,03,5404 N BALTIMORE ST,ASSAULT,KNIFE,884,CENTRAL,Druid Heights,-76.481128,39.251533,ALLEY,1
6/17/2020,15:41:00,07,4513 N BALTIMORE ST,COMMON ASSAULT,HANDS,583,CENTRAL,Irvington,-76.319701,39.450332,HOUSE,1
12/12/2021,23:20:00,08,5146 N BALTIMORE ST,AGG. ASSAULT,NONE,880,SOUTHERN,Belair-Edison,-76.474863,39.428667,STORE,1
11/26/2021,04:29:00,05,419 N BALTIMORE ST,COMMON ASSAULT,KNIFE,777,EASTERN,Harlem Park,-76.384998,39.288439,HOUSE,1
7/11/2022,17:35:00,04,3622 N BALTIMORE ST,HOMICIDE,NONE,380,SOUTHERN,Sandtown-Winchester,-76.56795,39.272941,HOUSE,1
8/2/2023,21:24:00,08,4193 N BALTIMORE ST,BURGLARY,NONE,160,EASTERN,Guilford,-76.569568,39.391889,HOUSE,1
5/4/2022,15:08:00,02,5417 N BALTIMORE ST,AGG. ASSAULT,KNIFE,254,SOUTHERN,Berea,-76.423058,39.372226,STREET,1
10/18/2021,21:16:00,09,8800 N BALTIMORE ST,BURGLARY,FIREARM,243,NORTHWESTERN,Johnston Square,-76.36837,39.220401,HOUSE,1
12/7/2022,05:20:00,08,3830 N BALTIMORE ST,SHOOTING,HANDS,441,SOUTHERN,Mount Washington,-76.540304,39.491432,HOUSE,1
3/4/2019,20:26:00,07,6593 N BALTIMORE ST,SHOOTING,FIREARM,641,WESTERN,Pigtown,-76.581914,39.496893,HOUSE,1
1/17/2022,10:50:00,09,8161 N BALTIMORE ST,BURGLARY,HANDS,749,WESTERN,Sandtown-Winchester,-76.579867,39.222666,STREET,1
9/6/2019,16:54:00,02,9503 N BALTIMORE ST,SHOOTING,KNIFE,869,NORTHERN,Berea,-76.578075,39.405186,HOUSE,1
11/11/2020,02:11:00,06,7539 N BALTIMORE ST,HOMICIDE,NONE,121,EASTERN,Johnston Square,-76.47956,39.288144,STORE,1
6/14/2020,04:16:00,04,9674 N BALTIMORE ST,AUTO THEFT,NONE,769,NORTHEASTERN,Sandtown-Winchester,-76.400379,39.430978,HOUSE,1
3/7/2023,04:13:00,05,3075 N BALTIMORE ST,ROBBERY,FIREARM,646,CENTRAL,Roland Park,-76.419424,39.453409,ALLEY,1
6/28/2019,10:59:00,04,3521 N BALTIMORE ST,COMMON ASSAULT,HANDS,267,SOUTHERN,Berea,-76.472715,39.281323,ALLEY,1
3/15/2019,03:53:00,07,516 N BALTIMORE ST,SHOOTING,KNIFE,489,SOUTHERN,Charles Village,-76.585236,39.331564,ALLEY,1
10/27/2022,03:05:00,03,8401 N BALTIMORE ST,HOMICIDE,FIREARM,266,NORTHERN,Brooklyn,-76.373018,39.236107,STORE,1
12/11/2021,13:12:00,04,1587 N BALTIMORE ST,HOMICIDE,HANDS,589,WESTERN,Guilford,-76.523415,39.233598,STORE,1
7/13/2022,03:22:00,06,5178 N BALTIMORE ST,ROBBERY,NONE,767,NORTHEASTERN,Sandtown-Winchester,-76.509792,39.499912,STREET,1
8/1/2022,08:46:00,06,843 N BALTIMORE ST,ASSAULT,KNIFE,281,CENTRAL,Clifton Park,-76.430626,39.238384,ALLEY,1
1/2/2022,19:51:00,04,4901 N BALTIMORE ST,AUTO THEFT,NONE,261,CENTRAL,Belair-Edison,-76.474228,39.252391,ALLEY,1
6/4/2020,05:01:00,08,3443 N BALTIMORE ST,BURGLARY,NONE,740,NORTHERN,Guilford,-76.488045,39.452427,HOUSE,1
6/1/2019,15:02:00,03,6779 N BALTIMORE ST,LARCENY,NONE,880,NORTHERN,Sandtown-Winchester,-76.420448,39.357561,ALLEY,1
4/3/2021,13:04:00,02,7893 N BALTIMORE ST,SHOOTING,NONE,649,NORTHEASTERN,Druid Heights,-76.467875,39.457075,STREET,1
5/5/2022,10:42:00,09,6089 N BALTIMORE ST,ROBBERY,NONE,604,EASTERN,Westport,-76.375384,39.455591,ALLEY,1
3/26/2023,04:14:00,02,1653 N BALTIMORE ST,AGG. ASSAULT,HANDS,729,NORTHWESTERN,Belair-Edison,-76.568432,39.267867,ALLEY,1
6/23/2021,14:42:00,09,8568 N BALTIMORE ST,BURGLARY,KNIFE,435,CENTRAL,Guilford,-76.473394,39.398361,STREET,1
11/2/2022,06:11:00,01,2442 N BALTIMORE ST,LARCENY,KNIFE,265,NORTHERN,Guilford,-76.480971,39.203514,STORE,1
4/21/2021,18:25:00,08,3619 N BALTIMORE ST,SHOOTING,HANDS,658,NORTHERN,Oliver,-76.468041,39.423488,HOUSE,1
6/26/2021,15:49:00,09,7576 N BALTIMORE ST,ROBBERY,HANDS,881,NORTHWESTERN,Park Heights,-76.444278,39.218935,HOUSE,1
9/5/2019,03:14:00,08,1920 N BALTIMORE ST,ROBBERY,HANDS,229,CENTRAL,Greenmount West,-76.338008,39.292109,STORE,1
3/13/2023,16:12:00,03,3734 N BALTIMORE ST,LARCENY,KNIFE,851,NORTHEASTERN,Berea,-76.376621,39.357672,ALLEY,1
9/2/2023,17:23:00,09,3875 N BALTIMORE ST,HOMICIDE,KNIFE,483,NORTHERN,Morrell Park,-76.552375,39.404119,ALLEY,1
9/20/2020,13:54:00,04,4661 N BALTIMORE ST,LARCENY,NONE,403,NORTHERN,Homeland,-76.483068,39.356525,STORE,1
6/5/2022,23:19:00,01,1326 N BALTIMORE ST,BURGLARY,HANDS,313,EASTERN,Roland Park,-76.323084,39.383935,STREET,1
3/5/2022,15:52:00,03,4072 N BALTIMORE ST,AGG. ASSAULT,KNIFE,761,NORTHERN,Harlem Park,-76.474297,39.377425,ALLEY,1
4/9/2019,04:57:00,07,2122 N BALTIMORE ST,ASSAULT,KNIFE,554,SOUTHERN,Homeland,-76.557277,39.282641,HOUSE,1
9/10/2019,16:06:00,08,3904 N BALTIMORE ST,SHOOTING,HANDS,227,CENTRAL,Sandtown-Winchester,-76.437622,39.383011,ALLEY,1
5/2/2021,12:53:00,05,1948 N BALTIMORE ST,SHOOTING,NONE,699,NORTHERN,Upton,-76.549463,39.412928,STORE,1
9/4/2020,02:46:00,06,4053 N BALTIMORE ST,SHOOTING,NONE,531,SOUTHERN,Charles Village,-76.583004,39.231557,HOUSE,1
5/21/2021,16:21:00,07,4216 N BALTIMORE ST,AUTO THEFT,FIREARM,113,CENTRAL,Homeland,-76.569661,39.441797,ALLEY,1
10/14/2020,21:17:00,02,8093 N BALTIMORE ST,HOMICIDE,NONE,721,EASTERN,Morrell Park,-76.44431,39.477573,STORE,1
10/27/2019,20:06:00,02,2024 N BALTIMORE ST,COMMON ASSAULT,HANDS,694,WESTERN,Harlem Park,-76.398217,39.471137,STORE,1
6/21/2019,14:54:00,08,9493 N BALTIMORE ST,HOMICIDE,FIREARM,508,EASTERN,Homeland,-76.356052,39.388436,STORE,1
10/6/2020,00:40:00,06,1718 N BALTIMORE ST,BURGLARY,NONE,129,NORTHEASTERN,Eastwood,-76.381283,39.454829,HOUSE,1
6/8/2021,08:28:00,01,5416 N BALTIMORE ST,SHOOTING,HANDS,887,NORTHERN,Pimlico,-76.361908,39.262814,HOUSE,1
3/28/2021,15:54:00,02,5568 N BALTIMORE ST,AUTO THEFT,KNIFE,424,EASTERN,Guilford,-76.351395,39.230389,STREET,1
10/16/2021,20:11:00,07,3412 N BALTIMORE ST,BURGLARY,NONE,459,EASTERN,Clifton Park,-76.4989,39.331331,HOUSE,1
6/1/2020,03:12:00,05,8392 N BALTIMORE ST,HOMICIDE,HANDS,874,NORTHWESTERN,Charles Village,-76.432024,39.253372,STREET,1
12/20/2019,21:25:00,05,2488 N BALTIMORE ST,AUTO THEFT,HANDS,506,NORTHEASTERN,Brooklyn,-76.56009,39.315572,HOUSE,1
6/8/2019,14:52:00,01,4128 N BALTIMORE ST,HOMICIDE,KNIFE,783,WESTERN,Irvington,-76.302197,39.207908,ALLEY,1
4/8/2020,14:41:00,04,2481 N BALTIMORE ST,LARCENY,HANDS,349,CENTRAL,Homeland,-76.310623,39.457259,STORE,1
9/18/2022,18:12:00,07,3148 N BALTIMORE ST,HOMICIDE,NONE,742,EASTERN,Homeland,-76.427363,39.470703,STORE,1
5/14/2021,11:23:00,04,5345 N BALTIMORE ST,HOMICIDE,HANDS,178,SOUTHERN,Guilford,-76.312573,39.240348,ALLEY,1
3/4/2023,16:45:00,08,8871 N BALTIMORE ST,AUTO THEFT,FIREARM,718,WESTERN,Waverly,-76.531653,39.304503,ALLEY,1
1/15/2023,19:28:00,08,9783 N BALTIMORE ST,AGG. ASSAULT,FIREARM,275,SOUTHERN,Johnston Square,-76.593365,39.33454,STREET,1
12/5/2022,02:43:00,06,1171 N BALTIMORE ST,BURGLARY,HANDS,845,SOUTHERN,Roland Park,-76.591727,39.379322,STORE,1
7/7/2020,21:28:00,05,8921 N BALTIMORE ST,BURGLARY,HANDS,338,NORTHERN,Pen Lucy,-76.429043,39.462791,STORE,1
11/19/2023,10:55:00,01,967 N BALTIMORE ST,AUTO THEFT,FIREARM,893,NORTHERN,Belair-Edison,-76.306794,39.384155,STORE,1
4/20/2020,05:53:00,03,583 N BALTIMORE ST,SHOOTING,FIREARM,439,NORTHWESTERN,Guilford,-76.573268,39.483844,STORE,1
12/16/2022,04:54:00,06,3098 N BALTIMORE ST,ROBBERY,HANDS,463,EASTERN,Waverly,-76.546777,39.329108,HOUSE,1
5/13/2020,06:14:00,06,1436 N BALTIMORE ST,AUTO THEFT,NONE,869,NORTHEASTERN,Oliver,-76.571792,39.27733,STREET,1
2/6/2021,00:33:00,01,176 N BALTIMORE ST,AUTO THEFT,NONE,413,NORTHEASTERN,Berea,-76.591704,39.471544,HOUSE,1
4/21/2020,19:31:00,03,8868 N BALTIMORE ST,COMMON ASSAULT,HANDS,199,NORTHEASTERN,Mount Washington,-76.338371,39.473784,HOUSE,1
12/28/2022,05:32:00,03,7392 N BALTIMORE ST,LARCENY,FIREARM,650,NORTHWESTERN,Morrell Park,-76.33353,39.438094,STREET,1
2/12/2021,21:11:00,09,2842 N BALTIMORE ST,ROBBERY,NONE,297,SOUTHERN,Waverly,-76.418949,39.499203,HOUSE,1
7/26/2023,14:07:00,09,1172 N BALTIMORE ST,AUTO THEFT,KNIFE,474,CENTRAL,Johnston Square,-76.557586,39.488116,STORE,1
1/12/2022,01:58:00,08,9785 N BALTIMORE ST,ROBBERY,FIREARM,779,NORTHERN,Brooklyn,-76.403559,39.47356,STORE,1
5/11/2020,04:28:00,04,4899 N BALTIMORE ST,AGG. ASSAULT,NONE,545,WESTERN,Charles Village,-76.48688,39.34714,STORE,1
8/20/2023,12:19:00,08,4805 N BALTIMORE ST,LARCENY,FIREARM,292,SOUTHERN,Druid Heights,-76.315966,39.292136,ALLEY,1
9/1/2019,01:19:00,07,3184 N BALTIMORE ST,AUTO THEFT,FIREARM,800,SOUTHERN,Clifton Park,-76.337888,39.421562,ALLEY,1
4/4/2019,14:11:00,04,5347 N BALTIMORE ST,ROBBERY,KNIFE,607,SOUTHERN,Middle East,-76.537979,39.392126,STREET,1
12/4/2020,09:00:00,04,5519 N BALTIMORE ST,ASSAULT,NONE,333,EASTERN,Harlem Park,-76.488465,39.451336,STREET,1
4/20/2023,21:16:00,07,9447 N BALTIMORE ST,BURGLARY,KNIFE,769,NORTHWESTERN,Belair-Edison,-76.37901,39.281784,STREET,1
7/9/2022,06:52:00,08,4252 N BALTIMORE ST,LARCENY,NONE,142,NORTHERN,Greenmount West,-76.391199,39.334738,ALLEY,1
2/6/2019,15:04:00,03,8897 N BALTIMORE ST,AUTO THEFT,KNIFE,857,CENTRAL,Upton,-76.52305,39.404272,STORE,1
5/28/2021,18:16:00,02,2056 N BALTIMORE ST,AGG. ASSAULT,KNIFE,188,WESTERN,Westport,-76.433575,39.34939,ALLEY,1
8/4/2022,03:14:00,01,6458 N BALTIMORE ST,ASSAULT,FIREARM,880,NORTHEASTERN,Middle East,-76.391915,39.22022,STORE,1
12/5/2022,14:38:00,01,8351 N BALTIMORE ST,COMMON ASSAULT,KNIFE,842,SOUTHERN,Irvington,-76.504624,39.37064,ALLEY,1
3/12/2021,14:12:00,01,6511 N BALTIMORE ST,AGG. ASSAULT,KNIFE,398,NORTHERN,Park Heights,-76.448322,39.267571,ALLEY,1
1/28/2022,14:04:00,04,9957 N BALTIMORE ST,HOMICIDE,HANDS,670,CENTRAL,Park Heights,-76.551671,39.364137,HOUSE,1
7/17/2019,17:01:00,03,5370 N BALTIMORE ST,AUTO THEFT,FIREARM,246,NORTHEASTERN,Harlem Park,-76.329544,39.405295,STREET,1
1/27/2023,12:49:00,02,3778 N BALTIMORE ST,LARCENY,FIREARM,120,NORTHEASTERN,Govans,-76.405341,39.473243,STORE,1
7/15/2023,23:15:00,08,4196 N BALTIMORE ST,AUTO THEFT,NONE,590,CENTRAL,Westport,-76.324172,39.245941,HOUSE,1
11/24/2021,05:24:00,05,2726 N BALTIMORE ST,AUTO THEFT,FIREARM,542,NORTHWESTERN,Curtis Bay,-76.358365,39.243195,STORE,1
4/13/2023,04:53:00,06,3509 N BALTIMORE ST,AGG. ASSAULT,NONE,527,CENTRAL,Greenmount West,-76.461826,39.335694,STORE,1
6/22/2021,12:08:00,09,3473 N BALTIMORE ST,COMMON ASSAULT,KNIFE,829,SOUTHERN,Johnston Square,-76.54271,39.258381,HOUSE,1
7/12/2023,20:19:00,04,6536 N BALTIMORE ST,ASSAULT,NONE,211,EASTERN,Roland Park,-76.437151,39.335696,STORE,1
6/18/2020,05:42:00,07,8578 N BALTIMORE ST,AGG. ASSAULT,KNIFE,553,NORTHWESTERN,Harlem Park,-76.592849,39.261936,ALLEY,1
3/21/2023,12:36:00,04,2568 N BALTIMORE ST,AGG. ASSAULT,HANDS,579,CENTRAL,Pigtown,-76.52629,39.42154,STORE,1
9/24/2023,20:56:00,01,1690 N BALTIMORE ST,ROBBERY,FIREARM,121,WESTERN,Park Heights,-76.597399,39.458675,STREET,1
6/12/2019,06:47:00,03,3589 N BALTIMORE ST,BURGLARY,FIREARM,471,NORTHERN,Park Heights,-76.41303,39.29465,STORE,1
5/10/2020,03:51:00,09,2718 N BALTIMORE ST,ASSAULT,KNIFE,525,SOUTHERN,Oliver,-76.564468,39.473069,STORE,1
11/16/2023,22:17:00,04,1957 N BALTIMORE ST,ASSAULT,NONE,199,WESTERN,Cherry Hill,-76.373298,39.24068,STORE,1
3/25/2022,00:37:00,06,7324 N BALTIMORE ST,ASSAULT,NONE,120,EASTERN,Oliver,-76.308911,39.483981,HOUSE,1
6/3/2019,05:08:00,05,6549 N BALTIMORE ST,ASSAULT,FIREARM,784,SOUTHERN,Roland Park,-76.54086,39.390267,HOUSE,1
6/20/2019,15:01:00,07,2869 N BALTIMORE ST,AUTO THEFT,HANDS,296,NORTHERN,Pen Lucy,-76.445973,39.494611,STREET,1
1/21/2020,07:44:00,05,4410 N BALTIMORE ST,SHOOTING,NONE,445,SOUTHERN,Oliver,-76.587863,39.424999,STORE,1
9/2/2021,04:55:00,01,9498 N BALTIMORE ST,LARCENY,HANDS,489,NORTHEASTERN,Eastwood,-76.540107,39.341036,STORE,1
12/13/2021,10:23:00,09,7055 N BALTIMORE ST,AGG. ASSAULT,HANDS,235,CENTRAL,Harlem Park,-76.317128,39.415735,ALLEY,1
2/15/2021,21:05:00,06,8436 N BALTIMORE ST,ROBBERY,FIREARM,231,SOUTHERN,Oliver,-76.358132,39.232115,STREET,1
3/19/2019,07:49:00,02,1335 N BALTIMORE ST,LARCENY,FIREARM,854,SOUTHERN,Cherry Hill,-76.357904,39.461048,STREET,1
11/28/2022,10:50:00,02,2098 N BALTIMORE ST,LARCENY,KNIFE,304,WESTERN,Belair-Edison,-76.324599,39.477969,ALLEY,1
1/14/2019,21:14:00,04,919 N BALTIMORE ST,ROBBERY,NONE,428,CENTRAL,Upton,-76.412364,39.257792,ALLEY,1
12/6/2023,15:18:00,01,7350 N BALTIMORE ST,ASSAULT,FIREARM,181,EASTERN,Pen Lucy,-76.547245,39.259316,ALLEY,1
4/23/2023,03:44:00,02,3183 N BALTIMORE ST,ASSAULT,HANDS,874,WESTERN,Roland Park,-76.302406,39.248727,HOUSE,1
11/10/2023,06:27:00,05,5748 N BALTIMORE ST,COMMON ASSAULT,FIREARM,770,EASTERN,Irvington,-76.332833,39.405059,HOUSE,1
1/3/2019,15:22:00,01,7146 N BALTIMORE ST,ROBBERY,NONE,112,NORTHWESTERN,Charles Village,-76.30685,39.40235,HOUSE,1
12/22/2021,19:43:00,02,9425 N BALTIMORE ST,BURGLARY,HANDS,561,NORTHERN,Morrell Park,-76.492566,39.44329,HOUSE,1
6/18/2022,23:12:00,04,9721 N BALTIMORE ST,ASSAULT,FIREARM,807,SOUTHERN,Oliver,-76.494132,39.339483,STORE,1
8/28/2022,14:28:00,03,2427 N BALTIMORE ST,AGG. ASSAULT,NONE,125,NORTHERN,Park Heights,-76.337991,39.43648,STORE,1
7/12/2020,00:27:00,03,2574 N BALTIMORE ST,ASSAULT,KNIFE,197,CENTRAL,Mount Washington,-76.595083,39.341686,HOUSE,1
8/13/2019,05:19:00,09,4649 N BALTIMORE ST,COMMON ASSAULT,KNIFE,598,NORTHWESTERN,Park Heights,-76.417953,39.349741,STORE,1
11/2/2022,11:06:00,02,5396 N BALTIMORE ST,SHOOTING,HANDS,244,NORTHWESTERN,Mount Washington,-76.529454,39.483001,ALLEY,1
5/21/2019,05:21:00,05,7128 N BALTIMORE ST,ROBBERY,KNIFE,642,EASTERN,Greenmount West,-76.515431,39.417427,ALLEY,1
2/1/2022,14:23:00,07,4132 N BALTIMORE ST,COMMON ASSAULT,HANDS,804,WESTERN,Pimlico,-76.529968,39.461562,HOUSE,1
9/11/2021,18:50:00,06,3284 N BALTIMORE ST,ASSAULT,HANDS,900,EASTERN,Clifton Park,-76.410195,39.491341,ALLEY,1
4/27/2023,07:31:00,08,417 N BALTIMORE ST,AUTO THEFT,FIREARM,493,WESTERN,Pen Lucy,-76.374942,39.387082,STREET,1
10/24/2022,08:04:00,08,6482 N BALTIMORE ST,COMMON ASSAULT,HANDS,828,EASTERN,Middle East,-76.557075,39.454332,STREET,1
11/1/2020,10:22:00,08,9305 N BALTIMORE ST,ASSAULT,HANDS,427,NORTHWESTERN,Oliver,-76.454591,39.29425,ALLEY,1
10/20/2020,03:18:00,01,3293 N BALTIMORE ST,HOMICIDE,HANDS,354,NORTHERN,Homeland,-76.362787,39.326897,STREET,1
3/10/2020,00:01:00,07,1389 N BALTIMORE ST,AUTO THEFT,NONE,894,SOUTHERN,Westport,-76.327058,39.244284,STORE,1
8/25/2023,10:06:00,05,7570 N BALTIMORE ST,BURGLARY,KNIFE,823,NORTHWESTERN,Berea,-76.418037,39.285429,ALLEY,1
1/28/2019,10:35:00,08,6142 N BALTIMORE ST,ASSAULT,HANDS,837,NORTHEASTERN,Park Heights,-76.487491,39.20764,STORE,1
3/11/2022,19:53:00,01,4735 N BALTIMORE ST,AUTO THEFT,FIREARM,623,SOUTHERN,Clifton Park,-76.583242,39.415181,ALLEY,1
3/5/2019,03:33:00,03,3950 N BALTIMORE ST,ROBBERY,HANDS,465,NORTHEASTERN,Oliver,-76.498553,39.323793,STREET,1
1/17/2023,13:41:00,07,2639 N BALTIMORE ST,HOMICIDE,FIREARM,312,EASTERN,Oliver,-76.465451,39.234575,HOUSE,1
11/22/2019,17:01:00,01,3794 N BALTIMORE ST,SHOOTING,FIREARM,143,NORTHWESTERN,Curtis Bay,-76.5343,39.2698,ALLEY,1
6/11/2023,12:48:00,07,415 N BALTIMORE ST,HOMICIDE,HANDS,604,NORTHWESTERN,Mount Washington,-76.592946,39.414423,STORE,1
4/19/2019,01:13:00,04,9647 N BALTIMORE ST,SHOOTING,FIREARM,457,NORTHEASTERN,Berea,-76.389453,39.374475,HOUSE,1
7/7/2020,04:34:00,01,4710 N BALTIMORE ST,BURGLARY,HANDS,623,NORTHERN,Middle East,-76.483474,39.450447,HOUSE,1
5/13/2021,03:41:00,05,7499 N BALTIMORE ST,LARCENY,NONE,717,NORTHWESTERN,Park Heights,-76.30968,39.401554,STORE,1
1/13/2019,03:47:00,04,3379 N BALTIMORE ST,BURGLARY,KNIFE,707,NORTHWESTERN,Brooklyn,-76.354642,39.308281,STREET,1
10/27/2020,08:13:00,09,490 N BALTIMORE ST,BURGLARY,FIREARM,321,CENTRAL,Clifton Park,-76.351124,39.458107,ALLEY,1
12/11/2022,14:25:00,03,8155 N BALTIMORE ST,SHOOTING,HANDS,783,CENTRAL,Oliver,-76.342792,39.274556,STREET,1
10/2/2019,00:17:00,01,5071 N BALTIMORE ST,SHOOTING,NONE,846,NORTHEASTERN,Roland Park,-76.429567,39.247846,STREET,1
7/24/2020,11:04:00,05,6940 N BALTIMORE ST,LARCENY,HANDS,888,NORTHWESTERN,Pimlico,-76.589502,39.236023,ALLEY,1
2/21/2020,23:43:00,01,7907 N BALTIMORE ST,ASSAULT,FIREARM,215,EASTERN,Pigtown,-76.574171,39.270441,HOUSE,1
8/3/2023,23:44:00,03,3630 N BALTIMORE ST,ROBBERY,NONE,794,NORTHEASTERN,Pigtown,-76.486772,39.211148,STORE,1
3/1/2022,18:57:00,01,1132 N BALTIMORE ST,BURGLARY,HANDS,836,EASTERN,Homeland,-76.456249,39.440582,STREET,1
4/23/2020,14:51:00,01,822 N BALTIMORE ST,AGG. ASSAULT,NONE,337,SOUTHERN,Eastwood,-76.385329,39.422758,HOUSE,1
6/15/2023,15:34:00,03,6215 N BALTIMORE ST,AUTO THEFT,KNIFE,428,NORTHEASTERN,Pimlico,-76.379442,39.304036,ALLEY,1
8/12/2021,09:09:00,08,8984 N BALTIMORE ST,AGG. ASSAULT,HANDS,542,EASTERN,Morrell Park,-76.574066,39.27596,ALLEY,1
8/25/2022,17:55:00,03,800 N BALTIMORE ST,AUTO THEFT,KNIFE,713,SOUTHERN,Park Heights,-76.497505,39.389809,ALLEY,1
3/27/2023,06:52:00,07,1439 N BALTIMORE ST,AGG. ASSAULT,FIREARM,613,NORTHERN,Mount Washington,-76.436801,39.355871,STREET,1
12/8/2020,21:45:00,06,8114 N BALTIMORE ST,ROBBERY,HANDS,849,WESTERN,Pigtown,-76.349059,39.311997,STORE,1
4/19/2022,11:47:00,07,1843 N BALTIMORE ST,COMMON ASSAULT,NONE,259,CENTRAL,Middle East,-76.349695,39.46857,ALLEY,1
2/16/2023,04:58:00,02,5122 N BALTIMORE ST,COMMON ASSAULT,NONE,410,NORTHEASTERN,Pen Lucy,-76.35243,39.36259,STREET,1
1/1/2019,09:07:00,04,3142 N BALTIMORE ST,ROBBERY,FIREARM,359,NORTHWESTERN,Homeland,-76.46422,39.235686,HOUSE,1
12/20/2019,09:21:00,07,6242 N BALTIMORE ST,COMMON ASSAULT,HANDS,538,EASTERN,Eastwood,-76.414223,39.475867,STREET,1
8/11/2019,11:01:00,05,7859 N BALTIMORE ST,AGG. ASSAULT,FIREARM,532,EASTERN,Eastwood,-76.393423,39.38607,HOUSE,1
7/2/2019,15:48:00,02,7880 N BALTIMORE ST,BURGLARY,FIREARM,184,EASTERN,Eastwood,-76.526383,39.449189,STREET,1
4/20/2021,15:02:00,06,5175 N BALTIMORE ST,HOMICIDE,NONE,321,EASTERN,Johnston Square,-76.415885,39.228486,ALLEY,1
9/15/2019,02:32:00,03,7688 N BALTIMORE ST,BURGLARY,NONE,648,NORTHERN,Morrell Park,-76.403889,39.214614,STREET,1
3/15/2022,09:54:00,03,752 N BALTIMORE ST,BURGLARY,HANDS,536,WESTERN,Pen Lucy,-76.567098,39.246439,STREET,1
4/1/2022,12:49:00,03,6272 N BALTIMORE ST,LARCENY,HANDS,287,EASTERN,Brooklyn,-76.532973,39.45967,STORE,1
12/4/2022,03:10:00,03,2262 N BALTIMORE ST,LARCENY,NONE,608,CENTRAL,Curtis Bay,-76.489997,39.409676,STREET,1
11/18/2021,03:26:00,08,649 N BALTIMORE ST,BURGLARY,NONE,670,WESTERN,Pen Lucy,-76.389386,39.220082,STREET,1
8/13/2021,16:58:00,04,2353 N BALTIMORE ST,ROBBERY,FIREARM,265,CENTRAL,Pigtown,-76.574087,39.256037,ALLEY,1
6/18/2023,08:30:00,02,3139 N BALTIMORE ST,AGG. ASSAULT,FIREARM,673,CENTRAL,Johnston Square,-76.588073,39.260734,HOUSE,1
1/12/2022,01:32:00,01,1947 N BALTIMORE ST,HOMICIDE,HANDS,699,CENTRAL,Belair-Edison,-76.440844,39.291003,ALLEY,1
4/7/2022,21:30:00,08,7943 N BALTIMORE ST,COMMON ASSAULT,FIREARM,276,NORTHWESTERN,Park Heights,-76.483643,39.390019,STREET,1
9/5/2020,02:30:00,09,1289 N BALTIMORE ST,ASSAULT,KNIFE,741,CENTRAL,Belair-Edison,-76.373976,39.451931,HOUSE,1
7/2/2021,13:02:00,06,6565 N BALTIMORE ST,LARCENY,KNIFE,787,NORTHERN,Curtis Bay,-76.382051,39.312105,STORE,1
12/5/2020,15:39:00,09,6760 N BALTIMORE ST,ASSAULT,KNIFE,713,NORTHERN,Irvington,-76.443622,39.34914,STREET,1
7/3/2019,17:05:00,03,754 N BALTIMORE ST,AUTO THEFT,HANDS,502,WESTERN,Greenmount West,-76.51575,39.39505,HOUSE,1
10/11/2023,09:54:00,08,8479 N BALTIMORE ST,SHOOTING,NONE,875,NORTHERN,Westport,-76.338652,39.406536,ALLEY,1
12/16/2019,10:34:00,09,1131 N BALTIMORE ST,BURGLARY,HANDS,377,SOUTHERN,Oliver,-76.337575,39.37833,ALLEY,1
10/7/2020,11:19:00,04,5588 N BALTIMORE ST,HOMICIDE,NONE,385,SOUTHERN,Park Heights,-76.520827,39.327154,ALLEY,1
12/10/2020,06:43:00,06,8992 N BALTIMORE ST,HOMICIDE,HANDS,309,WESTERN,Charles Village,-76.360591,39.374525,ALLEY,1
11/8/2021,06:38:00,06,3099 N BALTIMORE ST,SHOOTING,HANDS,351,CENTRAL,Druid Heights,-76.482511,39.415112,STORE,1
5/20/2020,02:16:00,02,6269 N BALTIMORE ST,HOMICIDE,NONE,103,SOUTHERN,Berea,-76.580036,39.443597,HOUSE,1
9/19/2022,08:32:00,07,3363 N BALTIMORE ST,BURGLARY,FIREARM,537,EASTERN,Hampden,-76.411566,39.346868,STREET,1
6/4/2022,04:11:00,02,6020 N BALTIMORE ST,LARCENY,FIREARM,171,EASTERN,Oliver,-76.516793,39.364547,HOUSE,1
12/22/2019,13:13:00,01,9382 N BALTIMORE ST,LARCENY,FIREARM,214,NORTHERN,Belair-Edison,-76.498718,39.387308,HOUSE,1
4/8/2020,19:38:00,05,9154 N BALTIMORE ST,AUTO THEFT,KNIFE,255,EASTERN,Westport,-76.593114,39.375236,ALLEY,1
4/18/2022,19:01:00,03,1593 N BALTIMORE ST,BURGLARY,NONE,227,NORTHERN,Cherry Hill,-76.571295,39.453615,ALLEY,1
3/6/2023,07:17:00,02,151 N BALTIMORE ST,COMMON ASSAULT,HANDS,545,EASTERN,Curtis Bay,-76.426109,39.379915,STORE,1
2/28/2020,02:26:00,08,7350 N BALTIMORE ST,ASSAULT,NONE,729,NORTHWESTERN,Johnston Square,-76.374792,39.206908,HOUSE,1
7/26/2022,16:21:00,06,439 N BALTIMORE ST,SHOOTING,NONE,552,CENTRAL,Brooklyn,-76.418034,39.311888,STREET,1
3/26/2022,12:13:00,04,5248 N BALTIMORE ST,AUTO THEFT,NONE,380,NORTHERN,Irvington,-76.52537,39.287204,ALLEY,1
1/22/2022,18:15:00,02,7509 N BALTIMORE ST,LARCENY,NONE,685,WESTERN,Govans,-76.496445,39.314291,STORE,1
7/3/2022,13:16:00,06,3844 N BALTIMORE ST,BURGLARY,HANDS,366,CENTRAL,Greenmount West,-76.456441,39.250562,ALLEY,1
6/2/2022,07:05:00,03,1613 N BALTIMORE ST,HOMICIDE,FIREARM,356,NORTHEASTERN,Mount Washington,-76.576223,39.479603,STORE,1
7/9/2020,05:14:00,07,5205 N BALTIMORE ST,ASSAULT,FIREARM,337,SOUTHERN,Belair-Edison,-76.338457,39.386283,ALLEY,1
7/6/2022,07:01:00,04,9973 N BALTIMORE ST,ROBBERY,FIREARM,891,WESTERN,Westport,-76.569547,39.445187,ALLEY,1
9/25/2022,11:46:00,03,2602 N BALTIMORE ST,HOMICIDE,KNIFE,351,NORTHEASTERN,Berea,-76.363927,39.297643,ALLEY,1
1/17/2023,16:57:00,01,6552 N BALTIMORE ST,ASSAULT,KNIFE,149,SOUTHERN,Charles Village,-76.45928,39.453961,ALLEY,1
10/26/2021,08:29:00,04,7553 N BALTIMORE ST,ASSAULT,FIREARM,830,WESTERN,Mount Washington,-76.525536,39.392041,STREET,1
1/10/2020,14:33:00,08,6571 N BALTIMORE ST,HOMICIDE,NONE,637,EASTERN,Upton,-76.460014,39.394206,HOUSE,1
12/27/2023,23:25:00,05,8676 N BALTIMORE ST,AGG. ASSAULT,KNIFE,615,WESTERN,Waverly,-76.342622,39.237872,STREET,1
6/27/2023,09:07:00,07,6368 N BALTIMORE ST,AGG. ASSAULT,HANDS,482,NORTHEASTERN,Brooklyn,-76.592837,39.346166,STREET,1
8/28/2020,18:50:00,03,5047 N BALTIMORE ST,AGG. ASSAULT,KNIFE,245,EASTERN,Brooklyn,-76.595087,39.268121,STORE,1
8/23/2022,14:23:00,04,7690 N BALTIMORE ST,ASSAULT,NONE,152,EASTERN,Pigtown,-76.52639,39.243661,STREET,1
6/15/2019,12:56:00,07,1379 N BALTIMORE ST,BURGLARY,HANDS,624,SOUTHERN,Westport,-76.434518,39.212157,STORE,1
4/10/2021,16:10:00,01,1759 N BALTIMORE ST,ASSAULT,HANDS,161,SOUTHERN,Upton,-76.592595,39.265608,HOUSE,1
6/26/2022,19:29:00,06,5450 N BALTIMORE ST,BURGLARY,HANDS,152,EASTERN,Sandtown-Winchester,-76.359633,39.375686,STORE,1
9/2/2022,21:49:00,09,9379 N BALTIMORE ST,HOMICIDE,FIREARM,257,EASTERN,Charles Village,-76.320116,39.313377,STORE,1
3/5/2021,06:05:00,07,4618 N BALTIMORE ST,AGG. ASSAULT,KNIFE,142,CENTRAL,Guilford,-76.586796,39.203634,ALLEY,1
4/14/2023,04:27:00,09,9409 N BALTIMORE ST,BURGLARY,KNIFE,100,EASTERN,Brooklyn,-76.302692,39.249017,STREET,1
2/8/2022,14:58:00,03,8185 N BALTIMORE ST,ROBBERY,FIREARM,785,CENTRAL,Pigtown,-76.462118,39.469822,HOUSE,1
10/18/2021,17:56:00,06,5449 N BALTIMORE ST,HOMICIDE,KNIFE,783,EASTERN,Mount Washington,-76.395413,39.414969,HOUSE,1
4/27/2020,00:27:00,08,4559 N BALTIMORE ST,AUTO THEFT,HANDS,610,WESTERN,Waverly,-76.308172,39.497394,STREET,1
2/27/2021,04:35:00,04,3687 N BALTIMORE ST,COMMON ASSAULT,NONE,256,SOUTHERN,Morrell Park,-76.322185,39.409215,HOUSE,1
7/19/2022,10:19:00,02,4073 N BALTIMORE ST,ASSAULT,NONE,778,CENTRAL,Greenmount West,-76.580104,39.294187,STREET,1
3/14/2022,15:01:00,06,6168 N BALTIMORE ST,ROBBERY,HANDS,341,EASTERN,Greenmount West,-76.454044,39.49934,STORE,1
7/28/2022,07:18:00,04,2801 N BALTIMORE ST,AUTO THEFT,KNIFE,712,NORTHWESTERN,Morrell Park,-76.501857,39.313054,STREET,1
12/1/2019,04:34:00,07,8171 N BALTIMORE ST,ROBBERY,KNIFE,152,NORTHEASTERN,Druid Heights,-76.599374,39.253272,ALLEY,1
11/22/2021,22:22:00,02,762 N BALTIMORE ST,ASSAULT,HANDS,438,NORTHERN,Westport,-76.570009,39.498895,STREET,1
4/26/2019,05:57:00,07,8134 N BALTIMORE ST,ROBBERY,HANDS,707,WESTERN,Harlem Park,-76.512571,39.451055,STREET,1
3/3/2021,14:38:00,05,2678 N BALTIMORE ST,HOMICIDE,FIREARM,608,WESTERN,Homeland,-76.418055,39.40671,STREET,1
11/6/2021,22:30:00,08,5977 N BALTIMORE ST,HOMICIDE,HANDS,400,NORTHERN,Govans,-76.403953,39.444391,STORE,1
11/11/2021,06:15:00,08,2536 N BALTIMORE ST,ASSAULT,FIREARM,181,NORTHWESTERN,Waverly,-76.582376,39.462542,ALLEY,1
3/24/2020,02:18:00,06,5342 N BALTIMORE ST,COMMON ASSAULT,NONE,545,EASTERN,Druid Heights,-76.477036,39.478962,HOUSE,1
8/21/2020,01:23:00,03,6502 N BALTIMORE ST,COMMON ASSAULT,HANDS,167,CENTRAL,Hampden,-76.585326,39.452336,HOUSE,1
8/22/2022,12:50:00,06,7466 N BALTIMORE ST,ASSAULT,HANDS,863,NORTHWESTERN,Govans,-76.309991,39.326705,HOUSE,1
12/6/2023,00:55:00,03,4205 N BALTIMORE ST,AGG. ASSAULT,FIREARM,598,NORTHERN,Hampden,-76.337344,39.300367,STREET,1
9/20/2020,15:17:00,04,3057 N BALTIMORE ST,AGG. ASSAULT,FIREARM,889,NORTHWESTERN,Roland Park,-76.597232,39.308218,HOUSE,1
6/1/2021,03:30:00,09,3404 N BALTIMORE ST,COMMON ASSAULT,KNIFE,440,WESTERN,Waverly,-76.395893,39.457332,HOUSE,1
10/20/2023,19:12:00,07,745 N BALTIMORE ST,SHOOTING,HANDS,651,EASTERN,Middle East,-76.300963,39.336931,HOUSE,1
10/21/2022,02:30:00,07,7694 N BALTIMORE ST,COMMON ASSAULT,HANDS,705,NORTHEASTERN,Park Heights,-76.53313,39.27941,STREET,1
5/13/2023,08:00:00,09,3855 N BALTIMORE ST,LARCENY,KNIFE,560,NORTHWESTERN,Homeland,-76.528306,39.200675,STREET,1
9/27/2021,17:26:00,01,8320 N BALTIMORE ST,BURGLARY,FIREARM,608,NORTHERN,Upton,-76.303339,39.264024,HOUSE,1
7/18/2020,23:21:00,03,9030 N BALTIMORE ST,COMMON ASSAULT,FIREARM,801,NORTHEASTERN,Charles Village,-76.47115,39.298632,ALLEY,1
3/24/2019,23:16:00,03,4889 N BALTIMORE ST,BURGLARY,NONE,265,NORTHEASTERN,Oliver,-76.328214,39.261228,ALLEY,1
5/18/2021,22:35:00,02,1348 N BALTIMORE ST,ASSAULT,FIREARM,103,NORTHEASTERN,Pimlico,-76.313924,39.219795,HOUSE,1
6/4/2022,16:49:00,09,7723 N BALTIMORE ST,HOMICIDE,FIREARM,592,NORTHEASTERN,Cherry Hill,-76.3996,39.28349,STREET,1
6/6/2019,12:51:00,04,9034 N BALTIMORE ST,BURGLARY,FIREARM,735,NORTHERN,Pimlico,-76.358687,39.437993,STREET,1
6/6/2020,16:52:00,09,3281 N BALTIMORE ST,SHOOTING,HANDS,130,NORTHWESTERN,Upton,-76.497946,39.316783,STORE,1
7/7/2023,05:12:00,08,9706 N BALTIMORE ST,ROBBERY,KNIFE,772,NORTHERN,Druid Heights,-76.319861,39.43423,STORE,1
4/2/2021,01:28:00,04,160 N BALTIMORE ST,AUTO THEFT,FIREARM,780,SOUTHERN,Govans,-76.319824,39.394615,STORE,1
6/28/2019,14:05:00,03,1672 N BALTIMORE ST,HOMICIDE,FIREARM,707,NORTHERN,Guilford,-76.559269,39.348304,HOUSE,1
11/11/2019,07:19:00,09,7073 N BALTIMORE ST,BURGLARY,FIREARM,209,WESTERN,Druid Heights,-76.583526,39.290062,ALLEY,1
3/9/2022,10:54:00,07,1318 N BALTIMORE ST,HOMICIDE,HANDS,176,SOUTHERN,Pen Lucy,-76.450514,39.421589,STORE,1
6/6/2021,22:05:00,03,8700 N BALTIMORE ST,ROBBERY,HANDS,216,NORTHEASTERN,Sandtown-Winchester,-76.571453,39.27926,HOUSE,1
10/7/2020,18:51:00,02,3893 N BALTIMORE ST,LARCENY,HANDS,418,NORTHEASTERN,Park Heights,-76.34756,39.365063,STREET,1
10/28/2023,22:34:00,05,9149 N BALTIMORE ST,BURGLARY,FIREARM,513,CENTRAL,Waverly,-76.374309,39.212221,STORE,1
5/24/2021,01:08:00,02,1645 N BALTIMORE ST,LARCENY,FIREARM,588,CENTRAL,Upton,-76.587243,39.44285,STORE,1
3/19/2021,17:57:00,04,1443 N BALTIMORE ST,AUTO THEFT,KNIFE,289,NORTHEASTERN,Berea,-76.405454,39.370705,STREET,1
8/7/2019,23:45:00,03,2874 N BALTIMORE ST,HOMICIDE,KNIFE,517,NORTHERN,Clifton Park,-76.598414,39.356893,HOUSE,1
8/18/2020,07:03:00,07,3557 N BALTIMORE ST,AGG. ASSAULT,KNIFE,640,NORTHERN,Morrell Park,-76.512188,39.240863,STORE,1
5/8/2021,19:54:00,02,6984 N BALTIMORE ST,BURGLARY,NONE,101,WESTERN,Hampden,-76.306655,39.321663,ALLEY,1
10/6/2020,20:37:00,02,4176 N BALTIMORE ST,ASSAULT,FIREARM,336,SOUTHERN,Guilford,-76.300557,39.423464,STREET,1
4/9/2020,03:36:00,01,3543 N BALTIMORE ST,ROBBERY,FIREARM,523,EASTERN,Eastwood,-76.567914,39.2619,ALLEY,1
6/11/2019,13:24:00,09,4606 N BALTIMORE ST,SHOOTING,KNIFE,750,CENTRAL,Belair-Edison,-76.556225,39.316763,ALLEY,1
8/16/2020,08:27:00,01,4230 N BALTIMORE ST,LARCENY,NONE,574,CENTRAL,Mount Washington,-76.552418,39.434418,STREET,1
5/7/2023,13:07:00,05,2405 N BALTIMORE ST,BURGLARY,HANDS,281,EASTERN,Guilford,-76.472154,39.20413,STREET,1
5/21/2021,07:28:00,04,4615 N BALTIMORE ST,SHOOTING,NONE,376,EASTERN,Morrell Park,-76.551863,39.26617,ALLEY,1
11/16/2020,12:14:00,09,8450 N BALTIMORE ST,ASSAULT,FIREARM,374,NORTHERN,Sandtown-Winchester,-76.383627,39.356608,STREET,1
5/24/2023,12:01:00,02,9392 N BALTIMORE ST,ROBBERY,KNIFE,389,NORTHERN,Pigtown,-76.52437,39.273288,ALLEY,1
1/5/2023,00:20:00,09,6976 N BALTIMORE ST,AUTO THEFT,FIREARM,592,EASTERN,Clifton Park,-76.541974,39.23254,HOUSE,1
5/23/2022,08:37:00,04,6685 N BALTIMORE ST,AUTO THEFT,FIREARM,489,NORTHERN,Guilford,-76.458444,39.258881,ALLEY,1
6/16/2021,07:34:00,06,8179 N BALTIMORE ST,COMMON ASSAULT,NONE,675,NORTHEASTERN,Park Heights,-76.595071,39.22288,ALLEY,1
4/15/2019,13:34:00,02,1781 N BALTIMORE ST,HOMICIDE,NONE,835,EASTERN,Curtis Bay,-76.559284,39.421407,ALLEY,1
5/1/2019,18:26:00,02,4694 N BALTIMORE ST,SHOOTING,KNIFE,195,NORTHEASTERN,Pimlico,-76.497756,39.271013,STREET,1
10/18/2021,23:40:00,04,823 N BALTIMORE ST,SHOOTING,HANDS,654,NORTHERN,Upton,-76.549889,39.427198,STREET,1
4/26/2022,13:56:00,06,1739 N BALTIMORE ST,ROBBERY,KNIFE,689,NORTHERN,Hampden,-76.516699,39.328132,HOUSE,1
9/23/2022,05:01:00,02,9466 N BALTIMORE ST,LARCENY,HANDS,297,SOUTHERN,Hampden,-76.54838,39.247086,STREET,1
4/7/2020,04:18:00,08,1103 N BALTIMORE ST,SHOOTING,KNIFE,733,NORTHWESTERN,Guilford,-76.559645,39.235363,ALLEY,1
11/14/2021,04:44:00,02,2706 N BALTIMORE ST,SHOOTING,NONE,107,CENTRAL,Pimlico,-76.548587,39.210539,ALLEY,1
2/3/2022,05:13:00,02,2618 N BALTIMORE ST,AGG. ASSAULT,FIREARM,545,NORTHERN,Eastwood,-76.531223,39.44378,HOUSE,1
11/17/2023,18:57:00,06,7522 N BALTIMORE ST,ASSAULT,KNIFE,559,WESTERN,Pen Lucy,-76.472534,39.383285,STORE,1
10/7/2021,23:51:00,01,3315 N BALTIMORE ST,AGG. ASSAULT,HANDS,484,SOUTHERN,Pigtown,-76.368233,39.339461,STREET,1
12/5/2019,01:14:00,09,1954 N BALTIMORE ST,HOMICIDE,NONE,504,WESTERN,Mount Washington,-76.3272,39.374199,ALLEY,1
9/8/2020,04:15:00,01,8429 N BALTIMORE ST,HOMICIDE,FIREARM,347,WESTERN,Harlem Park,-76.438299,39.22507,STREET,1
9/5/2021,05:02:00,07,8136 N BALTIMORE ST,COMMON ASSAULT,KNIFE,325,SOUTHERN,Pigtown,-76.390367,39.226815,ALLEY,1
7/24/2019,20:34:00,02,5373 N BALTIMORE ST,SHOOTING,KNIFE,797,EASTERN,Irvington,-76.517107,39.454168,STREET,1
1/25/2019,21:44:00,01,597 N BALTIMORE ST,ROBBERY,HANDS,268,NORTHERN,Harlem Park,-76.372732,39.442392,STREET,1
8/26/2020,03:28:00,09,6187 N BALTIMORE ST,LARCENY,FIREARM,836,CENTRAL,Upton,-76.555067,39.306001,STORE,1
11/10/2023,09:16:00,03,1493 N BALTIMORE ST,HOMICIDE,KNIFE,714,NORTHEASTERN,Eastwood,-76.399557,39.362004,HOUSE,1
3/6/2019,09:32:00,01,5246 N BALTIMORE ST,AGG. ASSAULT,NONE,141,WESTERN,Oliver,-76.447857,39.340194,STREET,1
11/9/2019,07:24:00,06,5694 N BALTIMORE ST,ROBBERY,HANDS,841,NORTHEASTERN,Irvington,-76.445233,39.359011,STORE,1
4/14/2019,04:51:00,05,8483 N BALTIMORE ST,COMMON ASSAULT,HANDS,478,WESTERN,Govans,-76.401603,39.309863,ALLEY,1
12/2/2022,17:45:00,01,7796 N BALTIMORE ST,LARCENY,NONE,312,WESTERN,Waverly,-76.527883,39.380631,STORE,1
10/25/2019,20:54:00,09,3127 N BALTIMORE ST,ASSAULT,FIREARM,162,SOUTHERN,Irvington,-76.519657,39.214096,STREET,1
9/4/2021,17:58:00,09,181 N BALTIMORE ST,BURGLARY,HANDS,759,EASTERN,Mount Washington,-76.546766,39.484534,STORE,1
4/13/2023,22:48:00,04,8756 N BALTIMORE ST,ROBBERY,NONE,374,NORTHWESTERN,Roland Park,-76.527332,39.4019,ALLEY,1
11/10/2023,23:10:00,09,9462 N BALTIMORE ST,BURGLARY,NONE,404,EASTERN,Pen Lucy,-76.552422,39.272815,STORE,1
6/24/2020,23:54:00,09,7159 N BALTIMORE ST,COMMON ASSAULT,FIREARM,417,CENTRAL,Charles Village,-76.311768,39.275555,STORE,1
5/21/2022,12:10:00,06,6222 N BALTIMORE ST,BURGLARY,FIREARM,291,NORTHEASTERN,Mount Washington,-76.479016,39.268724,HOUSE,1
5/7/2020,23:01:00,02,7797 N BALTIMORE ST,AGG. ASSAULT,HANDS,521,WESTERN,Park Heights,-76.362372,39.458925,STREET,1
6/8/2019,17:44:00,09,8599 N BALTIMORE ST,ASSAULT,HANDS,439,NORTHWESTERN,Charles Village,-76.382352,39.240276,STREET,1
1/10/2021,21:40:00,01,4873 N BALTIMORE ST,COMMON ASSAULT,KNIFE,321,CENTRAL,Eastwood,-76.537319,39.429514,HOUSE,1
5/19/2023,10:56:00,02,6567 N BALTIMORE ST,COMMON ASSAULT,KNIFE,204,NORTHERN,Brooklyn,-76.572983,39.413392,STORE,1
9/2/2019,19:12:00,04,9820 N BALTIMORE ST,ROBBERY,KNIFE,604,EASTERN,Middle East,-76.534965,39.321498,HOUSE,1
1/24/2022,02:05:00,09,8237 N BALTIMORE ST,AUTO THEFT,NONE,197,NORTHEASTERN,Curtis Bay,-76.461486,39.350205,STORE,1
1/1/2023,05:13:00,01,581 N BALTIMORE ST,ROBBERY,HANDS,897,WESTERN,Charles Village,-76.475493,39.364922,STREET,1
6/16/2022,20:44:00,08,4423 N BALTIMORE ST,BURGLARY,FIREARM,842,CENTRAL,Curtis Bay,-76.327619,39.475002,ALLEY,1
6/5/2023,01:04:00,05,9990 N BALTIMORE ST,ROBBERY,FIREARM,638,SOUTHERN,Govans,-76.408213,39.372508,STREET,1
4/13/2020,16:30:00,06,532 N BALTIMORE ST,ASSAULT,NONE,299,SOUTHERN,Berea,-76.54882,39.416886,ALLEY,1
3/3/2023,07:28:00,05,5591 N BALTIMORE ST,AUTO THEFT,NONE,178,WESTERN,Irvington,-76.572333,39.480133,HOUSE,1
7/24/2023,01:53:00,06,448 N BALTIMORE ST,AUTO THEFT,KNIFE,604,WESTERN,Belair-Edison,-76.319322,39.328601,STREET,1
2/24/2019,04:27:00,01,790 N BALTIMORE ST,COMMON ASSAULT,FIREARM,632,CENTRAL,Middle East,-76.334519,39.308397,STORE,1
1/13/2019,04:43:00,08,1290 N BALTIMORE ST,AUTO THEFT,KNIFE,202,WESTERN,Roland Park,-76.314164,39.430278,HOUSE,1
1/27/2021,13:32:00,09,3104 N BALTIMORE ST,AGG. ASSAULT,FIREARM,597,SOUTHERN,Roland Park,-76.412087,39.345581,ALLEY,1
5/10/2023,23:02:00,02,4066 N BALTIMORE ST,BURGLARY,FIREARM,640,NORTHWESTERN,Irvington,-76.304456,39.434073,HOUSE,1
11/18/2022,23:57:00,09,2336 N BALTIMORE ST,AGG. ASSAULT,FIREARM,317,NORTHWESTERN,Westport,-76.529876,39.312291,STREET,1
8/23/2021,22:01:00,01,8413 N BALTIMORE ST,AUTO THEFT,FIREARM,396,NORTHEASTERN,Harlem Park,-76.514271,39.254533,STREET,1
10/26/2021,05:25:00,07,9483 N BALTIMORE ST,AGG. ASSAULT,HANDS,665,EASTERN,Pen Lucy,-76.407475,39.427848,STORE,1
3/18/2021,11:37:00,07,9418 N BALTIMORE ST,COMMON ASSAULT,KNIFE,438,WESTERN,Upton,-76.430398,39.288322,HOUSE,1
3/7/2020,03:11:00,04,4923 N BALTIMORE ST,ASSAULT,NONE,513,WESTERN,Morrell Park,-76.430825,39.488188,STREET,1
9/16/2019,04:25:00,02,7590 N BALTIMORE ST,AGG. ASSAULT,FIREARM,757,WESTERN,Greenmount West,-76.467403,39.424783,HOUSE,1
9/20/2020,07:20:00,06,4097 N BALTIMORE ST,HOMICIDE,KNIFE,773,CENTRAL,Berea,-76.33088,39.427104,HOUSE,1
7/22/2021,03:09:00,07,5692 N BALTIMORE ST,LARCENY,KNIFE,515,NORTHEASTERN,Homeland,-76.422846,39.307617,ALLEY,1
2/26/2021,17:24:00,07,5747 N BALTIMORE ST,AGG. ASSAULT,FIREARM,321,CENTRAL,Greenmount West,-76.59552,39.344579,STORE,1
4/26/2020,16:20:00,06,2069 N BALTIMORE ST,BURGLARY,KNIFE,895,CENTRAL,Druid Heights,-76.519886,39.36244,ALLEY,1
9/9/2021,20:57:00,01,582 N BALTIMORE ST,ASSAULT,NONE,870,NORTHERN,Morrell Park,-76.53288,39.201954,STORE,1
2/2/2022,03:53:00,07,8355 N BALTIMORE ST,COMMON ASSAULT,FIREARM,183,EASTERN,Irvington,-76.399505,39.444294,HOUSE,1
1/3/2019,12:33:00,01,4675 N BALTIMORE ST,ROBBERY,HANDS,744,NORTHERN,Homeland,-76.41804,39.457351,HOUSE,1
3/28/2022,20:33:00,04,9643 N BALTIMORE ST,SHOOTING,NONE,742,EASTERN,Harlem Park,-76.556906,39.418993,ALLEY,1
1/16/2021,14:28:00,05,6501 N BALTIMORE ST,ASSAULT,FIREARM,831,SOUTHERN,Clifton Park,-76.317121,39.465631,STORE,1
11/5/2022,19:08:00,06,418 N BALTIMORE ST,HOMICIDE,FIREARM,863,NORTHERN,Charles Village,-76.338265,39.417496,STORE,1
3/19/2019,22:59:00,02,4417 N BALTIMORE ST,LARCENY,NONE,636,EASTERN,Hampden,-76.39761,39.27884,ALLEY,1
4/3/2022,04:59:00,06,5963 N BALTIMORE ST,ASSAULT,KNIFE,453,NORTHWESTERN,Brooklyn,-76.325254,39.320394,STORE,1
1/7/2022,05:43:00,02,1387 N BALTIMORE ST,ASSAULT,FIREARM,488,NORTHEASTERN,Berea,-76.566214,39.425101,ALLEY,1
3/15/2021,15:34:00,06,6260 N BALTIMORE ST,ROBBERY,KNIFE,323,WESTERN,Homeland,-76.465753,39.46742,HOUSE,1
1/24/2023,05:55:00,06,882 N BALTIMORE ST,ASSAULT,NONE,401,SOUTHERN,Westport,-76.446919,39.491924,STREET,1
1/8/2021,14:13:00,05,1764 N BALTIMORE ST,AGG. ASSAULT,NONE,647,SOUTHERN,Greenmount West,-76.567515,39.242532,STORE,1
11/17/2022,05:58:00,03,1331 N BALTIMORE ST,LARCENY,KNIFE,754,NORTHERN,Guilford,-76.572319,39.347473,ALLEY,1
5/17/2020,13:10:00,09,5672 N BALTIMORE ST,SHOOTING,NONE,339,CENTRAL,Druid Heights,-76.372636,39.459975,ALLEY,1
4/4/2023,16:11:00,09,5317 N BALTIMORE ST,AGG. ASSAULT,FIREARM,446,NORTHERN,Mount Washington,-76.531328,39.425081,STREET,1
9/24/2023,20:27:00,07,2049 N BALTIMORE ST,SHOOTING,NONE,816,NORTHERN,Oliver,-76.581673,39.458271,STORE,1
3/28/2023,00:23:00,01,6262 N BALTIMORE ST,HOMICIDE,KNIFE,186,EASTERN,Curtis Bay,-76.402327,39.251282,ALLEY,1
11/6/2021,02:25:00,06,343 N BALTIMORE ST,AUTO THEFT,NONE,207,SOUTHERN,Clifton Park,-76.393976,39.32148,ALLEY,1
11/25/2023,05:04:00,03,5463 N BALTIMORE ST,AGG. ASSAULT,NONE,873,NORTHEASTERN,Guilford,-76.421749,39.21183,HOUSE,1
10/18/2023,09:50:00,09,364 N BALTIMORE ST,ASSAULT,KNIFE,138,EASTERN,Curtis Bay,-76.344738,39.439516,ALLEY,1
7/24/2023,19:45:00,05,8412 N BALTIMORE ST,BURGLARY,KNIFE,405,NORTHERN,Eastwood,-76.335253,39.301316,STREET,1
6/15/2021,20:34:00,09,7601 N BALTIMORE ST,LARCENY,NONE,193,NORTHEASTERN,Clifton Park,-76.492919,39.253713,STORE,1
4/18/2022,21:11:00,01,7505 N BALTIMORE ST,BURGLARY,NONE,898,EASTERN,Johnston Square,-76.576602,39.384207,STORE,1
8/13/2023,17:09:00,07,8387 N BALTIMORE ST,SHOOTING,KNIFE,232,WESTERN,Oliver,-76.503965,39.373041,STORE,1
6/22/2023,16:00:00,07,3151 N BALTIMORE ST,COMMON ASSAULT,HANDS,153,NORTHEASTERN,Guilford,-76.39135,39.464906,HOUSE,1
12/20/2022,10:43:00,08,9425 N BALTIMORE ST,LARCENY,FIREARM,789,EASTERN,Charles Village,-76.562552,39.283879,ALLEY,1
6/9/2021,08:11:00,09,6541 N BALTIMORE ST,SHOOTING,NONE,300,CENTRAL,Charles Village,-76.557894,39.447941,HOUSE,1
11/5/2020,21:34:00,05,6512 N BALTIMORE ST,COMMON ASSAULT,KNIFE,659,CENTRAL,Cherry Hill,-76.311858,39.477131,STREET,1
5/3/2020,21:43:00,06,3157 N BALTIMORE ST,HOMICIDE,HANDS,839,EASTERN,Park Heights,-76.303186,39.344991,HOUSE,1
3/13/2023,18:14:00,04,5725 N BALTIMORE ST,HOMICIDE,HANDS,204,NORTHWESTERN,Govans,-76.532934,39.497429,STREET,1
6/12/2022,00:41:00,08,8602 N BALTIMORE ST,BURGLARY,NONE,672,CENTRAL,Berea,-76.502687,39.382965,STORE,1
5/8/2021,00:12:00,05,2065 N BALTIMORE ST,HOMICIDE,FIREARM,215,CENTRAL,Charles Village,-76.325836,39.3797,ALLEY,1
12/11/2023,18:15:00,05,717 N BALTIMORE ST,ROBBERY,HANDS,315,NORTHWESTERN,Harlem Park,-76.481641,39.226462,HOUSE,1
6/7/2021,03:13:00,03,6098 N BALTIMORE ST,COMMON ASSAULT,NONE,587,NORTHEASTERN,Johnston Square,-76.381647,39.485187,STREET,1
8/28/2022,10:02:00,01,4454 N BALTIMORE ST,ASSAULT,FIREARM,390,NORTHERN,Curtis Bay,-76.314884,39.437736,STREET,1
8/13/2020,19:33:00,02,9794 N BALTIMORE ST,HOMICIDE,NONE,674,SOUTHERN,Charles Village,-76.581957,39.419751,ALLEY,1
5/12/2019,04:15:00,09,8730 N BALTIMORE ST,HOMICIDE,HANDS,511,EASTERN,Charles Village,-76.551163,39.241055,HOUSE,1
7/2/2022,10:55:00,09,6907 N BALTIMORE ST,SHOOTING,NONE,386,NORTHERN,Berea,-76.510405,39.250277,STORE,1
6/24/2023,21:17:00,09,5662 N BALTIMORE ST,AGG. ASSAULT,HANDS,424,SOUTHERN,Pen Lucy,-76.363718,39.452473,HOUSE,1
5/20/2020,03:05:00,07,5544 N BALTIMORE ST,LARCENY,KNIFE,106,WESTERN,Cherry Hill,-76.335253,39.212862,HOUSE,1
10/21/2020,07:04:00,04,2248 N BALTIMORE ST,ROBBERY,HANDS,424,CENTRAL,Pimlico,-76.579227,39.201671,HOUSE,1
4/21/2023,20:27:00,09,3084 N BALTIMORE ST,ROBBERY,HANDS,410,NORTHEASTERN,Oliver,-76.514691,39.355943,STORE,1
12/16/2023,04:31:00,04,7031 N BALTIMORE ST,SHOOTING,NONE,836,WESTERN,Govans,-76.315163,39.392944,ALLEY,1
6/28/2020,16:47:00,03,6142 N BALTIMORE ST,BURGLARY,KNIFE,171,NORTHEASTERN,Guilford,-76.442252,39.441615,ALLEY,1
12/5/2019,06:53:00,02,2169 N BALTIMORE ST,COMMON ASSAULT,KNIFE,760,WESTERN,Pen Lucy,-76.597875,39.291461,STREET,1
2/17/2019,07:26:00,05,8120 N BALTIMORE ST,ASSAULT,KNIFE,834,EASTERN,Harlem Park,-76.434176,39.303502,ALLEY,1
9/23/2022,02:42:00,08,2999 N BALTIMORE ST,ASSAULT,HANDS,591,EASTERN,Charles Village,-76.460722,39.278102,HOUSE,1
8/5/2021,12:09:00,01,5431 N BALTIMORE ST,ASSAULT,FIREARM,623,CENTRAL,Berea,-76.355,39.456464,STORE,1
4/24/2023,03:25:00,01,9100 N BALTIMORE ST,ASSAULT,NONE,223,CENTRAL,Govans,-76.406374,39.252665,STORE,1
8/26/2020,22:46:00,04,9348 N BALTIMORE ST,ASSAULT,FIREARM,433,NORTHWESTERN,Eastwood,-76.545463,39.246557,ALLEY,1
2/24/2020,13:51:00,06,9687 N BALTIMORE ST,ROBBERY,HANDS,341,EASTERN,Guilford,-76.434059,39.243162,ALLEY,1
12/8/2021,18:54:00,09,3429 N BALTIMORE ST,AUTO THEFT,HANDS,373,CENTRAL,Park Heights,-76.474637,39.346731,STORE,1
4/6/2022,12:18:00,04,420 N BALTIMORE ST,AUTO THEFT,HANDS,359,CENTRAL,Guilford,-76.426717,39.485923,STORE,1
3/15/2019,19:52:00,08,144 N BALTIMORE ST,ASSAULT,KNIFE,550,CENTRAL,Irvington,-76.579035,39.216631,ALLEY,1
9/16/2022,23:07:00,04,8133 N BALTIMORE ST,AUTO THEFT,KNIFE,693,WESTERN,Eastwood,-76.314629,39.483741,ALLEY,1
11/25/2019,03:08:00,06,6606 N BALTIMORE ST,LARCENY,KNIFE,277,NORTHWESTERN,Belair-Edison,-76.588703,39.21334,STORE,1
9/17/2022,16:55:00,08,5823 N BALTIMORE ST,COMMON ASSAULT,HANDS,783,NORTHERN,Irvington,-76.4457,39.255397,STORE,1
4/1/2019,08:19:00,04,6454 N BALTIMORE ST,ROBBERY,HANDS,212,NORTHEASTERN,Hampden,-76.461936,39.304066,ALLEY,1
2/1/2023,04:41:00,03,9715 N BALTIMORE ST,AUTO THEFT,FIREARM,194,NORTHERN,Brooklyn,-76.509163,39.343391,ALLEY,1
1/19/2020,13:30:00,02,3547 N BALTIMORE ST,SHOOTING,FIREARM,723,WESTERN,Harlem Park,-76.309776,39.243555,STREET,1
2/7/2020,05:07:00,08,6819 N BALTIMORE ST,SHOOTING,KNIFE,154,NORTHWESTERN,Clifton Park,-76.56545,39.431413,STREET,1
7/4/2022,04:58:00,03,785 N BALTIMORE ST,ROBBERY,FIREARM,557,NORTHEASTERN,Druid Heights,-76.559204,39.302882,STORE,1
10/24/2020,23:13:00,01,4910 N BALTIMORE ST,COMMON ASSAULT,NONE,489,NORTHWESTERN,Hampden,-76.498806,39.360845,ALLEY,1
9/4/2021,04:48:00,05,2985 N BALTIMORE ST,ROBBERY,FIREARM,391,CENTRAL,Johnston Square,-76.593187,39.367516,STORE,1
6/28/2020,00:36:00,06,2305 N BALTIMORE ST,ASSAULT,HANDS,484,WESTERN,Clifton Park,-76.561358,39.451997,ALLEY,1
6/24/2021,12:53:00,02,120 N BALTIMORE ST,COMMON ASSAULT,HANDS,231,NORTHERN,Pen Lucy,-76.366234,39.375038,STREET,1
8/4/2020,04:17:00,04,7044 N BALTIMORE ST,AUTO THEFT,HANDS,652,NORTHEASTERN,Charles Village,-76.489993,39.292084,ALLEY,1
5/3/2019,23:49:00,03,520 N BALTIMORE ST,ASSAULT,NONE,155,NORTHERN,Brooklyn,-76.473262,39.308547,ALLEY,1
8/9/2023,01:10:00,01,7359 N BALTIMORE ST,ROBBERY,NONE,536,NORTHWESTERN,Oliver,-76.341411,39.206714,ALLEY,1
9/21/2021,03:21:00,06,4377 N BALTIMORE ST,ASSAULT,FIREARM,327,NORTHWESTERN,Belair-Edison,-76.38964,39.459936,STREET,1
1/20/2019,11:58:00,07,8232 N BALTIMORE ST,SHOOTING,HANDS,533,NORTHEASTERN,Curtis Bay,-76.332087,39.292478,STREET,1
11/25/2023,11:23:00,05,7065 N BALTIMORE ST,ASSAULT,KNIFE,357,EASTERN,Pimlico,-76.456129,39.231928,HOUSE,1
2/2/2019,17:03:00,02,8524 N BALTIMORE ST,ROBBERY,FIREARM,312,EASTERN,Johnston Square,-76.592006,39.47344,STORE,1
8/13/2019,08:48:00,02,8111 N BALTIMORE ST,ASSAULT,NONE,628,NORTHWESTERN,Berea,-76.587213,39.203939,STREET,1
8/4/2021,04:37:00,01,1872 N BALTIMORE ST,AUTO THEFT,FIREARM,574,CENTRAL,Waverly,-76.57467,39.352509,STORE,1
1/15/2020,22:14:00,06,1405 N BALTIMORE ST,LARCENY,HANDS,469,NORTHEASTERN,Johnston Square,-76.309009,39.486166,STORE,1
3/4/2022,22:12:00,01,385 N BALTIMORE ST,AGG. ASSAULT,KNIFE,457,NORTHWESTERN,Westport,-76.440492,39.358437,HOUSE,1
10/9/2022,15:01:00,04,2074 N BALTIMORE ST,HOMICIDE,FIREARM,441,EASTERN,Johnston Square,-76.540311,39.401315,ALLEY,1
8/9/2020,13:56:00,07,7256 N BALTIMORE ST,ASSAULT,FIREARM,461,EASTERN,Irvington,-76.424456,39.357385,ALLEY,1
1/2/2022,01:17:00,07,6896 N BALTIMORE ST,AGG. ASSAULT,FIREARM,418,NORTHERN,Pen Lucy,-76.310476,39.388051,STREET,1
1/15/2019,18:31:00,08,2136 N BALTIMORE ST,BURGLARY,FIREARM,120,NORTHEASTERN,Charles Village,-76.375293,39.278808,ALLEY,1
2/27/2023,22:36:00,05,9507 N BALTIMORE ST,LARCENY,HANDS,355,NORTHERN,Berea,-76.399687,39.412319,HOUSE,1
5/20/2019,19:32:00,01,9760 N BALTIMORE ST,BURGLARY,NONE,504,NORTHWESTERN,Waverly,-76.365002,39.358756,STORE,1
4/15/2019,18:28:00,02,6892 N BALTIMORE ST,AGG. ASSAULT,HANDS,204,NORTHWESTERN,Clifton Park,-76.476734,39.314601,STREET,1
5/2/2022,15:30:00,05,4167 N BALTIMORE ST,COMMON ASSAULT,KNIFE,880,NORTHWESTERN,Belair-Edison,-76.503304,39.254905,HOUSE,1
10/15/2019,00:04:00,05,2805 N BALTIMORE ST,AGG. ASSAULT,KNIFE,126,WESTERN,Morrell Park,-76.535697,39.215294,STORE,1
2/3/2020,13:03:00,03,549 N BALTIMORE ST,BURGLARY,FIREARM,658,WESTERN,Homeland,-76.316886,39.439756,ALLEY,1
10/17/2023,19:32:00,08,2501 N BALTIMORE ST,ROBBERY,FIREARM,555,CENTRAL,Pimlico,-76.311244,39.419287,HOUSE,1
1/27/2023,02:34:00,07,4360 N BALTIMORE ST,BURGLARY,KNIFE,264,CENTRAL,Hampden,-76.37265,39.335387,HOUSE,1
10/15/2020,16:23:00,08,288 N BALTIMORE ST,HOMICIDE,KNIFE,163,WESTERN,Middle East,-76.356439,39.27785,STREET,1
8/22/2021,02:53:00,03,3195 N BALTIMORE ST,AGG. ASSAULT,FIREARM,406,EASTERN,Greenmount West,-76.421296,39.227451,STREET,1
8/22/2023,18:17:00,03,9928 N BALTIMORE ST,AGG. ASSAULT,KNIFE,574,NORTHWESTERN,Hampden,-76.382138,39.317631,STORE,1
5/2/2019,18:22:00,04,2031 N BALTIMORE ST,BURGLARY,FIREARM,694,CENTRAL,Eastwood,-76.472943,39.306383,STREET,1
3/16/2020,09:43:00,09,9245 N BALTIMORE ST,COMMON ASSAULT,HANDS,840,WESTERN,Oliver,-76.486784,39.232103,STORE,1
3/10/2022,20:02:00,07,4737 N BALTIMORE ST,AGG. ASSAULT,NONE,659,NORTHERN,Morrell Park,-76.525404,39.279449,STORE,1
9/10/2022,04:04:00,08,290 N BALTIMORE ST,ASSAULT,HANDS,204,SOUTHERN,Sandtown-Winchester,-76.484219,39.247942,HOUSE,1
11/14/2020,08:34:00,09,2148 N BALTIMORE ST,LARCENY,KNIFE,372,NORTHERN,Morrell Park,-76.439613,39.359811,ALLEY,1
3/9/2022,12:30:00,03,8737 N BALTIMORE ST,SHOOTING,FIREARM,535,NORTHEASTERN,Irvington,-76.593384,39.449906,STREET,1
2/19/2020,23:15:00,06,9925 N BALTIMORE ST,ASSAULT,KNIFE,831,NORTHEASTERN,Westport,-76.477786,39.269795,STORE,1
6/6/2019,07:02:00,05,5362 N BALTIMORE ST,HOMICIDE,FIREARM,510,EASTERN,Guilford,-76.500265,39.449018,STREET,1
5/25/2021,09:31:00,03,4395 N BALTIMORE ST,ROBBERY,FIREARM,539,NORTHWESTERN,Hampden,-76.504635,39.20947,ALLEY,1
1/26/2021,18:26:00,07,1135 N BALTIMORE ST,SHOOTING,NONE,865,SOUTHERN,Pen Lucy,-76.5804,39.354736,HOUSE,1
9/21/2023,01:34:00,09,146 N BALTIMORE ST,AGG. ASSAULT,NONE,664,WESTERN,Irvington,-76.556362,39.28145,STORE,1
2/26/2023,07:53:00,06,3126 N BALTIMORE ST,AGG. ASSAULT,NONE,371,EASTERN,Pigtown,-76.436225,39.38494,ALLEY,1
12/20/2022,17:28:00,05,8402 N BALTIMORE ST,AGG. ASSAULT,HANDS,805,WESTERN,Pen Lucy,-76.332243,39.227089,HOUSE,1
11/2/2021,03:07:00,03,9915 N BALTIMORE ST,ASSAULT,FIREARM,803,SOUTHERN,Morrell Park,-76.365686,39.498405,ALLEY,1
6/4/2019,02:30:00,02,7021 N BALTIMORE ST,LARCENY,KNIFE,710,EASTERN,Pen Lucy,-76.438655,39.431388,STORE,1
4/14/2021,22:41:00,03,1738 N BALTIMORE ST,HOMICIDE,HANDS,435,EASTERN,Brooklyn,-76.488283,39.216743,STORE,1
10/21/2019,20:36:00,05,2326 N BALTIMORE ST,BURGLARY,HANDS,283,NORTHEASTERN,Sandtown-Winchester,-76.585913,39.476153,STORE,1
12/28/2021,17:39:00,07,7167 N BALTIMORE ST,SHOOTING,NONE,151,NORTHERN,Eastwood,-76.501938,39.330741,ALLEY,1
6/14/2021,11:31:00,08,5669 N BALTIMORE ST,HOMICIDE,FIREARM,684,NORTHERN,Sandtown-Winchester,-76.464814,39.485897,HOUSE,1
10/1/2023,13:08:00,04,6154 N BALTIMORE ST,BURGLARY,NONE,490,NORTHWESTERN,Curtis Bay,-76.365016,39.456286,ALLEY,1
12/10/2021,01:06:00,07,5572 N BALTIMORE ST,AUTO THEFT,KNIFE,154,EASTERN,Charles Village,-76.597253,39.479575,STORE,1
2/6/2020,04:18:00,03,7504 N BALTIMORE ST,AGG. ASSAULT,NONE,810,NORTHERN,Cherry Hill,-76.403007,39.293185,ALLEY,1
2/13/2023,00:06:00,02,2997 N BALTIMORE ST,BURGLARY,FIREARM,194,SOUTHERN,Charles Village,-76.488247,39.491724,HOUSE,1
11/13/2023,01:00:00,09,345 N BALTIMORE ST,ROBBERY,NONE,702,NORTHERN,Berea,-76.445119,39.318824,STORE,1
2/6/2020,18:38:00,06,7375 N BALTIMORE ST,LARCENY,HANDS,556,NORTHWESTERN,Berea,-76.559527,39.415483,HOUSE,1
2/5/2022,23:07:00,03,976 N BALTIMORE ST,COMMON ASSAULT,HANDS,334,NORTHWESTERN,Mount Washington,-76.379375,39.465349,HOUSE,1
12/19/2021,23:24:00,09,887 N BALTIMORE ST,SHOOTING,HANDS,750,EASTERN,Curtis Bay,-76.549359,39.49502,ALLEY,1
11/18/2019,22:48:00,04,8348 N BALTIMORE ST,AUTO THEFT,HANDS,470,NORTHWESTERN,Westport,-76.360925,39.493984,HOUSE,1
5/10/2022,20:23:00,05,7754 N BALTIMORE ST,AUTO THEFT,KNIFE,301,NORTHEASTERN,Harlem Park,-76.346347,39.223011,ALLEY,1
5/25/2022,17:39:00,08,1490 N BALTIMORE ST,SHOOTING,NONE,892,NORTHWESTERN,Brooklyn,-76.480557,39.261884,HOUSE,1
8/6/2020,00:12:00,09,8929 N BALTIMORE ST,AGG. ASSAULT,KNIFE,174,CENTRAL,Clifton Park,-76.330678,39.306089,STREET,1
2/20/2019,12:15:00,01,4276 N BALTIMORE ST,AUTO THEFT,KNIFE,133,WESTERN,Clifton Park,-76.484016,39.498299,ALLEY,1
9/27/2023,04:17:00,04,5523 N BALTIMORE ST,COMMON ASSAULT,HANDS,112,CENTRAL,Park Heights,-76.589271,39.47625,STREET,1
8/16/2022,16:18:00,09,1197 N BALTIMORE ST,AGG. ASSAULT,HANDS,276,NORTHEASTERN,Middle East,-76.516344,39.276318,HOUSE,1
1/27/2022,17:13:00,09,6024 N BALTIMORE ST,ROBBERY,NONE,717,SOUTHERN,Pigtown,-76.414138,39.335101,STREET,1
4/21/2021,19:07:00,03,8892 N BALTIMORE ST,SHOOTING,HANDS,651,CENTRAL,Sandtown-Winchester,-76.379398,39.441172,STORE,1
3/25/2023,22:38:00,01,5114 N BALTIMORE ST,AUTO THEFT,NONE,692,WESTERN,Morrell Park,-76.389077,39.451253,STREET,1
11/5/2022,08:24:00,04,696 N BALTIMORE ST,ROBBERY,NONE,827,NORTHERN,Pigtown,-76.52421,39.28034,ALLEY,1
10/15/2020,05:33:00,04,4003 N BALTIMORE ST,ROBBERY,KNIFE,215,WESTERN,Homeland,-76.304401,39.397859,STORE,1
10/7/2020,05:33:00,09,908 N BALTIMORE ST,HOMICIDE,KNIFE,271,EASTERN,Sandtown-Winchester,-76.556288,39.213435,STREET,1
3/1/2020,00:04:00,09,6423 N BALTIMORE ST,SHOOTING,NONE,488,NORTHWESTERN,Sandtown-Winchester,-76.565616,39.473012,STORE,1
1/18/2019,02:52:00,05,3202 N BALTIMORE ST,AUTO THEFT,NONE,195,EASTERN,Pen Lucy,-76.513371,39.475181,ALLEY,1
6/21/2021,07:41:00,02,9760 N BALTIMORE ST,HOMICIDE,FIREARM,594,WESTERN,Roland Park,-76.517091,39.434912,ALLEY,1
7/28/2021,18:20:00,02,671 N BALTIMORE ST,LARCENY,KNIFE,850,SOUTHERN,Brooklyn,-76.368072,39.205071,STORE,1
6/27/2019,08:21:00,07,7268 N BALTIMORE ST,ROBBERY,HANDS,120,NORTHWESTERN,Hampden,-76.329118,39.213823,STORE,1
7/9/2022,02:04:00,01,6538 N BALTIMORE ST,AUTO THEFT,HANDS,188,CENTRAL,Roland Park,-76.387312,39.411224,ALLEY,1
9/11/2022,03:25:00,05,7791 N BALTIMORE ST,LARCENY,FIREARM,476,NORTHEASTERN,Westport,-76.368098,39.428063,STORE,1
5/18/2020,04:24:00,09,9397 N BALTIMORE ST,AGG. ASSAULT,KNIFE,497,WESTERN,Greenmount West,-76.41792,39.435473,ALLEY,1
9/17/2023,20:36:00,02,7841 N BALTIMORE ST,HOMICIDE,NONE,900,EASTERN,Berea,-76.41569,39.309225,HOUSE,1
3/12/2022,14:54:00,02,9428 N BALTIMORE ST,SHOOTING,NONE,123,WESTERN,Waverly,-76.392036,39.271024,STREET,1
12/25/2022,11:29:00,09,9558 N BALTIMORE ST,HOMICIDE,KNIFE,489,NORTHWESTERN,Upton,-76.595592,39.493333,STREET,1
3/3/2021,14:23:00,06,8463 N BALTIMORE ST,AUTO THEFT,FIREARM,571,WESTERN,Charles Village,-76.454003,39.287236,STREET,1
8/10/2020,12:38:00,03,1322 N BALTIMORE ST,ROBBERY,KNIFE,387,CENTRAL,Eastwood,-76.572429,39.413831,STORE,1
3/6/2021,04:38:00,08,5576 N BALTIMORE ST,HOMICIDE,FIREARM,560,EASTERN,Belair-Edison,-76.583982,39.41214,HOUSE,1
5/5/2021,03:52:00,09,5778 N BALTIMORE ST,BURGLARY,HANDS,597,CENTRAL,Guilford,-76.349968,39.213611,STORE,1
1/28/2020,18:09:00,03,6115 N BALTIMORE ST,SHOOTING,FIREARM,827,WESTERN,Charles Village,-76.427643,39.481429,STREET,1
4/23/2022,10:26:00,05,965 N BALTIMORE ST,SHOOTING,KNIFE,316,CENTRAL,Upton,-76.351816,39.283534,STORE,1
9/20/2020,10:56:00,05,182 N BALTIMORE ST,LARCENY,FIREARM,597,WESTERN,Cherry Hill,-76.443949,39.483596,ALLEY,1
12/15/2021,07:05:00,03,6976 N BALTIMORE ST,ROBBERY,NONE,655,CENTRAL,Cherry Hill,-76.322741,39.438452,HOUSE,1
1/26/2019,11:35:00,01,1598 N BALTIMORE ST,ROBBERY,HANDS,101,EASTERN,Sandtown-Winchester,-76.416874,39.453152,STREET,1
6/6/2019,13:05:00,01,6042 N BALTIMORE ST,COMMON ASSAULT,NONE,154,CENTRAL,Homeland,-76.353755,39.240849,STREET,1
7/19/2019,10:43:00,01,175 N BALTIMORE ST,SHOOTING,HANDS,817,EASTERN,Harlem Park,-76.351007,39.396094,HOUSE,1
12/10/2021,07:51:00,03,9397 N BALTIMORE ST,HOMICIDE,NONE,523,CENTRAL,Berea,-76.422071,39.371925,STORE,1
5/9/2023,15:49:00,02,6873 N BALTIMORE ST,ROBBERY,KNIFE,585,NORTHWESTERN,Pimlico,-76.539345,39.293256,STREET,1
1/9/2019,10:02:00,03,5863 N BALTIMORE ST,HOMICIDE,NONE,327,NORTHERN,Brooklyn,-76.394619,39.220616,HOUSE,1
8/9/2021,16:48:00,04,5627 N BALTIMORE ST,ASSAULT,NONE,642,NORTHERN,Brooklyn,-76.581857,39.458613,STORE,1
8/7/2022,18:35:00,04,4218 N BALTIMORE ST,BURGLARY,KNIFE,660,CENTRAL,Harlem Park,-76.508908,39.253063,ALLEY,1
7/5/2021,17:03:00,06,5572 N BALTIMORE ST,LARCENY,NONE,554,NORTHERN,Govans,-76.321896,39.411406,STORE,1
6/12/2023,02:23:00,07,2712 N BALTIMORE ST,COMMON ASSAULT,KNIFE,846,EASTERN,Pimlico,-76.352604,39.37822,HOUSE,1
2/2/2021,15:40:00,05,551 N BALTIMORE ST,ROBBERY,KNIFE,202,NORTHERN,Roland Park,-76.314687,39.499034,STORE,1
2/20/2022,21:01:00,03,5482 N BALTIMORE ST,BURGLARY,NONE,798,WESTERN,Charles Village,-76.48328,39.406021,ALLEY,1
7/23/2019,19:23:00,04,5263 N BALTIMORE ST,BURGLARY,FIREARM,798,CENTRAL,Cherry Hill,-76.546862,39.200195,STREET,1
8/11/2020,18:22:00,01,273 N BALTIMORE ST,ASSAULT,NONE,877,NORTHWESTERN,Eastwood,-76.356263,39.475692,STREET,1
4/28/2021,23:59:00,03,5785 N BALTIMORE ST,BURGLARY,NONE,748,NORTHEASTERN,Park Heights,-76.332821,39.301935,STORE,1
2/25/2022,14:45:00,04,2215 N BALTIMORE ST,SHOOTING,FIREARM,462,NORTHEASTERN,Westport,-76.387511,39.376966,HOUSE,1
11/25/2020,02:03:00,01,6533 N BALTIMORE ST,BURGLARY,KNIFE,411,NORTHEASTERN,Clifton Park,-76.368142,39.203661,STREET,1
3/2/2021,06:27:00,01,8398 N BALTIMORE ST,BURGLARY,FIREARM,173,SOUTHERN,Sandtown-Winchester,-76.437172,39.388058,STREET,1
10/20/2021,05:34:00,06,5770 N BALTIMORE ST,COMMON ASSAULT,HANDS,802,CENTRAL,Curtis Bay,-76.429875,39.243952,HOUSE,1
1/14/2019,15:36:00,01,414 N BALTIMORE ST,AGG. ASSAULT,NONE,660,NORTHEASTERN,Govans,-76.582363,39.364021,STORE,1
12/8/2019,15:32:00,05,2153 N BALTIMORE ST,COMMON ASSAULT,KNIFE,683,SOUTHERN,Oliver,-76.345517,39.292027,HOUSE,1
1/13/2019,15:29:00,07,2675 N BALTIMORE ST,AUTO THEFT,HANDS,108,NORTHWESTERN,Mount Washington,-76.53461,39.389865,STREET,1
7/11/2020,08:08:00,07,3108 N BALTIMORE ST,BURGLARY,FIREARM,570,EASTERN,Upton,-76.438828,39.255131,STREET,1
12/25/2023,04:14:00,04,5141 N BALTIMORE ST,AUTO THEFT,FIREARM,171,NORTHWESTERN,Clifton Park,-76.59543,39.436236,STREET,1
6/8/2019,00:40:00,09,9205 N BALTIMORE ST,AGG. ASSAULT,HANDS,348,EASTERN,Clifton Park,-76.595817,39.46592,STREET,1
8/8/2022,04:39:00,01,4713 N BALTIMORE ST,AUTO THEFT,NONE,442,EASTERN,Upton,-76.373729,39.498807,STORE,1
3/3/2023,05:37:00,07,5206 N BALTIMORE ST,ASSAULT,NONE,147,NORTHERN,Park Heights,-76.530716,39.452949,STORE,1
1/23/2020,04:29:00,06,5895 N BALTIMORE ST,HOMICIDE,KNIFE,179,NORTHERN,Eastwood,-76.52325,39.494991,STREET,1
1/15/2020,03:05:00,06,2755 N BALTIMORE ST,COMMON ASSAULT,FIREARM,285,WESTERN,Pen Lucy,-76.543286,39.410127,ALLEY,1
12/22/2023,05:04:00,06,8692 N BALTIMORE ST,ROBBERY,NONE,840,CENTRAL,Druid Heights,-76.598717,39.309813,STREET,1
9/14/2019,06:34:00,06,5544 N BALTIMORE ST,HOMICIDE,FIREARM,847,NORTHEASTERN,Greenmount West,-76.423438,39.293884,STORE,1
12/23/2020,03:24:00,09,8566 N BALTIMORE ST,LARCENY,FIREARM,868,EASTERN,Pen Lucy,-76.302275,39.301901,ALLEY,1
4/3/2023,17:24:00,03,8431 N BALTIMORE ST,SHOOTING,KNIFE,621,WESTERN,Oliver,-76.517167,39.488433,HOUSE,1
9/5/2019,05:46:00,08,2762 N BALTIMORE ST,LARCENY,FIREARM,281,NORTHEASTERN,Mount Washington,-76.43464,39.384513,ALLEY,1
3/22/2020,04:03:00,05,1552 N BALTIMORE ST,BURGLARY,HANDS,598,NORTHERN,Clifton Park,-76.303779,39.39645,ALLEY,1
12/4/2023,02:26:00,06,9558 N BALTIMORE ST,COMMON ASSAULT,FIREARM,789,CENTRAL,Hampden,-76.56204,39.388191,STREET,1
1/9/2020,22:44:00,03,3688 N BALTIMORE ST,ASSAULT,KNIFE,834,NORTHEASTERN,Belair-Edison,-76.468328,39.307753,ALLEY,1
6/23/2020,06:02:00,03,8346 N BALTIMORE ST,ROBBERY,NONE,443,NORTHEASTERN,Pen Lucy,-76.334099,39.322147,STORE,1
6/23/2019,19:14:00,08,7586 N BALTIMORE ST,SHOOTING,HANDS,507,NORTHEASTERN,Brooklyn,-76.329072,39.228786,ALLEY,1
11/1/2019,20:10:00,02,6911 N BALTIMORE ST,ROBBERY,NONE,405,NORTHERN,Belair-Edison,-76.486564,39.382436,ALLEY,1
4/4/2023,00:16:00,04,8967 N BALTIMORE ST,BURGLARY,FIREARM,734,CENTRAL,Morrell Park,-76.48387,39.248661,STREET,1
2/14/2020,15:00:00,09,1015 N BALTIMORE ST,AUTO THEFT,NONE,670,NORTHERN,Waverly,-76.334561,39.490652,STORE,1
1/13/2022,07:44:00,07,2606 N BALTIMORE ST,ROBBERY,NONE,470,EASTERN,Homeland,-76.491499,39.290959,HOUSE,1
5/21/2021,01:28:00,07,6514 N BALTIMORE ST,COMMON ASSAULT,HANDS,719,NORTHERN,Charles Village,-76.368937,39.415184,STORE,1
11/20/2021,12:10:00,08,3209 N BALTIMORE ST,ASSAULT,KNIFE,494,NORTHEASTERN,Pimlico,-76.559593,39.464619,STREET,1
5/7/2020,13:42:00,03,5728 N BALTIMORE ST,HOMICIDE,HANDS,372,SOUTHERN,Upton,-76.397948,39.230424,STREET,1
10/22/2022,19:06:00,07,2516 N BALTIMORE ST,COMMON ASSAULT,HANDS,828,CENTRAL,Berea,-76.574609,39.380236,STORE,1
9/11/2020,07:56:00,03,4715 N BALTIMORE ST,SHOOTING,KNIFE,474,NORTHWESTERN,Pigtown,-76.399987,39.309401,ALLEY,1
4/27/2021,01:51:00,04,1370 N BALTIMORE ST,ROBBERY,HANDS,784,NORTHWESTERN,Curtis Bay,-76.441299,39.3217,HOUSE,1
8/25/2021,23:24:00,05,8281 N BALTIMORE ST,AUTO THEFT,NONE,511,SOUTHERN,Guilford,-76.423952,39.468474,HOUSE,1
4/12/2021,07:27:00,06,9345 N BALTIMORE ST,SHOOTING,HANDS,502,NORTHERN,Guilford,-76.484002,39.41844,STORE,1
4/9/2022,04:05:00,03,5723 N BALTIMORE ST,BURGLARY,HANDS,122,NORTHEASTERN,Waverly,-76.439354,39.472478,HOUSE,1
5/17/2023,02:52:00,06,3137 N BALTIMORE ST,AGG. ASSAULT,KNIFE,430,NORTHERN,Hampden,-76.364042,39.311365,STORE,1
3/4/2022,07:00:00,08,4624 N BALTIMORE ST,ASSAULT,KNIFE,476,SOUTHERN,Govans,-76.366924,39.37655,STREET,1
2/27/2022,09:03:00,05,9020 N BALTIMORE ST,COMMON ASSAULT,KNIFE,261,NORTHWESTERN,Pigtown,-76.317712,39.444973,HOUSE,1
4/23/2021,01:28:00,07,3704 N BALTIMORE ST,SHOOTING,KNIFE,206,SOUTHERN,Charles Village,-76.311685,39.404201,STREET,1
8/17/2019,11:58:00,03,2427 N BALTIMORE ST,ROBBERY,FIREARM,477,WESTERN,Sandtown-Winchester,-76.381033,39.33399,HOUSE,1
6/27/2020,21:17:00,03,7193 N BALTIMORE ST,HOMICIDE,NONE,365,NORTHWESTERN,Park Heights,-76.519882,39.404083,STORE,1
4/21/2022,05:55:00,01,8767 N BALTIMORE ST,AGG. ASSAULT,HANDS,859,NORTHEASTERN,Harlem Park,-76.353893,39.266769,STORE,1
10/14/2020,12:43:00,06,6763 N BALTIMORE ST,COMMON ASSAULT,KNIFE,579,EASTERN,Johnston Square,-76.598978,39.283597,STREET,1
11/23/2019,11:52:00,03,7297 N BALTIMORE ST,HOMICIDE,FIREARM,125,NORTHERN,Clifton Park,-76.321729,39.310246,STREET,1
8/28/2020,21:11:00,03,1176 N BALTIMORE ST,BURGLARY,KNIFE,427,NORTHEASTERN,Harlem Park,-76.461066,39.454005,ALLEY,1
10/10/2019,07:36:00,02,3665 N BALTIMORE ST,AGG. ASSAULT,FIREARM,606,EASTERN,Druid Heights,-76.301964,39.47253,ALLEY,1
10/12/2022,11:45:00,03,8588 N BALTIMORE ST,AGG. ASSAULT,KNIFE,838,NORTHWESTERN,Druid Heights,-76.591963,39.393463,STORE,1
3/24/2021,11:39:00,06,3593 N BALTIMORE ST,COMMON ASSAULT,KNIFE,273,NORTHWESTERN,Waverly,-76.554767,39.407968,STORE,1
4/17/2023,19:38:00,03,123 N BALTIMORE ST,BURGLARY,HANDS,585,CENTRAL,Curtis Bay,-76.392643,39.448492,ALLEY,1
3/8/2020,13:27:00,02,8411 N BALTIMORE ST,AUTO THEFT,FIREARM,580,SOUTHERN,Waverly,-76.480871,39.472219,STORE,1
7/20/2020,15:50:00,02,8384 N BALTIMORE ST,ASSAULT,KNIFE,490,WESTERN,Harlem Park,-76.588428,39.204248,STREET,1
6/21/2019,17:14:00,09,9278 N BALTIMORE ST,ASSAULT,FIREARM,604,EASTERN,Belair-Edison,-76.400134,39.452544,STORE,1
9/28/2021,08:49:00,07,7939 N BALTIMORE ST,COMMON ASSAULT,HANDS,553,CENTRAL,Hampden,-76.373875,39.239307,ALLEY,1
3/6/2020,22:32:00,01,1838 N BALTIMORE ST,BURGLARY,HANDS,257,CENTRAL,Brooklyn,-76.496168,39.497117,ALLEY,1
3/24/2020,11:25:00,01,6277 N BALTIMORE ST,ASSAULT,HANDS,316,NORTHERN,Pen Lucy,-76.488523,39.214793,STORE,1
4/3/2022,20:07:00,09,1008 N BALTIMORE ST,BURGLARY,NONE,800,NORTHERN,Curtis Bay,-76.362105,39.282734,ALLEY,1
4/28/2021,17:19:00,02,9302 N BALTIMORE ST,AUTO THEFT,KNIFE,113,EASTERN,Sandtown-Winchester,-76.333456,39.221521,STORE,1
9/26/2019,09:42:00,07,3855 N BALTIMORE ST,SHOOTING,HANDS,495,EASTERN,Cherry Hill,-76.581023,39.419149,STORE,1
5/19/2021,02:51:00,03,1202 N BALTIMORE ST,AUTO THEFT,FIREARM,538,SOUTHERN,Harlem Park,-76.306794,39.2803,STREET,1
6/14/2021,08:01:00,02,9540 N BALTIMORE ST,AGG. ASSAULT,KNIFE,705,NORTHERN,Morrell Park,-76.503688,39.364137,HOUSE,1
8/26/2019,00:51:00,03,397 N BALTIMORE ST,BURGLARY,KNIFE,545,NORTHWESTERN,Waverly,-76.307082,39.399999,STREET,1
2/5/2022,23:42:00,02,2552 N BALTIMORE ST,BURGLARY,FIREARM,306,NORTHERN,Irvington,-76.428528,39.425569,STORE,1
8/18/2022,18:41:00,08,6751 N BALTIMORE ST,LARCENY,NONE,320,WESTERN,Roland Park,-76.577742,39.327909,STORE,1
3/5/2023,14:41:00,07,563 N BALTIMORE ST,SHOOTING,HANDS,812,NORTHEASTERN,Curtis Bay,-76.426967,39.359125,STORE,1
6/8/2022,20:59:00,04,9466 N BALTIMORE ST,BURGLARY,KNIFE,218,WESTERN,Clifton Park,-76.419215,39.38899,STORE,1
1/17/2020,21:46:00,06,3076 N BALTIMORE ST,COMMON ASSAULT,FIREARM,248,SOUTHERN,Park Heights,-76.586296,39.236315,STREET,1
6/16/2019,12:17:00,05,9324 N BALTIMORE ST,SHOOTING,HANDS,591,NORTHERN,Pimlico,-76.597934,39.214982,ALLEY,1
7/10/2022,09:34:00,07,8233 N BALTIMORE ST,AGG. ASSAULT,HANDS,686,WESTERN,Greenmount West,-76.465652,39.335042,HOUSE,1
4/13/2022,11:27:00,01,4309 N BALTIMORE ST,AUTO THEFT,FIREARM,123,NORTHEASTERN,Roland Park,-76.477988,39.305901,ALLEY,1
10/24/2019,12:17:00,07,3155 N BALTIMORE ST,SHOOTING,NONE,180,NORTHWESTERN,Oliver,-76.567027,39.390497,HOUSE,1
4/11/2022,06:03:00,06,9824 N BALTIMORE ST,SHOOTING,FIREARM,283,WESTERN,Belair-Edison,-76.489598,39.233037,ALLEY,1
7/10/2020,07:05:00,06,4851 N BALTIMORE ST,HOMICIDE,HANDS,726,EASTERN,Johnston Square,-76.481959,39.476781,STORE,1
5/11/2020,08:55:00,05,3727 N BALTIMORE ST,BURGLARY,HANDS,174,EASTERN,Eastwood,-76.362488,39.291606,STREET,1
10/8/2023,19:15:00,05,4618 N BALTIMORE ST,SHOOTING,HANDS,331,WESTERN,Govans,-76.427524,39.280892,STORE,1
11/27/2023,21:44:00,09,2907 N BALTIMORE ST,ASSAULT,KNIFE,148,NORTHEASTERN,Pigtown,-76.422004,39.350151,ALLEY,1
12/7/2022,18:42:00,09,8658 N BALTIMORE ST,BURGLARY,FIREARM,355,CENTRAL,Irvington,-76.552692,39.490201,STORE,1
2/28/2020,15:48:00,01,7946 N BALTIMORE ST,AUTO THEFT,HANDS,631,NORTHEASTERN,Belair-Edison,-76.495676,39.28612,STORE,1
10/5/2022,04:02:00,04,266 N BALTIMORE ST,LARCENY,HANDS,384,SOUTHERN,Pimlico,-76.429995,39.454477,STORE,1
12/20/2020,07:36:00,01,548 N BALTIMORE ST,ASSAULT,HANDS,209,NORTHEASTERN,Hampden,-76.559092,39.23444,STORE,1
6/17/2022,22:38:00,07,3218 N BALTIMORE ST,AUTO THEFT,HANDS,743,NORTHERN,Park Heights,-76.396738,39.341406,STREET,1
10/20/2019,06:04:00,05,6006 N BALTIMORE ST,HOMICIDE,HANDS,293,EASTERN,Berea,-76.522188,39.298177,STORE,1
4/18/2019,17:23:00,01,3453 N BALTIMORE ST,BURGLARY,KNIFE,295,NORTHEASTERN,Curtis Bay,-76.351356,39.247271,ALLEY,1
4/10/2020,14:18:00,03,4443 N BALTIMORE ST,AGG. ASSAULT,KNIFE,771,NORTHERN,Harlem Park,-76.567666,39.290377,STORE,1
9/24/2022,22:43:00,07,8951 N BALTIMORE ST,LARCENY,FIREARM,665,WESTERN,Pen Lucy,-76.362559,39.496573,HOUSE,1
10/28/2020,08:24:00,01,2606 N BALTIMORE ST,ROBBERY,NONE,548,CENTRAL,Pen Lucy,-76.333219,39.219323,HOUSE,1
4/27/2021,10:03:00,03,3841 N BALTIMORE ST,HOMICIDE,HANDS,148,NORTHEASTERN,Brooklyn,-76.550989,39.44452,HOUSE,1
3/15/2021,10:46:00,03,3359 N BALTIMORE ST,COMMON ASSAULT,KNIFE,632,EASTERN,Greenmount West,-76.301795,39.387083,ALLEY,1
3/11/2019,12:36:00,02,3631 N BALTIMORE ST,COMMON ASSAULT,FIREARM,335,NORTHWESTERN,Sandtown-Winchester,-76.59341,39.259181,STORE,1
12/23/2019,03:42:00,07,7575 N BALTIMORE ST,AUTO THEFT,FIREARM,548,EASTERN,Johnston Square,-76.343229,39.242598,STORE,1
6/8/2021,23:03:00,03,4654 N BALTIMORE ST,AUTO THEFT,KNIFE,157,WESTERN,Irvington,-76.576527,39.471053,ALLEY,1
5/27/2023,15:10:00,04,575 N BALTIMORE ST,COMMON ASSAULT,HANDS,833,WESTERN,Guilford,-76.32463,39.437721,STREET,1
8/3/2021,18:51:00,01,1588 N BALTIMORE ST,SHOOTING,KNIFE,267,WESTERN,Belair-Edison,-76.401425,39.239721,STREET,1
8/27/2019,23:26:00,05,9053 N BALTIMORE ST,SHOOTING,FIREARM,587,SOUTHERN,Roland Park,-76.407342,39.407295,HOUSE,1
2/20/2022,19:59:00,03,4420 N BALTIMORE ST,LARCENY,NONE,468,SOUTHERN,Homeland,-76.408054,39.268217,STORE,1
11/5/2022,10:32:00,02,3047 N BALTIMORE ST,ASSAULT,HANDS,713,NORTHERN,Belair-Edison,-76.587969,39.486736,HOUSE,1
5/23/2023,08:58:00,09,2515 N BALTIMORE ST,COMMON ASSAULT,NONE,355,EASTERN,Govans,-76.41184,39.335411,STREET,1
3/3/2019,02:03:00,02,8798 N BALTIMORE ST,SHOOTING,FIREARM,341,NORTHWESTERN,Waverly,-76.390933,39.494756,STORE,1
1/22/2023,02:29:00,01,8041 N BALTIMORE ST,BURGLARY,FIREARM,744,CENTRAL,Waverly,-76.32024,39.379479,HOUSE,1
10/9/2023,22:22:00,03,9900 N BALTIMORE ST,AUTO THEFT,FIREARM,605,WESTERN,Druid Heights,-76.569393,39.252651,STORE,1
4/8/2021,17:29:00,03,2779 N BALTIMORE ST,LARCENY,HANDS,396,CENTRAL,Govans,-76.555104,39.233896,ALLEY,1
11/26/2021,08:37:00,07,3251 N BALTIMORE ST,COMMON ASSAULT,FIREARM,808,CENTRAL,Govans,-76.438126,39.258651,HOUSE,1
1/10/2022,16:53:00,09,8277 N BALTIMORE ST,HOMICIDE,HANDS,112,SOUTHERN,Westport,-76.518711,39.206243,ALLEY,1
10/22/2021,12:49:00,09,5823 N BALTIMORE ST,ROBBERY,HANDS,294,NORTHERN,Sandtown-Winchester,-76.363593,39.334459,HOUSE,1
7/14/2020,20:42:00,04,2720 N BALTIMORE ST,AUTO THEFT,NONE,338,CENTRAL,Irvington,-76.519598,39.335705,STORE,1
3/12/2020,18:09:00,01,6954 N BALTIMORE ST,ROBBERY,NONE,457,SOUTHERN,Oliver,-76.437179,39.242528,ALLEY,1
10/24/2021,05:09:00,05,2017 N BALTIMORE ST,ROBBERY,HANDS,887,CENTRAL,Sandtown-Winchester,-76.476846,39.212612,HOUSE,1
7/8/2023,13:15:00,08,2625 N BALTIMORE ST,AGG. ASSAULT,KNIFE,737,NORTHERN,Park Heights,-76.383184,39.399224,ALLEY,1
2/11/2022,21:16:00,09,543 N BALTIMORE ST,HOMICIDE,HANDS,199,EASTERN,Harlem Park,-76.54164,39.417155,ALLEY,1
1/9/2019,18:34:00,04,2672 N BALTIMORE ST,ROBBERY,FIREARM,281,WESTERN,Clifton Park,-76.344849,39.228308,ALLEY,1
12/10/2021,16:42:00,02,6202 N BALTIMORE ST,HOMICIDE,KNIFE,545,NORTHEASTERN,Waverly,-76.436968,39.360736,STORE,1
10/4/2019,16:20:00,05,9213 N BALTIMORE ST,HOMICIDE,FIREARM,498,NORTHEASTERN,Westport,-76.507209,39.291678,ALLEY,1
1/26/2019,12:11:00,09,8256 N BALTIMORE ST,SHOOTING,NONE,350,NORTHERN,Homeland,-76.350428,39.356234,STORE,1
7/24/2021,09:49:00,02,9861 N BALTIMORE ST,AGG. ASSAULT,KNIFE,322,EASTERN,Clifton Park,-76.511142,39.254088,ALLEY,1
3/3/2020,06:11:00,01,5107 N BALTIMORE ST,ROBBERY,FIREARM,391,EASTERN,Pen Lucy,-76.551071,39.275881,ALLEY,1
12/16/2021,16:58:00,02,1575 N BALTIMORE ST,SHOOTING,NONE,257,NORTHEASTERN,Waverly,-76.352385,39.321875,HOUSE,1
2/21/2023,05:32:00,04,1916 N BALTIMORE ST,HOMICIDE,FIREARM,158,CENTRAL,Morrell Park,-76.534198,39.329597,STORE,1
12/1/2020,01:00:00,06,3322 N BALTIMORE ST,ASSAULT,HANDS,298,CENTRAL,Sandtown-Winchester,-76.436808,39.256566,STREET,1
6/26/2019,05:17:00,04,8774 N BALTIMORE ST,COMMON ASSAULT,FIREARM,463,SOUTHERN,Sandtown-Winchester,-76.434055,39.248552,STORE,1
3/22/2023,18:49:00,01,1077 N BALTIMORE ST,SHOOTING,NONE,646,NORTHERN,Homeland,-76.390748,39.249204,STORE,1
4/6/2020,17:56:00,04,8318 N BALTIMORE ST,AGG. ASSAULT,KNIFE,319,EASTERN,Charles Village,-76.355633,39.322253,STREET,1
11/18/2019,12:11:00,07,7552 N BALTIMORE ST,ROBBERY,KNIFE,544,SOUTHERN,Middle East,-76.434355,39.48954,STREET,1
3/22/2020,16:50:00,03,3395 N BALTIMORE ST,COMMON ASSAULT,KNIFE,201,NORTHEASTERN,Sandtown-Winchester,-76.398092,39.454745,ALLEY,1
12/20/2022,23:54:00,02,8756 N BALTIMORE ST,SHOOTING,HANDS,825,NORTHWESTERN,Pimlico,-76.318631,39.420885,STREET,1
7/4/2022,20:02:00,07,6165 N BALTIMORE ST,ASSAULT,FIREARM,750,EASTERN,Govans,-76.330344,39.361468,STREET,1
4/25/2021,02:39:00,03,7752 N BALTIMORE ST,SHOOTING,NONE,219,CENTRAL,Mount Washington,-76.461807,39.35095,STREET,1
10/28/2022,17:41:00,04,8964 N BALTIMORE ST,BURGLARY,HANDS,776,WESTERN,Pimlico,-76.450756,39.420327,STREET,1
12/13/2020,12:23:00,07,8846 N BALTIMORE ST,AGG. ASSAULT,KNIFE,726,NORTHERN,Pen Lucy,-76.339037,39.372424,STREET,1
4/10/2022,19:32:00,03,5726 N BALTIMORE ST,AUTO THEFT,KNIFE,716,SOUTHERN,Belair-Edison,-76.518151,39.330547,STREET,1
3/19/2021,19:01:00,08,4492 N BALTIMORE ST,SHOOTING,KNIFE,883,EASTERN,Charles Village,-76.414797,39.326915,HOUSE,1
10/20/2022,12:31:00,01,9314 N BALTIMORE ST,LARCENY,NONE,414,NORTHERN,Upton,-76.3942,39.349409,HOUSE,1
5/13/2023,08:04:00,09,3270 N BALTIMORE ST,HOMICIDE,HANDS,215,WESTERN,Eastwood,-76.476714,39.27276,STORE,1
4/13/2021,23:37:00,09,8836 N BALTIMORE ST,ROBBERY,NONE,399,CENTRAL,Middle East,-76.367078,39.360111,HOUSE,1
10/6/2019,21:40:00,09,6563 N BALTIMORE ST,LARCENY,HANDS,275,SOUTHERN,Westport,-76.56452,39.466289,STREET,1
8/2/2020,12:25:00,05,9158 N BALTIMORE ST,LARCENY,FIREARM,657,EASTERN,Cherry Hill,-76.546258,39.360392,HOUSE,1
4/1/2019,17:56:00,09,9490 N BALTIMORE ST,HOMICIDE,KNIFE,781,WESTERN,Pimlico,-76.358651,39.298964,HOUSE,1
9/8/2023,19:38:00,08,4391 N BALTIMORE ST,ROBBERY,HANDS,525,NORTHERN,Eastwood,-76.304726,39.270969,ALLEY,1
1/2/2021,00:13:00,01,5751 N BALTIMORE ST,AGG. ASSAULT,NONE,204,EASTERN,Hampden,-76.422348,39.460832,HOUSE,1
6/13/2019,09:06:00,09,4377 N BALTIMORE ST,COMMON ASSAULT,NONE,654,NORTHWESTERN,Clifton Park,-76.40051,39.469161,HOUSE,1
1/17/2023,15:58:00,01,2038 N BALTIMORE ST,HOMICIDE,NONE,265,EASTERN,Greenmount West,-76.475666,39.392822,STREET,1
7/12/2020,22:07:00,01,3883 N BALTIMORE ST,BURGLARY,HANDS,410,NORTHEASTERN,Sandtown-Winchester,-76.315092,39.27562,STREET,1
11/11/2021,13:35:00,07,6231 N BALTIMORE ST,ASSAULT,HANDS,139,EASTERN,Govans,-76.486651,39.436219,ALLEY,1
10/20/2021,13:55:00,08,2343 N BALTIMORE ST,AUTO THEFT,NONE,886,SOUTHERN,Druid Heights,-76.546522,39.481682,ALLEY,1
6/8/2019,06:59:00,05,7302 N BALTIMORE ST,LARCENY,HANDS,610,WESTERN,Druid Heights,-76.507809,39.47023,HOUSE,1
6/20/2021,07:38:00,07,5445 N BALTIMORE ST,ASSAULT,FIREARM,337,SOUTHERN,Berea,-76.439687,39.293762,STORE,1
5/11/2020,23:22:00,04,1765 N BALTIMORE ST,ASSAULT,FIREARM,103,NORTHEASTERN,Homeland,-76.377693,39.318316,ALLEY,1
12/25/2019,15:15:00,03,7690 N BALTIMORE ST,SHOOTING,KNIFE,535,NORTHERN,Upton,-76.36828,39.360822,ALLEY,1
6/23/2023,21:20:00,09,5420 N BALTIMORE ST,ASSAULT,KNIFE,698,SOUTHERN,Irvington,-76.399422,39.251093,HOUSE,1
2/13/2021,03:32:00,06,8115 N BALTIMORE ST,AUTO THEFT,FIREARM,559,CENTRAL,Belair-Edison,-76.580032,39.300796,STREET,1
6/10/2019,19:05:00,05,7443 N BALTIMORE ST,SHOOTING,HANDS,375,NORTHERN,Middle East,-76.458515,39.429406,ALLEY,1
5/15/2020,16:46:00,05,1937 N BALTIMORE ST,SHOOTING,FIREARM,464,NORTHERN,Pimlico,-76.425826,39.410698,STORE,1
10/7/2021,01:21:00,04,8100 N BALTIMORE ST,HOMICIDE,FIREARM,327,SOUTHERN,Brooklyn,-76.541429,39.358955,STORE,1
12/7/2019,07:52:00,09,9944 N BALTIMORE ST,ASSAULT,NONE,138,NORTHERN,Upton,-76.446106,39.351808,ALLEY,1
6/26/2019,05:30:00,09,7885 N BALTIMORE ST,COMMON ASSAULT,FIREARM,392,WESTERN,Waverly,-76.351837,39.330438,HOUSE,1
3/4/2021,14:44:00,05,6794 N BALTIMORE ST,AUTO THEFT,KNIFE,435,NORTHEASTERN,Eastwood,-76.381318,39.344789,STREET,1
2/12/2023,13:43:00,08,3180 N BALTIMORE ST,BURGLARY,HANDS,490,WESTERN,Druid Heights,-76.451031,39.420566,STORE,1
10/26/2020,12:37:00,02,5185 N BALTIMORE ST,COMMON ASSAULT,KNIFE,505,EASTERN,Guilford,-76.559034,39.38138,HOUSE,1
5/11/2022,01:39:00,01,705 N BALTIMORE ST,ROBBERY,FIREARM,645,EASTERN,Roland Park,-76.421327,39.302085,ALLEY,1
4/27/2023,21:45:00,06,2782 N BALTIMORE ST,ROBBERY,FIREARM,653,NORTHEASTERN,Morrell Park,-76.421665,39.399071,HOUSE,1
11/10/2020,12:17:00,09,8565 N BALTIMORE ST,BURGLARY,NONE,696,SOUTHERN,Roland Park,-76.488786,39.251209,HOUSE,1
6/21/2022,22:36:00,06,8618 N BALTIMORE ST,ASSAULT,FIREARM,706,NORTHERN,Homeland,-76.584597,39.243038,STORE,1
12/18/2022,19:42:00,02,2355 N BALTIMORE ST,BURGLARY,KNIFE,754,WESTERN,Guilford,-76.417469,39.457964,STREET,1
10/17/2021,09:58:00,05,5485 N BALTIMORE ST,ROBBERY,HANDS,311,NORTHEASTERN,Johnston Square,-76.472364,39.428165,ALLEY,1
2/3/2023,05:46:00,04,586 N BALTIMORE ST,COMMON ASSAULT,HANDS,870,EASTERN,Middle East,-76.469675,39.360913,STREET,1
8/27/2023,17:05:00,05,5614 N BALTIMORE ST,LARCENY,FIREARM,855,NORTHWESTERN,Morrell Park,-76.361522,39.397007,ALLEY,1
8/19/2022,01:23:00,06,2521 N BALTIMORE ST,HOMICIDE,NONE,533,NORTHEASTERN,Homeland,-76.42444,39.266303,HOUSE,1
12/17/2021,17:48:00,01,7713 N BALTIMORE ST,LARCENY,HANDS,299,CENTRAL,Upton,-76.562039,39.318369,STREET,1
10/3/2020,00:15:00,09,2158 N BALTIMORE ST,SHOOTING,HANDS,237,WESTERN,Druid Heights,-76.406105,39.294545,STREET,1
1/19/2022,01:44:00,09,5475 N BALTIMORE ST,HOMICIDE,FIREARM,614,CENTRAL,Curtis Bay,-76.384846,39.212815,HOUSE,1
4/23/2021,14:13:00,07,1241 N BALTIMORE ST,AUTO THEFT,NONE,310,NORTHWESTERN,Harlem Park,-76.486266,39.320617,STORE,1
9/24/2021,19:25:00,04,3524 N BALTIMORE ST,AUTO THEFT,KNIFE,733,NORTHWESTERN,Upton,-76.581894,39.202134,HOUSE,1
2/12/2022,20:18:00,08,4135 N BALTIMORE ST,ROBBERY,HANDS,495,SOUTHERN,Berea,-76.353877,39.271823,STORE,1
6/26/2021,03:06:00,07,4854 N BALTIMORE ST,COMMON ASSAULT,NONE,795,NORTHWESTERN,Morrell Park,-76.415967,39.398007,ALLEY,1
8/1/2020,05:34:00,07,6296 N BALTIMORE ST,AGG. ASSAULT,FIREARM,451,EASTERN,Oliver,-76.325766,39.288496,STREET,1
5/3/2021,22:43:00,07,1354 N BALTIMORE ST,LARCENY,FIREARM,738,NORTHERN,Govans,-76.300247,39.338548,HOUSE,1
9/28/2021,20:58:00,05,6810 N BALTIMORE ST,BURGLARY,FIREARM,482,NORTHWESTERN,Clifton Park,-76.311,39.211242,STREET,1
1/9/2020,04:31:00,07,3516 N BALTIMORE ST,AGG. ASSAULT,KNIFE,621,EASTERN,Belair-Edison,-76.338291,39.278989,HOUSE,1
2/17/2022,18:14:00,06,3563 N BALTIMORE ST,LARCENY,NONE,688,SOUTHERN,Eastwood,-76.360814,39.325517,STORE,1
11/23/2023,00:36:00,03,2936 N BALTIMORE ST,HOMICIDE,HANDS,728,CENTRAL,Pigtown,-76.447256,39.429578,HOUSE,1
12/8/2019,10:34:00,08,2324 N BALTIMORE ST,SHOOTING,FIREARM,564,SOUTHERN,Charles Village,-76.520235,39.258964,STORE,1
2/26/2023,03:48:00,07,4539 N BALTIMORE ST,LARCENY,KNIFE,412,WESTERN,Waverly,-76.315867,39.377194,STREET,1
9/16/2020,14:41:00,06,8488 N BALTIMORE ST,COMMON ASSAULT,KNIFE,319,EASTERN,Middle East,-76.478589,39.428294,STORE,1
2/8/2021,22:00:00,01,1946 N BALTIMORE ST,AUTO THEFT,KNIFE,624,NORTHERN,Sandtown-Winchester,-76.352229,39.462004,STREET,1
7/5/2020,11:16:00,03,747 N BALTIMORE ST,BURGLARY,FIREARM,770,WESTERN,Cherry Hill,-76.345785,39.458707,ALLEY,1
1/24/2023,20:22:00,08,7666 N BALTIMORE ST,ASSAULT,FIREARM,374,NORTHEASTERN,Roland Park,-76.372611,39.219885,STREET,1
12/19/2022,22:17:00,02,9357 N BALTIMORE ST,COMMON ASSAULT,KNIFE,377,CENTRAL,Pen Lucy,-76.488631,39.434235,STREET,1
12/20/2022,09:06:00,03,2462 N BALTIMORE ST,BURGLARY,NONE,128,WESTERN,Harlem Park,-76.423785,39.420614,STORE,1
5/28/2022,18:26:00,04,3103 N BALTIMORE ST,ASSAULT,HANDS,180,CENTRAL,Belair-Edison,-76.302443,39.452595,ALLEY,1
5/27/2019,22:41:00,04,2924 N BALTIMORE ST,AGG. ASSAULT,FIREARM,210,SOUTHERN,Cherry Hill,-76.439929,39.386557,STREET,1
9/14/2022,03:44:00,07,3624 N BALTIMORE ST,LARCENY,NONE,112,SOUTHERN,Brooklyn,-76.555207,39.319807,ALLEY,1
1/20/2019,10:49:00,04,6504 N BALTIMORE ST,AGG. ASSAULT,KNIFE,171,NORTHWESTERN,Harlem Park,-76.428628,39.258978,STREET,1
8/20/2022,10:01:00,01,1669 N BALTIMORE ST,SHOOTING,KNIFE,239,SOUTHERN,Sandtown-Winchester,-76.499938,39.439382,STREET,1
4/20/2022,14:05:00,04,667 N BALTIMORE ST,SHOOTING,KNIFE,264,NORTHERN,Sandtown-Winchester,-76.571943,39.261258,STORE,1
8/3/2023,20:24:00,08,2435 N BALTIMORE ST,ASSAULT,FIREARM,125,NORTHEASTERN,Morrell Park,-76.358721,39.276166,HOUSE,1
8/4/2019,18:10:00,09,1220 N BALTIMORE ST,SHOOTING,FIREARM,565,EASTERN,Guilford,-76.522949,39.273464,STREET,1
5/10/2020,04:11:00,06,2462 N BALTIMORE ST,ROBBERY,NONE,115,NORTHERN,Belair-Edison,-76.556779,39.254325,HOUSE,1
12/22/2020,23:01:00,05,5098 N BALTIMORE ST,SHOOTING,NONE,284,NORTHEASTERN,Charles Village,-76.487252,39.206781,ALLEY,1
6/4/2021,07:59:00,03,7805 N BALTIMORE ST,AGG. ASSAULT,FIREARM,767,CENTRAL,Greenmount West,-76.460314,39.445502,STREET,1
6/27/2021,22:22:00,09,5846 N BALTIMORE ST,ROBBERY,NONE,137,NORTHWESTERN,Eastwood,-76.560576,39.23189,STREET,1
2/6/2023,13:34:00,07,4778 N BALTIMORE ST,HOMICIDE,NONE,361,WESTERN,Park Heights,-76.456309,39.328388,STORE,1
7/2/2022,00:32:00,09,4511 N BALTIMORE ST,BURGLARY,NONE,365,NORTHWESTERN,Belair-Edison,-76.592909,39.42476,STORE,1
2/19/2023,03:36:00,01,8139 N BALTIMORE ST,BURGLARY,KNIFE,187,CENTRAL,Homeland,-76.468845,39.213084,STORE,1
4/13/2023,19:46:00,03,3333 N BALTIMORE ST,AUTO THEFT,KNIFE,385,CENTRAL,Morrell Park,-76.4379,39.352958,HOUSE,1
3/4/2023,07:36:00,09,6821 N BALTIMORE ST,AUTO THEFT,HANDS,542,NORTHEASTERN,Johnston Square,-76.543753,39.414325,STREET,1
4/24/2020,23:31:00,03,338 N BALTIMORE ST,AUTO THEFT,HANDS,101,NORTHEASTERN,Cherry Hill,-76.336405,39.428409,STREET,1
9/17/2019,12:15:00,05,6707 N BALTIMORE ST,SHOOTING,KNIFE,707,NORTHEASTERN,Harlem Park,-76.566631,39.201449,STREET,1
7/26/2019,00:01:00,02,6399 N BALTIMORE ST,ASSAULT,KNIFE,242,SOUTHERN,Druid Heights,-76.394347,39.260462,STORE,1
11/18/2023,18:46:00,08,832 N BALTIMORE ST,AGG. ASSAULT,FIREARM,654,NORTHERN,Guilford,-76.361453,39.301052,STREET,1
7/16/2023,08:24:00,04,765 N BALTIMORE ST,LARCENY,FIREARM,711,NORTHERN,Mount Washington,-76.355219,39.491732,HOUSE,1
7/4/2020,03:46:00,04,7401 N BALTIMORE ST,ROBBERY,FIREARM,635,NORTHWESTERN,Eastwood,-76.335286,39.295502,HOUSE,1
9/5/2021,18:51:00,05,2558 N BALTIMORE ST,LARCENY,KNIFE,751,SOUTHERN,Pen Lucy,-76.522068,39.454359,STREET,1
6/25/2020,07:17:00,07,6835 N BALTIMORE ST,LARCENY,NONE,429,SOUTHERN,Upton,-76.487481,39.372426,HOUSE,1
7/14/2021,14:09:00,01,1664 N BALTIMORE ST,LARCENY,KNIFE,373,WESTERN,Westport,-76.33563,39.416305,ALLEY,1
2/23/2023,16:09:00,03,3745 N BALTIMORE ST,HOMICIDE,NONE,710,NORTHERN,Pen Lucy,-76.323267,39.286696,STREET,1
1/17/2020,11:32:00,02,8240 N BALTIMORE ST,BURGLARY,HANDS,239,EASTERN,Belair-Edison,-76.459729,39.436901,HOUSE,1
5/6/2022,07:22:00,08,385 N BALTIMORE ST,LARCENY,HANDS,189,NORTHWESTERN,Clifton Park,-76.552159,39.22841,ALLEY,1
2/18/2021,03:43:00,07,1237 N BALTIMORE ST,ASSAULT,HANDS,454,CENTRAL,Berea,-76.430662,39.286059,STORE,1
8/20/2019,05:14:00,01,4433 N BALTIMORE ST,AGG. ASSAULT,NONE,124,NORTHEASTERN,Druid Heights,-76.583865,39.238336,ALLEY,1
2/1/2022,02:46:00,03,3385 N BALTIMORE ST,ASSAULT,NONE,170,NORTHWESTERN,Middle East,-76.494746,39.237528,HOUSE,1
1/16/2021,23:27:00,07,5426 N BALTIMORE ST,COMMON ASSAULT,HANDS,419,CENTRAL,Berea,-76.485449,39.213801,HOUSE,1
8/14/2020,07:54:00,05,6372 N BALTIMORE ST,LARCENY,FIREARM,736,NORTHWESTERN,Clifton Park,-76.573566,39.270979,HOUSE,1
12/10/2020,15:54:00,03,4351 N BALTIMORE ST,COMMON ASSAULT,HANDS,671,CENTRAL,Oliver,-76.311669,39.224922,STORE,1
6/25/2020,03:47:00,03,7617 N BALTIMORE ST,ASSAULT,NONE,563,NORTHWESTERN,Berea,-76.30394,39.352816,STORE,1
6/23/2022,12:09:00,03,4622 N BALTIMORE ST,ROBBERY,NONE,518,NORTHERN,Pen Lucy,-76.34431,39.332599,HOUSE,1
8/15/2021,02:42:00,03,9572 N BALTIMORE ST,LARCENY,KNIFE,470,WESTERN,Waverly,-76.595487,39.323834,STREET,1
9/19/2021,15:19:00,03,2157 N BALTIMORE ST,COMMON ASSAULT,HANDS,378,WESTERN,Waverly,-76.356491,39.29228,HOUSE,1
9/5/2022,03:09:00,02,5609 N BALTIMORE ST,AGG. ASSAULT,HANDS,719,EASTERN,Guilford,-76.378524,39.306884,HOUSE,1
1/13/2020,21:44:00,05,4737 N BALTIMORE ST,ROBBERY,FIREARM,203,WESTERN,Pigtown,-76.398826,39.383738,ALLEY,1
9/5/2019,14:15:00,01,7129 N BALTIMORE ST,COMMON ASSAULT,HANDS,330,WESTERN,Berea,-76.498791,39.376028,HOUSE,1
3/24/2023,02:33:00,09,4642 N BALTIMORE ST,AGG. ASSAULT,FIREARM,514,NORTHERN,Middle East,-76.478455,39.459851,STREET,1
2/2/2019,05:05:00,03,6179 N BALTIMORE ST,BURGLARY,KNIFE,772,NORTHERN,Pimlico,-76.375074,39.224679,ALLEY,1
2/23/2019,12:03:00,05,8748 N BALTIMORE ST,AGG. ASSAULT,FIREARM,345,NORTHERN,Curtis Bay,-76.450999,39.230144,STORE,1
3/2/2020,22:12:00,02,9843 N BALTIMORE ST,SHOOTING,FIREARM,182,NORTHEASTERN,Harlem Park,-76.57316,39.282807,STREET,1
2/8/2022,03:48:00,08,1720 N BALTIMORE ST,SHOOTING,NONE,146,SOUTHERN,Brooklyn,-76.365798,39.231489,STORE,1
11/23/2021,19:48:00,01,8412 N BALTIMORE ST,BURGLARY,FIREARM,695,NORTHWESTERN,Roland Park,-76.405596,39.45362,STORE,1
6/1/2021,20:07:00,02,3475 N BALTIMORE ST,SHOOTING,HANDS,328,WESTERN,Homeland,-76.498691,39.249695,STREET,1
9/17/2020,21:55:00,08,8662 N BALTIMORE ST,LARCENY,NONE,240,EASTERN,Sandtown-Winchester,-76.366183,39.379623,STREET,1
2/14/2022,03:27:00,01,9152 N BALTIMORE ST,HOMICIDE,FIREARM,897,NORTHWESTERN,Pen Lucy,-76.415329,39.492784,ALLEY,1
10/21/2023,12:16:00,08,8134 N BALTIMORE ST,ROBBERY,KNIFE,596,NORTHWESTERN,Belair-Edison,-76.498346,39.268006,STORE,1
2/1/2023,05:51:00,05,9062 N BALTIMORE ST,LARCENY,HANDS,460,EASTERN,Roland Park,-76.460343,39.491084,STREET,1
11/28/2021,09:12:00,03,3594 N BALTIMORE ST,AGG. ASSAULT,KNIFE,266,NORTHWESTERN,Sandtown-Winchester,-76.308917,39.236463,STREET,1
11/25/2023,12:35:00,06,7569 N BALTIMORE ST,BURGLARY,NONE,782,EASTERN,Waverly,-76.458352,39.31668,STORE,1
2/14/2021,19:44:00,02,4128 N BALTIMORE ST,AUTO THEFT,KNIFE,191,CENTRAL,Eastwood,-76.503444,39.42074,STORE,1
7/3/2020,00:30:00,01,3664 N BALTIMORE ST,COMMON ASSAULT,HANDS,147,SOUTHERN,Roland Park,-76.306232,39.486497,HOUSE,1
5/28/2020,06:44:00,02,8917 N BALTIMORE ST,COMMON ASSAULT,KNIFE,395,NORTHERN,Roland Park,-76.437451,39.28785,STREET,1
5/4/2019,23:27:00,02,353 N BALTIMORE ST,AUTO THEFT,KNIFE,147,NORTHEASTERN,Curtis Bay,-76.555792,39.31049,STREET,1
12/18/2021,12:44:00,05,6723 N BALTIMORE ST,COMMON ASSAULT,KNIFE,783,EASTERN,Govans,-76.339679,39.384339,HOUSE,1
2/3/2023,00:20:00,01,2041 N BALTIMORE ST,BURGLARY,NONE,530,SOUTHERN,Curtis Bay,-76.522127,39.498088,STORE,1
7/28/2023,03:20:00,08,4143 N BALTIMORE ST,HOMICIDE,HANDS,428,NORTHERN,Middle East,-76.376662,39.474318,STREET,1
8/16/2019,10:51:00,02,2295 N BALTIMORE ST,COMMON ASSAULT,HANDS,883,WESTERN,Belair-Edison,-76.431164,39.352007,HOUSE,1
7/28/2020,20:02:00,08,2734 N BALTIMORE ST,COMMON ASSAULT,NONE,119,SOUTHERN,Pimlico,-76.553948,39.43603,STORE,1
5/14/2021,14:29:00,03,700 N BALTIMORE ST,AUTO THEFT,FIREARM,552,CENTRAL,Charles Village,-76.569476,39.338208,STREET,1
2/12/2022,12:51:00,05,7975 N BALTIMORE ST,HOMICIDE,KNIFE,592,WESTERN,Homeland,-76.400626,39.21836,STREET,1
4/17/2021,00:49:00,03,7346 N BALTIMORE ST,BURGLARY,FIREARM,408,SOUTHERN,Oliver,-76.449024,39.297295,STORE,1
1/6/2022,18:11:00,06,4352 N BALTIMORE ST,AGG. ASSAULT,NONE,251,NORTHWESTERN,Eastwood,-76.331949,39.255781,HOUSE,1
7/9/2022,04:00:00,08,6280 N BALTIMORE ST,COMMON ASSAULT,KNIFE,589,EASTERN,Harlem Park,-76.316321,39.4579,ALLEY,1
7/16/2023,13:44:00,03,5967 N BALTIMORE ST,ASSAULT,KNIFE,641,NORTHWESTERN,Park Heights,-76.470629,39.351185,STORE,1
11/23/2022,00:51:00,05,8570 N BALTIMORE ST,HOMICIDE,NONE,705,NORTHEASTERN,Irvington,-76.396173,39.252909,HOUSE,1
5/1/2020,11:50:00,01,8698 N BALTIMORE ST,ASSAULT,NONE,304,SOUTHERN,Charles Village,-76.426687,39.422661,HOUSE,1
7/9/2022,00:20:00,04,5370 N BALTIMORE ST,AGG. ASSAULT,NONE,159,NORTHERN,Irvington,-76.378976,39.350057,STORE,1
6/9/2021,05:27:00,02,9712 N BALTIMORE ST,LARCENY,KNIFE,900,CENTRAL,Oliver,-76.441909,39.244149,ALLEY,1
12/27/2022,04:29:00,04,3053 N BALTIMORE ST,LARCENY,KNIFE,279,NORTHWESTERN,Oliver,-76.316892,39.244168,STREET,1
8/27/2019,11:41:00,08,7078 N BALTIMORE ST,ROBBERY,NONE,209,NORTHERN,Druid Heights,-76.47312,39.217162,HOUSE,1
6/4/2023,09:17:00,09,6721 N BALTIMORE ST,HOMICIDE,KNIFE,133,WESTERN,Cherry Hill,-76.487561,39.481999,STORE,1
10/28/2020,05:11:00,01,3052 N BALTIMORE ST,AGG. ASSAULT,FIREARM,197,NORTHEASTERN,Morrell Park,-76.300935,39.467145,ALLEY,1
8/27/2021,02:03:00,07,9051 N BALTIMORE ST,LARCENY,FIREARM,561,EASTERN,Eastwood,-76.460634,39.466118,STREET,1
7/7/2019,14:56:00,01,5710 N BALTIMORE ST,LARCENY,FIREARM,398,NORTHWESTERN,Hampden,-76.425009,39.262604,STORE,1
5/9/2020,12:36:00,04,1953 N BALTIMORE ST,SHOOTING,KNIFE,676,EASTERN,Homeland,-76.516409,39.33308,ALLEY,1
9/8/2019,18:02:00,07,5426 N BALTIMORE ST,BURGLARY,FIREARM,260,WESTERN,Hampden,-76.335707,39.384735,HOUSE,1
4/24/2023,19:14:00,03,7669 N BALTIMORE ST,ASSAULT,NONE,284,CENTRAL,Druid Heights,-76.437725,39.226102,STREET,1
6/21/2020,01:19:00,07,1074 N BALTIMORE ST,ASSAULT,NONE,835,EASTERN,Homeland,-76.474066,39.31854,HOUSE,1
3/18/2022,20:19:00,06,3465 N BALTIMORE ST,SHOOTING,HANDS,738,NORTHWESTERN,Homeland,-76.375324,39.375915,STREET,1
9/28/2019,17:27:00,05,145 N BALTIMORE ST,AGG. ASSAULT,NONE,472,CENTRAL,Johnston Square,-76.373939,39.453946,STREET,1
1/22/2023,22:59:00,02,9357 N BALTIMORE ST,ASSAULT,FIREARM,269,NORTHEASTERN,Cherry Hill,-76.544149,39.223326,HOUSE,1
4/20/2021,01:17:00,05,8983 N BALTIMORE ST,LARCENY,KNIFE,277,NORTHERN,Charles Village,-76.330374,39.304549,ALLEY,1
1/6/2020,07:22:00,02,767 N BALTIMORE ST,ASSAULT,HANDS,767,NORTHWESTERN,Curtis Bay,-76.358392,39.303216,STREET,1
6/10/2020,10:50:00,01,3803 N BALTIMORE ST,AGG. ASSAULT,HANDS,811,WESTERN,Druid Heights,-76.36499,39.387134,ALLEY,1
4/13/2021,05:37:00,07,2266 N BALTIMORE ST,LARCENY,FIREARM,455,NORTHWESTERN,Brooklyn,-76.430701,39.422126,ALLEY,1
5/3/2021,05:56:00,01,7379 N BALTIMORE ST,AUTO THEFT,NONE,420,NORTHWESTERN,Druid Heights,-76.327698,39.383519,ALLEY,1
4/16/2020,12:12:00,02,7982 N BALTIMORE ST,SHOOTING,HANDS,702,NORTHEASTERN,Harlem Park,-76.488491,39.248016,STREET,1
5/21/2023,02:36:00,04,7442 N BALTIMORE ST,AUTO THEFT,FIREARM,700,NORTHWESTERN,Govans,-76.560268,39.318657,STREET,1
8/12/2019,07:46:00,07,2198 N BALTIMORE ST,AGG. ASSAULT,HANDS,584,NORTHWESTERN,Pen Lucy,-76.504449,39.400334,STORE,1
3/23/2019,00:56:00,07,2073 N BALTIMORE ST,SHOOTING,KNIFE,127,EASTERN,Pigtown,-76.598647,39.377927,HOUSE,1
5/2/2020,06:10:00,02,1128 N BALTIMORE ST,AUTO THEFT,KNIFE,439,NORTHERN,Park Heights,-76.493612,39.295339,HOUSE,1
2/19/2020,20:06:00,05,3995 N BALTIMORE ST,LARCENY,NONE,596,CENTRAL,Brooklyn,-76.324802,39.338299,ALLEY,1
3/12/2023,22:47:00,05,2251 N BALTIMORE ST,ASSAULT,FIREARM,613,EASTERN,Pigtown,-76.436423,39.412459,HOUSE,1
12/18/2021,03:37:00,03,221 N BALTIMORE ST,BURGLARY,NONE,604,NORTHERN,Clifton Park,-76.587566,39.347813,STORE,1
4/8/2020,05:37:00,09,7145 N BALTIMORE ST,AUTO THEFT,FIREARM,466,WESTERN,Homeland,-76.338218,39.482827,ALLEY,1
11/10/2023,13:17:00,01,8615 N BALTIMORE ST,AUTO THEFT,HANDS,852,EASTERN,Park Heights,-76.441812,39.257632,ALLEY,1
12/26/2022,15:08:00,07,2916 N BALTIMORE ST,LARCENY,HANDS,507,SOUTHERN,Charles Village,-76.455323,39.397539,ALLEY,1
11/28/2020,10:47:00,06,1413 N BALTIMORE ST,AGG. ASSAULT,KNIFE,668,SOUTHERN,Pimlico,-76.552293,39.25507,HOUSE,1
9/6/2019,11:46:00,07,2852 N BALTIMORE ST,BURGLARY,NONE,276,NORTHERN,Sandtown-Winchester,-76.434259,39.256611,HOUSE,1
2/28/2019,05:50:00,03,4125 N BALTIMORE ST,BURGLARY,FIREARM,394,NORTHWESTERN,Roland Park,-76.429081,39.252501,STREET,1
12/21/2023,13:25:00,03,7364 N BALTIMORE ST,LARCENY,KNIFE,519,NORTHEASTERN,Waverly,-76.480449,39.278683,HOUSE,1
10/12/2019,13:12:00,03,1193 N BALTIMORE ST,SHOOTING,HANDS,762,NORTHERN,Homeland,-76.588199,39.415153,STREET,1
10/8/2019,07:23:00,04,8926 N BALTIMORE ST,ASSAULT,KNIFE,264,CENTRAL,Harlem Park,-76.510636,39.339104,STREET,1
1/23/2022,01:26:00,01,8765 N BALTIMORE ST,ASSAULT,NONE,597,NORTHWESTERN,Morrell Park,-76.402277,39.296111,HOUSE,1
1/16/2022,13:55:00,03,6504 N BALTIMORE ST,BURGLARY,KNIFE,825,NORTHEASTERN,Govans,-76.442284,39.481818,STREET,1
4/15/2021,05:12:00,05,7041 N BALTIMORE ST,ROBBERY,NONE,535,WESTERN,Sandtown-Winchester,-76.40229,39.457217,STREET,1
7/4/2020,00:41:00,05,4738 N BALTIMORE ST,ROBBERY,NONE,406,NORTHERN,Brooklyn,-76.558835,39.260015,STREET,1
5/4/2021,23:12:00,08,3027 N BALTIMORE ST,SHOOTING,NONE,774,SOUTHERN,Govans,-76.331572,39.357008,STORE,1
7/28/2019,22:13:00,05,4889 N BALTIMORE ST,ASSAULT,FIREARM,384,NORTHERN,Greenmount West,-76.336,39.442656,STORE,1
2/17/2021,17:28:00,01,1517 N BALTIMORE ST,SHOOTING,KNIFE,276,NORTHERN,Park Heights,-76.510066,39.254826,ALLEY,1
8/10/2020,08:49:00,05,1374 N BALTIMORE ST,SHOOTING,KNIFE,324,WESTERN,Westport,-76.5194,39.32852,HOUSE,1
7/19/2023,08:28:00,01,2811 N BALTIMORE ST,AUTO THEFT,HANDS,891,NORTHWESTERN,Waverly,-76.43918,39.423607,STORE,1
7/18/2020,18:02:00,05,7761 N BALTIMORE ST,ASSAULT,KNIFE,628,NORTHERN,Homeland,-76.469838,39.411829,STREET,1
10/11/2019,07:32:00,06,5227 N BALTIMORE ST,SHOOTING,HANDS,278,NORTHEASTERN,Clifton Park,-76.572589,39.417834,ALLEY,1
10/1/2023,01:37:00,04,7914 N BALTIMORE ST,HOMICIDE,FIREARM,368,NORTHERN,Park Heights,-76.398412,39.214973,STORE,1
12/4/2022,09:14:00,08,8377 N BALTIMORE ST,HOMICIDE,HANDS,382,CENTRAL,Mount Washington,-76.536316,39.215369,STORE,1
11/28/2022,11:56:00,07,4300 N BALTIMORE ST,AGG. ASSAULT,NONE,234,WESTERN,Upton,-76.396169,39.31631,ALLEY,1
6/22/2019,09:56:00,02,8610 N BALTIMORE ST,AUTO THEFT,FIREARM,161,WESTERN,Govans,-76.555254,39.342613,ALLEY,1
1/25/2019,16:19:00,06,771 N BALTIMORE ST,SHOOTING,NONE,120,NORTHERN,Morrell Park,-76.512983,39.270856,STORE,1
6/2/2019,07:45:00,04,7377 N BALTIMORE ST,BURGLARY,NONE,706,EASTERN,Charles Village,-76.447241,39.263382,STORE,1
11/7/2022,00:52:00,07,7816 N BALTIMORE ST,ROBBERY,KNIFE,287,CENTRAL,Oliver,-76.379531,39.326189,STORE,1
2/20/2021,00:49:00,09,7507 N BALTIMORE ST,HOMICIDE,NONE,436,WESTERN,Hampden,-76.534591,39.427978,STREET,1
10/14/2020,06:19:00,03,8538 N BALTIMORE ST,HOMICIDE,NONE,509,EASTERN,Govans,-76.592779,39.45315,HOUSE,1
10/5/2021,04:53:00,02,7561 N BALTIMORE ST,LARCENY,HANDS,763,NORTHEASTERN,Mount Washington,-76.343066,39.326776,STREET,1
11/24/2022,14:01:00,07,6502 N BALTIMORE ST,COMMON ASSAULT,KNIFE,162,NORTHERN,Berea,-76.371239,39.320666,ALLEY,1
8/7/2019,18:37:00,03,8438 N BALTIMORE ST,ROBBERY,KNIFE,602,CENTRAL,Morrell Park,-76.564001,39.246176,HOUSE,1
4/15/2020,02:29:00,01,8847 N BALTIMORE ST,AGG. ASSAULT,HANDS,725,NORTHERN,Roland Park,-76.521276,39.321568,HOUSE,1
12/23/2020,18:34:00,04,1527 N BALTIMORE ST,COMMON ASSAULT,HANDS,409,NORTHEASTERN,Cherry Hill,-76.393874,39.39192,STREET,1
10/20/2021,13:28:00,01,6332 N BALTIMORE ST,ASSAULT,FIREARM,731,SOUTHERN,Druid Heights,-76.498006,39.361582,ALLEY,1
10/17/2021,05:17:00,04,9298 N BALTIMORE ST,HOMICIDE,HANDS,774,SOUTHERN,Sandtown-Winchester,-76.364095,39.443517,ALLEY,1
8/24/2019,17:07:00,07,7824 N BALTIMORE ST,HOMICIDE,FIREARM,495,NORTHERN,Waverly,-76.409795,39.486154,HOUSE,1
6/21/2019,16:37:00,01,1786 N BALTIMORE ST,AGG. ASSAULT,HANDS,890,NORTHWESTERN,Eastwood,-76.425724,39.416814,ALLEY,1
2/11/2023,00:12:00,08,859 N BALTIMORE ST,ROBBERY,NONE,155,NORTHERN,Roland Park,-76.318925,39.493198,STORE,1
8/2/2019,06:01:00,09,8937 N BALTIMORE ST,LARCENY,FIREARM,565,SOUTHERN,Clifton Park,-76.5522,39.245067,ALLEY,1
3/21/2023,09:53:00,05,8727 N BALTIMORE ST,AUTO THEFT,FIREARM,776,EASTERN,Irvington,-76.344802,39.337293,HOUSE,1
11/9/2022,02:04:00,07,8944 N BALTIMORE ST,LARCENY,NONE,706,NORTHWESTERN,Morrell Park,-76.394373,39.41577,STORE,1
8/13/2020,12:08:00,01,9233 N BALTIMORE ST,LARCENY,KNIFE,117,NORTHEASTERN,Mount Washington,-76.527968,39.236014,STREET,1
7/7/2020,21:57:00,05,4697 N BALTIMORE ST,BURGLARY,KNIFE,433,NORTHERN,Clifton Park,-76.359079,39.314446,ALLEY,1
9/22/2021,15:57:00,01,1430 N BALTIMORE ST,ASSAULT,FIREARM,853,SOUTHERN,Clifton Park,-76.376086,39.443152,ALLEY,1
4/14/2021,19:01:00,02,2659 N BALTIMORE ST,COMMON ASSAULT,NONE,472,NORTHWESTERN,Westport,-76.525407,39.254792,HOUSE,1
12/2/2022,07:39:00,07,7454 N BALTIMORE ST,LARCENY,KNIFE,872,EASTERN,Morrell Park,-76.511907,39.31263,ALLEY,1
1/12/2021,11:14:00,07,4291 N BALTIMORE ST,HOMICIDE,FIREARM,816,NORTHERN,Mount Washington,-76.440163,39.331885,HOUSE,1
4/28/2019,12:52:00,05,8456 N BALTIMORE ST,HOMICIDE,KNIFE,221,SOUTHERN,Charles Village,-76.494317,39.415055,STORE,1
6/9/2023,22:25:00,07,2594 N BALTIMORE ST,COMMON ASSAULT,KNIFE,336,NORTHWESTERN,Oliver,-76.471634,39.314348,STORE,1
9/14/2023,09:37:00,02,2219 N BALTIMORE ST,AUTO THEFT,HANDS,680,NORTHERN,Irvington,-76.355021,39.490337,ALLEY,1
5/6/2019,19:33:00,07,3123 N BALTIMORE ST,ASSAULT,NONE,677,CENTRAL,Belair-Edison,-76.414035,39.203324,STORE,1
10/19/2022,13:11:00,04,5748 N BALTIMORE ST,AGG. ASSAULT,KNIFE,702,NORTHEASTERN,Govans,-76.325556,39.380961,ALLEY,1
12/16/2023,12:35:00,09,7702 N BALTIMORE ST,SHOOTING,NONE,725,SOUTHERN,Brooklyn,-76.543813,39.474909,STORE,1
4/9/2019,16:11:00,01,8673 N BALTIMORE ST,BURGLARY,KNIFE,197,SOUTHERN,Sandtown-Winchester,-76.501789,39.380937,ALLEY,1
3/5/2019,12:00:00,01,172 N BALTIMORE ST,ROBBERY,HANDS,404,WESTERN,Charles Village,-76.585099,39.493667,STORE,1
10/24/2020,23:04:00,05,3816 N BALTIMORE ST,LARCENY,HANDS,848,EASTERN,Hampden,-76.319265,39.221215,HOUSE,1
9/26/2020,18:31:00,06,2595 N BALTIMORE ST,HOMICIDE,NONE,235,NORTHEASTERN,Druid Heights,-76.590048,39.383869,STORE,1
5/6/2022,23:50:00,03,4963 N BALTIMORE ST,LARCENY,HANDS,735,SOUTHERN,Clifton Park,-76.309114,39.394689,STREET,1
6/27/2020,07:01:00,08,7089 N BALTIMORE ST,AGG. ASSAULT,FIREARM,737,NORTHWESTERN,Middle East,-76.317017,39.36761,STORE,1
1/21/2023,11:25:00,09,2257 N BALTIMORE ST,LARCENY,FIREARM,585,WESTERN,Belair-Edison,-76.402335,39.273801,STREET,1
7/4/2022,16:27:00,06,7969 N BALTIMORE ST,ASSAULT,HANDS,106,WESTERN,Johnston Square,-76.507114,39.438621,HOUSE,1
12/6/2019,10:14:00,02,3281 N BALTIMORE ST,SHOOTING,HANDS,514,SOUTHERN,Oliver,-76.57092,39.215549,STORE,1
2/16/2020,11:03:00,04,6965 N BALTIMORE ST,ROBBERY,KNIFE,146,NORTHWESTERN,Oliver,-76.556016,39.300058,STREET,1
8/7/2023,06:29:00,01,3210 N BALTIMORE ST,BURGLARY,KNIFE,400,NORTHWESTERN,Morrell Park,-76.344465,39.293153,STORE,1
1/25/2023,08:31:00,07,520 N BALTIMORE ST,SHOOTING,NONE,231,WESTERN,Westport,-76.36766,39.294564,STREET,1
7/11/2022,02:49:00,02,7820 N BALTIMORE ST,LARCENY,HANDS,191,NORTHEASTERN,Hampden,-76.455004,39.271668,ALLEY,1
6/3/2023,08:22:00,07,3255 N BALTIMORE ST,BURGLARY,FIREARM,719,WESTERN,Mount Washington,-76.355817,39.367503,HOUSE,1
6/18/2021,23:05:00,02,5358 N BALTIMORE ST,SHOOTING,HANDS,377,NORTHEASTERN,Middle East,-76.384506,39.385746,HOUSE,1
7/2/2019,20:31:00,08,144 N BALTIMORE ST,LARCENY,HANDS,111,WESTERN,Curtis Bay,-76.42365,39.467678,STREET,1
5/4/2021,17:17:00,01,4173 N BALTIMORE ST,HOMICIDE,KNIFE,282,SOUTHERN,Pen Lucy,-76.57557,39.361888,ALLEY,1
3/25/2022,23:46:00,01,4008 N BALTIMORE ST,HOMICIDE,HANDS,657,EASTERN,Morrell Park,-76.433595,39.405348,HOUSE,1
11/15/2019,17:34:00,01,2583 N BALTIMORE ST,AGG. ASSAULT,HANDS,261,CENTRAL,Clifton Park,-76.417576,39.301384,STORE,1
12/20/2022,06:55:00,04,3978 N BALTIMORE ST,AUTO THEFT,NONE,235,CENTRAL,Westport,-76.539974,39.479762,STORE,1
9/17/2019,01:48:00,07,8085 N BALTIMORE ST,LARCENY,NONE,143,SOUTHERN,Westport,-76.421026,39.212308,STREET,1
2/18/2023,23:52:00,05,3743 N BALTIMORE ST,ROBBERY,FIREARM,304,CENTRAL,Irvington,-76.395775,39.473141,STORE,1
6/18/2019,08:35:00,06,9289 N BALTIMORE ST,LARCENY,HANDS,266,NORTHEASTERN,Govans,-76.359897,39.272291,STREET,1
1/10/2022,14:51:00,03,2504 N BALTIMORE ST,LARCENY,HANDS,331,WESTERN,Druid Heights,-76.419814,39.341115,STREET,1
6/23/2021,08:18:00,08,1029 N BALTIMORE ST,HOMICIDE,KNIFE,755,EASTERN,Oliver,-76.33138,39.223978,STREET,1
10/19/2019,10:46:00,04,9546 N BALTIMORE ST,BURGLARY,NONE,597,EASTERN,Westport,-76.358828,39.499341,ALLEY,1
4/11/2020,22:48:00,07,145 N BALTIMORE ST,AUTO THEFT,KNIFE,113,EASTERN,Mount Washington,-76.55864,39.31531,HOUSE,1
8/27/2021,17:58:00,08,197 N BALTIMORE ST,COMMON ASSAULT,NONE,629,NORTHWESTERN,Sandtown-Winchester,-76.479615,39.299193,STREET,1
7/13/2019,07:27:00,01,6177 N BALTIMORE ST,LARCENY,KNIFE,848,NORTHWESTERN,Govans,-76.440729,39.392321,STORE,1
10/18/2019,18:07:00,01,3644 N BALTIMORE ST,LARCENY,FIREARM,268,NORTHERN,Pigtown,-76.582389,39.422234,STREET,1
1/20/2020,08:21:00,03,3377 N BALTIMORE ST,SHOOTING,HANDS,682,SOUTHERN,Belair-Edison,-76.459753,39.379237,ALLEY,1
11/27/2023,05:25:00,01,911 N BALTIMORE ST,HOMICIDE,NONE,144,NORTHEASTERN,Mount Washington,-76.560086,39.490102,HOUSE,1
5/22/2022,10:16:00,05,9775 N BALTIMORE ST,ASSAULT,FIREARM,426,NORTHERN,Hampden,-76.514251,39.367051,HOUSE,1
4/17/2021,02:07:00,09,366 N BALTIMORE ST,HOMICIDE,FIREARM,835,SOUTHERN,Pen Lucy,-76.435593,39.316787,HOUSE,1
5/25/2021,10:25:00,07,2670 N BALTIMORE ST,ASSAULT,HANDS,252,NORTHWESTERN,Middle East,-76.562996,39.384959,STREET,1
7/1/2022,07:51:00,07,1780 N BALTIMORE ST,AGG. ASSAULT,KNIFE,417,CENTRAL,Park Heights,-76.437472,39.209145,STREET,1
7/13/2020,00:08:00,04,5888 N BALTIMORE ST,ROBBERY,HANDS,616,EASTERN,Westport,-76.49045,39.221302,ALLEY,1
8/8/2019,21:46:00,02,7033 N BALTIMORE ST,SHOOTING,FIREARM,423,NORTHEASTERN,Eastwood,-76.473026,39.304058,STORE,1
3/6/2021,08:19:00,02,3527 N BALTIMORE ST,COMMON ASSAULT,HANDS,414,NORTHEASTERN,Morrell Park,-76.467299,39.279604,STORE,1
4/4/2021,21:51:00,06,7760 N BALTIMORE ST,LARCENY,HANDS,840,CENTRAL,Pigtown,-76.461929,39.371801,STREET,1
11/19/2023,17:25:00,07,5020 N BALTIMORE ST,AGG. ASSAULT,KNIFE,539,CENTRAL,Charles Village,-76.500971,39.465552,ALLEY,1
8/9/2023,20:42:00,09,7636 N BALTIMORE ST,AGG. ASSAULT,FIREARM,483,SOUTHERN,Brooklyn,-76.394001,39.214753,ALLEY,1
8/26/2022,23:05:00,09,4447 N BALTIMORE ST,COMMON ASSAULT,FIREARM,757,CENTRAL,Curtis Bay,-76.569922,39.255683,STREET,1
8/8/2022,06:12:00,03,9991 N BALTIMORE ST,SHOOTING,KNIFE,798,SOUTHERN,Irvington,-76.560022,39.369657,STORE,1
3/28/2019,17:58:00,03,5378 N BALTIMORE ST,COMMON ASSAULT,KNIFE,504,SOUTHERN,Westport,-76.319569,39.468731,STORE,1
11/6/2023,08:10:00,08,7856 N BALTIMORE ST,COMMON ASSAULT,KNIFE,329,WESTERN,Govans,-76.383721,39.46024,ALLEY,1
11/6/2020,00:36:00,02,4218 N BALTIMORE ST,LARCENY,FIREARM,533,NORTHWESTERN,Harlem Park,-76.414946,39.268386,ALLEY,1
3/7/2021,09:31:00,02,9782 N BALTIMORE ST,HOMICIDE,KNIFE,722,SOUTHERN,Middle East,-76.597272,39.4018,HOUSE,1
6/27/2019,08:44:00,06,2178 N BALTIMORE ST,AGG. ASSAULT,FIREARM,553,SOUTHERN,Homeland,-76.502918,39.370518,STREET,1
2/1/2020,00:45:00,07,4758 N BALTIMORE ST,COMMON ASSAULT,KNIFE,789,WESTERN,Brooklyn,-76.553582,39.432037,STORE,1
3/16/2020,14:29:00,08,3677 N BALTIMORE ST,COMMON ASSAULT,FIREARM,524,CENTRAL,Clifton Park,-76.333989,39.35187,STREET,1
12/16/2021,00:59:00,08,156 N BALTIMORE ST,COMMON ASSAULT,HANDS,153,EASTERN,Govans,-76.528588,39.439271,HOUSE,1
10/17/2020,09:08:00,05,1489 N BALTIMORE ST,LARCENY,NONE,825,SOUTHERN,Irvington,-76.510747,39.216094,STORE,1
8/26/2022,11:32:00,03,7112 N BALTIMORE ST,SHOOTING,NONE,241,NORTHEASTERN,Pigtown,-76.488625,39.477801,STORE,1
1/8/2019,22:25:00,04,8428 N BALTIMORE ST,AUTO THEFT,NONE,368,NORTHWESTERN,Homeland,-76.316241,39.418679,HOUSE,1
6/20/2021,15:41:00,04,1811 N BALTIMORE ST,HOMICIDE,KNIFE,701,EASTERN,Morrell Park,-76.390305,39.37122,STORE,1
12/9/2023,19:50:00,02,4321 N BALTIMORE ST,HOMICIDE,NONE,135,WESTERN,Guilford,-76.423217,39.386066,HOUSE,1
5/20/2019,22:51:00,04,2441 N BALTIMORE ST,AGG. ASSAULT,NONE,403,SOUTHERN,Homeland,-76.535057,39.239536,ALLEY,1
2/5/2022,03:10:00,09,9696 N BALTIMORE ST,HOMICIDE,FIREARM,776,SOUTHERN,Morrell Park,-76.339893,39.231299,HOUSE,1
5/1/2020,00:44:00,02,3089 N BALTIMORE ST,SHOOTING,NONE,859,SOUTHERN,Berea,-76.390296,39.475762,ALLEY,1
9/23/2023,09:31:00,05,2928 N BALTIMORE ST,ASSAULT,HANDS,507,NORTHWESTERN,Belair-Edison,-76.38546,39.423957,STORE,1
9/17/2023,04:58:00,03,3459 N BALTIMORE ST,SHOOTING,NONE,159,NORTHERN,Upton,-76.501052,39.363997,HOUSE,1
1/13/2023,22:04:00,04,4284 N BALTIMORE ST,AUTO THEFT,NONE,413,EASTERN,Upton,-76.459738,39.493863,HOUSE,1
9/14/2021,21:28:00,05,9395 N BALTIMORE ST,AGG. ASSAULT,KNIFE,794,NORTHEASTERN,Govans,-76.437527,39.49132,STORE,1
2/2/2022,17:03:00,03,6935 N BALTIMORE ST,ROBBERY,NONE,510,NORTHWESTERN,Belair-Edison,-76.560277,39.229687,HOUSE,1
11/17/2022,13:17:00,06,8279 N BALTIMORE ST,HOMICIDE,NONE,430,SOUTHERN,Pimlico,-76.501667,39.427595,STORE,1
5/16/2020,13:17:00,01,212 N BALTIMORE ST,LARCENY,NONE,636,NORTHEASTERN,Pimlico,-76.466077,39.356306,STORE,1
5/22/2020,01:22:00,02,6894 N BALTIMORE ST,AGG. ASSAULT,HANDS,361,WESTERN,Waverly,-76.502471,39.246172,HOUSE,1
2/25/2021,16:37:00,08,4951 N BALTIMORE ST,LARCENY,KNIFE,306,SOUTHERN,Mount Washington,-76.539523,39.321961,STORE,1
6/27/2020,15:55:00,01,1140 N BALTIMORE ST,SHOOTING,FIREARM,351,WESTERN,Sandtown-Winchester,-76.477537,39.213675,HOUSE,1
4/17/2020,20:26:00,01,2940 N BALTIMORE ST,LARCENY,HANDS,848,SOUTHERN,Waverly,-76.585447,39.383439,ALLEY,1
12/3/2021,06:17:00,01,9666 N BALTIMORE ST,AGG. ASSAULT,FIREARM,721,WESTERN,Sandtown-Winchester,-76.457311,39.345437,STORE,1
6/5/2021,17:17:00,02,3536 N BALTIMORE ST,AUTO THEFT,NONE,724,NORTHERN,Belair-Edison,-76.518909,39.203955,HOUSE,1
4/12/2022,12:48:00,08,5001 N BALTIMORE ST,HOMICIDE,FIREARM,686,NORTHEASTERN,Hampden,-76.50344,39.392066,ALLEY,1
6/19/2019,20:48:00,09,839 N BALTIMORE ST,ASSAULT,NONE,101,SOUTHERN,Morrell Park,-76.549424,39.385097,HOUSE,1
4/3/2019,11:58:00,09,9938 N BALTIMORE ST,ASSAULT,HANDS,633,CENTRAL,Belair-Edison,-76.51589,39.45246,STREET,1
3/2/2021,07:06:00,08,7633 N BALTIMORE ST,SHOOTING,HANDS,645,NORTHWESTERN,Johnston Square,-76.468964,39.308772,HOUSE,1
2/17/2021,13:47:00,05,8663 N BALTIMORE ST,ASSAULT,KNIFE,103,CENTRAL,Druid Heights,-76.449742,39.426384,ALLEY,1
11/17/2021,12:44:00,09,4629 N BALTIMORE ST,ROBBERY,NONE,262,WESTERN,Homeland,-76.526592,39.429936,ALLEY,1
12/21/2019,11:46:00,09,6272 N BALTIMORE ST,BURGLARY,KNIFE,570,EASTERN,Roland Park,-76.474003,39.34417,ALLEY,1
4/23/2022,00:24:00,07,3078 N BALTIMORE ST,COMMON ASSAULT,FIREARM,480,NORTHERN,Druid Heights,-76.572318,39.443589,STREET,1
3/10/2023,04:56:00,07,6027 N BALTIMORE ST,AUTO THEFT,HANDS,524,WESTERN,Johnston Square,-76.413143,39.378116,STREET,1
4/5/2020,14:46:00,03,3705 N BALTIMORE ST,SHOOTING,FIREARM,561,EASTERN,Hampden,-76.412598,39.483752,STREET,1
8/22/2020,18:03:00,01,7119 N BALTIMORE ST,AUTO THEFT,HANDS,831,NORTHWESTERN,Belair-Edison,-76.437354,39.391329,STREET,1
8/15/2021,18:20:00,05,1256 N BALTIMORE ST,SHOOTING,NONE,608,WESTERN,Eastwood,-76.505812,39.260758,STREET,1
9/20/2023,21:02:00,08,3542 N BALTIMORE ST,SHOOTING,FIREARM,461,NORTHERN,Homeland,-76.425044,39.296122,STREET,1
6/17/2021,19:48:00,07,2846 N BALTIMORE ST,AGG. ASSAULT,KNIFE,617,WESTERN,Berea,-76.520928,39.353518,STORE,1
3/1/2019,21:30:00,07,1398 N BALTIMORE ST,ASSAULT,KNIFE,707,WESTERN,Brooklyn,-76.480256,39.232632,STREET,1
1/21/2023,10:47:00,02,9065 N BALTIMORE ST,HOMICIDE,FIREARM,258,CENTRAL,Hampden,-76.321481,39.394112,STORE,1
9/25/2019,04:52:00,01,8102 N BALTIMORE ST,LARCENY,NONE,497,CENTRAL,Mount Washington,-76.385419,39.454943,STREET,1
8/19/2019,04:14:00,08,2504 N BALTIMORE ST,HOMICIDE,KNIFE,496,NORTHEASTERN,Mount Washington,-76.434016,39.46804,ALLEY,1
11/28/2023,13:42:00,05,7540 N BALTIMORE ST,LARCENY,KNIFE,830,CENTRAL,Pigtown,-76.505145,39.326217,HOUSE,1
7/28/2023,16:50:00,04,3229 N BALTIMORE ST,AUTO THEFT,HANDS,807,WESTERN,Johnston Square,-76.466173,39.44011,STORE,1
3/27/2019,21:57:00,04,1740 N BALTIMORE ST,AUTO THEFT,HANDS,448,CENTRAL,Curtis Bay,-76.410362,39.404404,HOUSE,1
6/5/2019,20:05:00,09,7938 N BALTIMORE ST,COMMON ASSAULT,HANDS,827,CENTRAL,Johnston Square,-76.35335,39.279022,HOUSE,1
4/4/2023,02:19:00,02,5155 N BALTIMORE ST,SHOOTING,FIREARM,767,WESTERN,Pimlico,-76.324076,39.230721,ALLEY,1
1/7/2021,12:34:00,08,1965 N BALTIMORE ST,AUTO THEFT,NONE,895,NORTHWESTERN,Hampden,-76.439855,39.222394,STREET,1
8/20/2022,14:34:00,01,2428 N BALTIMORE ST,COMMON ASSAULT,HANDS,896,CENTRAL,Morrell Park,-76.411731,39.307148,HOUSE,1
10/26/2022,09:01:00,04,7034 N BALTIMORE ST,AGG. ASSAULT,HANDS,122,EASTERN,Pigtown,-76.580082,39.265379,ALLEY,1
4/25/2022,15:32:00,04,2050 N BALTIMORE ST,AUTO THEFT,NONE,474,SOUTHERN,Irvington,-76.464098,39.475099,ALLEY,1
2/17/2020,12:35:00,04,718 N BALTIMORE ST,ASSAULT,FIREARM,439,EASTERN,Eastwood,-76.432237,39.47653,HOUSE,1
4/6/2020,09:05:00,07,6208 N BALTIMORE ST,ROBBERY,HANDS,741,NORTHWESTERN,Clifton Park,-76.37834,39.361263,STORE,1
8/7/2019,09:18:00,07,7815 N BALTIMORE ST,BURGLARY,NONE,280,EASTERN,Waverly,-76.381853,39.303613,HOUSE,1
11/16/2019,08:47:00,02,7058 N BALTIMORE ST,ROBBERY,NONE,103,SOUTHERN,Berea,-76.498999,39.484491,ALLEY,1
7/19/2019,17:04:00,05,1720 N BALTIMORE ST,COMMON ASSAULT,HANDS,380,WESTERN,Upton,-76.399706,39.315981,STREET,1
9/7/2021,22:31:00,08,4815 N BALTIMORE ST,LARCENY,KNIFE,705,WESTERN,Pen Lucy,-76.356891,39.457829,STORE,1
4/25/2020,00:51:00,03,7059 N BALTIMORE ST,AUTO THEFT,FIREARM,688,CENTRAL,Westport,-76.382197,39.375543,ALLEY,1
7/13/2020,14:29:00,02,9926 N BALTIMORE ST,AGG. ASSAULT,NONE,523,WESTERN,Druid Heights,-76.469348,39.223388,ALLEY,1
4/9/2022,05:51:00,01,2302 N BALTIMORE ST,ASSAULT,KNIFE,796,CENTRAL,Park Heights,-76.390315,39.266054,STREET,1
7/18/2022,07:57:00,07,8099 N BALTIMORE ST,AUTO THEFT,FIREARM,196,NORTHWESTERN,Upton,-76.457694,39.335702,STREET,1
5/27/2021,12:07:00,05,4913 N BALTIMORE ST,LARCENY,KNIFE,316,NORTHWESTERN,Park Heights,-76.526406,39.457504,STREET,1
6/14/2022,09:08:00,07,960 N BALTIMORE ST,ROBBERY,NONE,352,SOUTHERN,Johnston Square,-76.453115,39.238472,ALLEY,1
6/24/2023,20:24:00,06,5932 N BALTIMORE ST,ASSAULT,KNIFE,597,WESTERN,Upton,-76.394407,39.312689,HOUSE,1
10/2/2021,00:13:00,09,5398 N BALTIMORE ST,LARCENY,KNIFE,860,NORTHEASTERN,Waverly,-76.359526,39.302983,ALLEY,1
5/22/2021,08:56:00,09,6642 N BALTIMORE ST,SHOOTING,KNIFE,284,NORTHERN,Homeland,-76.439966,39.360783,STREET,1
4/3/2020,08:59:00,06,4621 N BALTIMORE ST,AGG. ASSAULT,FIREARM,482,EASTERN,Westport,-76.394009,39.287723,ALLEY,1
2/9/2019,22:50:00,08,8717 N BALTIMORE ST,HOMICIDE,NONE,703,SOUTHERN,Belair-Edison,-76.35283,39.264097,ALLEY,1
5/1/2019,18:20:00,05,4095 N BALTIMORE ST,SHOOTING,NONE,766,CENTRAL,Mount Washington,-76.469366,39.228428,ALLEY,1
6/17/2023,01:03:00,02,8880 N BALTIMORE ST,SHOOTING,KNIFE,187,CENTRAL,Harlem Park,-76.506394,39.374689,HOUSE,1
4/14/2021,15:34:00,07,2898 N BALTIMORE ST,ROBBERY,FIREARM,597,NORTHEASTERN,Upton,-76.36047,39.223285,STORE,1
11/13/2023,20:33:00,06,7034 N BALTIMORE ST,BURGLARY,KNIFE,438,NORTHEASTERN,Druid Heights,-76.371704,39.451685,STORE,1
3/28/2019,13:52:00,04,4104 N BALTIMORE ST,ROBBERY,HANDS,369,WESTERN,Clifton Park,-76.546238,39.422914,STREET,1
3/7/2019,01:11:00,09,7173 N BALTIMORE ST,AUTO THEFT,HANDS,812,NORTHEASTERN,Govans,-76.59434,39.297932,ALLEY,1
2/10/2019,04:01:00,07,6798 N BALTIMORE ST,SHOOTING,FIREARM,205,SOUTHERN,Cherry Hill,-76.505489,39.276828,ALLEY,1
7/8/2022,06:54:00,09,2404 N BALTIMORE ST,ASSAULT,KNIFE,239,NORTHEASTERN,Sandtown-Winchester,-76.516637,39.209452,HOUSE,1
3/6/2023,21:11:00,01,6202 N BALTIMORE ST,AGG. ASSAULT,KNIFE,770,NORTHERN,Curtis Bay,-76.591741,39.488264,STREET,1
4/9/2019,17:19:00,04,3763 N BALTIMORE ST,ROBBERY,KNIFE,333,NORTHEASTERN,Mount Washington,-76.407477,39.309085,STORE,1
3/8/2020,23:38:00,05,5597 N BALTIMORE ST,AGG. ASSAULT,HANDS,441,NORTHERN,Druid Heights,-76.562128,39.291284,STORE,1
10/15/2021,13:50:00,01,2938 N BALTIMORE ST,BURGLARY,NONE,539,NORTHERN,Westport,-76.542002,39.25216,STREET,1
6/8/2023,13:48:00,08,7858 N BALTIMORE ST,COMMON ASSAULT,HANDS,777,NORTHERN,Guilford,-76.428145,39.391093,HOUSE,1
4/12/2022,12:53:00,02,5582 N BALTIMORE ST,ASSAULT,NONE,513,WESTERN,Cherry Hill,-76.488722,39.299755,STREET,1
3/12/2022,07:55:00,09,1092 N BALTIMORE ST,AGG. ASSAULT,NONE,407,EASTERN,Pigtown,-76.568432,39.34182,HOUSE,1
10/23/2022,11:10:00,05,7334 N BALTIMORE ST,BURGLARY,NONE,544,NORTHWESTERN,Curtis Bay,-76.384096,39.400077,HOUSE,1
12/23/2023,22:59:00,07,2185 N BALTIMORE ST,HOMICIDE,HANDS,865,WESTERN,Brooklyn,-76.525048,39.286891,STORE,1
5/4/2020,10:30:00,02,2666 N BALTIMORE ST,SHOOTING,NONE,301,WESTERN,Oliver,-76.376516,39.364116,ALLEY,1
11/10/2020,13:35:00,06,8295 N BALTIMORE ST,AGG. ASSAULT,KNIFE,784,SOUTHERN,Park Heights,-76.426675,39.323888,STREET,1
3/10/2023,18:30:00,04,9051 N BALTIMORE ST,ROBBERY,NONE,198,CENTRAL,Govans,-76.493655,39.267381,STREET,1
11/7/2023,22:29:00,02,578 N BALTIMORE ST,COMMON ASSAULT,FIREARM,609,EASTERN,Druid Heights,-76.358079,39.342195,STORE,1
1/4/2020,08:34:00,07,7996 N BALTIMORE ST,HOMICIDE,FIREARM,669,EASTERN,Harlem Park,-76.331129,39.315979,HOUSE,1
3/4/2019,09:25:00,04,9801 N BALTIMORE ST,BURGLARY,NONE,506,NORTHWESTERN,Morrell Park,-76.544817,39.392733,ALLEY,1
7/27/2020,22:18:00,06,6743 N BALTIMORE ST,COMMON ASSAULT,KNIFE,712,WESTERN,Guilford,-76.567335,39.241608,HOUSE,1
10/9/2022,16:54:00,02,1899 N BALTIMORE ST,ASSAULT,NONE,819,NORTHWESTERN,Sandtown-Winchester,-76.326687,39.415582,STORE,1
8/22/2022,00:26:00,09,3773 N BALTIMORE ST,COMMON ASSAULT,HANDS,325,WESTERN,Upton,-76.419975,39.209858,STORE,1
10/1/2021,03:25:00,04,9400 N BALTIMORE ST,BURGLARY,FIREARM,879,NORTHWESTERN,Druid Heights,-76.373695,39.258406,ALLEY,1
8/22/2020,13:53:00,08,3460 N BALTIMORE ST,BURGLARY,FIREARM,388,SOUTHERN,Pigtown,-76.586323,39.369006,HOUSE,1
2/28/2019,13:31:00,04,717 N BALTIMORE ST,ROBBERY,HANDS,657,CENTRAL,Upton,-76.572658,39.320137,HOUSE,1
11/22/2023,02:49:00,01,879 N BALTIMORE ST,BURGLARY,KNIFE,139,CENTRAL,Morrell Park,-76.554843,39.368546,STORE,1
7/18/2019,01:47:00,02,9966 N BALTIMORE ST,LARCENY,KNIFE,398,EASTERN,Mount Washington,-76.556686,39.486432,ALLEY,1
5/18/2021,08:56:00,03,1081 N BALTIMORE ST,COMMON ASSAULT,HANDS,302,WESTERN,Pigtown,-76.577594,39.218415,STORE,1
8/27/2019,18:06:00,04,9005 N BALTIMORE ST,AGG. ASSAULT,FIREARM,181,CENTRAL,Morrell Park,-76.502822,39.344166,STREET,1
4/5/2019,22:06:00,05,365 N BALTIMORE ST,ASSAULT,HANDS,575,EASTERN,Waverly,-76.399298,39.201292,STREET,1
3/27/2019,17:29:00,05,5295 N BALTIMORE ST,ASSAULT,NONE,813,NORTHEASTERN,Westport,-76.577475,39.478831,ALLEY,1
6/16/2023,12:18:00,07,3172 N BALTIMORE ST,ROBBERY,KNIFE,667,EASTERN,Greenmount West,-76.363415,39.223907,STORE,1
11/13/2019,03:50:00,05,2874 N BALTIMORE ST,COMMON ASSAULT,KNIFE,221,WESTERN,Westport,-76.495495,39.463094,STREET,1
6/7/2019,10:03:00,07,9878 N BALTIMORE ST,AGG. ASSAULT,KNIFE,497,NORTHWESTERN,Pen Lucy,-76.580071,39.36436,HOUSE,1
3/25/2021,20:31:00,05,1329 N BALTIMORE ST,LARCENY,KNIFE,748,NORTHWESTERN,Park Heights,-76.491015,39.345968,STREET,1
10/18/2022,19:45:00,05,8629 N BALTIMORE ST,HOMICIDE,HANDS,536,CENTRAL,Hampden,-76.482872,39.284698,ALLEY,1
2/19/2021,20:44:00,06,7189 N BALTIMORE ST,SHOOTING,HANDS,779,NORTHEASTERN,Harlem Park,-76.324896,39.262462,HOUSE,1
3/28/2021,05:28:00,02,7565 N BALTIMORE ST,ASSAULT,NONE,513,WESTERN,Charles Village,-76.560019,39.396023,STORE,1
7/28/2021,00:30:00,01,801 N BALTIMORE ST,ROBBERY,HANDS,769,NORTHEASTERN,Pimlico,-76.323706,39.233369,ALLEY,1
9/21/2022,13:55:00,03,4370 N BALTIMORE ST,LARCENY,NONE,896,NORTHERN,Sandtown-Winchester,-76.357592,39.463085,STREET,1
7/18/2022,19:03:00,05,1743 N BALTIMORE ST,SHOOTING,KNIFE,649,NORTHERN,Clifton Park,-76.557784,39.341514,ALLEY,1
2/12/2019,21:10:00,03,3857 N BALTIMORE ST,ASSAULT,KNIFE,285,WESTERN,Brooklyn,-76.547503,39.246507,STREET,1
6/28/2022,04:33:00,04,5964 N BALTIMORE ST,BURGLARY,FIREARM,101,SOUTHERN,Berea,-76.518124,39.211704,HOUSE,1
4/12/2019,03:45:00,02,4134 N BALTIMORE ST,AUTO THEFT,FIREARM,892,WESTERN,Johnston Square,-76.505674,39.295605,STORE,1
11/17/2020,18:08:00,01,7254 N BALTIMORE ST,BURGLARY,FIREARM,754,NORTHWESTERN,Hampden,-76.389937,39.399471,STORE,1
8/17/2023,07:01:00,03,8954 N BALTIMORE ST,LARCENY,FIREARM,124,NORTHEASTERN,Berea,-76.331514,39.230698,HOUSE,1
4/10/2021,02:39:00,06,2168 N BALTIMORE ST,HOMICIDE,FIREARM,771,NORTHERN,Hampden,-76.521209,39.340859,STORE,1
12/21/2021,04:35:00,01,2971 N BALTIMORE ST,ROBBERY,KNIFE,123,EASTERN,Waverly,-76.484342,39.426803,STORE,1
11/8/2019,14:35:00,02,2490 N BALTIMORE ST,ROBBERY,KNIFE,776,WESTERN,Hampden,-76.41383,39.47147,STORE,1
10/19/2022,00:20:00,06,9152 N BALTIMORE ST,AUTO THEFT,HANDS,604,NORTHWESTERN,Pigtown,-76.364726,39.377707,HOUSE,1
9/25/2019,08:11:00,01,6966 N BALTIMORE ST,AGG. ASSAULT,FIREARM,806,NORTHERN,Pen Lucy,-76.510589,39.468159,STORE,1
12/2/2019,12:21:00,07,7631 N BALTIMORE ST,COMMON ASSAULT,KNIFE,563,EASTERN,Sandtown-Winchester,-76.373156,39.311376,STREET,1
3/15/2021,13:05:00,04,6952 N BALTIMORE ST,HOMICIDE,FIREARM,406,EASTERN,Upton,-76.423676,39.365551,ALLEY,1
9/9/2019,06:30:00,07,2733 N BALTIMORE ST,AGG. ASSAULT,HANDS,375,NORTHWESTERN,Pimlico,-76.509612,39.432162,STORE,1
1/18/2021,09:43:00,03,4038 N BALTIMORE ST,ASSAULT,HANDS,278,NORTHWESTERN,Mount Washington,-76.536222,39.353685,STREET,1
12/5/2022,09:07:00,06,5703 N BALTIMORE ST,COMMON ASSAULT,NONE,714,NORTHEASTERN,Pigtown,-76.567596,39.360373,HOUSE,1
1/13/2023,05:53:00,08,9325 N BALTIMORE ST,AGG. ASSAULT,FIREARM,266,SOUTHERN,Johnston Square,-76.516735,39.310677,STREET,1
4/22/2020,04:39:00,06,9926 N BALTIMORE ST,BURGLARY,HANDS,285,NORTHERN,Curtis Bay,-76.320725,39.454497,HOUSE,1
9/13/2020,07:02:00,05,431 N BALTIMORE ST,ASSAULT,NONE,501,WESTERN,Clifton Park,-76.544854,39.464524,STREET,1
8/10/2019,05:38:00,03,2246 N BALTIMORE ST,LARCENY,HANDS,189,NORTHWESTERN,Johnston Square,-76.477819,39.362472,ALLEY,1
11/8/2021,18:11:00,07,6366 N BALTIMORE ST,COMMON ASSAULT,NONE,105,NORTHEASTERN,Roland Park,-76.481135,39.495861,HOUSE,1
2/27/2020,07:37:00,03,8293 N BALTIMORE ST,LARCENY,HANDS,644,NORTHEASTERN,Charles Village,-76.365929,39.446397,STREET,1
7/4/2019,21:37:00,01,1840 N BALTIMORE ST,COMMON ASSAULT,KNIFE,316,NORTHWESTERN,Cherry Hill,-76.487898,39.267708,STORE,1
1/2/2019,20:01:00,03,9631 N BALTIMORE ST,AUTO THEFT,NONE,201,WESTERN,Upton,-76.486965,39.255262,HOUSE,1
12/16/2021,02:32:00,06,5898 N BALTIMORE ST,BURGLARY,FIREARM,844,CENTRAL,Govans,-76.465151,39.49925,ALLEY,1
6/24/2021,06:08:00,04,1457 N BALTIMORE ST,AGG. ASSAULT,NONE,576,NORTHEASTERN,Curtis Bay,-76.325185,39.360342,STREET,1
5/15/2022,23:18:00,04,7373 N BALTIMORE ST,LARCENY,FIREARM,729,SOUTHERN,Westport,-76.511287,39.427081,ALLEY,1
2/22/2019,14:31:00,07,6993 N BALTIMORE ST,AGG. ASSAULT,HANDS,159,WESTERN,Eastwood,-76.49662,39.39765,STORE,1
10/6/2019,17:05:00,06,7911 N BALTIMORE ST,HOMICIDE,FIREARM,516,NORTHWESTERN,Upton,-76.401346,39.439146,STREET,1
2/22/2020,03:25:00,08,9063 N BALTIMORE ST,SHOOTING,FIREARM,495,NORTHWESTERN,Belair-Edison,-76.41124,39.343347,STORE,1
3/5/2020,06:43:00,08,2116 N BALTIMORE ST,HOMICIDE,HANDS,699,SOUTHERN,Brooklyn,-76.553406,39.460701,STORE,1
12/10/2023,20:32:00,06,6884 N BALTIMORE ST,COMMON ASSAULT,NONE,185,CENTRAL,Homeland,-76.575062,39.453741,HOUSE,1
1/24/2019,07:29:00,06,4124 N BALTIMORE ST,HOMICIDE,KNIFE,349,NORTHEASTERN,Brooklyn,-76.389088,39.221945,ALLEY,1
10/22/2021,20:32:00,07,6325 N BALTIMORE ST,COMMON ASSAULT,KNIFE,590,EASTERN,Pigtown,-76.37351,39.360612,HOUSE,1
4/26/2023,21:31:00,07,5711 N BALTIMORE ST,ROBBERY,HANDS,315,EASTERN,Druid Heights,-76.324195,39.241838,STREET,1
11/28/2021,00:52:00,07,5885 N BALTIMORE ST,ASSAULT,NONE,502,NORTHERN,Druid Heights,-76.512149,39.329325,ALLEY,1
3/16/2019,05:17:00,06,5759 N BALTIMORE ST,COMMON ASSAULT,KNIFE,600,SOUTHERN,Mount Washington,-76.314945,39.309629,STORE,1
10/16/2022,13:16:00,09,7330 N BALTIMORE ST,HOMICIDE,HANDS,702,NORTHERN,Park Heights,-76.472242,39.249406,HOUSE,1
1/10/2019,13:40:00,03,5259 N BALTIMORE ST,LARCENY,NONE,692,SOUTHERN,Pen Lucy,-76.561116,39.370245,HOUSE,1
2/5/2021,21:03:00,07,2170 N BALTIMORE ST,SHOOTING,NONE,828,WESTERN,Govans,-76.452343,39.379183,ALLEY,1
10/15/2019,18:49:00,04,4317 N BALTIMORE ST,BURGLARY,KNIFE,174,SOUTHERN,Guilford,-76.560703,39.233074,STORE,1
1/6/2021,04:50:00,04,4895 N BALTIMORE ST,SHOOTING,NONE,663,NORTHERN,Mount Washington,-76.30481,39.406872,STREET,1
12/19/2022,14:54:00,03,6220 N BALTIMORE ST,ROBBERY,HANDS,814,SOUTHERN,Westport,-76.403368,39.337687,ALLEY,1
9/5/2023,02:18:00,08,9201 N BALTIMORE ST,ASSAULT,KNIFE,297,CENTRAL,Curtis Bay,-76.466588,39.419341,ALLEY,1
12/23/2023,08:20:00,02,6566 N BALTIMORE ST,SHOOTING,NONE,884,NORTHEASTERN,Pen Lucy,-76.381047,39.203525,ALLEY,1
11/5/2020,16:27:00,04,171 N BALTIMORE ST,ROBBERY,FIREARM,241,CENTRAL,Greenmount West,-76.335016,39.447632,STREET,1
12/22/2019,16:18:00,09,4497 N BALTIMORE ST,ASSAULT,NONE,359,NORTHERN,Homeland,-76.36803,39.460903,ALLEY,1
7/28/2020,14:43:00,07,475 N BALTIMORE ST,HOMICIDE,KNIFE,807,NORTHERN,Brooklyn,-76.437923,39.321642,STREET,1
1/28/2022,10:40:00,05,4786 N BALTIMORE ST,AGG. ASSAULT,KNIFE,124,NORTHWESTERN,Pen Lucy,-76.431313,39.311141,STORE,1
2/28/2019,06:09:00,05,6155 N BALTIMORE ST,ROBBERY,KNIFE,483,WESTERN,Pigtown,-76.585024,39.395925,STREET,1
5/13/2021,03:30:00,06,8793 N BALTIMORE ST,LARCENY,FIREARM,321,NORTHEASTERN,Upton,-76.314502,39.420125,STREET,1
1/10/2019,01:17:00,04,1146 N BALTIMORE ST,AUTO THEFT,NONE,494,SOUTHERN,Westport,-76.331913,39.301979,ALLEY,1
9/21/2020,20:06:00,05,8538 N BALTIMORE ST,COMMON ASSAULT,NONE,417,SOUTHERN,Homeland,-76.462576,39.305679,STREET,1
11/1/2023,03:59:00,07,8559 N BALTIMORE ST,AUTO THEFT,NONE,388,NORTHEASTERN,Brooklyn,-76.465786,39.346117,STORE,1
2/20/2019,01:09:00,08,1782 N BALTIMORE ST,AGG. ASSAULT,KNIFE,595,SOUTHERN,Berea,-76.389482,39.330779,STREET,1
7/26/2022,16:27:00,02,1495 N BALTIMORE ST,SHOOTING,NONE,549,WESTERN,Pimlico,-76.493126,39.420753,ALLEY,1
7/3/2020,15:55:00,01,5356 N BALTIMORE ST,LARCENY,HANDS,649,NORTHWESTERN,Eastwood,-76.537786,39.256877,HOUSE,1
10/12/2019,13:20:00,08,2556 N BALTIMORE ST,HOMICIDE,HANDS,352,WESTERN,Clifton Park,-76.490576,39.271825,ALLEY,1
9/6/2023,09:10:00,07,6656 N BALTIMORE ST,ASSAULT,FIREARM,579,CENTRAL,Morrell Park,-76.328374,39.41012,HOUSE,1
11/11/2019,17:52:00,05,7068 N BALTIMORE ST,AGG. ASSAULT,NONE,719,NORTHEASTERN,Berea,-76.339298,39.20129,ALLEY,1
6/7/2023,05:57:00,08,3028 N BALTIMORE ST,SHOOTING,NONE,540,NORTHWESTERN,Sandtown-Winchester,-76.422242,39.443336,ALLEY,1
11/12/2019,23:45:00,01,2796 N BALTIMORE ST,AUTO THEFT,KNIFE,630,SOUTHERN,Pigtown,-76.488815,39.289947,STREET,1
8/27/2023,06:58:00,01,8868 N BALTIMORE ST,SHOOTING,KNIFE,839,NORTHEASTERN,Curtis Bay,-76.347289,39.391673,ALLEY,1
8/26/2020,15:30:00,08,1999 N BALTIMORE ST,ROBBERY,HANDS,243,NORTHERN,Berea,-76.504288,39.407988,STORE,1
4/1/2022,19:03:00,01,7351 N BALTIMORE ST,ROBBERY,KNIFE,174,WESTERN,Clifton Park,-76.585585,39.242467,HOUSE,1
11/10/2021,15:13:00,01,5814 N BALTIMORE ST,SHOOTING,NONE,580,NORTHWESTERN,Belair-Edison,-76.571819,39.385713,STORE,1
10/21/2023,15:06:00,07,6076 N BALTIMORE ST,AGG. ASSAULT,HANDS,890,NORTHEASTERN,Hampden,-76.480372,39.4309,STORE,1
10/24/2023,21:24:00,09,3942 N BALTIMORE ST,COMMON ASSAULT,HANDS,897,NORTHEASTERN,Westport,-76.520196,39.20524,HOUSE,1
3/22/2021,12:43:00,06,3315 N BALTIMORE ST,SHOOTING,KNIFE,811,NORTHWESTERN,Belair-Edison,-76.54531,39.451337,STREET,1
10/23/2020,00:29:00,01,6028 N BALTIMORE ST,BURGLARY,NONE,787,SOUTHERN,Charles Village,-76.527026,39.215021,STREET,1
2/3/2023,10:02:00,02,818 N BALTIMORE ST,ROBBERY,NONE,825,EASTERN,Park Heights,-76.351359,39.245418,STREET,1
3/13/2019,11:35:00,04,4386 N BALTIMORE ST,SHOOTING,HANDS,712,WESTERN,Sandtown-Winchester,-76.463286,39.366892,ALLEY,1
9/17/2021,22:13:00,06,8160 N BALTIMORE ST,ROBBERY,KNIFE,210,SOUTHERN,Curtis Bay,-76.514894,39.320876,STREET,1
4/23/2022,16:59:00,07,6446 N BALTIMORE ST,BURGLARY,KNIFE,259,SOUTHERN,Homeland,-76.593116,39.262301,STORE,1
7/12/2022,04:49:00,09,2426 N BALTIMORE ST,BURGLARY,NONE,651,NORTHWESTERN,Pen Lucy,-76.500078,39.457493,ALLEY,1
5/1/2020,01:51:00,01,2414 N BALTIMORE ST,LARCENY,NONE,780,EASTERN,Guilford,-76.585111,39.291258,STORE,1
2/19/2021,00:35:00,06,4684 N BALTIMORE ST,COMMON ASSAULT,KNIFE,607,NORTHEASTERN,Waverly,-76.336777,39.320193,ALLEY,1
4/11/2020,13:54:00,04,6348 N BALTIMORE ST,COMMON ASSAULT,FIREARM,191,NORTHEASTERN,Guilford,-76.327878,39.217059,STREET,1
10/19/2023,07:04:00,09,7364 N BALTIMORE ST,HOMICIDE,FIREARM,844,NORTHEASTERN,Morrell Park,-76.598935,39.482154,STREET,1
6/23/2020,08:04:00,06,9008 N BALTIMORE ST,ASSAULT,FIREARM,736,WESTERN,Cherry Hill,-76.378121,39.214811,HOUSE,1
7/14/2022,02:15:00,07,6553 N BALTIMORE ST,ASSAULT,FIREARM,624,NORTHWESTERN,Pen Lucy,-76.363339,39.224704,ALLEY,1
9/3/2022,11:54:00,05,7618 N BALTIMORE ST,BURGLARY,NONE,103,CENTRAL,Eastwood,-76.338456,39.473408,ALLEY,1
1/12/2019,21:35:00,04,4106 N BALTIMORE ST,LARCENY,NONE,609,NORTHERN,Upton,-76.321039,39.381398,HOUSE,1
10/4/2023,23:19:00,03,7017 N BALTIMORE ST,COMMON ASSAULT,NONE,517,NORTHEASTERN,Belair-Edison,-76.379966,39.306793,STREET,1
7/26/2019,15:27:00,08,1710 N BALTIMORE ST,HOMICIDE,NONE,590,CENTRAL,Charles Village,-76.480561,39.469383,ALLEY,1
9/17/2022,21:42:00,06,502 N BALTIMORE ST,ROBBERY,NONE,894,NORTHWESTERN,Greenmount West,-76.365305,39.24844,STORE,1
3/14/2020,13:27:00,08,8533 N BALTIMORE ST,HOMICIDE,FIREARM,683,WESTERN,Cherry Hill,-76.390229,39.258415,STORE,1
3/6/2021,17:58:00,09,111 N BALTIMORE ST,SHOOTING,HANDS,694,EASTERN,Upton,-76.42488,39.442527,STREET,1
10/16/2021,15:29:00,03,7207 N BALTIMORE ST,AUTO THEFT,NONE,489,SOUTHERN,Belair-Edison,-76.511084,39.364713,ALLEY,1
12/18/2021,00:20:00,01,1286 N BALTIMORE ST,BURGLARY,FIREARM,891,WESTERN,Hampden,-76.467755,39.467582,STORE,1
10/7/2023,18:04:00,03,9770 N BALTIMORE ST,AUTO THEFT,NONE,459,EASTERN,Park Heights,-76.35957,39.360315,STORE,1
5/17/2019,13:02:00,01,6015 N BALTIMORE ST,LARCENY,FIREARM,835,CENTRAL,Upton,-76.418959,39.278567,ALLEY,1
8/12/2023,20:29:00,01,3916 N BALTIMORE ST,LARCENY,KNIFE,703,EASTERN,Middle East,-76.541147,39.237047,ALLEY,1
2/21/2019,16:25:00,01,8183 N BALTIMORE ST,BURGLARY,KNIFE,685,CENTRAL,Park Heights,-76.373729,39.206887,HOUSE,1
4/28/2020,06:26:00,04,2050 N BALTIMORE ST,HOMICIDE,FIREARM,493,NORTHWESTERN,Belair-Edison,-76.549556,39.212554,STORE,1
3/26/2019,08:50:00,03,6406 N BALTIMORE ST,AGG. ASSAULT,KNIFE,365,NORTHWESTERN,Clifton Park,-76.389475,39.372265,HOUSE,1
1/23/2021,10:31:00,02,4639 N BALTIMORE ST,BURGLARY,NONE,779,EASTERN,Curtis Bay,-76.311691,39.310244,STORE,1
5/2/2022,23:24:00,09,8176 N BALTIMORE ST,COMMON ASSAULT,HANDS,761,NORTHERN,Eastwood,-76.508821,39.481923,ALLEY,1
5/13/2019,20:27:00,09,8889 N BALTIMORE ST,AGG. ASSAULT,HANDS,626,SOUTHERN,Pigtown,-76.540412,39.424261,HOUSE,1
9/24/2021,07:42:00,06,9062 N BALTIMORE ST,AGG. ASSAULT,KNIFE,526,NORTHWESTERN,Middle East,-76.350363,39.26475,STORE,1
6/8/2023,04:01:00,08,7845 N BALTIMORE ST,AUTO THEFT,NONE,104,SOUTHERN,Homeland,-76.322707,39.470328,HOUSE,1
10/18/2022,06:42:00,05,5027 N BALTIMORE ST,COMMON ASSAULT,NONE,711,NORTHWESTERN,Curtis Bay,-76.392847,39.459956,STREET,1
6/26/2021,01:23:00,01,9862 N BALTIMORE ST,ASSAULT,HANDS,510,NORTHEASTERN,Pimlico,-76.460956,39.419845,STREET,1
5/6/2020,19:48:00,04,9392 N BALTIMORE ST,LARCENY,NONE,557,EASTERN,Harlem Park,-76.531817,39.421491,ALLEY,1
5/21/2021,11:42:00,01,4059 N BALTIMORE ST,HOMICIDE,FIREARM,164,WESTERN,Mount Washington,-76.473487,39.300525,HOUSE,1
11/5/2019,22:44:00,01,5013 N BALTIMORE ST,AUTO THEFT,FIREARM,773,SOUTHERN,Druid Heights,-76.544503,39.368698,HOUSE,1
2/5/2020,14:38:00,05,3909 N BALTIMORE ST,COMMON ASSAULT,NONE,735,SOUTHERN,Brooklyn,-76.342458,39.42753,ALLEY,1
2/5/2019,07:42:00,06,9538 N BALTIMORE ST,LARCENY,HANDS,270,NORTHERN,Upton,-76.479668,39.255395,STORE,1
9/14/2020,21:24:00,03,5735 N BALTIMORE ST,ROBBERY,FIREARM,636,SOUTHERN,Homeland,-76.490957,39.267033,ALLEY,1
6/10/2021,10:05:00,05,7167 N BALTIMORE ST,LARCENY,FIREARM,698,CENTRAL,Berea,-76.530355,39.22813,STORE,1
6/11/2021,21:14:00,08,612 N BALTIMORE ST,AGG. ASSAULT,KNIFE,585,SOUTHERN,Eastwood,-76.544057,39.45356,STORE,1
8/9/2020,12:06:00,03,1523 N BALTIMORE ST,AUTO THEFT,NONE,483,NORTHWESTERN,Johnston Square,-76.311003,39.415743,ALLEY,1
2/6/2021,13:01:00,09,4319 N BALTIMORE ST,HOMICIDE,FIREARM,623,EASTERN,Charles Village,-76.307288,39.396501,STORE,1
10/2/2023,13:36:00,04,1473 N BALTIMORE ST,AGG. ASSAULT,KNIFE,120,NORTHEASTERN,Cherry Hill,-76.36297,39.270461,HOUSE,1
1/10/2022,10:02:00,06,9769 N BALTIMORE ST,HOMICIDE,KNIFE,228,EASTERN,Upton,-76.325686,39.41117,STORE,1
3/25/2019,06:17:00,04,8800 N BALTIMORE ST,HOMICIDE,FIREARM,415,NORTHWESTERN,Johnston Square,-76.449375,39.455063,STREET,1
1/5/2020,11:38:00,04,6665 N BALTIMORE ST,BURGLARY,HANDS,147,SOUTHERN,Eastwood,-76.342294,39.243426,ALLEY,1
2/8/2020,08:08:00,08,6027 N BALTIMORE ST,AUTO THEFT,NONE,487,CENTRAL,Waverly,-76.460033,39.381914,STREET,1
5/19/2021,00:47:00,05,4339 N BALTIMORE ST,COMMON ASSAULT,FIREARM,633,CENTRAL,Druid Heights,-76.344748,39.260937,HOUSE,1
6/8/2023,02:56:00,01,2668 N BALTIMORE ST,SHOOTING,NONE,221,EASTERN,Curtis Bay,-76.396539,39.232161,STREET,1
2/22/2023,14:38:00,03,6486 N BALTIMORE ST,AUTO THEFT,FIREARM,562,NORTHWESTERN,Greenmount West,-76.535911,39.248517,STREET,1
11/20/2020,02:47:00,01,8348 N BALTIMORE ST,SHOOTING,KNIFE,733,EASTERN,Homeland,-76.553314,39.229385,ALLEY,1
6/15/2019,06:43:00,08,7229 N BALTIMORE ST,SHOOTING,FIREARM,891,WESTERN,Govans,-76.591928,39.241073,STORE,1
11/10/2022,11:54:00,02,6213 N BALTIMORE ST,COMMON ASSAULT,FIREARM,360,NORTHEASTERN,Oliver,-76.517751,39.215336,ALLEY,1
12/26/2022,16:15:00,09,8199 N BALTIMORE ST,HOMICIDE,FIREARM,318,NORTHWESTERN,Sandtown-Winchester,-76.376567,39.292904,HOUSE,1
10/11/2020,16:25:00,08,6597 N BALTIMORE ST,LARCENY,KNIFE,764,NORTHEASTERN,Roland Park,-76.366267,39.28166,ALLEY,1
11/12/2022,09:40:00,02,8889 N BALTIMORE ST,ASSAULT,KNIFE,534,EASTERN,Pigtown,-76.437489,39.228877,STREET,1
11/5/2023,14:11:00,02,894 N BALTIMORE ST,AUTO THEFT,FIREARM,349,NORTHWESTERN,Roland Park,-76.52663,39.312589,STREET,1
3/1/2020,03:15:00,09,9060 N BALTIMORE ST,ASSAULT,HANDS,341,SOUTHERN,Berea,-76.547856,39.431284,ALLEY,1
11/13/2019,16:07:00,07,3741 N BALTIMORE ST,AGG. ASSAULT,FIREARM,343,CENTRAL,Eastwood,-76.438759,39.403021,STREET,1
4/24/2022,12:38:00,01,7732 N BALTIMORE ST,HOMICIDE,HANDS,763,CENTRAL,Clifton Park,-76.454172,39.344643,STREET,1
3/3/2021,08:44:00,02,925 N BALTIMORE ST,SHOOTING,FIREARM,567,NORTHEASTERN,Harlem Park,-76.565758,39.272433,HOUSE,1
11/22/2019,17:53:00,06,1807 N BALTIMORE ST,ASSAULT,KNIFE,569,NORTHERN,Mount Washington,-76.598074,39.311394,STREET,1
2/20/2023,08:51:00,05,6027 N BALTIMORE ST,BURGLARY,HANDS,530,NORTHERN,Roland Park,-76.418348,39.24253,STORE,1
2/20/2022,05:29:00,07,8267 N BALTIMORE ST,ROBBERY,KNIFE,549,SOUTHERN,Pimlico,-76.466156,39.405307,STREET,1
9/14/2023,04:54:00,07,4040 N BALTIMORE ST,AUTO THEFT,NONE,209,NORTHERN,Pen Lucy,-76.559658,39.320518,STORE,1
9/8/2022,00:23:00,06,8200 N BALTIMORE ST,COMMON ASSAULT,NONE,200,NORTHERN,Hampden,-76.541321,39.45382,STORE,1
3/24/2019,04:13:00,05,6338 N BALTIMORE ST,ROBBERY,HANDS,404,SOUTHERN,Guilford,-76.363762,39.465724,ALLEY,1
12/7/2020,00:18:00,02,1273 N BALTIMORE ST,SHOOTING,NONE,897,EASTERN,Oliver,-76.570971,39.289457,STREET,1
9/8/2021,03:38:00,07,8814 N BALTIMORE ST,AGG. ASSAULT,KNIFE,525,NORTHWESTERN,Pimlico,-76.52142,39.208164,HOUSE,1
9/19/2022,12:37:00,09,8014 N BALTIMORE ST,LARCENY,KNIFE,486,SOUTHERN,Govans,-76.434638,39.433823,ALLEY,1
9/8/2021,15:43:00,04,6679 N BALTIMORE ST,COMMON ASSAULT,FIREARM,883,NORTHEASTERN,Sandtown-Winchester,-76.496645,39.492659,ALLEY,1
2/22/2023,20:10:00,08,1044 N BALTIMORE ST,AGG. ASSAULT,HANDS,712,CENTRAL,Charles Village,-76.533084,39.219324,HOUSE,1
10/4/2020,02:34:00,08,2890 N BALTIMORE ST,ASSAULT,KNIFE,387,EASTERN,Harlem Park,-76.456056,39.355578,STREET,1
8/23/2019,18:49:00,07,975 N BALTIMORE ST,SHOOTING,HANDS,793,WESTERN,Upton,-76.46554,39.383847,HOUSE,1
5/19/2022,19:28:00,01,5272 N BALTIMORE ST,ASSAULT,KNIFE,209,WESTERN,Homeland,-76.4529,39.233114,STORE,1
6/17/2022,23:06:00,09,8857 N BALTIMORE ST,ROBBERY,FIREARM,543,SOUTHERN,Waverly,-76.576909,39.263378,HOUSE,1
2/14/2020,06:53:00,02,2855 N BALTIMORE ST,SHOOTING,HANDS,460,NORTHERN,Greenmount West,-76.465411,39.253403,STORE,1
5/20/2023,13:13:00,08,9284 N BALTIMORE ST,HOMICIDE,FIREARM,190,EASTERN,Druid Heights,-76.427812,39.467491,STREET,1
12/2/2020,03:48:00,04,312 N BALTIMORE ST,SHOOTING,FIREARM,536,WESTERN,Govans,-76.302668,39.304418,ALLEY,1
12/7/2020,13:58:00,02,4066 N BALTIMORE ST,ROBBERY,NONE,728,EASTERN,Druid Heights,-76.341705,39.298827,STREET,1
5/23/2019,19:53:00,01,4075 N BALTIMORE ST,SHOOTING,KNIFE,715,NORTHERN,Charles Village,-76.492823,39.288756,HOUSE,1
12/14/2021,07:43:00,09,2126 N BALTIMORE ST,ASSAULT,NONE,385,NORTHWESTERN,Middle East,-76.300243,39.265348,ALLEY,1
2/15/2021,08:04:00,03,5386 N BALTIMORE ST,HOMICIDE,FIREARM,744,SOUTHERN,Belair-Edison,-76.378284,39.494436,HOUSE,1
3/4/2022,22:11:00,04,6748 N BALTIMORE ST,LARCENY,FIREARM,812,EASTERN,Homeland,-76.4374,39.269981,HOUSE,1
4/24/2019,17:16:00,06,3929 N BALTIMORE ST,ROBBERY,HANDS,498,SOUTHERN,Pimlico,-76.534712,39.215816,ALLEY,1
10/13/2022,16:42:00,06,855 N BALTIMORE ST,AGG. ASSAULT,HANDS,471,NORTHERN,Sandtown-Winchester,-76.335421,39.373788,STORE,1
12/2/2021,17:47:00,03,1863 N BALTIMORE ST,SHOOTING,NONE,751,CENTRAL,Belair-Edison,-76.36708,39.256455,STREET,1
2/3/2023,06:13:00,08,3247 N BALTIMORE ST,AGG. ASSAULT,NONE,129,EASTERN,Greenmount West,-76.456534,39.240826,STORE,1
1/23/2021,05:19:00,03,2912 N BALTIMORE ST,ASSAULT,HANDS,196,NORTHWESTERN,Eastwood,-76.393496,39.357563,ALLEY,1
7/22/2019,07:11:00,04,7208 N BALTIMORE ST,AUTO THEFT,HANDS,114,NORTHERN,Waverly,-76.571757,39.363283,HOUSE,1
5/25/2020,17:55:00,05,2644 N BALTIMORE ST,LARCENY,KNIFE,809,SOUTHERN,Westport,-76.516147,39.442553,HOUSE,1
5/15/2023,13:22:00,02,2033 N BALTIMORE ST,HOMICIDE,NONE,773,CENTRAL,Sandtown-Winchester,-76.580462,39.300909,HOUSE,1
5/4/2023,09:31:00,06,3252 N BALTIMORE ST,HOMICIDE,FIREARM,297,WESTERN,Sandtown-Winchester,-76.459763,39.295976,ALLEY,1
2/22/2021,20:39:00,01,8432 N BALTIMORE ST,ASSAULT,NONE,177,NORTHERN,Westport,-76.399781,39.446543,STREET,1
6/13/2020,10:39:00,05,3069 N BALTIMORE ST,ASSAULT,FIREARM,749,CENTRAL,Sandtown-Winchester,-76.312957,39.272559,STORE,1
10/22/2022,13:38:00,03,2850 N BALTIMORE ST,AUTO THEFT,KNIFE,337,EASTERN,Pen Lucy,-76.438822,39.227981,HOUSE,1
11/27/2019,17:50:00,04,366 N BALTIMORE ST,COMMON ASSAULT,HANDS,229,NORTHERN,Upton,-76.515867,39.389278,ALLEY,1
7/22/2022,05:32:00,04,4526 N BALTIMORE ST,AGG. ASSAULT,KNIFE,306,NORTHEASTERN,Westport,-76.358214,39.402364,ALLEY,1
8/12/2020,03:47:00,09,6346 N BALTIMORE ST,AGG. ASSAULT,HANDS,849,SOUTHERN,Curtis Bay,-76.588815,39.330397,HOUSE,1
5/8/2020,23:35:00,03,6386 N BALTIMORE ST,ASSAULT,HANDS,451,SOUTHERN,Waverly,-76.593753,39.280697,HOUSE,1
10/28/2019,11:10:00,09,8669 N BALTIMORE ST,AUTO THEFT,HANDS,591,NORTHERN,Homeland,-76.346942,39.459689,ALLEY,1
7/10/2023,10:13:00,06,9945 N BALTIMORE ST,ROBBERY,NONE,514,EASTERN,Morrell Park,-76.501559,39.277584,STREET,1
4/1/2023,01:48:00,06,4588 N BALTIMORE ST,ASSAULT,NONE,317,WESTERN,Waverly,-76.319632,39.495787,STORE,1
7/14/2023,14:37:00,09,9592 N BALTIMORE ST,BURGLARY,NONE,116,EASTERN,Eastwood,-76.477425,39.231948,STREET,1
10/2/2022,02:54:00,05,7314 N BALTIMORE ST,ROBBERY,FIREARM,126,NORTHERN,Mount Washington,-76.310988,39.264468,HOUSE,1
2/11/2022,12:30:00,06,6962 N BALTIMORE ST,AGG. ASSAULT,HANDS,100,CENTRAL,Waverly,-76.404214,39.222972,STORE,1
7/16/2019,21:18:00,05,9323 N BALTIMORE ST,ASSAULT,KNIFE,390,CENTRAL,Sandtown-Winchester,-76.391712,39.490897,HOUSE,1
10/17/2022,10:01:00,05,5411 N BALTIMORE ST,LARCENY,HANDS,900,CENTRAL,Irvington,-76.477312,39.457062,ALLEY,1
1/5/2021,22:47:00,05,3015 N BALTIMORE ST,HOMICIDE,NONE,173,SOUTHERN,Oliver,-76.458511,39.410902,ALLEY,1
2/10/2022,01:54:00,03,5513 N BALTIMORE ST,LARCENY,KNIFE,651,SOUTHERN,Roland Park,-76.502882,39.411718,STORE,1
7/28/2020,09:32:00,02,6838 N BALTIMORE ST,COMMON ASSAULT,HANDS,686,CENTRAL,Greenmount West,-76.526652,39.424597,STREET,1
6/17/2020,11:14:00,01,1485 N BALTIMORE ST,LARCENY,FIREARM,882,EASTERN,Eastwood,-76.557609,39.364781,STORE,1
10/21/2019,06:00:00,05,8352 N BALTIMORE ST,AUTO THEFT,KNIFE,825,SOUTHERN,Irvington,-76.453082,39.305083,STORE,1
4/13/2019,10:26:00,03,945 N BALTIMORE ST,COMMON ASSAULT,NONE,320,EASTERN,Charles Village,-76.523881,39.404001,ALLEY,1
7/17/2021,19:24:00,04,3911 N BALTIMORE ST,ROBBERY,FIREARM,790,WESTERN,Clifton Park,-76.311099,39.258853,HOUSE,1
2/16/2022,22:53:00,01,7448 N BALTIMORE ST,COMMON ASSAULT,FIREARM,557,CENTRAL,Johnston Square,-76.509564,39.459916,STORE,1
11/14/2020,04:24:00,04,6529 N BALTIMORE ST,SHOOTING,HANDS,813,EASTERN,Johnston Square,-76.587658,39.384276,STORE,1
8/25/2021,11:39:00,05,4799 N BALTIMORE ST,COMMON ASSAULT,HANDS,614,EASTERN,Homeland,-76.386141,39.241501,HOUSE,1
12/15/2022,08:56:00,01,4032 N BALTIMORE ST,SHOOTING,NONE,576,NORTHWESTERN,Mount Washington,-76.474033,39.342596,STREET,1
1/28/2020,15:26:00,08,5911 N BALTIMORE ST,ROBBERY,HANDS,711,NORTHERN,Pigtown,-76.466454,39.259916,STREET,1
4/21/2022,06:03:00,01,629 N BALTIMORE ST,LARCENY,HANDS,856,SOUTHERN,Upton,-76.589951,39.322712,STORE,1
3/8/2023,23:18:00,05,5726 N BALTIMORE ST,COMMON ASSAULT,HANDS,770,CENTRAL,Pimlico,-76.402832,39.309637,HOUSE,1
7/14/2020,01:40:00,01,703 N BALTIMORE ST,BURGLARY,NONE,129,NORTHWESTERN,Cherry Hill,-76.34336,39.371186,STREET,1
5/19/2020,21:23:00,07,1374 N BALTIMORE ST,ROBBERY,NONE,421,NORTHEASTERN,Upton,-76.301914,39.226029,STREET,1
4/24/2023,14:50:00,05,6682 N BALTIMORE ST,AGG. ASSAULT,FIREARM,419,SOUTHERN,Eastwood,-76.38095,39.341115,STORE,1
11/25/2023,20:26:00,09,8076 N BALTIMORE ST,LARCENY,HANDS,837,NORTHEASTERN,Hampden,-76.461533,39.375065,STORE,1
9/5/2022,22:39:00,01,6209 N BALTIMORE ST,ASSAULT,HANDS,513,CENTRAL,Eastwood,-76.497072,39.38012,HOUSE,1
2/9/2023,22:10:00,04,3893 N BALTIMORE ST,LARCENY,KNIFE,688,WESTERN,Sandtown-Winchester,-76.388688,39.348914,HOUSE,1
5/27/2021,15:43:00,04,8865 N BALTIMORE ST,AGG. ASSAULT,KNIFE,259,NORTHEASTERN,Mount Washington,-76.579874,39.216439,STREET,1
7/13/2023,01:19:00,08,5138 N BALTIMORE ST,SHOOTING,KNIFE,318,NORTHEASTERN,Brooklyn,-76.434471,39.451403,HOUSE,1
6/6/2023,08:29:00,05,5055 N BALTIMORE ST,ASSAULT,FIREARM,292,CENTRAL,Johnston Square,-76.501806,39.278737,STREET,1
12/8/2020,16:30:00,04,5954 N BALTIMORE ST,ROBBERY,NONE,523,CENTRAL,Sandtown-Winchester,-76.506972,39.460119,STORE,1
4/3/2019,06:58:00,06,1350 N BALTIMORE ST,HOMICIDE,KNIFE,108,SOUTHERN,Oliver,-76.557594,39.354235,ALLEY,1
9/27/2021,02:22:00,04,8738 N BALTIMORE ST,HOMICIDE,HANDS,753,EASTERN,Pigtown,-76.549664,39.235678,HOUSE,1
1/26/2023,18:33:00,05,1344 N BALTIMORE ST,ASSAULT,NONE,438,WESTERN,Park Heights,-76.491698,39.355649,STREET,1
10/6/2021,06:34:00,04,1690 N BALTIMORE ST,COMMON ASSAULT,HANDS,645,EASTERN,Govans,-76.371339,39.371582,STREET,1
9/3/2020,08:55:00,07,3197 N BALTIMORE ST,BURGLARY,KNIFE,820,NORTHEASTERN,Guilford,-76.41799,39.444929,HOUSE,1
12/20/2019,11:36:00,08,4067 N BALTIMORE ST,LARCENY,FIREARM,277,NORTHWESTERN,Hampden,-76.581006,39.294318,STORE,1
2/3/2021,09:46:00,07,1543 N BALTIMORE ST,COMMON ASSAULT,KNIFE,185,NORTHWESTERN,Roland Park,-76.500298,39.392334,HOUSE,1
2/11/2019,07:02:00,04,1064 N BALTIMORE ST,BURGLARY,HANDS,110,NORTHERN,Brooklyn,-76.465066,39.359847,STREET,1
12/14/2023,11:39:00,09,5065 N BALTIMORE ST,AUTO THEFT,HANDS,567,NORTHEASTERN,Roland Park,-76.477967,39.451823,STORE,1
6/10/2021,03:50:00,09,3110 N BALTIMORE ST,ROBBERY,KNIFE,516,CENTRAL,Curtis Bay,-76.318372,39.457306,HOUSE,1
7/10/2019,21:05:00,02,475 N BALTIMORE ST,AGG. ASSAULT,FIREARM,811,NORTHWESTERN,Park Heights,-76.375536,39.494661,STORE,1
1/2/2019,22:46:00,09,2269 N BALTIMORE ST,ASSAULT,HANDS,237,WESTERN,Pen Lucy,-76.359981,39.237049,ALLEY,1
3/5/2023,21:05:00,08,5930 N BALTIMORE ST,AGG. ASSAULT,KNIFE,765,NORTHERN,Greenmount West,-76.365351,39.450697,STORE,1
4/21/2023,08:31:00,02,163 N BALTIMORE ST,LARCENY,HANDS,682,NORTHEASTERN,Belair-Edison,-76.530882,39.398615,HOUSE,1
9/21/2020,14:03:00,04,2687 N BALTIMORE ST,ASSAULT,FIREARM,147,NORTHWESTERN,Oliver,-76.311951,39.398302,HOUSE,1
8/24/2023,04:16:00,04,9217 N BALTIMORE ST,SHOOTING,FIREARM,248,SOUTHERN,Berea,-76.416982,39.226512,HOUSE,1
6/22/2019,16:56:00,01,2515 N BALTIMORE ST,HOMICIDE,NONE,116,CENTRAL,Cherry Hill,-76.358196,39.213175,STREET,1
5/1/2020,13:50:00,06,5022 N BALTIMORE ST,SHOOTING,HANDS,561,NORTHERN,Cherry Hill,-76.313614,39.319742,HOUSE,1
1/9/2023,02:40:00,09,9675 N BALTIMORE ST,HOMICIDE,HANDS,546,CENTRAL,Harlem Park,-76.482357,39.406343,ALLEY,1
6/21/2022,11:27:00,03,3713 N BALTIMORE ST,HOMICIDE,NONE,643,NORTHEASTERN,Harlem Park,-76.447402,39.353135,STORE,1
10/27/2023,07:04:00,04,6479 N BALTIMORE ST,LARCENY,NONE,762,EASTERN,Pimlico,-76.561607,39.478243,STREET,1
12/28/2019,06:35:00,07,249 N BALTIMORE ST,BURGLARY,NONE,703,NORTHEASTERN,Roland Park,-76.516872,39.425971,STREET,1
1/7/2023,16:01:00,04,5494 N BALTIMORE ST,ROBBERY,HANDS,633,WESTERN,Charles Village,-76.423941,39.497099,HOUSE,1
3/23/2023,18:18:00,05,1302 N BALTIMORE ST,ROBBERY,HANDS,570,NORTHWESTERN,Guilford,-76.357336,39.419323,HOUSE,1
3/18/2022,07:37:00,06,1623 N BALTIMORE ST,AGG. ASSAULT,NONE,320,SOUTHERN,Curtis Bay,-76.408119,39.446022,HOUSE,1
11/24/2020,12:31:00,01,9219 N BALTIMORE ST,BURGLARY,NONE,741,NORTHWESTERN,Guilford,-76.441384,39.431067,HOUSE,1
10/6/2020,11:49:00,09,3140 N BALTIMORE ST,ASSAULT,KNIFE,834,CENTRAL,Govans,-76.439044,39.200483,STREET,1
4/12/2020,06:02:00,07,8455 N BALTIMORE ST,HOMICIDE,HANDS,537,NORTHWESTERN,Middle East,-76.439447,39.289408,STORE,1
9/1/2022,19:25:00,05,5407 N BALTIMORE ST,HOMICIDE,KNIFE,591,EASTERN,Oliver,-76.30793,39.42022,HOUSE,1
6/5/2022,02:14:00,06,3387 N BALTIMORE ST,ROBBERY,NONE,430,WESTERN,Homeland,-76.330833,39.405104,HOUSE,1
9/23/2020,19:31:00,05,8905 N BALTIMORE ST,SHOOTING,HANDS,189,CENTRAL,Irvington,-76.30991,39.219311,HOUSE,1
7/15/2020,10:48:00,02,2030 N BALTIMORE ST,SHOOTING,NONE,363,EASTERN,Middle East,-76.499606,39.280466,STORE,1
2/25/2021,11:49:00,07,5190 N BALTIMORE ST,ROBBERY,NONE,551,NORTHERN,Pimlico,-76.441183,39.32803,STREET,1
10/7/2019,11:47:00,09,3109 N BALTIMORE ST,LARCENY,FIREARM,505,NORTHERN,Hampden,-76.364715,39.451137,STREET,1
10/16/2021,20:40:00,03,2927 N BALTIMORE ST,BURGLARY,KNIFE,229,CENTRAL,Charles Village,-76.442702,39.427797,ALLEY,1
3/16/2023,12:26:00,09,899 N BALTIMORE ST,HOMICIDE,HANDS,546,NORTHERN,Westport,-76.403528,39.214794,STREET,1
1/9/2023,00:50:00,04,3320 N BALTIMORE ST,BURGLARY,FIREARM,173,CENTRAL,Waverly,-76.348448,39.300093,ALLEY,1
6/26/2020,16:25:00,07,8062 N BALTIMORE ST,ROBBERY,HANDS,434,CENTRAL,Johnston Square,-76.521636,39.325049,STREET,1
3/13/2023,01:39:00,07,8038 N BALTIMORE ST,BURGLARY,NONE,748,NORTHWESTERN,Pimlico,-76.389845,39.348732,STREET,1
7/23/2020,09:39:00,02,1854 N BALTIMORE ST,ASSAULT,HANDS,518,SOUTHERN,Clifton Park,-76.466666,39.387961,ALLEY,1
12/2/2021,05:05:00,06,5358 N BALTIMORE ST,COMMON ASSAULT,KNIFE,120,WESTERN,Waverly,-76.397927,39.336197,HOUSE,1
3/13/2019,05:26:00,05,3664 N BALTIMORE ST,AUTO THEFT,NONE,589,NORTHWESTERN,Berea,-76.407596,39.280098,STORE,1
10/25/2023,00:53:00,08,5726 N BALTIMORE ST,ROBBERY,FIREARM,721,EASTERN,Sandtown-Winchester,-76.448538,39.336825,HOUSE,1
10/22/2020,22:17:00,05,1672 N BALTIMORE ST,BURGLARY,KNIFE,447,NORTHEASTERN,Pimlico,-76.538197,39.230093,HOUSE,1
9/25/2020,21:48:00,04,8576 N BALTIMORE ST,AUTO THEFT,NONE,378,WESTERN,Irvington,-76.468008,39.330312,STORE,1
1/16/2023,00:23:00,06,5064 N BALTIMORE ST,BURGLARY,KNIFE,753,SOUTHERN,Charles Village,-76.349397,39.266797,STORE,1
2/11/2022,13:51:00,03,2407 N BALTIMORE ST,LARCENY,HANDS,886,EASTERN,Berea,-76.416253,39.469278,STORE,1
5/28/2020,03:22:00,04,5997 N BALTIMORE ST,SHOOTING,NONE,227,CENTRAL,Govans,-76.301767,39.399197,STREET,1
8/15/2021,07:49:00,05,4406 N BALTIMORE ST,COMMON ASSAULT,FIREARM,775,SOUTHERN,Druid Heights,-76.521276,39.360968,ALLEY,1
8/17/2021,10:25:00,05,1801 N BALTIMORE ST,COMMON ASSAULT,HANDS,376,SOUTHERN,Cherry Hill,-76.405553,39.419369,STORE,1
9/11/2022,20:23:00,08,3606 N BALTIMORE ST,AUTO THEFT,KNIFE,343,NORTHEASTERN,Westport,-76.341789,39.360922,HOUSE,1
11/24/2019,18:50:00,06,8062 N BALTIMORE ST,BURGLARY,NONE,470,WESTERN,Pimlico,-76.32161,39.229316,STORE,1
9/25/2020,08:40:00,02,3268 N BALTIMORE ST,AGG. ASSAULT,KNIFE,344,NORTHEASTERN,Govans,-76.535979,39.420819,HOUSE,1
1/15/2021,03:16:00,07,9814 N BALTIMORE ST,SHOOTING,FIREARM,360,NORTHEASTERN,Johnston Square,-76.38114,39.34781,STORE,1
5/4/2020,17:22:00,06,9470 N BALTIMORE ST,AUTO THEFT,FIREARM,630,NORTHERN,Guilford,-76.38614,39.349794,HOUSE,1
1/4/2022,14:01:00,04,6461 N BALTIMORE ST,ROBBERY,FIREARM,179,CENTRAL,Pimlico,-76.461965,39.384732,STREET,1
2/15/2019,23:02:00,07,7636 N BALTIMORE ST,BURGLARY,FIREARM,600,NORTHERN,Eastwood,-76.437101,39.410219,ALLEY,1
11/4/2021,12:57:00,03,1899 N BALTIMORE ST,AUTO THEFT,KNIFE,780,SOUTHERN,Middle East,-76.435097,39.437438,STORE,1
6/7/2020,13:31:00,04,6129 N BALTIMORE ST,AUTO THEFT,NONE,146,EASTERN,Johnston Square,-76.453285,39.336336,ALLEY,1
5/25/2020,02:13:00,04,5759 N BALTIMORE ST,ROBBERY,KNIFE,726,WESTERN,Berea,-76.59781,39.281631,STREET,1
3/16/2021,20:19:00,04,7181 N BALTIMORE ST,AGG. ASSAULT,KNIFE,421,EASTERN,Irvington,-76.456065,39.431567,STORE,1
12/9/2019,16:01:00,04,280 N BALTIMORE ST,LARCENY,NONE,789,NORTHERN,Johnston Square,-76.383725,39.441378,STORE,1
3/13/2023,00:32:00,03,5714 N BALTIMORE ST,ASSAULT,NONE,342,SOUTHERN,Homeland,-76.330922,39.341263,HOUSE,1
3/17/2019,16:24:00,07,9656 N BALTIMORE ST,ROBBERY,FIREARM,229,NORTHERN,Pen Lucy,-76.398334,39.487074,ALLEY,1
6/28/2020,05:51:00,07,1453 N BALTIMORE ST,ROBBERY,NONE,757,SOUTHERN,Upton,-76.436034,39.441809,ALLEY,1
5/13/2023,10:28:00,05,4570 N BALTIMORE ST,AGG. ASSAULT,HANDS,816,SOUTHERN,Homeland,-76.535569,39.312435,HOUSE,1
2/17/2019,03:51:00,09,5713 N BALTIMORE ST,ROBBERY,KNIFE,491,SOUTHERN,Pigtown,-76.32359,39.256274,STREET,1
1/7/2020,17:52:00,09,1742 N BALTIMORE ST,COMMON ASSAULT,NONE,839,SOUTHERN,Eastwood,-76.471348,39.290272,STREET,1
8/3/2021,08:24:00,03,2816 N BALTIMORE ST,LARCENY,FIREARM,367,NORTHERN,Berea,-76.401437,39.273149,ALLEY,1
2/4/2019,05:28:00,03,8975 N BALTIMORE ST,COMMON ASSAULT,NONE,111,SOUTHERN,Park Heights,-76.541321,39.352447,STORE,1
8/2/2022,23:36:00,01,7010 N BALTIMORE ST,SHOOTING,NONE,211,SOUTHERN,Hampden,-76.308603,39.271171,STORE,1
6/1/2023,15:26:00,08,1176 N BALTIMORE ST,AGG. ASSAULT,KNIFE,196,NORTHWESTERN,Govans,-76.450304,39.212539,STORE,1
2/17/2021,12:52:00,04,832 N BALTIMORE ST,COMMON ASSAULT,KNIFE,496,NORTHEASTERN,Berea,-76.346515,39.396302,STORE,1
8/10/2022,03:37:00,02,6674 N BALTIMORE ST,LARCENY,HANDS,835,WESTERN,Pigtown,-76.328138,39.425819,STREET,1
10/2/2021,18:46:00,08,353 N BALTIMORE ST,COMMON ASSAULT,HANDS,233,NORTHERN,Govans,-76.499112,39.398601,STREET,1
11/2/2022,03:35:00,02,6223 N BALTIMORE ST,HOMICIDE,FIREARM,292,WESTERN,Pen Lucy,-76.480868,39.363449,STORE,1
5/6/2022,03:21:00,04,1197 N BALTIMORE ST,COMMON ASSAULT,NONE,846,NORTHEASTERN,Johnston Square,-76.558436,39.462389,ALLEY,1
3/6/2019,03:27:00,01,9117 N BALTIMORE ST,HOMICIDE,NONE,475,NORTHERN,Govans,-76.3622,39.35432,ALLEY,1
4/7/2023,11:34:00,04,8349 N BALTIMORE ST,BURGLARY,KNIFE,798,NORTHERN,Mount Washington,-76.348241,39.391634,STREET,1
4/26/2022,10:54:00,02,7964 N BALTIMORE ST,BURGLARY,HANDS,359,SOUTHERN,Greenmount West,-76.486785,39.265302,HOUSE,1
12/3/2020,09:03:00,02,2566 N BALTIMORE ST,HOMICIDE,KNIFE,293,NORTHEASTERN,Druid Heights,-76.573966,39.299126,STORE,1
4/11/2019,19:29:00,02,8173 N BALTIMORE ST,SHOOTING,FIREARM,597,WESTERN,Morrell Park,-76.390222,39.257674,HOUSE,1
1/19/2022,09:04:00,03,4255 N BALTIMORE ST,AGG. ASSAULT,FIREARM,437,WESTERN,Greenmount West,-76.572033,39.317648,ALLEY,1
10/11/2023,06:15:00,08,6410 N BALTIMORE ST,HOMICIDE,HANDS,218,CENTRAL,Charles Village,-76.373184,39.336064,STORE,1
1/1/2022,12:17:00,04,5181 N BALTIMORE ST,AUTO THEFT,NONE,792,EASTERN,Johnston Square,-76.409493,39.452611,STREET,1
4/2/2022,07:14:00,03,4428 N BALTIMORE ST,AGG. ASSAULT,NONE,441,NORTHERN,Clifton Park,-76.326277,39.49509,HOUSE,1
1/10/2019,17:17:00,09,807 N BALTIMORE ST,BURGLARY,NONE,842,SOUTHERN,Mount Washington,-76.359402,39.453109,STREET,1
6/28/2019,09:10:00,08,943 N BALTIMORE ST,SHOOTING,HANDS,693,EASTERN,Pimlico,-76.384564,39.289669,STORE,1
2/4/2019,01:30:00,08,6525 N BALTIMORE ST,BURGLARY,NONE,470,NORTHERN,Greenmount West,-76.513021,39.422954,STORE,1
9/19/2020,14:09:00,03,6447 N BALTIMORE ST,COMMON ASSAULT,HANDS,619,EASTERN,Park Heights,-76.498644,39.482982,STREET,1
1/20/2023,16:16:00,07,8757 N BALTIMORE ST,AUTO THEFT,NONE,111,NORTHWESTERN,Charles Village,-76.347145,39.313687,ALLEY,1
2/7/2022,16:08:00,07,9076 N BALTIMORE ST,SHOOTING,FIREARM,739,NORTHERN,Hampden,-76.369741,39.332858,STORE,1
10/12/2022,14:02:00,04,9430 N BALTIMORE ST,AGG. ASSAULT,KNIFE,485,EASTERN,Roland Park,-76.533154,39.340531,ALLEY,1
2/22/2022,02:03:00,08,4005 N BALTIMORE ST,AUTO THEFT,FIREARM,233,CENTRAL,Roland Park,-76.43383,39.325833,ALLEY,1
7/18/2019,20:58:00,03,4809 N BALTIMORE ST,COMMON ASSAULT,KNIFE,337,NORTHERN,Eastwood,-76.542222,39.482492,ALLEY,1
4/20/2020,18:59:00,04,4232 N BALTIMORE ST,BURGLARY,NONE,123,NORTHERN,Harlem Park,-76.363751,39.444319,STREET,1
10/9/2022,22:14:00,01,6634 N BALTIMORE ST,AUTO THEFT,KNIFE,295,NORTHERN,Homeland,-76.497693,39.361306,STORE,1
10/10/2020,02:08:00,09,5730 N BALTIMORE ST,COMMON ASSAULT,NONE,832,NORTHERN,Park Heights,-76.349607,39.209902,STORE,1
9/27/2021,17:21:00,05,8811 N BALTIMORE ST,SHOOTING,HANDS,351,SOUTHERN,Mount Washington,-76.56801,39.488554,STREET,1
6/10/2021,04:33:00,01,5408 N BALTIMORE ST,COMMON ASSAULT,NONE,520,NORTHWESTERN,Pigtown,-76.37196,39.290805,ALLEY,1
8/18/2019,13:35:00,09,7417 N BALTIMORE ST,HOMICIDE,NONE,128,SOUTHERN,Pimlico,-76.396379,39.212613,ALLEY,1
2/16/2020,01:57:00,02,5441 N BALTIMORE ST,HOMICIDE,NONE,524,NORTHEASTERN,Cherry Hill,-76.323249,39.485426,ALLEY,1
10/17/2022,15:10:00,09,8243 N BALTIMORE ST,COMMON ASSAULT,FIREARM,357,NORTHERN,Berea,-76.359568,39.44167,HOUSE,1
10/27/2020,03:30:00,07,5174 N BALTIMORE ST,BURGLARY,FIREARM,537,EASTERN,Waverly,-76.597497,39.258409,ALLEY,1
1/16/2023,00:01:00,06,1387 N BALTIMORE ST,LARCENY,KNIFE,639,WESTERN,Berea,-76.4537,39.301543,STREET,1
11/6/2020,23:45:00,01,1447 N BALTIMORE ST,SHOOTING,HANDS,404,NORTHEASTERN,Belair-Edison,-76.490028,39.281477,STORE,1
10/5/2022,21:55:00,02,1010 N BALTIMORE ST,BURGLARY,NONE,525,WESTERN,Pigtown,-76.560518,39.33994,STREET,1
3/13/2021,21:43:00,08,4242 N BALTIMORE ST,BURGLARY,KNIFE,152,NORTHEASTERN,Charles Village,-76.531056,39.416393,STREET,1
5/24/2021,17:59:00,04,3404 N BALTIMORE ST,LARCENY,HANDS,619,WESTERN,Oliver,-76.314296,39.242528,ALLEY,1
7/18/2020,22:41:00,01,7083 N BALTIMORE ST,LARCENY,FIREARM,365,WESTERN,Pen Lucy,-76.499328,39.493347,ALLEY,1
8/3/2022,08:47:00,09,5707 N BALTIMORE ST,HOMICIDE,FIREARM,735,NORTHWESTERN,Curtis Bay,-76.40972,39.20209,HOUSE,1
10/14/2019,15:38:00,08,2266 N BALTIMORE ST,LARCENY,KNIFE,458,CENTRAL,Harlem Park,-76.577916,39.239209,STREET,1
9/24/2020,23:22:00,03,4003 N BALTIMORE ST,COMMON ASSAULT,KNIFE,678,WESTERN,Mount Washington,-76.465011,39.201125,HOUSE,1
8/19/2020,10:32:00,03,9822 N BALTIMORE ST,ROBBERY,HANDS,648,CENTRAL,Morrell Park,-76.3106,39.38949,HOUSE,1
2/14/2019,06:51:00,08,1464 N BALTIMORE ST,BURGLARY,KNIFE,119,SOUTHERN,Hampden,-76.328789,39.339994,STORE,1
5/6/2019,09:35:00,08,4003 N BALTIMORE ST,AGG. ASSAULT,KNIFE,494,CENTRAL,Westport,-76.560914,39.380387,ALLEY,1
5/21/2020,18:50:00,08,7465 N BALTIMORE ST,COMMON ASSAULT,NONE,825,NORTHEASTERN,Pen Lucy,-76.363179,39.344005,HOUSE,1
4/21/2021,10:55:00,05,7676 N BALTIMORE ST,HOMICIDE,NONE,268,NORTHWESTERN,Westport,-76.41892,39.460103,HOUSE,1
7/25/2021,22:54:00,05,3750 N BALTIMORE ST,HOMICIDE,FIREARM,260,NORTHEASTERN,Oliver,-76.415985,39.371406,ALLEY,1
11/10/2019,04:18:00,08,9622 N BALTIMORE ST,AGG. ASSAULT,FIREARM,741,WESTERN,Pigtown,-76.590829,39.214952,HOUSE,1
7/23/2019,11:30:00,04,7929 N BALTIMORE ST,AGG. ASSAULT,KNIFE,394,WESTERN,Sandtown-Winchester,-76.336306,39.321655,ALLEY,1
10/5/2021,01:14:00,07,9923 N BALTIMORE ST,COMMON ASSAULT,FIREARM,709,SOUTHERN,Belair-Edison,-76.371858,39.41535,HOUSE,1
2/22/2019,10:09:00,08,4060 N BALTIMORE ST,ROBBERY,FIREARM,870,NORTHERN,Hampden,-76.461966,39.445878,STORE,1
8/28/2021,10:26:00,01,288 N BALTIMORE ST,ROBBERY,HANDS,228,NORTHEASTERN,Westport,-76.324478,39.439156,ALLEY,1
12/9/2023,14:51:00,05,2780 N BALTIMORE ST,ASSAULT,KNIFE,879,WESTERN,Park Heights,-76.405786,39.296913,STORE,1
8/26/2022,02:22:00,04,9850 N BALTIMORE ST,LARCENY,KNIFE,270,EASTERN,Eastwood,-76.470617,39.473833,HOUSE,1
7/11/2020,00:02:00,04,2447 N BALTIMORE ST,LARCENY,FIREARM,820,CENTRAL,Johnston Square,-76.308583,39.216681,HOUSE,1
2/28/2022,20:19:00,05,2486 N BALTIMORE ST,SHOOTING,NONE,355,EASTERN,Homeland,-76.34739,39.411699,HOUSE,1
12/10/2019,05:41:00,04,2147 N BALTIMORE ST,AGG. ASSAULT,NONE,713,CENTRAL,Pigtown,-76.556918,39.411599,STREET,1
6/26/2022,08:36:00,04,3318 N BALTIMORE ST,BURGLARY,KNIFE,800,EASTERN,Guilford,-76.427629,39.376245,HOUSE,1
12/25/2020,21:37:00,03,5781 N BALTIMORE ST,ASSAULT,NONE,671,NORTHERN,Park Heights,-76.391826,39.300312,ALLEY,1
2/8/2023,07:01:00,08,3908 N BALTIMORE ST,BURGLARY,HANDS,354,NORTHERN,Curtis Bay,-76.411279,39.451477,ALLEY,1
7/10/2020,03:54:00,03,2599 N BALTIMORE ST,BURGLARY,NONE,359,NORTHWESTERN,Harlem Park,-76.593508,39.371017,HOUSE,1
3/2/2022,07:14:00,06,834 N BALTIMORE ST,AUTO THEFT,FIREARM,509,CENTRAL,Brooklyn,-76.585541,39.274561,ALLEY,1
8/23/2019,02:23:00,06,5412 N BALTIMORE ST,HOMICIDE,NONE,155,NORTHEASTERN,Park Heights,-76.358808,39.486807,HOUSE,1
5/5/2019,04:57:00,05,5685 N BALTIMORE ST,AGG. ASSAULT,HANDS,172,CENTRAL,Clifton Park,-76.576391,39.386195,HOUSE,1
3/11/2019,07:32:00,01,8067 N BALTIMORE ST,HOMICIDE,FIREARM,700,SOUTHERN,Homeland,-76.57266,39.27484,HOUSE,1
12/24/2021,07:46:00,05,4260 N BALTIMORE ST,ROBBERY,NONE,212,NORTHEASTERN,Roland Park,-76.500046,39.349164,HOUSE,1
7/14/2019,07:11:00,09,2253 N BALTIMORE ST,BURGLARY,NONE,351,EASTERN,Pimlico,-76.594765,39.43515,STREET,1
2/22/2020,21:55:00,09,6074 N BALTIMORE ST,AGG. ASSAULT,KNIFE,423,EASTERN,Guilford,-76.560573,39.4622,STREET,1
6/2/2019,09:09:00,01,5251 N BALTIMORE ST,HOMICIDE,NONE,612,EASTERN,Johnston Square,-76.357397,39.400293,STORE,1
2/10/2022,06:43:00,04,7021 N BALTIMORE ST,LARCENY,FIREARM,863,EASTERN,Irvington,-76.370361,39.211383,STREET,1
12/4/2022,01:46:00,04,9928 N BALTIMORE ST,ASSAULT,NONE,625,SOUTHERN,Upton,-76.442666,39.36718,ALLEY,1
11/4/2022,12:15:00,09,8668 N BALTIMORE ST,ROBBERY,NONE,620,SOUTHERN,Harlem Park,-76.45806,39.360697,HOUSE,1
7/20/2021,01:22:00,01,9786 N BALTIMORE ST,AGG. ASSAULT,HANDS,509,WESTERN,Upton,-76.372376,39.360891,ALLEY,1
9/2/2020,00:30:00,03,8099 N BALTIMORE ST,ASSAULT,FIREARM,841,EASTERN,Govans,-76.408504,39.366193,HOUSE,1
8/7/2020,11:26:00,05,390 N BALTIMORE ST,SHOOTING,KNIFE,844,NORTHWESTERN,Johnston Square,-76.382671,39.434321,ALLEY,1
10/15/2022,16:48:00,06,1791 N BALTIMORE ST,BURGLARY,HANDS,390,NORTHERN,Harlem Park,-76.417731,39.261326,STORE,1
7/16/2021,08:36:00,01,7223 N BALTIMORE ST,AGG. ASSAULT,NONE,560,NORTHEASTERN,Roland Park,-76.488228,39.460519,HOUSE,1
2/14/2019,09:22:00,07,844 N BALTIMORE ST,AUTO THEFT,HANDS,511,EASTERN,Charles Village,-76.537832,39.291101,STREET,1
4/19/2022,04:01:00,01,2306 N BALTIMORE ST,AUTO THEFT,HANDS,538,NORTHEASTERN,Middle East,-76.500617,39.437302,ALLEY,1
8/26/2022,07:01:00,04,1728 N BALTIMORE ST,AGG. ASSAULT,NONE,804,EASTERN,Charles Village,-76.432837,39.23248,ALLEY,1
6/10/2019,17:30:00,03,306 N BALTIMORE ST,ROBBERY,KNIFE,368,EASTERN,Homeland,-76.400564,39.241549,HOUSE,1
6/1/2021,21:03:00,06,4946 N BALTIMORE ST,LARCENY,FIREARM,781,SOUTHERN,Homeland,-76.430924,39.475521,ALLEY,1
7/21/2022,14:15:00,09,8455 N BALTIMORE ST,SHOOTING,KNIFE,417,NORTHERN,Morrell Park,-76.486748,39.317518,STREET,1
4/17/2021,07:49:00,01,550 N BALTIMORE ST,LARCENY,FIREARM,398,NORTHERN,Brooklyn,-76.53298,39.247217,HOUSE,1
8/23/2019,22:17:00,02,7270 N BALTIMORE ST,AGG. ASSAULT,HANDS,377,NORTHWESTERN,Irvington,-76.476006,39.316246,STORE,1
2/17/2021,19:51:00,07,2668 N BALTIMORE ST,ASSAULT,HANDS,258,NORTHWESTERN,Pen Lucy,-76.464298,39.298192,STORE,1
3/8/2020,01:08:00,04,4801 N BALTIMORE ST,LARCENY,HANDS,491,NORTHEASTERN,Harlem Park,-76.376933,39.335482,STREET,1
11/12/2019,16:36:00,01,4399 N BALTIMORE ST,ROBBERY,KNIFE,890,SOUTHERN,Cherry Hill,-76.341383,39.464769,STREET,1
7/14/2022,01:45:00,09,1980 N BALTIMORE ST,ASSAULT,KNIFE,693,NORTHEASTERN,Park Heights,-76.561873,39.358161,HOUSE,1
11/20/2022,01:37:00,09,6352 N BALTIMORE ST,COMMON ASSAULT,NONE,184,SOUTHERN,Charles Village,-76.502084,39.342091,HOUSE,1
5/10/2021,04:00:00,03,2722 N BALTIMORE ST,BURGLARY,KNIFE,357,WESTERN,Homeland,-76.438993,39.450918,ALLEY,1
8/8/2020,14:04:00,05,6112 N BALTIMORE ST,LARCENY,KNIFE,175,NORTHEASTERN,Guilford,-76.348721,39.461446,STREET,1
11/13/2022,20:37:00,02,4418 N BALTIMORE ST,ROBBERY,KNIFE,785,NORTHWESTERN,Pen Lucy,-76.427874,39.20192,STREET,1
2/28/2022,16:36:00,02,1770 N BALTIMORE ST,ASSAULT,HANDS,487,SOUTHERN,Sandtown-Winchester,-76.313076,39.402962,ALLEY,1
7/18/2022,17:42:00,04,4842 N BALTIMORE ST,ROBBERY,FIREARM,325,SOUTHERN,Roland Park,-76.52145,39.284271,ALLEY,1
2/4/2023,17:40:00,02,5212 N BALTIMORE ST,LARCENY,HANDS,187,NORTHEASTERN,Charles Village,-76.390778,39.269437,HOUSE,1
10/22/2022,00:19:00,05,7479 N BALTIMORE ST,LARCENY,HANDS,524,NORTHEASTERN,Clifton Park,-76.599591,39.423452,STREET,1
2/10/2022,21:52:00,09,7616 N BALTIMORE ST,HOMICIDE,KNIFE,170,EASTERN,Waverly,-76.593466,39.23137,HOUSE,1
6/16/2021,04:48:00,03,7599 N BALTIMORE ST,AUTO THEFT,NONE,714,EASTERN,Charles Village,-76.519362,39.216396,HOUSE,1
8/9/2020,08:39:00,09,7469 N BALTIMORE ST,LARCENY,KNIFE,352,NORTHWESTERN,Sandtown-Winchester,-76.417462,39.412406,STORE,1
2/6/2021,20:25:00,05,1260 N BALTIMORE ST,LARCENY,NONE,117,WESTERN,Guilford,-76.532756,39.327988,STORE,1
12/21/2019,17:02:00,06,8110 N BALTIMORE ST,AGG. ASSAULT,KNIFE,189,NORTHWESTERN,Pimlico,-76.394366,39.210862,STREET,1
11/11/2022,09:26:00,02,2815 N BALTIMORE ST,AUTO THEFT,KNIFE,505,WESTERN,Berea,-76.588764,39.479306,STREET,1
5/17/2022,12:29:00,05,9298 N BALTIMORE ST,AGG. ASSAULT,HANDS,620,SOUTHERN,Harlem Park,-76.524302,39.220801,STREET,1
7/26/2020,03:01:00,01,7571 N BALTIMORE ST,SHOOTING,FIREARM,871,CENTRAL,Roland Park,-76.578455,39.345886,ALLEY,1
10/10/2021,19:12:00,04,705 N BALTIMORE ST,SHOOTING,FIREARM,213,EASTERN,Clifton Park,-76.320527,39.222165,STREET,1
1/2/2022,08:39:00,01,2888 N BALTIMORE ST,ROBBERY,HANDS,393,CENTRAL,Morrell Park,-76.511883,39.483444,HOUSE,1
7/15/2023,08:14:00,04,3922 N BALTIMORE ST,HOMICIDE,HANDS,779,NORTHERN,Park Heights,-76.430607,39.322147,HOUSE,1
10/4/2020,15:49:00,01,3558 N BALTIMORE ST,COMMON ASSAULT,HANDS,349,NORTHWESTERN,Pimlico,-76.327939,39.46293,STREET,1
10/6/2023,12:40:00,07,5801 N BALTIMORE ST,COMMON ASSAULT,NONE,834,WESTERN,Westport,-76.5665,39.42191,STORE,1
4/4/2022,14:13:00,05,7105 N BALTIMORE ST,ASSAULT,HANDS,618,NORTHERN,Clifton Park,-76.451407,39.416832,ALLEY,1
6/28/2023,16:24:00,06,4091 N BALTIMORE ST,ASSAULT,NONE,774,CENTRAL,Waverly,-76.356379,39.366022,STREET,1
4/9/2019,18:12:00,02,7990 N BALTIMORE ST,AGG. ASSAULT,NONE,134,CENTRAL,Pigtown,-76.470874,39.309587,STREET,1
6/15/2020,19:08:00,02,2089 N BALTIMORE ST,AGG. ASSAULT,KNIFE,447,NORTHERN,Oliver,-76.592651,39.409246,ALLEY,1
7/10/2021,12:13:00,09,9864 N BALTIMORE ST,SHOOTING,FIREARM,204,SOUTHERN,Hampden,-76.318399,39.398786,HOUSE,1
4/20/2019,22:15:00,05,2267 N BALTIMORE ST,SHOOTING,FIREARM,841,EASTERN,Pimlico,-76.437698,39.318536,ALLEY,1
10/27/2020,20:03:00,06,490 N BALTIMORE ST,ASSAULT,NONE,154,SOUTHERN,Pimlico,-76.597874,39.400043,STREET,1
2/27/2019,10:27:00,02,6903 N BALTIMORE ST,ROBBERY,NONE,297,NORTHERN,Eastwood,-76.431446,39.436334,STREET,1
1/2/2020,21:47:00,09,8488 N BALTIMORE ST,ASSAULT,KNIFE,643,NORTHEASTERN,Belair-Edison,-76.343892,39.399803,STORE,1
1/25/2023,21:43:00,09,6733 N BALTIMORE ST,SHOOTING,KNIFE,301,WESTERN,Homeland,-76.397844,39.265415,STREET,1
9/4/2021,15:43:00,08,4114 N BALTIMORE ST,AGG. ASSAULT,HANDS,424,CENTRAL,Pigtown,-76.382608,39.221062,ALLEY,1
9/5/2023,04:01:00,07,3595 N BALTIMORE ST,ROBBERY,NONE,394,NORTHEASTERN,Belair-Edison,-76.563531,39.315322,ALLEY,1
4/14/2020,08:48:00,02,7249 N BALTIMORE ST,COMMON ASSAULT,NONE,618,NORTHEASTERN,Homeland,-76.543218,39.473918,STREET,1
7/9/2022,00:53:00,04,2514 N BALTIMORE ST,COMMON ASSAULT,FIREARM,830,NORTHERN,Greenmount West,-76.42853,39.268435,ALLEY,1
3/21/2023,12:51:00,08,1766 N BALTIMORE ST,ASSAULT,NONE,716,NORTHWESTERN,Park Heights,-76.52788,39.374952,HOUSE,1
3/11/2020,05:58:00,07,4314 N BALTIMORE ST,BURGLARY,HANDS,800,NORTHERN,Mount Washington,-76.443929,39.428036,ALLEY,1
12/24/2022,17:27:00,09,1950 N BALTIMORE ST,ROBBERY,FIREARM,416,CENTRAL,Waverly,-76.365054,39.266769,STREET,1
10/23/2019,16:01:00,06,9306 N BALTIMORE ST,SHOOTING,NONE,187,SOUTHERN,Greenmount West,-76.347727,39.295179,HOUSE,1
11/13/2019,22:56:00,03,7988 N BALTIMORE ST,HOMICIDE,NONE,724,CENTRAL,Irvington,-76.584361,39.476688,STREET,1
12/24/2019,08:24:00,04,7767 N BALTIMORE ST,ASSAULT,FIREARM,522,NORTHWESTERN,Pen Lucy,-76.546427,39.417343,STORE,1
4/5/2019,06:20:00,09,4965 N BALTIMORE ST,ROBBERY,FIREARM,279,CENTRAL,Govans,-76.413253,39.30341,STORE,1
12/15/2020,18:12:00,06,8109 N BALTIMORE ST,AUTO THEFT,HANDS,169,NORTHERN,Johnston Square,-76.430702,39.39305,ALLEY,1
5/22/2022,02:04:00,02,7955 N BALTIMORE ST,COMMON ASSAULT,NONE,566,CENTRAL,Pigtown,-76.596445,39.413145,STORE,1
11/15/2022,13:06:00,02,2726 N BALTIMORE ST,AUTO THEFT,HANDS,847,SOUTHERN,Belair-Edison,-76.344951,39.261586,STREET,1
1/12/2023,12:15:00,01,8425 N BALTIMORE ST,ASSAULT,KNIFE,743,NORTHEASTERN,Waverly,-76.524176,39.391248,ALLEY,1
3/26/2020,03:02:00,08,8647 N BALTIMORE ST,HOMICIDE,KNIFE,185,EASTERN,Middle East,-76.548471,39.332413,STORE,1
9/12/2021,04:11:00,01,7832 N BALTIMORE ST,ASSAULT,FIREARM,165,NORTHERN,Pimlico,-76.414845,39.453486,HOUSE,1
5/27/2022,21:04:00,07,2724 N BALTIMORE ST,SHOOTING,NONE,880,WESTERN,Belair-Edison,-76.333593,39.388769,HOUSE,1
12/24/2023,10:22:00,06,1597 N BALTIMORE ST,LARCENY,FIREARM,472,NORTHWESTERN,Upton,-76.334499,39.209708,STREET,1
5/23/2023,04:08:00,07,2933 N BALTIMORE ST,COMMON ASSAULT,FIREARM,113,SOUTHERN,Irvington,-76.537059,39.203221,STORE,1
6/2/2020,04:47:00,09,3883 N BALTIMORE ST,LARCENY,KNIFE,785,NORTHWESTERN,Belair-Edison,-76.518485,39.242704,HOUSE,1
4/19/2021,03:27:00,03,9279 N BALTIMORE ST,LARCENY,FIREARM,525,EASTERN,Brooklyn,-76.387161,39.266334,STORE,1
10/13/2022,17:30:00,05,251 N BALTIMORE ST,COMMON ASSAULT,KNIFE,101,NORTHERN,Homeland,-76.523728,39.283534,HOUSE,1
2/14/2022,12:16:00,08,170 N BALTIMORE ST,LARCENY,HANDS,397,NORTHEASTERN,Upton,-76.363366,39.299386,STREET,1
8/14/2019,09:09:00,07,2884 N BALTIMORE ST,HOMICIDE,FIREARM,700,SOUTHERN,Druid Heights,-76.561122,39.228768,HOUSE,1
11/20/2019,13:39:00,07,1717 N BALTIMORE ST,COMMON ASSAULT,FIREARM,437,SOUTHERN,Sandtown-Winchester,-76.349063,39.412504,HOUSE,1
12/6/2020,04:42:00,09,886 N BALTIMORE ST,AUTO THEFT,KNIFE,566,CENTRAL,Cherry Hill,-76.405624,39.390788,ALLEY,1
12/28/2019,22:19:00,08,6728 N BALTIMORE ST,ASSAULT,HANDS,864,SOUTHERN,Pimlico,-76.33889,39.259543,HOUSE,1
2/4/2019,10:49:00,03,5418 N BALTIMORE ST,AUTO THEFT,NONE,285,NORTHERN,Harlem Park,-76.461098,39.411237,ALLEY,1
2/15/2020,08:34:00,01,3998 N BALTIMORE ST,LARCENY,HANDS,467,NORTHEASTERN,Govans,-76.359298,39.360094,STREET,1
8/4/2023,17:27:00,02,5170 N BALTIMORE ST,ASSAULT,KNIFE,723,NORTHERN,Pen Lucy,-76.302504,39.266056,HOUSE,1
11/24/2021,11:38:00,03,840 N BALTIMORE ST,AUTO THEFT,HANDS,677,NORTHERN,Pen Lucy,-76.47797,39.296353,STORE,1
2/22/2019,06:50:00,08,9806 N BALTIMORE ST,HOMICIDE,KNIFE,118,WESTERN,Irvington,-76.387408,39.427579,STORE,1
5/11/2022,21:06:00,02,6474 N BALTIMORE ST,LARCENY,HANDS,643,NORTHWESTERN,Greenmount West,-76.428868,39.473469,STREET,1
6/22/2019,05:11:00,02,3460 N BALTIMORE ST,COMMON ASSAULT,NONE,826,NORTHERN,Waverly,-76.443494,39.433056,STREET,1
5/15/2020,13:43:00,02,2228 N BALTIMORE ST,HOMICIDE,KNIFE,107,WESTERN,Sandtown-Winchester,-76.393942,39.476205,HOUSE,1
12/8/2019,23:53:00,08,9558 N BALTIMORE ST,ASSAULT,NONE,207,NORTHEASTERN,Govans,-76.40998,39.478706,STORE,1
4/17/2020,21:31:00,09,8604 N BALTIMORE ST,AUTO THEFT,KNIFE,625,NORTHEASTERN,Hampden,-76.490351,39.392813,STORE,1
9/25/2019,08:49:00,04,9527 N BALTIMORE ST,SHOOTING,NONE,813,CENTRAL,Middle East,-76.527186,39.413529,STREET,1
4/16/2022,18:18:00,05,4633 N BALTIMORE ST,AUTO THEFT,NONE,800,NORTHEASTERN,Clifton Park,-76.329803,39.397834,HOUSE,1
8/13/2019,18:57:00,03,7080 N BALTIMORE ST,ASSAULT,NONE,755,NORTHEASTERN,Pigtown,-76.368645,39.303008,ALLEY,1
6/19/2022,03:44:00,07,607 N BALTIMORE ST,BURGLARY,KNIFE,449,NORTHERN,Westport,-76.426078,39.475881,ALLEY,1
6/21/2023,20:45:00,01,7670 N BALTIMORE ST,AGG. ASSAULT,HANDS,618,WESTERN,Hampden,-76.343478,39.335132,ALLEY,1
6/14/2022,21:51:00,09,1280 N BALTIMORE ST,AGG. ASSAULT,NONE,638,CENTRAL,Hampden,-76.507171,39.447143,HOUSE,1
12/7/2022,01:28:00,02,7734 N BALTIMORE ST,SHOOTING,NONE,196,NORTHEASTERN,Eastwood,-76.335952,39.405825,ALLEY,1
11/21/2019,00:31:00,09,8858 N BALTIMORE ST,COMMON ASSAULT,NONE,697,CENTRAL,Park Heights,-76.552983,39.257224,HOUSE,1
4/14/2020,18:37:00,06,2228 N BALTIMORE ST,HOMICIDE,HANDS,798,NORTHEASTERN,Westport,-76.370252,39.418414,ALLEY,1
11/26/2020,12:20:00,04,2698 N BALTIMORE ST,SHOOTING,KNIFE,421,NORTHERN,Upton,-76.391693,39.413281,STREET,1
3/9/2022,19:44:00,01,3186 N BALTIMORE ST,ASSAULT,KNIFE,351,WESTERN,Westport,-76.519649,39.34619,HOUSE,1
6/2/2023,18:15:00,06,5243 N BALTIMORE ST,AUTO THEFT,HANDS,811,NORTHERN,Greenmount West,-76.464555,39.496589,ALLEY,1
2/16/2022,08:04:00,04,6950 N BALTIMORE ST,BURGLARY,HANDS,469,NORTHEASTERN,Harlem Park,-76.43092,39.439796,STORE,1
2/18/2020,18:15:00,02,2516 N BALTIMORE ST,SHOOTING,FIREARM,528,NORTHERN,Druid Heights,-76.502522,39.33128,STORE,1
3/18/2020,20:15:00,01,6074 N BALTIMORE ST,AGG. ASSAULT,HANDS,390,NORTHWESTERN,Druid Heights,-76.474226,39.408492,ALLEY,1
6/12/2021,10:51:00,06,9613 N BALTIMORE ST,AUTO THEFT,FIREARM,229,NORTHEASTERN,Eastwood,-76.309142,39.263674,HOUSE,1
8/16/2022,17:38:00,05,3645 N BALTIMORE ST,COMMON ASSAULT,KNIFE,599,NORTHEASTERN,Greenmount West,-76.477017,39.495849,STREET,1
1/1/2022,16:11:00,04,6658 N BALTIMORE ST,AGG. ASSAULT,KNIFE,534,CENTRAL,Pigtown,-76.333062,39.368842,ALLEY,1
1/19/2020,14:23:00,06,482 N BALTIMORE ST,AGG. ASSAULT,FIREARM,568,NORTHWESTERN,Eastwood,-76.368022,39.211138,STORE,1
6/22/2019,03:11:00,01,1014 N BALTIMORE ST,COMMON ASSAULT,KNIFE,358,CENTRAL,Sandtown-Winchester,-76.507198,39.209949,STORE,1
2/13/2020,05:46:00,02,9131 N BALTIMORE ST,COMMON ASSAULT,KNIFE,873,EASTERN,Irvington,-76.394123,39.269363,STREET,1
10/13/2020,20:39:00,03,1942 N BALTIMORE ST,LARCENY,HANDS,329,WESTERN,Guilford,-76.592533,39.225512,ALLEY,1
1/18/2019,04:56:00,03,8470 N BALTIMORE ST,COMMON ASSAULT,NONE,555,EASTERN,Hampden,-76.375421,39.254549,STREET,1
9/11/2023,15:47:00,09,8872 N BALTIMORE ST,SHOOTING,KNIFE,660,SOUTHERN,Park Heights,-76.31994,39.218642,ALLEY,1
12/24/2023,23:01:00,02,2842 N BALTIMORE ST,AGG. ASSAULT,FIREARM,398,NORTHWESTERN,Belair-Edison,-76.522394,39.411107,HOUSE,1
3/24/2021,08:31:00,07,315 N BALTIMORE ST,AGG. ASSAULT,FIREARM,762,WESTERN,Middle East,-76.472024,39.449094,HOUSE,1
6/6/2021,11:29:00,04,7522 N BALTIMORE ST,HOMICIDE,NONE,811,NORTHWESTERN,Johnston Square,-76.524817,39.348445,HOUSE,1
12/23/2019,19:17:00,07,5311 N BALTIMORE ST,SHOOTING,NONE,569,EASTERN,Sandtown-Winchester,-76.367369,39.215857,STORE,1
9/17/2023,19:29:00,03,9041 N BALTIMORE ST,BURGLARY,KNIFE,508,NORTHWESTERN,Upton,-76.443264,39.43867,ALLEY,1
7/22/2020,23:04:00,07,4313 N BALTIMORE ST,ROBBERY,NONE,127,NORTHERN,Middle East,-76.599607,39.258763,STORE,1
7/2/2023,10:24:00,07,8992 N BALTIMORE ST,HOMICIDE,FIREARM,306,CENTRAL,Upton,-76.577719,39.451799,STORE,1
10/27/2022,11:40:00,02,2464 N BALTIMORE ST,SHOOTING,KNIFE,226,SOUTHERN,Govans,-76.335965,39.428291,HOUSE,1
4/12/2021,21:43:00,05,1463 N BALTIMORE ST,AGG. ASSAULT,FIREARM,186,WESTERN,Belair-Edison,-76.42696,39.22568,HOUSE,1
8/1/2023,22:07:00,08,119 N BALTIMORE ST,HOMICIDE,NONE,597,NORTHEASTERN,Berea,-76.338333,39.230832,ALLEY,1
11/4/2022,23:03:00,08,4773 N BALTIMORE ST,LARCENY,HANDS,331,EASTERN,Harlem Park,-76.532519,39.492513,HOUSE,1
7/15/2023,22:09:00,05,6854 N BALTIMORE ST,ROBBERY,FIREARM,435,EASTERN,Guilford,-76.307666,39.227477,STREET,1
1/27/2022,03:31:00,09,6032 N BALTIMORE ST,LARCENY,KNIFE,112,CENTRAL,Harlem Park,-76.488333,39.244579,HOUSE,1
11/25/2020,20:14:00,03,636 N BALTIMORE ST,ROBBERY,FIREARM,790,EASTERN,Morrell Park,-76.548355,39.470366,STORE,1
8/9/2023,20:29:00,06,3869 N BALTIMORE ST,AGG. ASSAULT,HANDS,709,WESTERN,Pimlico,-76.33988,39.496329,HOUSE,1
6/5/2020,12:42:00,05,2815 N BALTIMORE ST,LARCENY,HANDS,185,NORTHERN,Pigtown,-76.478661,39.233902,ALLEY,1
11/28/2019,11:05:00,04,4005 N BALTIMORE ST,SHOOTING,KNIFE,554,SOUTHERN,Johnston Square,-76.363176,39.438866,STORE,1
8/13/2023,17:07:00,07,178 N BALTIMORE ST,HOMICIDE,HANDS,451,WESTERN,Guilford,-76.451079,39.226521,STORE,1
6/17/2019,09:39:00,07,8557 N BALTIMORE ST,HOMICIDE,FIREARM,381,WESTERN,Westport,-76.518139,39.383682,STREET,1
9/13/2021,05:18:00,01,5924 N BALTIMORE ST,SHOOTING,HANDS,371,NORTHERN,Brooklyn,-76.50079,39.369481,STORE,1
6/25/2021,07:20:00,03,7331 N BALTIMORE ST,ROBBERY,FIREARM,219,NORTHWESTERN,Brooklyn,-76.572841,39.488839,HOUSE,1
9/9/2019,13:43:00,07,8483 N BALTIMORE ST,HOMICIDE,HANDS,710,CENTRAL,Waverly,-76.533288,39.249783,ALLEY,1
7/4/2023,16:42:00,04,957 N BALTIMORE ST,SHOOTING,KNIFE,766,NORTHERN,Pimlico,-76.517501,39.481098,STREET,1
3/5/2019,21:54:00,07,4436 N BALTIMORE ST,ASSAULT,HANDS,730,NORTHERN,Roland Park,-76.309658,39.348602,ALLEY,1
5/18/2021,05:52:00,09,8034 N BALTIMORE ST,HOMICIDE,FIREARM,835,SOUTHERN,Sandtown-Winchester,-76.417073,39.490516,HOUSE,1
10/24/2021,17:17:00,08,5097 N BALTIMORE ST,AGG. ASSAULT,FIREARM,401,CENTRAL,Oliver,-76.547649,39.274372,STORE,1
5/22/2023,15:50:00,03,1420 N BALTIMORE ST,BURGLARY,NONE,180,EASTERN,Druid Heights,-76.462597,39.349711,STREET,1
3/20/2021,05:27:00,08,7110 N BALTIMORE ST,HOMICIDE,NONE,703,SOUTHERN,Waverly,-76.302055,39.357421,STORE,1
6/17/2021,08:56:00,08,4931 N BALTIMORE ST,ROBBERY,KNIFE,384,SOUTHERN,Park Heights,-76.598719,39.47542,ALLEY,1
7/1/2020,22:21:00,07,3081 N BALTIMORE ST,SHOOTING,HANDS,779,WESTERN,Guilford,-76.302686,39.496361,ALLEY,1
9/20/2020,00:07:00,03,4667 N BALTIMORE ST,HOMICIDE,HANDS,401,EASTERN,Pigtown,-76.456445,39.27272,HOUSE,1
6/14/2019,17:51:00,07,2329 N BALTIMORE ST,ASSAULT,KNIFE,163,NORTHEASTERN,Greenmount West,-76.310174,39.443417,STREET,1
10/9/2021,16:01:00,06,3902 N BALTIMORE ST,ROBBERY,NONE,135,EASTERN,Eastwood,-76.560604,39.239161,HOUSE,1
4/27/2019,14:43:00,03,8161 N BALTIMORE ST,ROBBERY,NONE,750,NORTHWESTERN,Curtis Bay,-76.40539,39.285281,STORE,1
7/7/2021,02:51:00,02,2230 N BALTIMORE ST,ROBBERY,KNIFE,656,NORTHERN,Mount Washington,-76.390441,39.347463,ALLEY,1
1/13/2023,13:04:00,06,4995 N BALTIMORE ST,AUTO THEFT,HANDS,625,EASTERN,Berea,-76.479598,39.269494,STORE,1
2/17/2021,00:10:00,09,8656 N BALTIMORE ST,ASSAULT,HANDS,242,CENTRAL,Park Heights,-76.577192,39.251407,STORE,1
6/27/2019,19:17:00,07,9755 N BALTIMORE ST,HOMICIDE,HANDS,279,WESTERN,Greenmount West,-76.438943,39.467168,HOUSE,1
3/2/2021,07:05:00,04,2845 N BALTIMORE ST,HOMICIDE,NONE,193,NORTHEASTERN,Johnston Square,-76.362199,39.426391,ALLEY,1
1/7/2020,13:24:00,09,7251 N BALTIMORE ST,BURGLARY,KNIFE,553,CENTRAL,Brooklyn,-76.32116,39.424692,STORE,1
12/22/2023,10:11:00,08,2459 N BALTIMORE ST,HOMICIDE,NONE,856,EASTERN,Belair-Edison,-76.486384,39.208718,ALLEY,1
8/15/2023,17:14:00,05,7270 N BALTIMORE ST,ROBBERY,FIREARM,516,NORTHEASTERN,Belair-Edison,-76.545401,39.361083,ALLEY,1
11/23/2021,11:30:00,04,5705 N BALTIMORE ST,AGG. ASSAULT,KNIFE,297,CENTRAL,Pigtown,-76.313788,39.23872,STORE,1
1/9/2019,10:13:00,06,8795 N BALTIMORE ST,AUTO THEFT,NONE,323,CENTRAL,Oliver,-76.581731,39.237748,STORE,1
3/18/2020,11:52:00,08,471 N BALTIMORE ST,BURGLARY,KNIFE,360,CENTRAL,Curtis Bay,-76.587472,39.418046,ALLEY,1
5/14/2021,16:38:00,04,9583 N BALTIMORE ST,SHOOTING,NONE,764,SOUTHERN,Park Heights,-76.588397,39.231278,STORE,1
2/12/2023,18:26:00,05,6649 N BALTIMORE ST,SHOOTING,KNIFE,640,WESTERN,Oliver,-76.482708,39.436031,HOUSE,1
5/9/2019,16:42:00,05,7165 N BALTIMORE ST,SHOOTING,KNIFE,312,WESTERN,Govans,-76.543776,39.253495,STREET,1
9/20/2021,10:22:00,09,7722 N BALTIMORE ST,SHOOTING,FIREARM,110,NORTHWESTERN,Pen Lucy,-76.402229,39.326972,ALLEY,1
5/11/2023,18:53:00,05,2715 N BALTIMORE ST,AGG. ASSAULT,HANDS,132,CENTRAL,Curtis Bay,-76.453543,39.207209,HOUSE,1
3/23/2019,01:14:00,04,9535 N BALTIMORE ST,HOMICIDE,FIREARM,810,NORTHEASTERN,Brooklyn,-76.564802,39.416402,STORE,1
3/18/2022,07:15:00,06,7051 N BALTIMORE ST,HOMICIDE,FIREARM,428,NORTHERN,Upton,-76.332672,39.364434,STREET,1
2/12/2019,06:13:00,08,4690 N BALTIMORE ST,COMMON ASSAULT,HANDS,513,WESTERN,Harlem Park,-76.462485,39.23879,STORE,1
8/3/2023,10:59:00,07,6093 N BALTIMORE ST,AGG. ASSAULT,HANDS,573,NORTHWESTERN,Oliver,-76.390949,39.37441,HOUSE,1
10/11/2021,19:36:00,06,6126 N BALTIMORE ST,LARCENY,HANDS,431,EASTERN,Pimlico,-76.331035,39.271997,STORE,1
8/4/2019,09:32:00,06,4789 N BALTIMORE ST,ROBBERY,KNIFE,739,WESTERN,Belair-Edison,-76.496508,39.248136,HOUSE,1
3/26/2021,01:29:00,09,8302 N BALTIMORE ST,ASSAULT,FIREARM,503,CENTRAL,Belair-Edison,-76.404967,39.228884,STREET,1
2/10/2020,11:31:00,05,4947 N BALTIMORE ST,AUTO THEFT,KNIFE,161,CENTRAL,Irvington,-76.358851,39.212108,ALLEY,1
10/9/2022,14:12:00,01,8503 N BALTIMORE ST,HOMICIDE,KNIFE,407,CENTRAL,Oliver,-76.314679,39.256566,HOUSE,1
3/24/2020,02:50:00,03,4761 N BALTIMORE ST,BURGLARY,FIREARM,854,NORTHERN,Eastwood,-76.389331,39.374825,STORE,1
10/9/2019,02:11:00,02,9138 N BALTIMORE ST,LARCENY,HANDS,835,SOUTHERN,Curtis Bay,-76.350864,39.24943,STORE,1
10/2/2023,22:01:00,05,7938 N BALTIMORE ST,BURGLARY,FIREARM,239,SOUTHERN,Morrell Park,-76.359857,39.396622,ALLEY,1
1/3/2022,17:57:00,02,1965 N BALTIMORE ST,COMMON ASSAULT,HANDS,858,SOUTHERN,Park Heights,-76.31103,39.493218,HOUSE,1
8/3/2021,06:13:00,07,2981 N BALTIMORE ST,SHOOTING,NONE,659,WESTERN,Waverly,-76.475197,39.255692,ALLEY,1
2/25/2020,03:09:00,01,2810 N BALTIMORE ST,ROBBERY,KNIFE,614,NORTHERN,Westport,-76.574925,39.267136,STREET,1
9/2/2021,05:39:00,09,9968 N BALTIMORE ST,LARCENY,FIREARM,692,WESTERN,Westport,-76.486046,39.323651,HOUSE,1
10/4/2019,21:36:00,01,8507 N BALTIMORE ST,ASSAULT,FIREARM,786,NORTHWESTERN,Cherry Hill,-76.534913,39.29628,ALLEY,1
4/25/2020,13:56:00,07,8112 N BALTIMORE ST,LARCENY,HANDS,828,EASTERN,Druid Heights,-76.336001,39.497153,STORE,1
12/18/2020,18:05:00,02,8393 N BALTIMORE ST,SHOOTING,HANDS,136,NORTHEASTERN,Upton,-76.503682,39.460042,STREET,1
3/1/2020,07:17:00,05,9806 N BALTIMORE ST,AUTO THEFT,NONE,128,CENTRAL,Curtis Bay,-76.312555,39.222984,STORE,1
1/27/2021,22:31:00,08,5781 N BALTIMORE ST,ASSAULT,HANDS,824,EASTERN,Charles Village,-76.342101,39.337769,ALLEY,1
12/7/2022,03:25:00,01,3308 N BALTIMORE ST,SHOOTING,FIREARM,195,NORTHERN,Upton,-76.404303,39.455833,STREET,1
1/7/2022,18:39:00,07,3471 N BALTIMORE ST,LARCENY,NONE,508,NORTHERN,Park Heights,-76.339106,39.206813,HOUSE,1
7/20/2021,12:25:00,04,2343 N BALTIMORE ST,COMMON ASSAULT,KNIFE,806,WESTERN,Irvington,-76.461636,39.208783,STREET,1
9/27/2021,00:50:00,01,9602 N BALTIMORE ST,SHOOTING,FIREARM,380,CENTRAL,Guilford,-76.403211,39.36783,ALLEY,1
5/7/2020,00:51:00,07,5631 N BALTIMORE ST,HOMICIDE,NONE,400,NORTHWESTERN,Curtis Bay,-76.514406,39.408753,ALLEY,1
4/15/2020,10:38:00,01,9566 N BALTIMORE ST,SHOOTING,KNIFE,245,CENTRAL,Irvington,-76.44262,39.466803,ALLEY,1
6/24/2023,08:22:00,06,1944 N BALTIMORE ST,COMMON ASSAULT,FIREARM,689,SOUTHERN,Eastwood,-76.313555,39.434517,ALLEY,1
3/25/2023,07:27:00,08,8990 N BALTIMORE ST,HOMICIDE,KNIFE,660,SOUTHERN,Hampden,-76.38687,39.258636,ALLEY,1
1/2/2023,08:44:00,04,6837 N BALTIMORE ST,BURGLARY,NONE,472,NORTHWESTERN,Belair-Edison,-76.444335,39.323989,HOUSE,1
12/9/2022,03:25:00,04,8146 N BALTIMORE ST,ROBBERY,KNIFE,139,EASTERN,Middle East,-76.479903,39.231695,HOUSE,1
8/16/2023,12:02:00,02,4362 N BALTIMORE ST,AUTO THEFT,HANDS,104,NORTHWESTERN,Pimlico,-76.446139,39.233272,HOUSE,1
6/15/2019,05:34:00,02,5205 N BALTIMORE ST,COMMON ASSAULT,NONE,170,NORTHERN,Pigtown,-76.578193,39.361704,STREET,1
1/28/2022,06:56:00,07,1347 N BALTIMORE ST,ROBBERY,KNIFE,509,SOUTHERN,Druid Heights,-76.375445,39.206641,HOUSE,1
7/12/2021,08:11:00,07,8304 N BALTIMORE ST,COMMON ASSAULT,NONE,618,SOUTHERN,Park Heights,-76.374082,39.47747,ALLEY,1
5/26/2019,00:12:00,05,4567 N BALTIMORE ST,AUTO THEFT,HANDS,446,EASTERN,Oliver,-76.34572,39.306252,STORE,1
1/8/2019,00:54:00,02,1619 N BALTIMORE ST,AGG. ASSAULT,KNIFE,255,EASTERN,Waverly,-76.451037,39.244951,ALLEY,1
8/9/2023,21:08:00,02,7391 N BALTIMORE ST,COMMON ASSAULT,NONE,643,EASTERN,Middle East,-76.530474,39.310295,STREET,1
1/26/2022,18:12:00,05,581 N BALTIMORE ST,ROBBERY,NONE,799,SOUTHERN,Morrell Park,-76.324384,39.308213,STREET,1
12/26/2022,08:54:00,01,4041 N BALTIMORE ST,BURGLARY,HANDS,675,NORTHWESTERN,Upton,-76.518397,39.461482,STORE,1
1/23/2019,13:11:00,08,9445 N BALTIMORE ST,AUTO THEFT,HANDS,826,EASTERN,Homeland,-76.562766,39.44339,HOUSE,1
12/13/2023,13:36:00,06,4911 N BALTIMORE ST,ASSAULT,FIREARM,859,SOUTHERN,Pigtown,-76.374528,39.342794,HOUSE,1
8/11/2020,05:32:00,01,296 N BALTIMORE ST,ROBBERY,NONE,860,EASTERN,Mount Washington,-76.333302,39.46638,STREET,1
5/10/2020,14:37:00,05,5325 N BALTIMORE ST,ASSAULT,KNIFE,420,EASTERN,Clifton Park,-76.397753,39.444834,ALLEY,1
7/9/2020,23:32:00,08,1592 N BALTIMORE ST,LARCENY,FIREARM,192,NORTHWESTERN,Berea,-76.466513,39.339537,STREET,1
5/21/2023,20:21:00,08,6736 N BALTIMORE ST,ROBBERY,KNIFE,141,CENTRAL,Belair-Edison,-76.34307,39.462187,HOUSE,1
12/28/2019,09:11:00,04,5234 N BALTIMORE ST,AUTO THEFT,KNIFE,654,SOUTHERN,Berea,-76.539402,39.26398,ALLEY,1
12/12/2022,12:42:00,08,9500 N BALTIMORE ST,HOMICIDE,FIREARM,775,WESTERN,Eastwood,-76.537564,39.475491,STORE,1
5/21/2022,14:45:00,08,1670 N BALTIMORE ST,ROBBERY,HANDS,630,SOUTHERN,Roland Park,-76.43189,39.465059,STREET,1
1/22/2022,16:50:00,05,1295 N BALTIMORE ST,LARCENY,NONE,845,WESTERN,Homeland,-76.426943,39.234798,STORE,1
7/9/2021,08:24:00,02,1788 N BALTIMORE ST,HOMICIDE,KNIFE,161,NORTHEASTERN,Druid Heights,-76.372525,39.337243,HOUSE,1
8/7/2021,23:52:00,09,9055 N BALTIMORE ST,AUTO THEFT,KNIFE,346,CENTRAL,Cherry Hill,-76.450887,39.416484,STORE,1
8/1/2022,01:30:00,09,9283 N BALTIMORE ST,ROBBERY,KNIFE,448,WESTERN,Westport,-76.527325,39.3003,STREET,1
1/18/2023,05:48:00,03,6754 N BALTIMORE ST,SHOOTING,FIREARM,729,NORTHEASTERN,Cherry Hill,-76.47727,39.32176,STREET,1
6/24/2022,06:35:00,04,9456 N BALTIMORE ST,AUTO THEFT,NONE,164,WESTERN,Belair-Edison,-76.47704,39.320753,ALLEY,1
1/7/2019,21:47:00,08,257 N BALTIMORE ST,LARCENY,NONE,147,NORTHERN,Druid Heights,-76.356777,39.346225,STREET,1
12/14/2023,22:45:00,07,9603 N BALTIMORE ST,COMMON ASSAULT,KNIFE,137,CENTRAL,Middle East,-76.450387,39.452196,STREET,1
5/17/2020,08:38:00,03,7230 N BALTIMORE ST,SHOOTING,HANDS,653,WESTERN,Morrell Park,-76.467923,39.32281,ALLEY,1
1/28/2021,15:51:00,05,4507 N BALTIMORE ST,AUTO THEFT,NONE,424,EASTERN,Irvington,-76.467507,39.328121,STORE,1
2/25/2021,19:32:00,03,8327 N BALTIMORE ST,ROBBERY,NONE,700,CENTRAL,Pimlico,-76.518566,39.342989,HOUSE,1
4/10/2019,10:48:00,03,2543 N BALTIMORE ST,LARCENY,KNIFE,547,NORTHERN,Sandtown-Winchester,-76.307509,39.319161,ALLEY,1
12/13/2020,21:57:00,05,5757 N BALTIMORE ST,ASSAULT,HANDS,553,NORTHWESTERN,Harlem Park,-76.533196,39.203033,STREET,1
1/24/2021,12:14:00,06,1517 N BALTIMORE ST,AGG. ASSAULT,HANDS,250,NORTHERN,Johnston Square,-76.405811,39.281529,STORE,1
2/5/2021,10:45:00,09,3378 N BALTIMORE ST,SHOOTING,FIREARM,163,EASTERN,Guilford,-76.383963,39.307448,ALLEY,1
10/7/2022,06:08:00,08,7218 N BALTIMORE ST,COMMON ASSAULT,KNIFE,364,CENTRAL,Govans,-76.561144,39.359837,HOUSE,1
9/8/2020,14:08:00,04,8247 N BALTIMORE ST,ASSAULT,KNIFE,445,EASTERN,Pen Lucy,-76.374725,39.262369,STREET,1
12/16/2020,23:44:00,01,213 N BALTIMORE ST,HOMICIDE,HANDS,245,NORTHERN,Curtis Bay,-76.403506,39.275295,STREET,1
1/9/2022,06:12:00,04,3321 N BALTIMORE ST,ROBBERY,KNIFE,646,CENTRAL,Brooklyn,-76.515721,39.319587,STREET,1
9/21/2022,00:17:00,08,3690 N BALTIMORE ST,SHOOTING,FIREARM,706,SOUTHERN,Belair-Edison,-76.442871,39.413259,HOUSE,1
8/14/2019,18:42:00,07,8953 N BALTIMORE ST,LARCENY,NONE,402,CENTRAL,Charles Village,-76.489141,39.411806,HOUSE,1
2/12/2020,15:42:00,09,3744 N BALTIMORE ST,SHOOTING,KNIFE,545,CENTRAL,Westport,-76.51319,39.296963,ALLEY,1
4/21/2022,19:27:00,09,8772 N BALTIMORE ST,AUTO THEFT,KNIFE,369,NORTHERN,Clifton Park,-76.382252,39.239836,ALLEY,1
1/8/2023,19:29:00,08,8584 N BALTIMORE ST,COMMON ASSAULT,KNIFE,182,NORTHERN,Clifton Park,-76.391984,39.206857,ALLEY,1
6/25/2023,18:52:00,07,5759 N BALTIMORE ST,AUTO THEFT,FIREARM,797,WESTERN,Druid Heights,-76.394516,39.208956,HOUSE,1
7/24/2022,20:33:00,07,703 N BALTIMORE ST,AGG. ASSAULT,NONE,328,EASTERN,Sandtown-Winchester,-76.30286,39.348264,STORE,1
10/19/2021,21:34:00,07,4140 N BALTIMORE ST,ASSAULT,HANDS,841,NORTHERN,Upton,-76.415309,39.467173,STREET,1
3/10/2021,04:54:00,08,6344 N BALTIMORE ST,ASSAULT,KNIFE,205,WESTERN,Curtis Bay,-76.502424,39.369794,STORE,1
5/7/2022,18:43:00,07,3833 N BALTIMORE ST,BURGLARY,HANDS,710,CENTRAL,Curtis Bay,-76.513291,39.260319,HOUSE,1
7/12/2021,13:49:00,06,3350 N BALTIMORE ST,ROBBERY,NONE,159,NORTHERN,Park Heights,-76.445936,39.26516,STREET,1
1/22/2019,04:47:00,08,3442 N BALTIMORE ST,AGG. ASSAULT,NONE,326,CENTRAL,Belair-Edison,-76.395131,39.491892,HOUSE,1
4/24/2022,22:52:00,03,2885 N BALTIMORE ST,COMMON ASSAULT,HANDS,617,EASTERN,Guilford,-76.464395,39.369284,STREET,1
1/26/2022,03:37:00,02,646 N BALTIMORE ST,LARCENY,HANDS,661,CENTRAL,Greenmount West,-76.444181,39.318899,STREET,1
12/5/2020,13:19:00,05,7428 N BALTIMORE ST,HOMICIDE,KNIFE,780,EASTERN,Guilford,-76.459291,39.307221,HOUSE,1
8/14/2019,01:50:00,01,9921 N BALTIMORE ST,COMMON ASSAULT,NONE,199,SOUTHERN,Clifton Park,-76.324463,39.287791,HOUSE,1
1/10/2019,11:48:00,08,4145 N BALTIMORE ST,BURGLARY,NONE,545,WESTERN,Clifton Park,-76.31159,39.450617,HOUSE,1
12/8/2020,17:28:00,09,1033 N BALTIMORE ST,AUTO THEFT,KNIFE,613,EASTERN,Hampden,-76.316985,39.208998,HOUSE,1
2/18/2021,06:28:00,09,5063 N BALTIMORE ST,SHOOTING,NONE,192,EASTERN,Govans,-76.421975,39.476709,ALLEY,1
5/12/2020,01:38:00,07,8424 N BALTIMORE ST,AUTO THEFT,KNIFE,615,SOUTHERN,Johnston Square,-76.587827,39.247323,HOUSE,1
1/17/2020,18:41:00,07,4694 N BALTIMORE ST,AGG. ASSAULT,KNIFE,371,NORTHWESTERN,Harlem Park,-76.320898,39.289451,ALLEY,1
7/20/2023,10:11:00,02,3158 N BALTIMORE ST,ROBBERY,HANDS,498,SOUTHERN,Pimlico,-76.590342,39.27054,STORE,1
9/2/2023,06:21:00,05,6974 N BALTIMORE ST,BURGLARY,NONE,537,NORTHEASTERN,Upton,-76.599792,39.289896,STREET,1
5/15/2022,08:29:00,07,9649 N BALTIMORE ST,ROBBERY,FIREARM,536,EASTERN,Brooklyn,-76.575681,39.253226,HOUSE,1
12/19/2020,21:25:00,06,5853 N BALTIMORE ST,HOMICIDE,NONE,827,NORTHERN,Harlem Park,-76.449187,39.477858,STREET,1
1/26/2019,09:07:00,06,8638 N BALTIMORE ST,COMMON ASSAULT,KNIFE,321,WESTERN,Clifton Park,-76.488158,39.453528,STORE,1
1/4/2022,07:32:00,06,5271 N BALTIMORE ST,LARCENY,FIREARM,271,CENTRAL,Pen Lucy,-76.424164,39.435621,STORE,1
1/4/2023,00:04:00,03,4921 N BALTIMORE ST,AUTO THEFT,NONE,196,NORTHERN,Brooklyn,-76.311067,39.227793,HOUSE,1
12/21/2022,02:38:00,05,9409 N BALTIMORE ST,ROBBERY,KNIFE,510,NORTHEASTERN,Berea,-76.412358,39.417207,STREET,1
2/19/2021,03:42:00,04,9543 N BALTIMORE ST,AGG. ASSAULT,NONE,183,SOUTHERN,Roland Park,-76.4495,39.438486,STORE,1
9/1/2019,20:19:00,03,9888 N BALTIMORE ST,COMMON ASSAULT,KNIFE,869,EASTERN,Upton,-76.349327,39.487476,HOUSE,1
10/14/2019,02:09:00,04,3500 N BALTIMORE ST,ASSAULT,FIREARM,880,EASTERN,Sandtown-Winchester,-76.541586,39.372946,ALLEY,1
5/2/2023,21:03:00,04,7931 N BALTIMORE ST,ROBBERY,NONE,607,NORTHEASTERN,Belair-Edison,-76.491035,39.366701,STORE,1
5/18/2022,00:24:00,07,1840 N BALTIMORE ST,ROBBERY,KNIFE,524,CENTRAL,Belair-Edison,-76.363302,39.422197,STREET,1
7/19/2019,11:04:00,07,5310 N BALTIMORE ST,SHOOTING,FIREARM,272,NORTHWESTERN,Clifton Park,-76.56695,39.36631,STREET,1
9/3/2019,03:42:00,03,3868 N BALTIMORE ST,COMMON ASSAULT,KNIFE,160,CENTRAL,Homeland,-76.545367,39.307153,STORE,1
1/14/2020,04:14:00,02,4761 N BALTIMORE ST,AUTO THEFT,NONE,668,CENTRAL,Morrell Park,-76.402568,39.351469,STREET,1
12/13/2023,20:06:00,07,9071 N BALTIMORE ST,LARCENY,HANDS,467,NORTHEASTERN,Mount Washington,-76.590748,39.248983,STREET,1
4/26/2019,13:00:00,09,2106 N BALTIMORE ST,AGG. ASSAULT,HANDS,894,NORTHERN,Belair-Edison,-76.569034,39.406711,STREET,1
1/18/2022,22:04:00,08,1774 N BALTIMORE ST,BURGLARY,FIREARM,893,SOUTHERN,Pigtown,-76.434457,39.270826,STORE,1
5/19/2021,11:01:00,07,289 N BALTIMORE ST,AUTO THEFT,FIREARM,523,SOUTHERN,Morrell Park,-76.351691,39.407693,STORE,1
7/20/2022,17:14:00,09,5807 N BALTIMORE ST,LARCENY,NONE,364,SOUTHERN,Pigtown,-76.557502,39.494841,STREET,1
11/1/2023,09:39:00,06,7543 N BALTIMORE ST,SHOOTING,NONE,283,NORTHWESTERN,Westport,-76.505141,39.25716,HOUSE,1
10/3/2022,19:51:00,06,3298 N BALTIMORE ST,LARCENY,FIREARM,500,EASTERN,Johnston Square,-76.318554,39.490157,STORE,1
2/16/2022,09:43:00,07,8599 N BALTIMORE ST,AUTO THEFT,FIREARM,237,WESTERN,Belair-Edison,-76.310174,39.488579,STORE,1
7/3/2022,03:48:00,07,6439 N BALTIMORE ST,ASSAULT,NONE,545,WESTERN,Belair-Edison,-76.597637,39.256892,ALLEY,1
9/20/2022,20:50:00,07,8015 N BALTIMORE ST,LARCENY,FIREARM,505,NORTHERN,Pigtown,-76.489127,39.24722,STORE,1
1/6/2021,02:57:00,06,8246 N BALTIMORE ST,ASSAULT,KNIFE,188,EASTERN,Guilford,-76.38496,39.244255,ALLEY,1
6/5/2020,10:52:00,07,654 N BALTIMORE ST,LARCENY,HANDS,863,NORTHWESTERN,Pigtown,-76.348925,39.451306,HOUSE,1
8/6/2019,03:23:00,01,5662 N BALTIMORE ST,ASSAULT,FIREARM,740,EASTERN,Irvington,-76.492006,39.419645,ALLEY,1
4/24/2019,03:32:00,05,6186 N BALTIMORE ST,AGG. ASSAULT,FIREARM,437,NORTHWESTERN,Park Heights,-76.416214,39.448796,ALLEY,1
4/5/2020,04:46:00,02,208 N BALTIMORE ST,ROBBERY,KNIFE,692,CENTRAL,Westport,-76.51874,39.277443,ALLEY,1
12/21/2021,02:17:00,01,8918 N BALTIMORE ST,SHOOTING,KNIFE,371,NORTHEASTERN,Guilford,-76.3916,39.440108,ALLEY,1
8/19/2022,17:09:00,05,839 N BALTIMORE ST,ASSAULT,FIREARM,217,NORTHERN,Eastwood,-76.471875,39.359271,ALLEY,1
10/19/2022,21:57:00,09,1423 N BALTIMORE ST,HOMICIDE,FIREARM,768,NORTHWESTERN,Upton,-76.595352,39.21279,STORE,1
3/14/2021,11:29:00,09,7230 N BALTIMORE ST,COMMON ASSAULT,HANDS,470,NORTHERN,Belair-Edison,-76.44882,39.335498,HOUSE,1
3/14/2021,06:49:00,05,8329 N BALTIMORE ST,HOMICIDE,KNIFE,300,NORTHERN,Charles Village,-76.375304,39.497642,ALLEY,1
12/6/2021,04:40:00,06,3419 N BALTIMORE ST,AUTO THEFT,FIREARM,169,SOUTHERN,Park Heights,-76.330289,39.490999,ALLEY,1
1/8/2021,08:21:00,06,3874 N BALTIMORE ST,HOMICIDE,KNIFE,623,NORTHEASTERN,Berea,-76.311345,39.247651,HOUSE,1
7/13/2022,12:45:00,01,8820 N BALTIMORE ST,ASSAULT,NONE,406,EASTERN,Johnston Square,-76.503714,39.408889,STORE,1
1/21/2020,15:20:00,04,1283 N BALTIMORE ST,COMMON ASSAULT,NONE,668,CENTRAL,Upton,-76.492028,39.256875,HOUSE,1
7/5/2020,03:42:00,01,7976 N BALTIMORE ST,BURGLARY,FIREARM,363,NORTHERN,Charles Village,-76.362894,39.278998,STREET,1
1/26/2019,12:05:00,05,4788 N BALTIMORE ST,AUTO THEFT,KNIFE,705,NORTHERN,Clifton Park,-76.363464,39.379251,HOUSE,1
5/9/2022,06:13:00,02,9851 N BALTIMORE ST,SHOOTING,FIREARM,225,CENTRAL,Pimlico,-76.394942,39.308727,ALLEY,1
10/15/2021,05:39:00,07,7757 N BALTIMORE ST,LARCENY,FIREARM,125,NORTHWESTERN,Homeland,-76.374998,39.423894,HOUSE,1
10/20/2021,15:23:00,09,5931 N BALTIMORE ST,HOMICIDE,NONE,741,SOUTHERN,Curtis Bay,-76.579354,39.359205,STREET,1
7/2/2023,22:59:00,03,1994 N BALTIMORE ST,AUTO THEFT,KNIFE,611,EASTERN,Homeland,-76.417899,39.265205,STORE,1
3/16/2023,09:37:00,01,3551 N BALTIMORE ST,COMMON ASSAULT,FIREARM,264,NORTHWESTERN,Hampden,-76.549786,39.268734,HOUSE,1
8/1/2019,09:28:00,04,2027 N BALTIMORE ST,BURGLARY,KNIFE,505,WESTERN,Pigtown,-76.433327,39.292896,STORE,1
5/1/2022,14:01:00,04,6697 N BALTIMORE ST,AGG. ASSAULT,NONE,880,NORTHERN,Guilford,-76.494024,39.203757,STORE,1
3/28/2020,17:54:00,03,2068 N BALTIMORE ST,ASSAULT,KNIFE,223,CENTRAL,Govans,-76.425691,39.478379,STORE,1
8/18/2020,08:48:00,08,2289 N BALTIMORE ST,AGG. ASSAULT,HANDS,825,WESTERN,Mount Washington,-76.362867,39.379609,ALLEY,1
12/25/2021,11:41:00,07,9437 N BALTIMORE ST,ASSAULT,FIREARM,511,NORTHEASTERN,Mount Washington,-76.479734,39.489987,STREET,1
6/8/2023,03:11:00,04,4234 N BALTIMORE ST,BURGLARY,KNIFE,448,SOUTHERN,Roland Park,-76.443685,39.418101,STREET,1
7/12/2021,03:09:00,05,3070 N BALTIMORE ST,ROBBERY,FIREARM,498,WESTERN,Druid Heights,-76.375192,39.340305,STREET,1
5/18/2019,22:46:00,04,6264 N BALTIMORE ST,BURGLARY,FIREARM,185,NORTHERN,Oliver,-76.393211,39.417983,HOUSE,1
11/23/2023,11:36:00,05,2834 N BALTIMORE ST,ROBBERY,KNIFE,611,SOUTHERN,Hampden,-76.427858,39.2592,STREET,1
4/23/2022,12:21:00,08,3004 N BALTIMORE ST,SHOOTING,NONE,572,NORTHERN,Brooklyn,-76.471699,39.347711,STORE,1
6/26/2020,17:27:00,02,3518 N BALTIMORE ST,BURGLARY,FIREARM,597,WESTERN,Pimlico,-76.522948,39.378685,HOUSE,1
1/18/2023,20:34:00,05,3035 N BALTIMORE ST,AGG. ASSAULT,NONE,233,NORTHERN,Curtis Bay,-76.542403,39.382342,STREET,1
7/4/2022,11:55:00,01,643 N BALTIMORE ST,ROBBERY,FIREARM,183,NORTHERN,Eastwood,-76.532817,39.231879,HOUSE,1
5/6/2021,23:12:00,07,4214 N BALTIMORE ST,SHOOTING,KNIFE,876,NORTHEASTERN,Middle East,-76.577624,39.497847,STREET,1
7/4/2023,12:49:00,05,7641 N BALTIMORE ST,LARCENY,HANDS,743,NORTHEASTERN,Upton,-76.305769,39.397602,STREET,1
9/22/2020,00:24:00,08,9476 N BALTIMORE ST,AGG. ASSAULT,NONE,782,EASTERN,Park Heights,-76.53065,39.335627,STREET,1
2/2/2022,05:48:00,04,7605 N BALTIMORE ST,ASSAULT,NONE,412,CENTRAL,Morrell Park,-76.532884,39.252035,HOUSE,1
10/19/2022,14:10:00,05,6048 N BALTIMORE ST,SHOOTING,FIREARM,780,NORTHERN,Middle East,-76.346725,39.393681,HOUSE,1
10/7/2022,05:49:00,08,7749 N BALTIMORE ST,LARCENY,FIREARM,218,CENTRAL,Hampden,-76.395613,39.292476,STREET,1
4/21/2022,05:46:00,07,175 N BALTIMORE ST,AGG. ASSAULT,HANDS,516,EASTERN,Homeland,-76.447484,39.406358,STORE,1
9/11/2019,21:38:00,08,3384 N BALTIMORE ST,AUTO THEFT,NONE,590,NORTHEASTERN,Charles Village,-76.341402,39.445357,HOUSE,1
7/9/2020,08:56:00,08,936 N BALTIMORE ST,ASSAULT,NONE,305,NORTHWESTERN,Homeland,-76.554886,39.318684,STORE,1
10/13/2021,08:47:00,06,8590 N BALTIMORE ST,SHOOTING,NONE,494,EASTERN,Eastwood,-76.414294,39.445779,HOUSE,1
6/12/2019,20:51:00,04,4606 N BALTIMORE ST,SHOOTING,HANDS,427,CENTRAL,Johnston Square,-76.405668,39.41507,ALLEY,1
4/15/2021,15:10:00,01,9261 N BALTIMORE ST,BURGLARY,NONE,422,NORTHEASTERN,Pigtown,-76.336452,39.392505,HOUSE,1
8/26/2020,11:17:00,09,633 N BALTIMORE ST,SHOOTING,FIREARM,483,NORTHEASTERN,Park Heights,-76.531128,39.264774,HOUSE,1
4/6/2023,23:38:00,02,4157 N BALTIMORE ST,AGG. ASSAULT,NONE,410,EASTERN,Hampden,-76.307195,39.357458,HOUSE,1
8/8/2019,14:13:00,01,4602 N BALTIMORE ST,ROBBERY,HANDS,101,NORTHERN,Waverly,-76.383487,39.315897,ALLEY,1
1/11/2021,03:02:00,03,6778 N BALTIMORE ST,AUTO THEFT,KNIFE,645,CENTRAL,Waverly,-76.464413,39.374428,ALLEY,1
8/9/2022,20:27:00,05,6556 N BALTIMORE ST,AGG. ASSAULT,FIREARM,353,SOUTHERN,Brooklyn,-76.534477,39.457134,ALLEY,1
10/20/2020,15:16:00,02,5599 N BALTIMORE ST,ASSAULT,FIREARM,825,EASTERN,Roland Park,-76.313522,39.37267,STREET,1
3/21/2019,15:27:00,01,8012 N BALTIMORE ST,HOMICIDE,FIREARM,798,NORTHEASTERN,Harlem Park,-76.337844,39.298369,STORE,1
10/15/2021,15:36:00,08,3412 N BALTIMORE ST,HOMICIDE,KNIFE,341,WESTERN,Westport,-76.341087,39.206518,STREET,1
6/15/2020,20:23:00,05,7850 N BALTIMORE ST,HOMICIDE,KNIFE,449,SOUTHERN,Pigtown,-76.593122,39.442569,HOUSE,1
7/2/2020,05:48:00,08,575 N BALTIMORE ST,AGG. ASSAULT,NONE,442,NORTHERN,Eastwood,-76.470186,39.341134,STORE,1
11/4/2023,05:38:00,03,4018 N BALTIMORE ST,AGG. ASSAULT,FIREARM,323,CENTRAL,Upton,-76.429004,39.238213,STORE,1
10/21/2021,18:33:00,05,1778 N BALTIMORE ST,COMMON ASSAULT,KNIFE,610,SOUTHERN,Johnston Square,-76.476632,39.350165,STREET,1
1/16/2023,18:04:00,01,6726 N BALTIMORE ST,AUTO THEFT,FIREARM,130,CENTRAL,Park Heights,-76.354399,39.280198,STORE,1
4/25/2023,17:43:00,05,7331 N BALTIMORE ST,HOMICIDE,HANDS,624,EASTERN,Harlem Park,-76.309304,39.441659,ALLEY,1
8/7/2021,13:59:00,06,4765 N BALTIMORE ST,LARCENY,HANDS,368,WESTERN,Pigtown,-76.413943,39.343763,STREET,1
2/28/2020,14:35:00,09,4111 N BALTIMORE ST,AGG. ASSAULT,HANDS,351,NORTHEASTERN,Irvington,-76.378193,39.224812,STORE,1
12/20/2021,16:53:00,05,4377 N BALTIMORE ST,BURGLARY,FIREARM,664,WESTERN,Guilford,-76.43141,39.371761,HOUSE,1
1/7/2020,05:40:00,01,7655 N BALTIMORE ST,AUTO THEFT,NONE,105,WESTERN,Guilford,-76.346578,39.447455,ALLEY,1
1/4/2023,23:23:00,03,3486 N BALTIMORE ST,LARCENY,KNIFE,721,WESTERN,Greenmount West,-76.315726,39.397519,STORE,1
1/20/2020,05:58:00,04,5969 N BALTIMORE ST,AGG. ASSAULT,HANDS,371,NORTHWESTERN,Govans,-76.309284,39.493541,STREET,1
2/26/2023,11:17:00,01,3049 N BALTIMORE ST,SHOOTING,KNIFE,267,WESTERN,Johnston Square,-76.592273,39.243791,HOUSE,1
6/1/2023,00:18:00,03,3384 N BALTIMORE ST,ROBBERY,KNIFE,816,NORTHEASTERN,Brooklyn,-76.588305,39.499013,STORE,1
1/10/2020,16:55:00,02,633 N BALTIMORE ST,COMMON ASSAULT,FIREARM,454,WESTERN,Hampden,-76.510803,39.286365,STORE,1
8/25/2021,15:38:00,08,3451 N BALTIMORE ST,HOMICIDE,KNIFE,377,WESTERN,Brooklyn,-76.350692,39.298852,HOUSE,1
6/28/2019,02:34:00,03,8062 N BALTIMORE ST,ASSAULT,KNIFE,883,WESTERN,Curtis Bay,-76.445434,39.241425,HOUSE,1
6/28/2023,03:32:00,06,3125 N BALTIMORE ST,AUTO THEFT,HANDS,762,NORTHWESTERN,Mount Washington,-76.459889,39.325641,STREET,1
1/8/2023,01:59:00,09,2130 N BALTIMORE ST,AGG. ASSAULT,HANDS,410,SOUTHERN,Park Heights,-76.521459,39.350542,STORE,1
1/27/2021,22:48:00,05,8496 N BALTIMORE ST,HOMICIDE,HANDS,699,CENTRAL,Druid Heights,-76.378165,39.465433,HOUSE,1
10/5/2023,20:16:00,05,6771 N BALTIMORE ST,BURGLARY,FIREARM,343,NORTHEASTERN,Guilford,-76.324765,39.208029,STORE,1
6/20/2021,22:51:00,04,6133 N BALTIMORE ST,AUTO THEFT,FIREARM,163,SOUTHERN,Irvington,-76.447663,39.413542,ALLEY,1
5/15/2021,14:40:00,08,8179 N BALTIMORE ST,BURGLARY,HANDS,688,EASTERN,Johnston Square,-76.337836,39.310981,STREET,1
8/5/2023,09:47:00,04,8005 N BALTIMORE ST,SHOOTING,FIREARM,117,NORTHWESTERN,Belair-Edison,-76.451962,39.413208,HOUSE,1
5/18/2023,09:36:00,07,7666 N BALTIMORE ST,BURGLARY,FIREARM,546,SOUTHERN,Roland Park,-76.472089,39.259243,HOUSE,1
2/5/2022,10:23:00,04,5728 N BALTIMORE ST,LARCENY,KNIFE,895,EASTERN,Waverly,-76.464879,39.334025,STREET,1
3/25/2019,04:31:00,03,8008 N BALTIMORE ST,AGG. ASSAULT,HANDS,302,SOUTHERN,Govans,-76.358419,39.482574,HOUSE,1
5/4/2020,15:58:00,01,1015 N BALTIMORE ST,AUTO THEFT,HANDS,473,CENTRAL,Druid Heights,-76.499083,39.272198,HOUSE,1
6/27/2023,11:59:00,07,3169 N BALTIMORE ST,ROBBERY,NONE,671,SOUTHERN,Pimlico,-76.313107,39.399069,ALLEY,1
12/28/2022,13:26:00,09,984 N BALTIMORE ST,HOMICIDE,HANDS,876,NORTHERN,Pimlico,-76.597666,39.496554,STREET,1
12/2/2022,09:12:00,02,7860 N BALTIMORE ST,ROBBERY,HANDS,437,WESTERN,Sandtown-Winchester,-76.395852,39.367747,ALLEY,1
8/19/2023,07:14:00,07,9209 N BALTIMORE ST,AGG. ASSAULT,FIREARM,897,CENTRAL,Upton,-76.318561,39.404495,ALLEY,1
1/17/2022,18:56:00,09,8393 N BALTIMORE ST,HOMICIDE,HANDS,761,NORTHEASTERN,Mount Washington,-76.396235,39.493856,STREET,1
4/20/2023,02:05:00,02,6152 N BALTIMORE ST,COMMON ASSAULT,KNIFE,144,SOUTHERN,Pimlico,-76.551471,39.285511,STREET,1
11/22/2020,23:15:00,04,9449 N BALTIMORE ST,AGG. ASSAULT,KNIFE,611,CENTRAL,Irvington,-76.423769,39.255482,STREET,1
9/18/2020,20:28:00,09,2878 N BALTIMORE ST,ROBBERY,KNIFE,640,CENTRAL,Eastwood,-76.510854,39.485777,STORE,1
8/14/2022,12:15:00,05,2313 N BALTIMORE ST,LARCENY,KNIFE,406,NORTHEASTERN,Middle East,-76.446249,39.227812,HOUSE,1
7/10/2022,15:17:00,03,6867 N BALTIMORE ST,BURGLARY,HANDS,130,CENTRAL,Cherry Hill,-76.522703,39.394473,ALLEY,1
8/20/2020,13:26:00,04,7347 N BALTIMORE ST,AUTO THEFT,FIREARM,799,CENTRAL,Charles Village,-76.392083,39.342311,HOUSE,1
3/10/2023,12:33:00,08,1546 N BALTIMORE ST,BURGLARY,HANDS,493,WESTERN,Pigtown,-76.355366,39.265168,HOUSE,1
6/26/2021,13:25:00,05,2462 N BALTIMORE ST,COMMON ASSAULT,HANDS,110,NORTHEASTERN,Curtis Bay,-76.317535,39.387982,STREET,1
7/9/2023,18:24:00,07,6953 N BALTIMORE ST,HOMICIDE,FIREARM,224,WESTERN,Mount Washington,-76.401614,39.361332,ALLEY,1
4/22/2020,20:40:00,03,4462 N BALTIMORE ST,AGG. ASSAULT,NONE,240,NORTHERN,Morrell Park,-76.544278,39.215736,STORE,1
12/18/2022,08:03:00,07,1153 N BALTIMORE ST,COMMON ASSAULT,NONE,603,NORTHWESTERN,Brooklyn,-76.324025,39.412053,HOUSE,1
1/9/2020,10:20:00,07,5433 N BALTIMORE ST,SHOOTING,NONE,767,WESTERN,Oliver,-76.354166,39.474817,HOUSE,1
9/13/2022,17:43:00,01,986 N BALTIMORE ST,AUTO THEFT,HANDS,168,NORTHERN,Homeland,-76.345081,39.239529,STORE,1
11/14/2022,08:40:00,05,9957 N BALTIMORE ST,BURGLARY,KNIFE,524,CENTRAL,Clifton Park,-76.325353,39.249683,STREET,1
5/14/2019,11:12:00,05,4248 N BALTIMORE ST,ASSAULT,FIREARM,162,EASTERN,Pimlico,-76.512448,39.226334,STORE,1
12/4/2022,11:08:00,01,4188 N BALTIMORE ST,AUTO THEFT,FIREARM,746,SOUTHERN,Johnston Square,-76.427668,39.371495,HOUSE,1
6/14/2019,11:40:00,02,3957 N BALTIMORE ST,COMMON ASSAULT,HANDS,660,CENTRAL,Eastwood,-76.504149,39.363027,HOUSE,1
12/19/2020,16:55:00,08,7035 N BALTIMORE ST,AGG. ASSAULT,KNIFE,290,NORTHWESTERN,Brooklyn,-76.343737,39.401485,STREET,1
4/7/2020,17:06:00,01,6689 N BALTIMORE ST,LARCENY,FIREARM,854,SOUTHERN,Charles Village,-76.352958,39.212965,HOUSE,1
2/17/2023,08:22:00,08,4941 N BALTIMORE ST,AGG. ASSAULT,HANDS,732,NORTHWESTERN,Belair-Edison,-76.420421,39.300126,ALLEY,1
6/20/2020,19:27:00,02,1952 N BALTIMORE ST,BURGLARY,KNIFE,424,NORTHEASTERN,Oliver,-76.32893,39.35114,ALLEY,1
11/16/2019,15:46:00,06,2123 N BALTIMORE ST,COMMON ASSAULT,FIREARM,538,SOUTHERN,Harlem Park,-76.576957,39.378602,ALLEY,1
7/18/2019,18:29:00,05,5656 N BALTIMORE ST,COMMON ASSAULT,NONE,212,NORTHWESTERN,Roland Park,-76.515245,39.334103,ALLEY,1
2/20/2020,04:28:00,05,4178 N BALTIMORE ST,ROBBERY,KNIFE,523,SOUTHERN,Harlem Park,-76.472504,39.305417,STREET,1
7/3/2020,13:22:00,06,8458 N BALTIMORE ST,LARCENY,NONE,881,NORTHWESTERN,Cherry Hill,-76.556336,39.336107,HOUSE,1
8/5/2022,01:43:00,04,6738 N BALTIMORE ST,SHOOTING,FIREARM,247,NORTHWESTERN,Park Heights,-76.463592,39.294226,STREET,1
9/16/2022,01:27:00,01,5329 N BALTIMORE ST,SHOOTING,FIREARM,891,SOUTHERN,Sandtown-Winchester,-76.578701,39.253349,STREET,1
12/20/2022,06:51:00,03,4047 N BALTIMORE ST,AUTO THEFT,KNIFE,688,EASTERN,Mount Washington,-76.358961,39.428072,ALLEY,1
5/17/2021,09:46:00,06,1441 N BALTIMORE ST,AGG. ASSAULT,HANDS,584,CENTRAL,Sandtown-Winchester,-76.35469,39.468915,HOUSE,1
12/17/2019,07:02:00,03,4546 N BALTIMORE ST,ASSAULT,NONE,799,NORTHWESTERN,Brooklyn,-76.52048,39.424963,HOUSE,1
12/4/2021,18:01:00,03,665 N BALTIMORE ST,BURGLARY,FIREARM,893,CENTRAL,Clifton Park,-76.404266,39.219438,HOUSE,1
6/4/2019,01:38:00,04,3218 N BALTIMORE ST,BURGLARY,NONE,893,WESTERN,Berea,-76.490493,39.274344,STORE,1
1/11/2020,15:45:00,06,5058 N BALTIMORE ST,COMMON ASSAULT,NONE,817,NORTHERN,Brooklyn,-76.338847,39.200869,HOUSE,1
4/15/2021,14:02:00,03,1671 N BALTIMORE ST,SHOOTING,FIREARM,864,EASTERN,Druid Heights,-76.519134,39.218446,ALLEY,1
3/18/2023,21:53:00,04,3576 N BALTIMORE ST,SHOOTING,FIREARM,559,CENTRAL,Park Heights,-76.407417,39.454055,HOUSE,1
8/13/2019,19:28:00,06,703 N BALTIMORE ST,AUTO THEFT,FIREARM,605,WESTERN,Govans,-76.314448,39.271026,ALLEY,1
1/22/2019,11:46:00,06,9761 N BALTIMORE ST,ROBBERY,NONE,721,NORTHERN,Sandtown-Winchester,-76.369277,39.256761,STREET,1
7/10/2020,20:31:00,01,8605 N BALTIMORE ST,BURGLARY,HANDS,144,WESTERN,Oliver,-76.484288,39.411262,HOUSE,1
3/24/2021,10:36:00,04,6139 N BALTIMORE ST,SHOOTING,FIREARM,779,NORTHERN,Hampden,-76.450761,39.482149,STORE,1
10/9/2019,12:11:00,01,7783 N BALTIMORE ST,HOMICIDE,HANDS,535,SOUTHERN,Mount Washington,-76.555839,39.482538,ALLEY,1
11/27/2023,05:26:00,01,2208 N BALTIMORE ST,AGG. ASSAULT,FIREARM,224,NORTHEASTERN,Johnston Square,-76.431666,39.35376,STREET,1
10/26/2019,07:27:00,01,9727 N BALTIMORE ST,ROBBERY,HANDS,685,NORTHEASTERN,Guilford,-76.598954,39.366724,STORE,1
3/16/2020,22:25:00,03,8740 N BALTIMORE ST,LARCENY,HANDS,784,NORTHEASTERN,Harlem Park,-76.399906,39.357165,STORE,1
1/3/2022,08:42:00,08,2297 N BALTIMORE ST,AGG. ASSAULT,KNIFE,202,EASTERN,Homeland,-76.568446,39.300755,STORE,1
8/15/2019,06:40:00,06,9842 N BALTIMORE ST,AUTO THEFT,NONE,812,EASTERN,Westport,-76.360553,39.405754,ALLEY,1
2/7/2021,11:25:00,04,9421 N BALTIMORE ST,SHOOTING,HANDS,848,NORTHEASTERN,Belair-Edison,-76.440806,39.401066,ALLEY,1
8/12/2019,03:27:00,08,4452 N BALTIMORE ST,HOMICIDE,NONE,754,NORTHEASTERN,Pimlico,-76.458135,39.308932,STREET,1
8/24/2019,15:16:00,09,7460 N BALTIMORE ST,BURGLARY,NONE,561,NORTHWESTERN,Berea,-76.417836,39.312145,HOUSE,1
4/18/2021,07:23:00,07,9581 N BALTIMORE ST,SHOOTING,FIREARM,281,WESTERN,Clifton Park,-76.4948,39.431906,STREET,1
12/13/2019,08:27:00,02,2536 N BALTIMORE ST,AGG. ASSAULT,NONE,214,NORTHWESTERN,Irvington,-76.426801,39.370579,ALLEY,1
11/2/2020,06:40:00,02,4119 N BALTIMORE ST,HOMICIDE,NONE,670,SOUTHERN,Brooklyn,-76.534975,39.296281,STORE,1
12/24/2023,15:23:00,04,3957 N BALTIMORE ST,AUTO THEFT,HANDS,282,NORTHWESTERN,Middle East,-76.472942,39.251499,ALLEY,1
9/16/2021,08:30:00,09,2129 N BALTIMORE ST,ROBBERY,KNIFE,671,CENTRAL,Irvington,-76.552707,39.377267,ALLEY,1
2/15/2021,07:36:00,03,2189 N BALTIMORE ST,ASSAULT,KNIFE,184,CENTRAL,Westport,-76.467851,39.338027,STORE,1
10/21/2020,08:43:00,08,6219 N BALTIMORE ST,LARCENY,HANDS,433,NORTHEASTERN,Park Heights,-76.310369,39.407817,STORE,1
2/15/2023,09:13:00,02,2156 N BALTIMORE ST,BURGLARY,KNIFE,409,EASTERN,Guilford,-76.407778,39.261919,ALLEY,1
2/23/2019,10:31:00,06,618 N BALTIMORE ST,ASSAULT,NONE,261,CENTRAL,Middle East,-76.584951,39.281502,STREET,1
7/19/2020,22:54:00,06,7484 N BALTIMORE ST,AUTO THEFT,NONE,290,NORTHERN,Guilford,-76.335382,39.276975,ALLEY,1
9/13/2022,14:00:00,09,8899 N BALTIMORE ST,AUTO THEFT,HANDS,116,NORTHEASTERN,Morrell Park,-76.480079,39.427705,ALLEY,1
5/26/2021,03:03:00,02,356 N BALTIMORE ST,BURGLARY,KNIFE,598,WESTERN,Charles Village,-76.366143,39.377901,HOUSE,1
5/27/2021,18:09:00,02,122 N BALTIMORE ST,ROBBERY,FIREARM,617,NORTHWESTERN,Irvington,-76.436291,39.392112,STORE,1
4/5/2019,20:37:00,04,6157 N BALTIMORE ST,SHOOTING,HANDS,315,WESTERN,Irvington,-76.441399,39.438972,STREET,1
12/16/2021,01:54:00,04,5008 N BALTIMORE ST,SHOOTING,HANDS,505,NORTHEASTERN,Druid Heights,-76.584037,39.227753,STORE,1
7/6/2020,09:53:00,06,5397 N BALTIMORE ST,BURGLARY,NONE,266,NORTHERN,Westport,-76.599026,39.253361,STREET,1
12/9/2021,12:39:00,03,2460 N BALTIMORE ST,COMMON ASSAULT,HANDS,104,NORTHWESTERN,Homeland,-76.452943,39.458029,STORE,1
4/9/2021,12:24:00,01,5679 N BALTIMORE ST,BURGLARY,NONE,801,CENTRAL,Curtis Bay,-76.585124,39.398597,STORE,1
10/17/2020,02:03:00,08,9571 N BALTIMORE ST,AUTO THEFT,FIREARM,500,NORTHERN,Harlem Park,-76.543034,39.240038,HOUSE,1
12/6/2019,00:58:00,03,2810 N BALTIMORE ST,BURGLARY,FIREARM,599,NORTHERN,Clifton Park,-76.498614,39.220213,STREET,1
7/9/2021,21:53:00,02,8763 N BALTIMORE ST,AUTO THEFT,HANDS,224,WESTERN,Roland Park,-76.542477,39.402233,STORE,1
3/17/2019,10:38:00,02,5486 N BALTIMORE ST,AGG. ASSAULT,HANDS,665,SOUTHERN,Govans,-76.565028,39.394039,STREET,1
9/6/2022,18:03:00,06,3011 N BALTIMORE ST,BURGLARY,KNIFE,274,SOUTHERN,Eastwood,-76.574307,39.375469,STREET,1
11/10/2019,05:36:00,05,8353 N BALTIMORE ST,ROBBERY,HANDS,212,CENTRAL,Clifton Park,-76.514727,39.425324,ALLEY,1
12/23/2021,12:57:00,04,9610 N BALTIMORE ST,ROBBERY,HANDS,272,WESTERN,Homeland,-76.476344,39.246151,STREET,1
2/15/2019,09:56:00,01,2592 N BALTIMORE ST,LARCENY,HANDS,818,NORTHWESTERN,Homeland,-76.507833,39.385481,STORE,1
5/18/2023,02:44:00,09,2506 N BALTIMORE ST,SHOOTING,KNIFE,714,SOUTHERN,Govans,-76.562613,39.398622,STORE,1
10/4/2021,13:19:00,05,9548 N BALTIMORE ST,ROBBERY,HANDS,295,CENTRAL,Roland Park,-76.361231,39.415797,STREET,1
4/2/2019,16:20:00,03,3667 N BALTIMORE ST,ROBBERY,HANDS,512,NORTHEASTERN,Roland Park,-76.351354,39.360086,ALLEY,1
3/18/2021,08:59:00,01,2154 N BALTIMORE ST,ASSAULT,HANDS,504,NORTHWESTERN,Roland Park,-76.547753,39.31792,STREET,1
1/5/2020,10:15:00,05,2703 N BALTIMORE ST,COMMON ASSAULT,NONE,551,NORTHWESTERN,Clifton Park,-76.360048,39.444063,STORE,1
3/20/2021,23:12:00,09,8185 N BALTIMORE ST,AGG. ASSAULT,NONE,581,NORTHEASTERN,Govans,-76.509285,39.491402,STORE,1
2/2/2020,14:41:00,06,3024 N BALTIMORE ST,BURGLARY,FIREARM,120,NORTHERN,Oliver,-76.527669,39.265599,STREET,1
2/1/2021,22:43:00,08,2469 N BALTIMORE ST,BURGLARY,NONE,240,NORTHERN,Roland Park,-76.4966,39.254854,HOUSE,1
12/26/2022,21:34:00,04,9824 N BALTIMORE ST,ASSAULT,NONE,544,NORTHEASTERN,Westport,-76.374263,39.486051,ALLEY,1
12/6/2021,07:35:00,02,9133 N BALTIMORE ST,ASSAULT,KNIFE,490,WESTERN,Morrell Park,-76.405569,39.491074,ALLEY,1
9/21/2022,13:33:00,01,7933 N BALTIMORE ST,LARCENY,HANDS,284,NORTHERN,Charles Village,-76.404786,39.269675,STORE,1
2/17/2020,19:38:00,06,9583 N BALTIMORE ST,COMMON ASSAULT,FIREARM,182,CENTRAL,Charles Village,-76.38236,39.404508,ALLEY,1
6/8/2020,09:45:00,08,1034 N BALTIMORE ST,AUTO THEFT,FIREARM,580,NORTHEASTERN,Eastwood,-76.304978,39.498998,STREET,1
1/24/2021,17:35:00,05,9378 N BALTIMORE ST,BURGLARY,NONE,302,EASTERN,Oliver,-76.365329,39.336821,STORE,1
2/8/2020,17:59:00,01,5430 N BALTIMORE ST,AUTO THEFT,FIREARM,725,EASTERN,Pen Lucy,-76.365657,39.277161,HOUSE,1
12/6/2021,05:57:00,06,9646 N BALTIMORE ST,AUTO THEFT,HANDS,203,SOUTHERN,Guilford,-76.541157,39.453832,ALLEY,1
10/3/2021,11:18:00,02,9632 N BALTIMORE ST,AGG. ASSAULT,KNIFE,775,NORTHEASTERN,Pen Lucy,-76.393371,39.23292,STREET,1
8/10/2022,10:06:00,04,7126 N BALTIMORE ST,COMMON ASSAULT,NONE,874,WESTERN,Sandtown-Winchester,-76.493355,39.381622,HOUSE,1
2/16/2021,07:31:00,03,2404 N BALTIMORE ST,COMMON ASSAULT,HANDS,237,NORTHEASTERN,Guilford,-76.474057,39.410619,STORE,1
11/6/2020,06:40:00,09,1935 N BALTIMORE ST,ASSAULT,FIREARM,551,NORTHEASTERN,Mount Washington,-76.581062,39.437736,ALLEY,1
11/15/2021,23:43:00,06,2377 N BALTIMORE ST,ROBBERY,FIREARM,265,NORTHERN,Pimlico,-76.467629,39.295152,STORE,1
4/3/2022,02:19:00,04,4009 N BALTIMORE ST,ROBBERY,FIREARM,647,NORTHERN,Curtis Bay,-76.448839,39.248592,ALLEY,1
12/25/2022,10:50:00,05,531 N BALTIMORE ST,LARCENY,KNIFE,645,NORTHERN,Harlem Park,-76.571343,39.44035,ALLEY,1
9/12/2021,22:05:00,01,829 N BALTIMORE ST,ASSAULT,FIREARM,612,EASTERN,Pen Lucy,-76.55408,39.222741,HOUSE,1
8/2/2019,04:33:00,05,7024 N BALTIMORE ST,ROBBERY,NONE,749,WESTERN,Sandtown-Winchester,-76.434954,39.359888,ALLEY,1
5/19/2019,19:36:00,08,276 N BALTIMORE ST,COMMON ASSAULT,KNIFE,121,NORTHERN,Cherry Hill,-76.515969,39.393268,STORE,1
5/10/2020,04:06:00,01,6839 N BALTIMORE ST,AUTO THEFT,FIREARM,146,NORTHWESTERN,Pigtown,-76.358563,39.288269,STORE,1
11/10/2019,03:12:00,02,3940 N BALTIMORE ST,AUTO THEFT,HANDS,441,NORTHEASTERN,Sandtown-Winchester,-76.311987,39.336564,HOUSE,1
3/22/2022,21:08:00,04,9877 N BALTIMORE ST,AUTO THEFT,NONE,873,NORTHEASTERN,Belair-Edison,-76.341812,39.407735,ALLEY,1
7/26/2022,02:45:00,09,9928 N BALTIMORE ST,HOMICIDE,NONE,832,NORTHEASTERN,Eastwood,-76.433882,39.454698,STORE,1
12/15/2022,11:55:00,02,3667 N BALTIMORE ST,HOMICIDE,NONE,575,EASTERN,Oliver,-76.403115,39.238638,ALLEY,1
9/19/2019,07:39:00,08,2733 N BALTIMORE ST,LARCENY,HANDS,618,WESTERN,Irvington,-76.457035,39.21165,HOUSE,1
6/11/2021,23:32:00,07,8452 N BALTIMORE ST,ROBBERY,NONE,841,WESTERN,Druid Heights,-76.532996,39.234041,STREET,1
5/24/2022,21:02:00,04,1852 N BALTIMORE ST,AUTO THEFT,NONE,426,WESTERN,Oliver,-76.447,39.385945,STREET,1
4/22/2021,12:46:00,03,640 N BALTIMORE ST,AUTO THEFT,HANDS,413,WESTERN,Charles Village,-76.419715,39.430162,ALLEY,1
6/9/2023,00:26:00,04,8563 N BALTIMORE ST,AUTO THEFT,NONE,567,NORTHEASTERN,Johnston Square,-76.59747,39.493136,STORE,1
4/15/2021,17:42:00,05,3145 N BALTIMORE ST,LARCENY,HANDS,467,NORTHEASTERN,Clifton Park,-76.395268,39.304473,HOUSE,1
5/10/2021,01:28:00,09,9823 N BALTIMORE ST,AGG. ASSAULT,NONE,579,NORTHWESTERN,Charles Village,-76.390437,39.351001,ALLEY,1
2/25/2020,01:47:00,01,7563 N BALTIMORE ST,ASSAULT,FIREARM,383,CENTRAL,Clifton Park,-76.593501,39.426829,HOUSE,1
2/26/2019,05:18:00,07,1830 N BALTIMORE ST,SHOOTING,HANDS,784,NORTHERN,Oliver,-76.452466,39.407855,HOUSE,1
9/14/2021,13:30:00,02,8649 N BALTIMORE ST,AGG. ASSAULT,HANDS,379,NORTHEASTERN,Druid Heights,-76.55532,39.330021,HOUSE,1
1/23/2022,08:36:00,09,6889 N BALTIMORE ST,SHOOTING,FIREARM,217,NORTHERN,Westport,-76.358439,39.493899,STORE,1
4/8/2019,05:20:00,08,870 N BALTIMORE ST,BURGLARY,HANDS,329,NORTHERN,Johnston Square,-76.364251,39.208744,ALLEY,1
11/14/2022,16:36:00,08,4300 N BALTIMORE ST,LARCENY,KNIFE,754,SOUTHERN,Belair-Edison,-76.36726,39.278235,ALLEY,1
8/20/2022,19:56:00,09,9764 N BALTIMORE ST,ASSAULT,HANDS,513,NORTHEASTERN,Middle East,-76.347556,39.248253,STORE,1
2/4/2023,21:12:00,01,1627 N BALTIMORE ST,HOMICIDE,NONE,886,SOUTHERN,Sandtown-Winchester,-76.306721,39.273518,ALLEY,1
6/23/2021,12:52:00,06,1687 N BALTIMORE ST,HOMICIDE,FIREARM,270,NORTHERN,Upton,-76.460885,39.378403,STORE,1
5/8/2020,14:17:00,04,2632 N BALTIMORE ST,AUTO THEFT,NONE,799,NORTHEASTERN,Harlem Park,-76.459301,39.2085,HOUSE,1
6/3/2020,20:42:00,03,3466 N BALTIMORE ST,ROBBERY,FIREARM,444,EASTERN,Brooklyn,-76.52265,39.391096,STREET,1
11/5/2019,00:24:00,01,8108 N BALTIMORE ST,ROBBERY,KNIFE,854,NORTHERN,Morrell Park,-76.479397,39.374917,STREET,1
3/6/2021,02:43:00,05,4438 N BALTIMORE ST,ASSAULT,NONE,548,NORTHEASTERN,Waverly,-76.403804,39.48387,HOUSE,1
5/22/2023,04:20:00,07,2064 N BALTIMORE ST,ROBBERY,NONE,211,NORTHWESTERN,Homeland,-76.311004,39.293801,HOUSE,1
7/26/2020,22:05:00,09,4609 N BALTIMORE ST,AUTO THEFT,HANDS,314,CENTRAL,Pigtown,-76.468424,39.432194,HOUSE,1
9/5/2022,23:41:00,06,1083 N BALTIMORE ST,HOMICIDE,FIREARM,376,NORTHWESTERN,Berea,-76.344546,39.374159,HOUSE,1
3/7/2020,11:35:00,06,9818 N BALTIMORE ST,COMMON ASSAULT,HANDS,623,NORTHWESTERN,Harlem Park,-76.583211,39.261876,HOUSE,1
9/17/2020,00:21:00,01,8223 N BALTIMORE ST,AUTO THEFT,FIREARM,609,CENTRAL,Roland Park,-76.385179,39.352544,STORE,1
5/26/2021,09:58:00,03,5967 N BALTIMORE ST,ASSAULT,HANDS,820,NORTHWESTERN,Waverly,-76.38963,39.347702,STORE,1
10/13/2021,08:50:00,04,655 N BALTIMORE ST,BURGLARY,NONE,389,SOUTHERN,Pigtown,-76.35798,39.214643,STREET,1
9/5/2023,12:19:00,09,7217 N BALTIMORE ST,ASSAULT,NONE,472,WESTERN,Govans,-76.358132,39.440698,STORE,1
9/12/2020,20:55:00,05,6323 N BALTIMORE ST,LARCENY,FIREARM,243,WESTERN,Johnston Square,-76.563615,39.465786,HOUSE,1
6/9/2020,11:46:00,04,9980 N BALTIMORE ST,AGG. ASSAULT,FIREARM,194,EASTERN,Sandtown-Winchester,-76.3733,39.218134,ALLEY,1
8/1/2021,14:36:00,03,6606 N BALTIMORE ST,ASSAULT,HANDS,784,NORTHERN,Belair-Edison,-76.318577,39.438204,STORE,1
11/13/2019,01:13:00,03,6190 N BALTIMORE ST,LARCENY,KNIFE,867,NORTHWESTERN,Westport,-76.395881,39.407763,HOUSE,1
9/17/2023,08:17:00,03,7635 N BALTIMORE ST,HOMICIDE,HANDS,259,CENTRAL,Curtis Bay,-76.394296,39.272839,STREET,1
10/9/2022,18:26:00,05,5607 N BALTIMORE ST,BURGLARY,HANDS,828,NORTHERN,Waverly,-76.413046,39.452817,STREET,1
12/4/2020,15:45:00,05,2454 N BALTIMORE ST,SHOOTING,FIREARM,641,EASTERN,Cherry Hill,-76.531425,39.455002,HOUSE,1
4/20/2020,06:25:00,03,7895 N BALTIMORE ST,AGG. ASSAULT,FIREARM,572,NORTHEASTERN,Roland Park,-76.477403,39.44471,STREET,1
1/9/2021,23:59:00,07,5610 N BALTIMORE ST,AUTO THEFT,FIREARM,182,CENTRAL,Charles Village,-76.550989,39.313332,STREET,1
1/5/2021,22:55:00,03,8814 N BALTIMORE ST,ASSAULT,FIREARM,588,NORTHEASTERN,Druid Heights,-76.367517,39.287586,HOUSE,1
9/23/2020,04:28:00,07,8134 N BALTIMORE ST,SHOOTING,HANDS,286,SOUTHERN,Morrell Park,-76.538117,39.263059,HOUSE,1
11/15/2020,06:46:00,03,7316 N BALTIMORE ST,HOMICIDE,KNIFE,722,NORTHERN,Brooklyn,-76.474531,39.423855,ALLEY,1
2/2/2021,00:08:00,07,123 N BALTIMORE ST,SHOOTING,NONE,874,NORTHERN,Upton,-76.55046,39.277238,HOUSE,1
10/22/2022,12:50:00,06,3648 N BALTIMORE ST,SHOOTING,FIREARM,469,WESTERN,Pen Lucy,-76.329219,39.342921,STREET,1
1/18/2020,18:35:00,04,1173 N BALTIMORE ST,HOMICIDE,NONE,327,SOUTHERN,Sandtown-Winchester,-76.590904,39.44297,HOUSE,1
4/27/2023,07:29:00,08,3831 N BALTIMORE ST,ROBBERY,KNIFE,726,EASTERN,Harlem Park,-76.4571,39.257831,HOUSE,1
9/11/2021,01:57:00,03,7536 N BALTIMORE ST,AUTO THEFT,FIREARM,638,CENTRAL,Upton,-76.555187,39.363233,STREET,1
8/5/2019,05:01:00,09,7924 N BALTIMORE ST,ROBBERY,KNIFE,871,WESTERN,Sandtown-Winchester,-76.563628,39.375303,HOUSE,1
10/21/2020,22:20:00,07,719 N BALTIMORE ST,ASSAULT,KNIFE,314,NORTHWESTERN,Pimlico,-76.577384,39.298356,STORE,1
6/15/2022,19:01:00,04,2841 N BALTIMORE ST,COMMON ASSAULT,FIREARM,664,NORTHEASTERN,Pimlico,-76.442268,39.217006,STORE,1
5/3/2023,14:21:00,01,2873 N BALTIMORE ST,BURGLARY,FIREARM,326,NORTHEASTERN,Mount Washington,-76.320173,39.214124,STORE,1
9/23/2021,15:20:00,06,8967 N BALTIMORE ST,AUTO THEFT,FIREARM,701,CENTRAL,Oliver,-76.498366,39.425917,HOUSE,1
10/27/2021,14:11:00,04,6503 N BALTIMORE ST,AGG. ASSAULT,HANDS,793,NORTHEASTERN,Park Heights,-76.481996,39.333594,STORE,1
2/10/2023,22:08:00,01,5153 N BALTIMORE ST,COMMON ASSAULT,HANDS,883,NORTHEASTERN,Park Heights,-76.401361,39.473991,HOUSE,1
2/16/2020,12:16:00,04,4947 N BALTIMORE ST,COMMON ASSAULT,HANDS,209,EASTERN,Hampden,-76.472277,39.463646,STORE,1
8/18/2019,21:35:00,07,9334 N BALTIMORE ST,HOMICIDE,HANDS,645,SOUTHERN,Johnston Square,-76.5056,39.28122,STREET,1
7/21/2019,13:29:00,03,7125 N BALTIMORE ST,BURGLARY,FIREARM,616,NORTHEASTERN,Charles Village,-76.46572,39.270845,STORE,1
4/15/2021,15:03:00,02,2723 N BALTIMORE ST,BURGLARY,KNIFE,212,WESTERN,Berea,-76.470652,39.279791,ALLEY,1
8/18/2020,00:17:00,08,144 N BALTIMORE ST,BURGLARY,FIREARM,594,SOUTHERN,Hampden,-76.41152,39.260272,HOUSE,1
8/12/2023,12:50:00,03,7179 N BALTIMORE ST,ASSAULT,FIREARM,892,NORTHERN,Upton,-76.36677,39.487966,ALLEY,1
8/4/2021,04:23:00,07,8026 N BALTIMORE ST,ASSAULT,FIREARM,258,NORTHWESTERN,Oliver,-76.34421,39.201458,HOUSE,1
10/12/2023,18:07:00,06,3935 N BALTIMORE ST,ASSAULT,HANDS,285,CENTRAL,Johnston Square,-76.497874,39.316508,STREET,1
12/28/2023,00:56:00,06,8146 N BALTIMORE ST,HOMICIDE,KNIFE,517,WESTERN,Sandtown-Winchester,-76.403991,39.213853,ALLEY,1
2/27/2021,07:52:00,07,5643 N BALTIMORE ST,COMMON ASSAULT,KNIFE,702,NORTHWESTERN,Sandtown-Winchester,-76.445325,39.330105,HOUSE,1
8/28/2023,23:51:00,08,552 N BALTIMORE ST,SHOOTING,FIREARM,536,CENTRAL,Irvington,-76.586807,39.349616,STORE,1
4/8/2021,14:02:00,01,4651 N BALTIMORE ST,ROBBERY,NONE,416,NORTHERN,Druid Heights,-76.332479,39.285114,STORE,1
11/24/2019,20:52:00,07,4005 N BALTIMORE ST,HOMICIDE,NONE,547,EASTERN,Berea,-76.544062,39.223801,HOUSE,1
5/27/2022,00:47:00,06,4277 N BALTIMORE ST,AUTO THEFT,NONE,539,EASTERN,Roland Park,-76.563418,39.244772,STORE,1
3/16/2021,16:23:00,04,1140 N BALTIMORE ST,BURGLARY,FIREARM,843,NORTHEASTERN,Westport,-76.379796,39.350934,STORE,1
12/9/2020,21:36:00,03,1446 N BALTIMORE ST,ASSAULT,KNIFE,309,EASTERN,Cherry Hill,-76.385873,39.372873,ALLEY,1
1/1/2023,14:44:00,02,3567 N BALTIMORE ST,ASSAULT,FIREARM,396,SOUTHERN,Druid Heights,-76.384488,39.484423,HOUSE,1
7/15/2021,15:04:00,06,4456 N BALTIMORE ST,ROBBERY,NONE,765,NORTHERN,Hampden,-76.391281,39.317176,HOUSE,1
10/27/2023,07:36:00,02,1717 N BALTIMORE ST,AGG. ASSAULT,HANDS,479,EASTERN,Park Heights,-76.467949,39.320201,STORE,1
6/27/2022,15:46:00,07,6405 N BALTIMORE ST,AGG. ASSAULT,HANDS,592,NORTHERN,Charles Village,-76.308201,39.214061,HOUSE,1
11/24/2023,10:54:00,03,9702 N BALTIMORE ST,AGG. ASSAULT,HANDS,437,NORTHEASTERN,Belair-Edison,-76.335861,39.477972,STREET,1
5/19/2019,19:34:00,09,8211 N BALTIMORE ST,HOMICIDE,KNIFE,707,SOUTHERN,Oliver,-76.432506,39.346295,ALLEY,1
12/9/2021,04:10:00,01,7163 N BALTIMORE ST,ROBBERY,HANDS,808,SOUTHERN,Johnston Square,-76.587822,39.467123,ALLEY,1
8/26/2023,21:14:00,09,7174 N BALTIMORE ST,BURGLARY,FIREARM,163,NORTHERN,Irvington,-76.486029,39.343686,HOUSE,1
4/19/2022,01:15:00,03,1537 N BALTIMORE ST,BURGLARY,KNIFE,156,NORTHERN,Greenmount West,-76.541806,39.363196,ALLEY,1
4/27/2020,00:57:00,02,1877 N BALTIMORE ST,ROBBERY,HANDS,784,NORTHERN,Morrell Park,-76.593564,39.306093,HOUSE,1
6/12/2022,04:44:00,05,5924 N BALTIMORE ST,ASSAULT,NONE,206,WESTERN,Park Heights,-76.496919,39.282944,STORE,1
6/15/2021,22:33:00,04,5299 N BALTIMORE ST,ROBBERY,NONE,685,EASTERN,Irvington,-76.336092,39.259916,STORE,1
6/12/2020,12:27:00,07,4154 N BALTIMORE ST,COMMON ASSAULT,HANDS,827,NORTHEASTERN,Pen Lucy,-76.334432,39.361159,HOUSE,1
3/11/2023,21:24:00,01,2109 N BALTIMORE ST,ROBBERY,NONE,232,EASTERN,Upton,-76.520879,39.32737,HOUSE,1
12/6/2022,18:12:00,07,8892 N BALTIMORE ST,BURGLARY,KNIFE,541,EASTERN,Clifton Park,-76.442437,39.308566,STREET,1
4/14/2022,15:36:00,01,1582 N BALTIMORE ST,LARCENY,KNIFE,770,WESTERN,Oliver,-76.303585,39.445023,STORE,1
1/22/2023,19:20:00,03,247 N BALTIMORE ST,COMMON ASSAULT,NONE,262,NORTHEASTERN,Homeland,-76.569742,39.238582,HOUSE,1
1/21/2023,08:57:00,06,6370 N BALTIMORE ST,ASSAULT,HANDS,840,NORTHEASTERN,Clifton Park,-76.518801,39.406588,ALLEY,1
6/14/2022,13:13:00,04,9957 N BALTIMORE ST,COMMON ASSAULT,HANDS,137,NORTHEASTERN,Harlem Park,-76.443423,39.286385,ALLEY,1
4/22/2021,17:05:00,05,337 N BALTIMORE ST,COMMON ASSAULT,FIREARM,758,NORTHWESTERN,Govans,-76.451645,39.294011,HOUSE,1
3/2/2021,04:56:00,05,8770 N BALTIMORE ST,BURGLARY,KNIFE,871,CENTRAL,Upton,-76.31558,39.214781,HOUSE,1
4/24/2023,07:11:00,09,986 N BALTIMORE ST,SHOOTING,FIREARM,243,NORTHEASTERN,Pimlico,-76.520501,39.201173,ALLEY,1
1/15/2023,15:06:00,09,2949 N BALTIMORE ST,COMMON ASSAULT,HANDS,819,NORTHEASTERN,Upton,-76.393162,39.481611,ALLEY,1
8/21/2022,20:14:00,08,7246 N BALTIMORE ST,AUTO THEFT,HANDS,363,NORTHERN,Charles Village,-76.467749,39.219461,ALLEY,1
4/11/2022,10:19:00,09,1848 N BALTIMORE ST,BURGLARY,NONE,199,SOUTHERN,Johnston Square,-76.546083,39.31689,STORE,1
10/7/2020,18:47:00,03,4462 N BALTIMORE ST,ASSAULT,NONE,824,SOUTHERN,Druid Heights,-76.584699,39.241651,STREET,1
4/9/2019,07:40:00,04,9428 N BALTIMORE ST,LARCENY,NONE,261,NORTHEASTERN,Pimlico,-76.458235,39.456403,HOUSE,1
8/16/2021,06:13:00,02,2256 N BALTIMORE ST,LARCENY,KNIFE,560,NORTHWESTERN,Middle East,-76.324312,39.406597,STREET,1
10/8/2021,18:44:00,06,5261 N BALTIMORE ST,SHOOTING,FIREARM,394,EASTERN,Belair-Edison,-76.359388,39.225283,STREET,1
3/2/2020,22:25:00,06,9898 N BALTIMORE ST,ROBBERY,FIREARM,103,CENTRAL,Greenmount West,-76.384858,39.450248,ALLEY,1
7/9/2020,09:16:00,04,2727 N BALTIMORE ST,AGG. ASSAULT,FIREARM,358,SOUTHERN,Govans,-76.555794,39.407005,STREET,1
11/5/2022,05:58:00,08,6620 N BALTIMORE ST,HOMICIDE,KNIFE,426,NORTHEASTERN,Clifton Park,-76.552837,39.352584,STORE,1
11/16/2021,03:03:00,04,3186 N BALTIMORE ST,HOMICIDE,HANDS,323,WESTERN,Hampden,-76.588152,39.213079,STREET,1
4/21/2022,04:21:00,09,7048 N BALTIMORE ST,SHOOTING,NONE,438,NORTHEASTERN,Roland Park,-76.514894,39.310903,STORE,1
9/22/2020,09:29:00,01,4053 N BALTIMORE ST,BURGLARY,HANDS,531,EASTERN,Druid Heights,-76.408683,39.266066,HOUSE,1
11/26/2021,21:26:00,09,4770 N BALTIMORE ST,ROBBERY,HANDS,403,EASTERN,Homeland,-76.375431,39.420454,HOUSE,1
8/7/2021,10:48:00,02,8532 N BALTIMORE ST,AUTO THEFT,FIREARM,846,EASTERN,Druid Heights,-76.347061,39.349909,STORE,1
6/19/2023,13:20:00,07,306 N BALTIMORE ST,LARCENY,KNIFE,822,CENTRAL,Pimlico,-76.534322,39.423187,ALLEY,1
12/9/2022,16:16:00,03,1546 N BALTIMORE ST,LARCENY,KNIFE,288,WESTERN,Cherry Hill,-76.308771,39.238365,STREET,1
6/16/2021,18:40:00,06,3343 N BALTIMORE ST,SHOOTING,KNIFE,335,SOUTHERN,Guilford,-76.454598,39.323964,HOUSE,1
7/10/2020,06:03:00,03,7831 N BALTIMORE ST,LARCENY,FIREARM,325,SOUTHERN,Upton,-76.362977,39.246577,ALLEY,1
4/12/2023,20:48:00,03,5201 N BALTIMORE ST,COMMON ASSAULT,KNIFE,270,NORTHEASTERN,Druid Heights,-76.417793,39.310784,STREET,1
10/13/2021,04:35:00,05,519 N BALTIMORE ST,SHOOTING,NONE,793,CENTRAL,Pen Lucy,-76.406077,39.377494,HOUSE,1
9/15/2019,17:59:00,04,4917 N BALTIMORE ST,SHOOTING,NONE,568,WESTERN,Brooklyn,-76.393889,39.207214,STORE,1
5/13/2021,13:25:00,07,5156 N BALTIMORE ST,HOMICIDE,KNIFE,541,NORTHWESTERN,Middle East,-76.321215,39.445874,HOUSE,1
9/6/2022,21:47:00,06,368 N BALTIMORE ST,HOMICIDE,HANDS,443,WESTERN,Brooklyn,-76.426216,39.300259,STORE,1
3/13/2022,12:36:00,03,3552 N BALTIMORE ST,ASSAULT,HANDS,558,WESTERN,Cherry Hill,-76.379677,39.247652,ALLEY,1
9/27/2022,22:38:00,03,7859 N BALTIMORE ST,LARCENY,HANDS,578,SOUTHERN,Clifton Park,-76.546949,39.434287,ALLEY,1
7/14/2021,12:06:00,01,5890 N BALTIMORE ST,ROBBERY,HANDS,713,CENTRAL,Pigtown,-76.38134,39.315901,STREET,1
7/6/2023,16:52:00,09,6426 N BALTIMORE ST,HOMICIDE,NONE,730,NORTHERN,Govans,-76.309909,39.281552,HOUSE,1
4/22/2019,20:43:00,06,1466 N BALTIMORE ST,HOMICIDE,NONE,736,SOUTHERN,Irvington,-76.387817,39.325126,STREET,1
5/2/2021,17:34:00,04,3955 N BALTIMORE ST,ROBBERY,KNIFE,657,CENTRAL,Curtis Bay,-76.591702,39.318513,ALLEY,1
10/3/2022,04:41:00,04,8193 N BALTIMORE ST,SHOOTING,KNIFE,746,EASTERN,Pigtown,-76.309081,39.36531,STREET,1
3/26/2020,00:04:00,07,3623 N BALTIMORE ST,ROBBERY,HANDS,284,NORTHERN,Upton,-76.590676,39.388155,ALLEY,1
3/7/2021,02:59:00,04,4070 N BALTIMORE ST,AGG. ASSAULT,KNIFE,795,NORTHEASTERN,Morrell Park,-76.58003,39.430407,ALLEY,1
1/6/2022,07:07:00,09,9845 N BALTIMORE ST,AGG. ASSAULT,NONE,291,NORTHWESTERN,Upton,-76.589511,39.233719,HOUSE,1
2/22/2020,14:31:00,06,6634 N BALTIMORE ST,LARCENY,FIREARM,815,NORTHEASTERN,Irvington,-76.598289,39.23156,STREET,1
4/27/2021,05:18:00,05,8776 N BALTIMORE ST,COMMON ASSAULT,HANDS,323,EASTERN,Johnston Square,-76.364753,39.353094,STORE,1
6/10/2019,23:31:00,05,7232 N BALTIMORE ST,ROBBERY,FIREARM,576,SOUTHERN,Druid Heights,-76.307089,39.217575,STORE,1
3/18/2022,05:57:00,01,4269 N BALTIMORE ST,LARCENY,FIREARM,738,NORTHWESTERN,Sandtown-Winchester,-76.528775,39.497379,STREET,1
12/7/2023,09:40:00,02,3028 N BALTIMORE ST,COMMON ASSAULT,KNIFE,215,NORTHERN,Mount Washington,-76.485868,39.404379,STREET,1
12/7/2023,05:16:00,02,9051 N BALTIMORE ST,COMMON ASSAULT,KNIFE,799,NORTHERN,Pimlico,-76.379192,39.305091,STORE,1
3/21/2021,01:56:00,03,1546 N BALTIMORE ST,COMMON ASSAULT,FIREARM,201,NORTHWESTERN,Govans,-76.469004,39.3692,HOUSE,1
3/13/2020,15:43:00,01,1763 N BALTIMORE ST,ROBBERY,NONE,556,WESTERN,Cherry Hill,-76.448339,39.233882,STORE,1
7/24/2023,04:38:00,01,3041 N BALTIMORE ST,AUTO THEFT,FIREARM,441,EASTERN,Hampden,-76.543359,39.319093,HOUSE,1
8/8/2022,00:10:00,03,768 N BALTIMORE ST,BURGLARY,FIREARM,594,NORTHWESTERN,Charles Village,-76.394269,39.479321,HOUSE,1
5/22/2019,00:23:00,04,1371 N BALTIMORE ST,HOMICIDE,HANDS,898,CENTRAL,Brooklyn,-76.577722,39.399423,STREET,1
1/17/2021,08:32:00,06,2783 N BALTIMORE ST,HOMICIDE,HANDS,522,SOUTHERN,Johnston Square,-76.321274,39.333974,ALLEY,1
5/14/2023,14:39:00,08,911 N BALTIMORE ST,LARCENY,KNIFE,124,EASTERN,Waverly,-76.404877,39.317811,HOUSE,1
9/8/2021,10:20:00,01,1479 N BALTIMORE ST,SHOOTING,KNIFE,552,NORTHEASTERN,Homeland,-76.549901,39.392372,STORE,1
9/6/2020,18:01:00,02,9064 N BALTIMORE ST,COMMON ASSAULT,KNIFE,111,CENTRAL,Curtis Bay,-76.491698,39.226997,ALLEY,1
5/1/2020,13:57:00,04,6380 N BALTIMORE ST,HOMICIDE,FIREARM,174,NORTHERN,Upton,-76.334262,39.378961,HOUSE,1
1/13/2021,10:04:00,02,7785 N BALTIMORE ST,BURGLARY,NONE,179,NORTHWESTERN,Sandtown-Winchester,-76.384295,39.338266,STORE,1
8/19/2021,13:58:00,09,9211 N BALTIMORE ST,AGG. ASSAULT,KNIFE,745,WESTERN,Pigtown,-76.402791,39.249058,HOUSE,1
12/22/2022,19:01:00,05,4978 N BALTIMORE ST,HOMICIDE,FIREARM,352,NORTHEASTERN,Homeland,-76.437277,39.397293,STREET,1
2/25/2019,08:52:00,06,6766 N BALTIMORE ST,SHOOTING,NONE,575,NORTHEASTERN,Morrell Park,-76.468307,39.470636,HOUSE,1
7/24/2023,00:06:00,08,739 N BALTIMORE ST,ASSAULT,FIREARM,560,SOUTHERN,Belair-Edison,-76.47335,39.299332,STORE,1
3/5/2019,21:13:00,09,168 N BALTIMORE ST,BURGLARY,HANDS,335,EASTERN,Mount Washington,-76.5084,39.35144,ALLEY,1
6/28/2020,06:46:00,03,1071 N BALTIMORE ST,AUTO THEFT,KNIFE,644,EASTERN,Johnston Square,-76.519668,39.369209,STORE,1
12/17/2021,15:11:00,08,2908 N BALTIMORE ST,COMMON ASSAULT,KNIFE,743,NORTHWESTERN,Waverly,-76.382574,39.410176,STREET,1
1/27/2021,19:15:00,09,6668 N BALTIMORE ST,AGG. ASSAULT,KNIFE,831,CENTRAL,Cherry Hill,-76.418072,39.358553,STORE,1
5/5/2021,21:29:00,04,9693 N BALTIMORE ST,HOMICIDE,KNIFE,426,WESTERN,Westport,-76.383149,39.31787,HOUSE,1
10/3/2020,17:46:00,09,6920 N BALTIMORE ST,SHOOTING,NONE,270,CENTRAL,Belair-Edison,-76.36329,39.246656,ALLEY,1
4/28/2020,09:57:00,01,6496 N BALTIMORE ST,ASSAULT,FIREARM,206,NORTHERN,Park Heights,-76.476697,39.25833,HOUSE,1
5/23/2019,04:05:00,06,6626 N BALTIMORE ST,COMMON ASSAULT,HANDS,805,NORTHEASTERN,Charles Village,-76.304515,39.253116,STORE,1
9/18/2020,13:11:00,04,3294 N BALTIMORE ST,AUTO THEFT,NONE,132,EASTERN,Brooklyn,-76.515006,39.279903,HOUSE,1
12/21/2019,09:13:00,05,4859 N BALTIMORE ST,ASSAULT,FIREARM,179,CENTRAL,Waverly,-76.568424,39.30186,HOUSE,1
8/21/2021,09:10:00,02,9180 N BALTIMORE ST,HOMICIDE,HANDS,283,WESTERN,Westport,-76.343112,39.430483,STORE,1
6/3/2019,05:39:00,02,2115 N BALTIMORE ST,AGG. ASSAULT,HANDS,870,WESTERN,Curtis Bay,-76.452664,39.383135,HOUSE,1
3/19/2021,19:56:00,09,7344 N BALTIMORE ST,ASSAULT,HANDS,551,EASTERN,Eastwood,-76.381468,39.296963,STORE,1
2/12/2023,07:54:00,01,1101 N BALTIMORE ST,SHOOTING,HANDS,222,NORTHERN,Pimlico,-76.521673,39.494472,STREET,1
5/16/2020,18:11:00,04,898 N BALTIMORE ST,AUTO THEFT,NONE,671,WESTERN,Waverly,-76.548545,39.297285,ALLEY,1
2/5/2023,08:25:00,05,4009 N BALTIMORE ST,SHOOTING,NONE,272,NORTHEASTERN,Upton,-76.507438,39.423433,STREET,1
1/14/2022,13:47:00,07,1971 N BALTIMORE ST,LARCENY,NONE,709,SOUTHERN,Hampden,-76.412003,39.272704,STORE,1
2/26/2023,04:51:00,02,8601 N BALTIMORE ST,SHOOTING,FIREARM,495,SOUTHERN,Hampden,-76.49855,39.327422,HOUSE,1
10/1/2021,03:06:00,03,5317 N BALTIMORE ST,LARCENY,KNIFE,844,NORTHEASTERN,Johnston Square,-76.302719,39.224419,STREET,1
3/16/2019,05:35:00,09,6909 N BALTIMORE ST,HOMICIDE,KNIFE,754,SOUTHERN,Sandtown-Winchester,-76.559901,39.477651,STREET,1
5/24/2019,22:39:00,09,4939 N BALTIMORE ST,ASSAULT,HANDS,137,EASTERN,Berea,-76.34486,39.385543,STORE,1
9/9/2022,05:02:00,01,1205 N BALTIMORE ST,BURGLARY,FIREARM,384,WESTERN,Irvington,-76.348556,39.240924,STORE,1
4/27/2022,15:10:00,04,8836 N BALTIMORE ST,AGG. ASSAULT,FIREARM,835,CENTRAL,Sandtown-Winchester,-76.306073,39.373645,ALLEY,1
12/20/2021,22:55:00,05,7586 N BALTIMORE ST,AUTO THEFT,NONE,814,CENTRAL,Middle East,-76.468955,39.468617,STORE,1
9/6/2023,18:14:00,01,5670 N BALTIMORE ST,AUTO THEFT,NONE,589,NORTHERN,Pen Lucy,-76.427566,39.398023,ALLEY,1
1/16/2022,09:46:00,02,761 N BALTIMORE ST,AUTO THEFT,KNIFE,719,EASTERN,Govans,-76.518222,39.401796,STREET,1
4/19/2021,01:15:00,06,7204 N BALTIMORE ST,LARCENY,KNIFE,643,NORTHEASTERN,Park Heights,-76.493331,39.365462,STORE,1
7/23/2022,00:54:00,07,3564 N BALTIMORE ST,AUTO THEFT,HANDS,792,CENTRAL,Irvington,-76.459599,39.475175,STREET,1
2/26/2021,05:05:00,01,1551 N BALTIMORE ST,HOMICIDE,HANDS,232,EASTERN,Hampden,-76.483174,39.398986,STORE,1
2/17/2021,00:56:00,03,4645 N BALTIMORE ST,AUTO THEFT,HANDS,162,NORTHERN,Westport,-76.449487,39.4948,ALLEY,1
4/11/2021,05:51:00,05,4100 N BALTIMORE ST,SHOOTING,NONE,882,EASTERN,Park Heights,-76.381031,39.377213,STREET,1
11/12/2022,10:29:00,04,8060 N BALTIMORE ST,BURGLARY,HANDS,844,EASTERN,Homeland,-76.323855,39.246413,STREET,1
12/18/2021,09:26:00,08,9808 N BALTIMORE ST,LARCENY,FIREARM,775,NORTHWESTERN,Cherry Hill,-76.452468,39.297386,ALLEY,1
10/25/2022,20:58:00,03,4585 N BALTIMORE ST,AGG. ASSAULT,HANDS,265,NORTHWESTERN,Mount Washington,-76.537292,39.387252,STORE,1
10/20/2023,01:09:00,01,3771 N BALTIMORE ST,HOMICIDE,HANDS,375,CENTRAL,Pigtown,-76.588586,39.200276,HOUSE,1
10/23/2021,02:08:00,05,2451 N BALTIMORE ST,AGG. ASSAULT,HANDS,581,NORTHEASTERN,Charles Village,-76.333317,39.266413,HOUSE,1
11/20/2020,15:24:00,04,5567 N BALTIMORE ST,ASSAULT,HANDS,527,CENTRAL,Upton,-76.578903,39.239252,STORE,1
5/2/2019,16:22:00,03,467 N BALTIMORE ST,AGG. ASSAULT,KNIFE,309,NORTHWESTERN,Guilford,-76.520962,39.322285,STREET,1
9/16/2022,06:28:00,03,8640 N BALTIMORE ST,ASSAULT,NONE,457,WESTERN,Middle East,-76.30102,39.46793,ALLEY,1
1/10/2023,03:45:00,02,7980 N BALTIMORE ST,ROBBERY,NONE,149,NORTHWESTERN,Eastwood,-76.302285,39.2607,ALLEY,1
5/10/2021,02:33:00,05,4192 N BALTIMORE ST,AGG. ASSAULT,NONE,155,WESTERN,Harlem Park,-76.400509,39.403095,ALLEY,1
9/18/2022,01:46:00,03,1194 N BALTIMORE ST,LARCENY,KNIFE,525,NORTHWESTERN,Upton,-76.454343,39.492932,STORE,1
8/8/2022,13:21:00,08,6284 N BALTIMORE ST,BURGLARY,HANDS,456,EASTERN,Oliver,-76.510361,39.385244,STREET,1
2/20/2023,10:51:00,05,3410 N BALTIMORE ST,AUTO THEFT,FIREARM,210,SOUTHERN,Brooklyn,-76.329477,39.241913,ALLEY,1
4/8/2021,01:34:00,03,3248 N BALTIMORE ST,COMMON ASSAULT,KNIFE,768,SOUTHERN,Morrell Park,-76.316141,39.224673,HOUSE,1
5/21/2019,16:20:00,06,566 N BALTIMORE ST,SHOOTING,FIREARM,246,CENTRAL,Eastwood,-76.487045,39.205209,ALLEY,1
1/13/2022,14:18:00,02,5340 N BALTIMORE ST,ROBBERY,HANDS,413,NORTHERN,Waverly,-76.35551,39.343254,ALLEY,1
9/8/2021,23:16:00,03,7524 N BALTIMORE ST,SHOOTING,KNIFE,155,EASTERN,Druid Heights,-76.547721,39.284562,STORE,1
3/12/2022,05:42:00,01,2683 N BALTIMORE ST,COMMON ASSAULT,HANDS,619,SOUTHERN,Morrell Park,-76.413999,39.336185,STREET,1
3/18/2023,08:33:00,09,9972 N BALTIMORE ST,ROBBERY,HANDS,717,SOUTHERN,Cherry Hill,-76.492529,39.224765,HOUSE,1
12/23/2019,22:37:00,05,5237 N BALTIMORE ST,AGG. ASSAULT,HANDS,405,WESTERN,Irvington,-76.470232,39.430237,ALLEY,1
1/1/2023,08:04:00,06,2883 N BALTIMORE ST,BURGLARY,KNIFE,855,NORTHERN,Curtis Bay,-76.442104,39.348655,HOUSE,1
1/26/2022,02:32:00,08,8096 N BALTIMORE ST,AUTO THEFT,FIREARM,227,SOUTHERN,Park Heights,-76.332013,39.290378,STORE,1
11/25/2023,07:27:00,08,2447 N BALTIMORE ST,AUTO THEFT,FIREARM,860,CENTRAL,Harlem Park,-76.561548,39.351053,STREET,1
11/3/2021,14:30:00,01,8214 N BALTIMORE ST,COMMON ASSAULT,HANDS,817,NORTHERN,Harlem Park,-76.344815,39.212868,ALLEY,1
4/22/2019,09:00:00,08,9724 N BALTIMORE ST,ASSAULT,FIREARM,494,EASTERN,Druid Heights,-76.334427,39.305015,HOUSE,1
6/10/2022,20:11:00,09,3396 N BALTIMORE ST,ASSAULT,NONE,601,NORTHWESTERN,Homeland,-76.39382,39.350637,STREET,1
7/13/2019,16:59:00,09,1250 N BALTIMORE ST,AUTO THEFT,HANDS,860,CENTRAL,Pimlico,-76.459571,39.407771,HOUSE,1
2/28/2022,13:26:00,09,9639 N BALTIMORE ST,BURGLARY,FIREARM,679,EASTERN,Homeland,-76.528146,39.480267,ALLEY,1
11/1/2022,10:36:00,06,5237 N BALTIMORE ST,ROBBERY,NONE,219,SOUTHERN,Govans,-76.340914,39.221525,ALLEY,1
4/6/2022,04:16:00,06,1322 N BALTIMORE ST,HOMICIDE,KNIFE,482,SOUTHERN,Morrell Park,-76.481522,39.321227,ALLEY,1
10/15/2022,23:57:00,05,9242 N BALTIMORE ST,AGG. ASSAULT,NONE,666,NORTHWESTERN,Upton,-76.508748,39.34452,STORE,1
10/14/2019,07:03:00,06,2754 N BALTIMORE ST,SHOOTING,FIREARM,366,NORTHWESTERN,Guilford,-76.387414,39.316604,ALLEY,1
10/24/2021,02:27:00,05,2281 N BALTIMORE ST,COMMON ASSAULT,FIREARM,223,NORTHERN,Cherry Hill,-76.559757,39.28447,STREET,1
4/4/2022,19:05:00,09,7067 N BALTIMORE ST,COMMON ASSAULT,NONE,798,EASTERN,Druid Heights,-76.404524,39.451056,HOUSE,1
7/1/2020,13:50:00,03,2947 N BALTIMORE ST,COMMON ASSAULT,FIREARM,523,SOUTHERN,Eastwood,-76.543431,39.325154,ALLEY,1
8/15/2021,11:25:00,05,2823 N BALTIMORE ST,HOMICIDE,HANDS,166,CENTRAL,Clifton Park,-76.59944,39.289391,STREET,1
4/28/2019,23:10:00,08,3429 N BALTIMORE ST,LARCENY,KNIFE,870,CENTRAL,Homeland,-76.561762,39.430097,ALLEY,1
12/13/2021,06:47:00,06,2186 N BALTIMORE ST,COMMON ASSAULT,HANDS,523,EASTERN,Pen Lucy,-76.575741,39.367037,ALLEY,1
1/22/2023,13:54:00,06,8383 N BALTIMORE ST,AGG. ASSAULT,KNIFE,777,NORTHWESTERN,Sandtown-Winchester,-76.579868,39.300452,STREET,1
11/6/2019,16:48:00,02,7745 N BALTIMORE ST,SHOOTING,FIREARM,314,NORTHEASTERN,Pen Lucy,-76.408736,39.32717,STORE,1
5/16/2023,05:32:00,02,4134 N BALTIMORE ST,ASSAULT,NONE,434,EASTERN,Curtis Bay,-76.425546,39.283964,STREET,1
